game_pk,date,game_type,season,venue,home,away,home_runs,away_runs,home_sp,away_sp,ump_hp,ump_1b,weather,wind,first_pitch,att,innings,f1_home,f1_away,f5_home,f5_away
745444,2024-03-20,R,2024,Gocheok Sky Dome,San Diego Padres,Los Angeles Dodgers,2.0,5.0,506433.0,607192.0,Lance Barksdale,Carlos Torres,"72 degrees, Dome.","0 mph, None.",7:07 PM.,"15,952.",9,0.0,0.0,2,1
746175,2024-03-21,R,2024,Gocheok Sky Dome,Los Angeles Dodgers,San Diego Padres,11.0,15.0,808967.0,605397.0,Andy Fletcher,Jansen Visconti,"72 degrees, Dome.","0 mph, None.",7:07 PM.,"15,928.",9,1.0,5.0,8,10
747060,2024-03-28,R,2024,Oriole Park at Camden Yards,Baltimore Orioles,Los Angeles Angels,11.0,3.0,669203.0,663776.0,Adrian Johnson,Scott Barry,"54 degrees, Cloudy.","9 mph, In From LF.",3:14 PM.,"45,029.",9,2.0,1.0,7,1
746737,2024-03-28,R,2024,Great American Ball Park,Cincinnati Reds,Washington Nationals,8.0,2.0,593423.0,680686.0,Dan Iassogna,CB Bucknor,"56 degrees, Clear.","10 mph, R To L.",4:10 PM.,"44,030.",9,0.0,0.0,7,0
745445,2024-03-28,R,2024,Petco Park,San Diego Padres,San Francisco Giants,6.0,4.0,506433.0,657277.0,Mark Ripperger,Adam Hamari,"63 degrees, Partly Cloudy.","12 mph, L To R.",1:12 PM.,"44,953.",9,0.0,0.0,2,1
746165,2024-03-28,R,2024,Dodger Stadium,Los Angeles Dodgers,St. Louis Cardinals,7.0,1.0,607192.0,571945.0,Alan Porter,Ryan Blakney,"66 degrees, Partly Cloudy.","6 mph, Out To RF.",1:10 PM.,"52,667.",9,2.0,0.0,5,1
745116,2024-03-28,R,2024,Tropicana Field,Tampa Bay Rays,Toronto Blue Jays,2.0,8.0,621107.0,621244.0,Todd Tichenor,Cory Blaser,"72 degrees, Dome.","0 mph, None.",4:10 PM.,"25,025.",9,1.0,0.0,1,1
746335,2024-03-28,R,2024,Kauffman Stadium,Kansas City Royals,Minnesota Twins,1.0,4.0,666142.0,641154.0,Laz Diaz,Tripp Gibson,"65 degrees, Sunny.","16 mph, R To L.",3:10 PM.,"38,775.",9,1.0,1.0,1,2
746821,2024-03-28,R,2024,Guaranteed Rate Field,Chicago White Sox,Detroit Tigers,0.0,1.0,676979.0,669373.0,Brian O'Nora,Mark Carlson,"50 degrees, Partly Cloudy.","14 mph, Out To LF.",3:12 PM.,"33,420.",9,0.0,0.0,0,1
746089,2024-03-28,R,2024,loanDepot park,Miami Marlins,Pittsburgh Pirates,5.0,6.0,666200.0,656605.0,Chris Guccione,Brian Knight,"72 degrees, Roof Closed.","0 mph, None.",4:10 PM.,"32,564.",12,0.0,0.0,5,2
746418,2024-03-28,R,2024,Minute Maid Park,Houston Astros,New York Yankees,4.0,5.0,664285.0,641482.0,James Hoye,Rob Drake,"73 degrees, Roof Closed.","0 mph, None.",3:13 PM.,"42,642.",9,3.0,0.0,4,3
745039,2024-03-28,R,2024,Globe Life Field,Texas Rangers,Chicago Cubs,4.0,3.0,543135.0,657006.0,Chad Fairchild,Carlos Torres,"74 degrees, Roof Closed.","0 mph, None.",6:41 PM.,"42,130.",10,0.0,0.0,1,1
745687,2024-03-28,R,2024,Oakland Coliseum,Oakland Athletics,Cleveland Guardians,0.0,8.0,622072.0,669456.0,Marvin Hudson,Hunter Wendelstedt,"55 degrees, Cloudy.","10 mph, Out To RF.",7:10 PM.,"13,522.",9,0.0,0.0,0,6
747224,2024-03-28,R,2024,Chase Field,Arizona Diamondbacks,Colorado Rockies,16.0,1.0,668678.0,607536.0,Dan Bellino,Phil Cuzzi,"73 degrees, Overcast.","2 mph, Calm.",7:11 PM.,"49,011.",9,2.0,0.0,16,1
745283,2024-03-28,R,2024,T-Mobile Park,Seattle Mariners,Boston Red Sox,4.0,6.0,622491.0,678394.0,Larry Vanover,David Rackley,"53 degrees, Roof Closed.","0 mph, Calm.",7:11 PM.,"45,337.",9,0.0,0.0,2,4
745848,2024-03-28,R,2024,Citi Field,New York Mets,Milwaukee Brewers,,,500779.0,642547.0,Alfonso Márquez,Lance Barrett,"53 degrees, Sunny.","17 mph, L To R.",1:44 PM.,"42,137.",9,0.0,0.0,1,2
745604,2024-03-28,R,2024,Citizens Bank Park,Philadelphia Phillies,Atlanta Braves,,,554430.0,675911.0,Mark Wegner,Bruce Dreckman,"56 degrees, Sunny.","17 mph, In From LF.",3:06 PM.,"44,452.",9,0.0,0.0,2,0
745848,2024-03-29,R,2024,Citi Field,New York Mets,Milwaukee Brewers,1.0,3.0,500779.0,642547.0,Alfonso Márquez,Lance Barrett,"53 degrees, Sunny.","17 mph, L To R.",1:44 PM.,"42,137.",9,0.0,0.0,1,2
745604,2024-03-29,R,2024,Citizens Bank Park,Philadelphia Phillies,Atlanta Braves,3.0,9.0,554430.0,675911.0,Mark Wegner,Bruce Dreckman,"56 degrees, Sunny.","17 mph, In From LF.",3:06 PM.,"44,452.",9,0.0,0.0,2,0
745117,2024-03-29,R,2024,Tropicana Field,Tampa Bay Rays,Toronto Blue Jays,8.0,2.0,650644.0,605135.0,Cory Blaser,Manny Gonzalez,"72 degrees, Dome.","0 mph, None.",6:50 PM.,"18,653.",9,0.0,0.0,5,1
746091,2024-03-29,R,2024,loanDepot park,Miami Marlins,Pittsburgh Pirates,2.0,7.0,640462.0,527048.0,Brian Knight,Gabe Morales,"73 degrees, Partly Cloudy.","13 mph, In From LF.",7:12 PM.,"13,636.",9,0.0,0.0,1,4
746412,2024-03-29,R,2024,Minute Maid Park,Houston Astros,New York Yankees,1.0,7.0,664299.0,607074.0,Rob Drake,D.J. Reyburn,"73 degrees, Roof Closed.","0 mph, None.",7:11 PM.,"41,583.",9,1.0,0.0,1,0
747223,2024-03-29,R,2024,Chase Field,Arizona Diamondbacks,Colorado Rockies,7.0,3.0,518876.0,615698.0,Phil Cuzzi,Tony Randazzo,"81 degrees, Clear.","10 mph, Out To RF.",6:40 PM.,"29,480.",9,2.0,0.0,3,1
745682,2024-03-29,R,2024,Oakland Coliseum,Oakland Athletics,Cleveland Guardians,4.0,6.0,548389.0,671106.0,Hunter Wendelstedt,John Tumpane,"54 degrees, Partly Cloudy.","15 mph, Out To RF.",6:39 PM.,"3,837.",9,0.0,3.0,2,5
745276,2024-03-29,R,2024,T-Mobile Park,Seattle Mariners,Boston Red Sox,1.0,0.0,669923.0,601713.0,David Rackley,Quinn Wolcott,"53 degrees, Clear.","8 mph, Out To LF.",6:40 PM.,"30,013.",9,0.0,0.0,0,0
745435,2024-03-29,R,2024,Petco Park,San Diego Padres,San Francisco Giants,3.0,8.0,605397.0,690986.0,Adam Hamari,Vic Carapazza,"61 degrees, Partly Cloudy.","9 mph, L To R.",6:41 PM.,"45,427.",9,0.0,3.0,1,4
746167,2024-03-29,R,2024,Dodger Stadium,Los Angeles Dodgers,St. Louis Cardinals,6.0,3.0,676272.0,668868.0,Ryan Blakney,Nate Tomlinson,"57 degrees, Cloudy.","8 mph, Out To LF.",7:10 PM.,"47,524.",9,1.0,0.0,5,0
745850,2024-03-30,R,2024,Citi Field,New York Mets,Milwaukee Brewers,6.0,7.0,622663.0,669084.0,Lance Barrett,Jonathan Parra,"54 degrees, Sunny.","15 mph, Out To RF.",1:40 PM.,"30,296.",9,0.0,3.0,2,6
746818,2024-03-30,R,2024,Guaranteed Rate Field,Chicago White Sox,Detroit Tigers,6.0,7.0,647336.0,628317.0,Mark Carlson,Dan Merzel,"61 degrees, Partly Cloudy.","12 mph, L To R.",1:10 PM.,"28,176.",10,2.0,3.0,6,4
747063,2024-03-30,R,2024,Oriole Park at Camden Yards,Baltimore Orioles,Los Angeles Angels,13.0,4.0,680570.0,656288.0,Scott Barry,Ramon De Jesus,"68 degrees, Cloudy.","4 mph, R To L.",4:07 PM.,"28,420.",9,2.0,0.0,3,1
745599,2024-03-30,R,2024,Citizens Bank Park,Philadelphia Phillies,Atlanta Braves,4.0,12.0,605400.0,608331.0,Bruce Dreckman,Jeremie Rehak,"61 degrees, Partly Cloudy.","14 mph, Out To RF.",4:32 PM.,"44,468.",9,3.0,2.0,4,7
745684,2024-03-30,R,2024,Oakland Coliseum,Oakland Athletics,Cleveland Guardians,3.0,12.0,676664.0,676440.0,John Tumpane,Nick Mahrley,"60 degrees, Cloudy.","8 mph, Out To RF.",1:07 PM.,"5,425.",9,0.0,0.0,3,7
746736,2024-03-30,R,2024,Great American Ball Park,Cincinnati Reds,Washington Nationals,6.0,7.0,668881.0,571578.0,CB Bucknor,Adam Beck,"75 degrees, Partly Cloudy.","17 mph, R To L.",4:11 PM.,"39,674.",9,0.0,0.0,4,2
745119,2024-03-30,R,2024,Tropicana Field,Tampa Bay Rays,Toronto Blue Jays,5.0,1.0,641793.0,579328.0,Manny Gonzalez,Derek Thomas,"72 degrees, Dome.","0 mph, None.",4:09 PM.,"18,905.",9,0.0,0.0,3,0
746333,2024-03-30,R,2024,Kauffman Stadium,Kansas City Royals,Minnesota Twins,1.0,5.0,607625.0,657746.0,Tripp Gibson,Mike Estabrook,"66 degrees, Sunny.","6 mph, In From LF.",3:10 PM.,"19,461.",9,0.0,0.0,0,0
746087,2024-03-30,R,2024,loanDepot park,Miami Marlins,Pittsburgh Pirates,3.0,9.0,677960.0,683003.0,Gabe Morales,Ryan Additon,"75 degrees, Cloudy.","12 mph, In From LF.",4:11 PM.,"14,203.",9,0.0,0.0,2,5
745037,2024-03-30,R,2024,Globe Life Field,Texas Rangers,Chicago Cubs,11.0,2.0,674003.0,543294.0,Carlos Torres,Nestor Ceja,"74 degrees, Roof Closed.","0 mph, None.",6:06 PM.,"37,570.",9,0.0,0.0,5,2
745436,2024-03-30,R,2024,Petco Park,San Diego Padres,San Francisco Giants,6.0,9.0,656302.0,663855.0,Vic Carapazza,Edwin Moscoso,"54 degrees, Cloudy.","13 mph, L To R.",4:15 PM.,"37,104.",9,0.0,0.0,0,3
746410,2024-03-30,R,2024,Minute Maid Park,Houston Astros,New York Yankees,3.0,5.0,686613.0,573186.0,D.J. Reyburn,John Libka,"73 degrees, Roof Closed.","0 mph, None.",6:16 PM.,"41,247.",9,0.0,0.0,3,1
747221,2024-03-30,R,2024,Chase Field,Arizona Diamondbacks,Colorado Rockies,4.0,9.0,674072.0,596295.0,Tony Randazzo,Alex Tosi,"76 degrees, Roof Closed.","0 mph, None.",5:10 PM.,"32,133.",9,2.0,0.0,4,7
746168,2024-03-30,R,2024,Dodger Stadium,Los Angeles Dodgers,St. Louis Cardinals,5.0,6.0,808967.0,458681.0,Nate Tomlinson,Sean Barber,"52 degrees, Cloudy.","10 mph, R To L.",6:10 PM.,"45,019.",10,0.0,0.0,2,0
745278,2024-03-30,R,2024,T-Mobile Park,Seattle Mariners,Boston Red Sox,4.0,3.0,669302.0,676710.0,Quinn Wolcott,Chris Segal,"54 degrees, Roof Closed.","8 mph, In From LF.",6:40 PM.,"32,149.",10,1.0,0.0,1,1
747062,2024-03-31,R,2024,Oriole Park at Camden Yards,Baltimore Orioles,Los Angeles Angels,1.0,4.0,669330.0,672282.0,Ramon De Jesus,Junior Valentine,"65 degrees, Cloudy.","3 mph, L To R.",1:37 PM.,"20,576.",9,0.0,2.0,1,4
745602,2024-03-31,R,2024,Citizens Bank Park,Philadelphia Phillies,Atlanta Braves,5.0,4.0,624133.0,519242.0,Jeremie Rehak,Clint Vondrak,"59 degrees, Cloudy.","10 mph, In From LF.",1:35 PM.,"42,515.",9,1.0,2.0,2,3
746739,2024-03-31,R,2024,Great American Ball Park,Cincinnati Reds,Washington Nationals,6.0,5.0,607259.0,663623.0,Adam Beck,Ben May,"58 degrees, Cloudy.","5 mph, In From LF.",1:41 PM.,"13,590.",9,0.0,0.0,3,3
745115,2024-03-31,R,2024,Tropicana Field,Tampa Bay Rays,Toronto Blue Jays,2.0,9.0,542888.0,592332.0,Derek Thomas,Todd Tichenor,"72 degrees, Dome.","0 mph, None.",1:40 PM.,"14,875.",9,1.0,2.0,1,7
746090,2024-03-31,R,2024,loanDepot park,Miami Marlins,Pittsburgh Pirates,7.0,9.0,669432.0,663559.0,Ryan Additon,Chris Guccione,"77 degrees, Sunny.","11 mph, In From LF.",1:41 PM.,"15,915.",10,5.0,0.0,6,4
745845,2024-03-31,R,2024,Citi Field,New York Mets,Milwaukee Brewers,1.0,4.0,656731.0,607067.0,Jonathan Parra,Roberto Ortiz,"57 degrees, Sunny.","6 mph, L To R.",1:42 PM.,"22,222.",9,0.0,1.0,1,3
746332,2024-03-31,R,2024,Kauffman Stadium,Kansas City Royals,Minnesota Twins,11.0,0.0,663903.0,641927.0,Mike Estabrook,Erich Bacchus,"69 degrees, Overcast.","9 mph, R To L.",1:10 PM.,"13,005.",9,3.0,0.0,10,0
746815,2024-03-31,R,2024,Guaranteed Rate Field,Chicago White Sox,Detroit Tigers,2.0,3.0,607200.0,656427.0,Dan Merzel,Brennan Miller,"47 degrees, Partly Cloudy.","3 mph, L To R.",1:10 PM.,"17,478.",9,0.0,0.0,1,2
746413,2024-03-31,R,2024,Minute Maid Park,Houston Astros,New York Yankees,3.0,4.0,641585.0,657376.0,John Libka,James Hoye,"73 degrees, Roof Closed.","0 mph, None.",1:10 PM.,"36,908.",9,0.0,0.0,1,3
745035,2024-03-31,R,2024,Globe Life Field,Texas Rangers,Chicago Cubs,5.0,9.0,592351.0,696136.0,Nestor Ceja,Charlie Ramos,"74 degrees, Roof Closed.","0 mph, None.",1:37 PM.,"32,078.",9,0.0,3.0,5,5
745683,2024-03-31,R,2024,Oakland Coliseum,Oakland Athletics,Cleveland Guardians,4.0,3.0,621112.0,471911.0,Nick Mahrley,Marvin Hudson,"58 degrees, Partly Cloudy.","5 mph, Out To RF.",1:07 PM.,"4,118.",9,2.0,0.0,3,0
747222,2024-03-31,R,2024,Chase Field,Arizona Diamondbacks,Colorado Rockies,5.0,1.0,694297.0,663372.0,Alex Tosi,Dan Bellino,"74 degrees, Roof Closed.","0 mph, None.",1:10 PM.,"21,824.",9,3.0,0.0,5,1
745279,2024-03-31,R,2024,T-Mobile Park,Seattle Mariners,Boston Red Sox,1.0,5.0,682243.0,676477.0,Chris Segal,Larry Vanover,"52 degrees, Sunny.","3 mph, In From CF.",1:11 PM.,"29,331.",9,0.0,0.0,1,4
745438,2024-03-31,R,2024,Petco Park,San Diego Padres,San Francisco Giants,13.0,4.0,650633.0,641726.0,Edwin Moscoso,Mark Ripperger,"60 degrees, Partly Cloudy.","12 mph, L To R.",1:10 PM.,"34,499.",9,5.0,0.0,12,2
746166,2024-03-31,R,2024,Dodger Stadium,Los Angeles Dodgers,St. Louis Cardinals,5.0,4.0,694813.0,571927.0,Sean Barber,Alan Porter,"59 degrees, Cloudy.","10 mph, R To L.",4:10 PM.,"41,014.",9,0.0,0.0,0,2
746817,2024-04-01,R,2024,Guaranteed Rate Field,Chicago White Sox,Atlanta Braves,0.0,9.0,623167.0,450203.0,Erich Bacchus,Tom Hanahan,"46 degrees, Cloudy.","13 mph, L To R.",1:10 PM.,"13,781.",8,0.0,0.0,0,4
746899,2024-04-01,R,2024,Wrigley Field,Chicago Cubs,Colorado Rockies,5.0,0.0,684007.0,641712.0,Ben May,Dan Iassogna,"43 degrees, Overcast.","12 mph, In From LF.",1:20 PM.,"40,072.",9,0.0,0.0,0,0
744875,2024-04-01,R,2024,Nationals Park,Washington Nationals,Pittsburgh Pirates,4.0,8.0,669022.0,594835.0,Andy Fletcher,Mike Muchlinski,"53 degrees, Cloudy.","4 mph, In From RF.",4:05 PM.,"40,405.",9,0.0,0.0,1,2
747058,2024-04-01,R,2024,Oriole Park at Camden Yards,Baltimore Orioles,Kansas City Royals,6.0,4.0,665152.0,608379.0,Brennan Miller,Brian O'Nora,"57 degrees, Overcast.","2 mph, R To L.",6:36 PM.,"12,666.",9,0.0,0.0,3,3
745600,2024-04-01,R,2024,Citizens Bank Park,Philadelphia Phillies,Cincinnati Reds,3.0,6.0,650911.0,671096.0,Bill Miller,Doug Eddings,"52 degrees, Cloudy.","5 mph, In From CF.",6:41 PM.,"33,754.",10,2.0,0.0,2,0
746085,2024-04-01,R,2024,loanDepot park,Miami Marlins,Los Angeles Angels,4.0,7.0,676974.0,681217.0,Jordan Baker,Stu Scheurwater,"77 degrees, Partly Cloudy.","11 mph, In From CF.",6:42 PM.,"9,411.",9,4.0,0.0,4,2
745109,2024-04-01,R,2024,Tropicana Field,Tampa Bay Rays,Texas Rangers,3.0,9.0,686752.0,641540.0,Roberto Ortiz,Alfonso Márquez,"72 degrees, Dome.","0 mph, None.",6:50 PM.,"14,144.",9,0.0,3.0,0,3
745842,2024-04-01,R,2024,Citi Field,New York Mets,Detroit Tigers,0.0,5.0,640455.0,681857.0,Lance Barksdale,Angel Hernandez,"52 degrees, Cloudy.","2 mph, Out To LF.",7:10 PM.,"16,853.",10,0.0,0.0,0,0
746409,2024-04-01,R,2024,Minute Maid Park,Houston Astros,Toronto Blue Jays,10.0,0.0,669854.0,670102.0,Charlie Ramos,Chad Fairchild,"73 degrees, Roof Closed.","0 mph, None.",7:11 PM.,"27,285.",9,3.0,0.0,5,0
745675,2024-04-01,R,2024,Oakland Coliseum,Oakland Athletics,Boston Red Sox,0.0,9.0,671212.0,656557.0,Alan Porter,Ryan Blakney,"64 degrees, Clear.","10 mph, Out To RF.",6:40 PM.,"6,618.",9,0.0,1.0,0,8
745277,2024-04-01,R,2024,T-Mobile Park,Seattle Mariners,Cleveland Guardians,5.0,4.0,676106.0,663474.0,Mark Ripperger,Adam Hamari,"61 degrees, Clear.","1 mph, L To R.",6:41 PM.,"21,322.",9,0.0,0.0,5,2
745437,2024-04-01,R,2024,Petco Park,San Diego Padres,St. Louis Cardinals,2.0,6.0,663362.0,502043.0,Marvin Hudson,Hunter Wendelstedt,"61 degrees, Clear.","11 mph, L To R.",6:41 PM.,"37,566.",9,0.0,3.0,1,4
747218,2024-04-01,R,2024,Chase Field,Arizona Diamondbacks,New York Yankees,2.0,5.0,669194.0,661563.0,Larry Vanover,Scott Barry,"72 degrees, Roof Closed.","0 mph, None.",6:40 PM.,"38,608.",9,0.0,0.0,1,5
746170,2024-04-01,R,2024,Dodger Stadium,Los Angeles Dodgers,San Francisco Giants,8.0,3.0,572020.0,676775.0,Dan Bellino,Phil Cuzzi,"64 degrees, Clear.","8 mph, L To R.",7:10 PM.,"49,044.",9,1.0,0.0,3,0
746009,2024-04-02,R,2024,American Family Field,Milwaukee Brewers,Minnesota Twins,3.0,2.0,596001.0,686973.0,Clint Vondrak,Mark Wegner,"64 degrees, Roof Closed.","0 mph, None.",3:13 PM.,"41,659.",9,0.0,0.0,3,1
747057,2024-04-02,R,2024,Oriole Park at Camden Yards,Baltimore Orioles,Kansas City Royals,1.0,4.0,608344.0,679525.0,Brian O'Nora,Paul Clemons,"52 degrees, Cloudy.","9 mph, In From RF.",6:35 PM.,"9,404.",9,0.0,0.0,1,4
745598,2024-04-02,R,2024,Citizens Bank Park,Philadelphia Phillies,Cincinnati Reds,9.0,4.0,605513.0,668933.0,Doug Eddings,Chad Whitson,"46 degrees, Drizzle.","13 mph, R To L.",6:41 PM.,"28,119.",9,1.0,0.0,2,1
746086,2024-04-02,R,2024,loanDepot park,Miami Marlins,Los Angeles Angels,1.0,3.0,666200.0,542881.0,Stu Scheurwater,Mark Carlson,"79 degrees, Partly Cloudy.","13 mph, In From CF.",6:41 PM.,"9,033.",9,0.0,0.0,0,1
745111,2024-04-02,R,2024,Tropicana Field,Tampa Bay Rays,Texas Rangers,5.0,2.0,621107.0,571760.0,Alfonso Márquez,Lance Barrett,"72 degrees, Dome.","0 mph, None.",6:50 PM.,"11,697.",9,0.0,0.0,5,0
746898,2024-04-02,R,2024,Wrigley Field,Chicago Cubs,Colorado Rockies,12.0,2.0,665871.0,607536.0,Dan Iassogna,CB Bucknor,"42 degrees, Overcast.","20 mph, L To R.",6:40 PM.,"26,555.",9,2.0,0.0,7,0
746814,2024-04-02,R,2024,Guaranteed Rate Field,Chicago White Sox,Atlanta Braves,3.0,2.0,676979.0,625643.0,Tom Hanahan,Laz Diaz,"44 degrees, Overcast.","9 mph, Out To LF.",6:40 PM.,"12,300.",9,0.0,0.0,0,0
746411,2024-04-02,R,2024,Minute Maid Park,Houston Astros,Toronto Blue Jays,1.0,2.0,664285.0,621244.0,Chad Fairchild,Carlos Torres,"73 degrees, Roof Closed.","0 mph, None.",7:13 PM.,"28,811.",9,0.0,0.0,1,0
745680,2024-04-02,R,2024,Oakland Coliseum,Oakland Athletics,Boston Red Sox,4.0,5.0,622072.0,678394.0,Ryan Blakney,Nate Tomlinson,"64 degrees, Clear.","12 mph, Out To RF.",6:40 PM.,"5,112.",11,0.0,1.0,4,3
745273,2024-04-02,R,2024,T-Mobile Park,Seattle Mariners,Cleveland Guardians,2.0,5.0,622491.0,669456.0,Adam Hamari,Vic Carapazza,"63 degrees, Partly Cloudy.","13 mph, Out To LF.",6:41 PM.,"20,646.",9,0.0,0.0,0,4
745439,2024-04-02,R,2024,Petco Park,San Diego Padres,St. Louis Cardinals,2.0,5.0,506433.0,571945.0,Hunter Wendelstedt,John Tumpane,"66 degrees, Clear.","7 mph, L To R.",6:40 PM.,"43,076.",9,0.0,0.0,2,1
747220,2024-04-02,R,2024,Chase Field,Arizona Diamondbacks,New York Yankees,7.0,0.0,668678.0,641482.0,Scott Barry,Brian Walsh,"72 degrees, Clear.","4 mph, L To R.",6:40 PM.,"39,863.",9,3.0,0.0,3,0
746169,2024-04-02,R,2024,Dodger Stadium,Los Angeles Dodgers,San Francisco Giants,5.0,4.0,518489.0,657277.0,Phil Cuzzi,Tony Randazzo,"66 degrees, Clear.","5 mph, Out To RF.",7:10 PM.,"49,365.",9,1.0,0.0,5,2
745844,2024-04-02,R,2024,Citi Field,New York Mets,Detroit Tigers,,,605288.0,663554.0,Angel Hernandez,John Bacon,"43 degrees, Cloudy.","11 mph, L To R.",12:10 PM.,,11,0.0,0.0,3,0
747059,2024-04-03,R,2024,Oriole Park at Camden Yards,Baltimore Orioles,Kansas City Royals,4.0,3.0,669203.0,666142.0,Paul Clemons,Ryan Additon,"46 degrees, Drizzle.","4 mph, In From RF.",6:05 PM.,"11,488.",9,0.0,1.0,0,2
745114,2024-04-03,R,2024,Tropicana Field,Tampa Bay Rays,Texas Rangers,1.0,4.0,650644.0,543135.0,Lance Barrett,Jonathan Parra,"72 degrees, Dome.","0 mph, None.",1:10 PM.,"18,881.",9,0.0,0.0,0,0
746083,2024-04-03,R,2024,loanDepot park,Miami Marlins,Los Angeles Angels,2.0,10.0,640462.0,663776.0,Mark Carlson,Dan Merzel,"72 degrees, Roof Closed.","0 mph, None.",1:10 PM.,"8,573.",9,0.0,2.0,2,6
746008,2024-04-03,R,2024,American Family Field,Milwaukee Brewers,Minnesota Twins,3.0,7.0,605452.0,663978.0,Mark Wegner,Bruce Dreckman,"64 degrees, Roof Closed.","0 mph, None.",12:10 PM.,"17,854.",9,0.0,0.0,3,1
745678,2024-04-03,R,2024,Oakland Coliseum,Oakland Athletics,Boston Red Sox,0.0,1.0,548389.0,601713.0,Nate Tomlinson,Sean Barber,"56 degrees, Cloudy.","11 mph, Varies.",12:37 PM.,"6,436.",9,0.0,0.0,0,1
747219,2024-04-03,R,2024,Chase Field,Arizona Diamondbacks,New York Yankees,5.0,6.0,518876.0,607074.0,Brian Walsh,Chris Segal,"77 degrees, Sunny.","2 mph, Calm.",12:40 PM.,"35,038.",11,0.0,0.0,2,2
745603,2024-04-03,R,2024,Citizens Bank Park,Philadelphia Phillies,Cincinnati Reds,1.0,4.0,554430.0,593423.0,Chad Whitson,Malachi Moore,"48 degrees, Cloudy.","23 mph, R To L.",8:00 PM.,"28,077.",9,0.0,0.0,0,2
745275,2024-04-03,R,2024,T-Mobile Park,Seattle Mariners,Cleveland Guardians,0.0,8.0,669923.0,671106.0,Vic Carapazza,Alex MacKay,"52 degrees, Partly Cloudy.","9 mph, Out To CF.",1:11 PM.,"22,583.",9,0.0,3.0,0,8
745440,2024-04-03,R,2024,Petco Park,San Diego Padres,St. Louis Cardinals,3.0,2.0,605397.0,668868.0,John Tumpane,Nick Mahrley,"69 degrees, Sunny.","10 mph, L To R.",1:11 PM.,"38,835.",9,1.0,0.0,3,1
744869,2024-04-03,R,2024,Nationals Park,Washington Nationals,Pittsburgh Pirates,5.0,3.0,592866.0,656605.0,Mike Muchlinski,Jansen Visconti,"52 degrees, Overcast.","7 mph, In From LF.",6:45 PM.,"14,022.",9,0.0,0.0,4,2
746900,2024-04-03,R,2024,Wrigley Field,Chicago Cubs,Colorado Rockies,9.0,8.0,681432.0,615698.0,CB Bucknor,Brock Ballou,"36 degrees, Cloudy.","8 mph, In From LF.",6:59 PM.,"25,900.",9,0.0,0.0,5,0
746407,2024-04-03,R,2024,Minute Maid Park,Houston Astros,Toronto Blue Jays,8.0,0.0,664299.0,605135.0,Carlos Torres,Tripp Gibson,"73 degrees, Roof Closed.","0 mph, None.",7:12 PM.,"26,279.",9,0.0,0.0,4,0
746163,2024-04-03,R,2024,Dodger Stadium,Los Angeles Dodgers,San Francisco Giants,5.0,4.0,607192.0,690986.0,Tony Randazzo,Alex Tosi,"63 degrees, Clear.","7 mph, Out To CF.",7:10 PM.,"52,746.",9,0.0,0.0,4,1
746816,2024-04-03,R,2024,Guaranteed Rate Field,Chicago White Sox,Atlanta Braves,,,641771.0,519242.0,Chris Segal,Larry Vanover,"70 degrees, Sunny.","10 mph, L To R.",3:10 PM.,"12,656.",9,1.0,0.0,1,0
745843,2024-04-03,R,2024,Citi Field,New York Mets,Detroit Tigers,,,676130.0,666159.0,Nic Lentz,Emil Jimenez,"47 degrees, Partly Cloudy.","10 mph, In From LF.",4:21 PM.,"15,020.",9,0.0,0.0,0,1
745844,2024-04-04,R,2024,Citi Field,New York Mets,Detroit Tigers,3.0,6.0,605288.0,663554.0,Angel Hernandez,John Bacon,"43 degrees, Cloudy.","11 mph, L To R.",12:10 PM.,,11,0.0,0.0,3,0
745843,2024-04-04,R,2024,Citi Field,New York Mets,Detroit Tigers,2.0,1.0,676130.0,666159.0,Nic Lentz,Emil Jimenez,"47 degrees, Partly Cloudy.","10 mph, In From LF.",4:21 PM.,"15,020.",9,0.0,0.0,0,1
744870,2024-04-04,R,2024,Nationals Park,Washington Nationals,Pittsburgh Pirates,4.0,7.0,680686.0,527048.0,Jansen Visconti,Derek Thomas,"46 degrees, Partly Cloudy.","6 mph, Out To RF.",5:15 PM.,"11,135.",9,0.0,4.0,2,7
745928,2024-04-04,R,2024,Target Field,Minnesota Twins,Cleveland Guardians,2.0,4.0,641154.0,676440.0,Ryan Additon,Brennan Miller,"48 degrees, Partly Cloudy.","13 mph, Out To LF.",3:17 PM.,"35,595.",9,0.0,0.0,1,3
745200,2024-04-04,R,2024,Busch Stadium,St. Louis Cardinals,Miami Marlins,8.0,5.0,458681.0,677960.0,Bruce Dreckman,Jeremie Rehak,"49 degrees, Overcast.","15 mph, Out To RF.",3:20 PM.,"47,273.",9,0.0,0.0,3,4
746327,2024-04-04,R,2024,Kauffman Stadium,Kansas City Royals,Chicago White Sox,10.0,1.0,607625.0,647336.0,Malachi Moore,Bill Miller,"60 degrees, Clear.","13 mph, L To R.",6:40 PM.,"10,863.",9,0.0,0.0,2,0
745764,2024-04-05,R,2024,Yankee Stadium,New York Yankees,Toronto Blue Jays,0.0,3.0,573186.0,579328.0,Emil Jimenez,Lance Barksdale,"46 degrees, Partly Cloudy.","16 mph, Out To LF.",1:10 PM.,"47,812.",9,0.0,0.0,0,0
746497,2024-04-05,R,2024,Comerica Park,Detroit Tigers,Oakland Athletics,5.0,4.0,669373.0,676664.0,Tripp Gibson,Charlie Ramos,"43 degrees, Partly Cloudy.","14 mph, L To R.",1:10 PM.,"44,711.",9,0.0,0.0,3,0
746897,2024-04-05,R,2024,Wrigley Field,Chicago Cubs,Los Angeles Dodgers,9.0,7.0,543294.0,676272.0,Laz Diaz,Mike Estabrook,"43 degrees, Partly Cloudy.","15 mph, In From LF.",1:20 PM.,"34,981.",9,0.0,2.0,6,5
746576,2024-04-05,R,2024,Coors Field,Colorado Rockies,Tampa Bay Rays,10.0,7.0,596295.0,641793.0,Nick Mahrley,Marvin Hudson,"75 degrees, Partly Cloudy.","10 mph, L To R.",2:10 PM.,"48,399.",9,1.0,1.0,1,2
745524,2024-04-05,R,2024,PNC Park,Pittsburgh Pirates,Baltimore Orioles,2.0,5.0,683003.0,680570.0,Brock Ballou,Ben May,"40 degrees, Cloudy.","12 mph, Out To CF.",4:15 PM.,"38,400.",9,0.0,0.0,1,2
745361,2024-04-05,R,2024,Oracle Park,San Francisco Giants,San Diego Padres,3.0,2.0,663855.0,656302.0,Sean Barber,Alan Porter,"54 degrees, Partly Cloudy.","12 mph, Out To CF.",1:38 PM.,"40,645.",9,1.0,1.0,1,2
746733,2024-04-05,R,2024,Great American Ball Park,Cincinnati Reds,New York Mets,2.0,3.0,668881.0,500779.0,Dan Merzel,Jordan Baker,"46 degrees, Cloudy.","11 mph, Out To CF.",6:41 PM.,"16,620.",9,1.0,0.0,1,1
744874,2024-04-05,R,2024,Nationals Park,Washington Nationals,Philadelphia Phillies,0.0,4.0,571578.0,605400.0,Jonathan Parra,Roberto Ortiz,"48 degrees, Partly Cloudy.","4 mph, In From CF.",6:45 PM.,"21,374.",9,0.0,0.0,0,3
747143,2024-04-05,R,2024,Truist Park,Atlanta Braves,Arizona Diamondbacks,6.0,5.0,675911.0,674072.0,Alex MacKay,Mark Ripperger,"59 degrees, Clear.","13 mph, R To L.",7:23 PM.,"41,426.",10,1.0,3.0,2,5
746328,2024-04-05,R,2024,Kauffman Stadium,Kansas City Royals,Chicago White Sox,2.0,1.0,663903.0,607200.0,Bill Miller,Doug Eddings,"63 degrees, Clear.","13 mph, R To L.",6:40 PM.,"10,592.",9,1.0,0.0,1,1
745033,2024-04-05,R,2024,Globe Life Field,Texas Rangers,Houston Astros,10.0,2.0,674003.0,686613.0,Chris Segal,Larry Vanover,"83 degrees, Cloudy.","13 mph, L To R.",7:07 PM.,"34,583.",9,0.0,0.0,7,0
746007,2024-04-05,R,2024,American Family Field,Milwaukee Brewers,Seattle Mariners,6.0,5.0,642547.0,669302.0,Derek Thomas,Andy Fletcher,"46 degrees, Roof Closed.","0 mph, None.",7:10 PM.,"23,035.",9,0.0,0.0,3,0
746249,2024-04-05,R,2024,Angel Stadium,Los Angeles Angels,Boston Red Sox,6.0,8.0,656288.0,676710.0,Alex Tosi,Dan Bellino,"54 degrees, Partly Cloudy.","8 mph, L To R.",7:06 PM.,"44,714.",9,0.0,0.0,1,4
746498,2024-04-06,R,2024,Comerica Park,Detroit Tigers,Oakland Athletics,0.0,4.0,628317.0,621112.0,Charlie Ramos,Chad Fairchild,"55 degrees, Sunny.","12 mph, L To R.",1:11 PM.,"27,529.",9,0.0,2.0,0,2
745926,2024-04-06,R,2024,Target Field,Minnesota Twins,Cleveland Guardians,1.0,3.0,657746.0,471911.0,Brennan Miller,Brian O'Nora,"55 degrees, Sunny.","15 mph, In From RF.",1:11 PM.,"25,806.",9,1.0,0.0,1,3
745197,2024-04-06,R,2024,Busch Stadium,St. Louis Cardinals,Miami Marlins,3.0,1.0,571927.0,669432.0,Jeremie Rehak,Clint Vondrak,"57 degrees, Partly Cloudy.","11 mph, R To L.",1:15 PM.,"37,328.",9,0.0,0.0,3,0
746896,2024-04-06,R,2024,Wrigley Field,Chicago Cubs,Los Angeles Dodgers,1.0,4.0,696136.0,808967.0,Mike Estabrook,Erich Bacchus,"46 degrees, Sunny.","8 mph, In From CF.",3:05 PM.,"41,040.",9,0.0,0.0,0,3
745522,2024-04-06,R,2024,PNC Park,Pittsburgh Pirates,Baltimore Orioles,5.0,4.0,663559.0,669330.0,Ben May,Dan Iassogna,"51 degrees, Cloudy.","11 mph, Out To CF.",4:07 PM.,"24,089.",11,0.0,0.0,3,0
744873,2024-04-06,R,2024,Nationals Park,Washington Nationals,Philadelphia Phillies,2.0,5.0,663623.0,624133.0,Roberto Ortiz,Alfonso Márquez,"53 degrees, Overcast.","7 mph, In From LF.",4:05 PM.,"29,718.",9,0.0,0.0,2,4
746731,2024-04-06,R,2024,Great American Ball Park,Cincinnati Reds,New York Mets,9.0,6.0,607259.0,622663.0,Jordan Baker,Stu Scheurwater,"57 degrees, Partly Cloudy.","7 mph, Out To RF.",4:11 PM.,"28,307.",9,0.0,0.0,2,5
745031,2024-04-06,R,2024,Globe Life Field,Texas Rangers,Houston Astros,7.0,2.0,592351.0,641585.0,Larry Vanover,Scott Barry,"74 degrees, Roof Closed.","0 mph, None.",6:08 PM.,"39,594.",9,0.0,0.0,2,2
745766,2024-04-06,R,2024,Yankee Stadium,New York Yankees,Toronto Blue Jays,9.0,8.0,657376.0,592332.0,Lance Barksdale,Angel Hernandez,"50 degrees, Cloudy.","13 mph, L To R.",7:11 PM.,"42,250.",9,3.0,0.0,8,2
746329,2024-04-06,R,2024,Kauffman Stadium,Kansas City Royals,Chicago White Sox,3.0,0.0,608379.0,623167.0,Doug Eddings,Chad Whitson,"71 degrees, Clear.","20 mph, R To L.",6:10 PM.,"15,463.",9,0.0,0.0,0,0
746006,2024-04-06,R,2024,American Family Field,Milwaukee Brewers,Seattle Mariners,3.0,5.0,669084.0,682243.0,Andy Fletcher,Mike Muchlinski,"65 degrees, Roof Closed.","0 mph, None.",6:10 PM.,"35,522.",9,0.0,0.0,0,3
747140,2024-04-06,R,2024,Truist Park,Atlanta Braves,Arizona Diamondbacks,9.0,8.0,608331.0,694297.0,Mark Ripperger,Adam Hamari,"63 degrees, Partly Cloudy.","8 mph, R To L.",7:21 PM.,"41,278.",9,0.0,6.0,5,8
746575,2024-04-06,R,2024,Coors Field,Colorado Rockies,Tampa Bay Rays,6.0,8.0,663372.0,641302.0,Marvin Hudson,Hunter Wendelstedt,"46 degrees, Cloudy.","17 mph, L To R.",6:11 PM.,"29,238.",9,0.0,1.0,4,1
745359,2024-04-06,R,2024,Oracle Park,San Francisco Giants,San Diego Padres,0.0,4.0,676775.0,650633.0,Alan Porter,Ryan Blakney,"55 degrees, Partly Cloudy.","16 mph, Out To CF.",6:06 PM.,"40,114.",9,0.0,4.0,0,4
746248,2024-04-06,R,2024,Angel Stadium,Los Angeles Angels,Boston Red Sox,2.0,1.0,672282.0,676477.0,Dan Bellino,Phil Cuzzi,"61 degrees, Clear.","7 mph, R To L.",6:38 PM.,"44,485.",9,0.0,0.0,0,1
745523,2024-04-07,R,2024,PNC Park,Pittsburgh Pirates,Baltimore Orioles,3.0,2.0,594835.0,665152.0,Dan Iassogna,CB Bucknor,"54 degrees, Sunny.","3 mph, Out To LF.",1:36 PM.,"20,652.",9,0.0,0.0,1,2
744871,2024-04-07,R,2024,Nationals Park,Washington Nationals,Philadelphia Phillies,3.0,2.0,669022.0,650911.0,Alfonso Márquez,Lance Barrett,"59 degrees, Partly Cloudy.","11 mph, In From LF.",1:35 PM.,"24,765.",9,0.0,0.0,3,2
747141,2024-04-07,R,2024,Truist Park,Atlanta Braves,Arizona Diamondbacks,5.0,2.0,519242.0,669194.0,Adam Hamari,Vic Carapazza,"65 degrees, Sunny.","7 mph, L To R.",1:37 PM.,"40,693.",9,0.0,0.0,3,2
745765,2024-04-07,R,2024,Yankee Stadium,New York Yankees,Toronto Blue Jays,8.0,3.0,661563.0,670102.0,Angel Hernandez,Nic Lentz,"52 degrees, Partly Cloudy.","11 mph, In From LF.",1:38 PM.,"40,569.",9,0.0,0.0,5,2
746734,2024-04-07,R,2024,Great American Ball Park,Cincinnati Reds,New York Mets,1.0,3.0,671096.0,640455.0,Stu Scheurwater,Mark Carlson,"60 degrees, Sunny.","10 mph, In From CF.",1:41 PM.,"26,656.",9,0.0,1.0,1,3
746493,2024-04-07,R,2024,Comerica Park,Detroit Tigers,Oakland Athletics,1.0,7.0,656427.0,671212.0,Chad Fairchild,Carlos Torres,"55 degrees, Sunny.","7 mph, In From LF.",1:40 PM.,"15,174.",9,0.0,2.0,0,6
746330,2024-04-07,R,2024,Kauffman Stadium,Kansas City Royals,Chicago White Sox,5.0,3.0,679525.0,676979.0,Chad Whitson,Malachi Moore,"63 degrees, Sunny.","15 mph, R To L.",1:10 PM.,"14,251.",9,0.0,0.0,2,3
746003,2024-04-07,R,2024,American Family Field,Milwaukee Brewers,Seattle Mariners,12.0,4.0,607067.0,676106.0,Mike Muchlinski,Jansen Visconti,"64 degrees, Roof Closed.","0 mph, None.",1:11 PM.,"25,573.",9,3.0,1.0,10,2
745198,2024-04-07,R,2024,Busch Stadium,St. Louis Cardinals,Miami Marlins,3.0,10.0,502043.0,676974.0,Clint Vondrak,Mark Wegner,"63 degrees, Cloudy.","16 mph, R To L.",1:15 PM.,"39,519.",9,0.0,6.0,1,7
746895,2024-04-07,R,2024,Wrigley Field,Chicago Cubs,Los Angeles Dodgers,8.0,1.0,684007.0,694813.0,Erich Bacchus,Tom Hanahan,"47 degrees, Overcast.","8 mph, R To L.",1:19 PM.,"38,322.",9,3.0,0.0,7,0
746574,2024-04-07,R,2024,Coors Field,Colorado Rockies,Tampa Bay Rays,2.0,3.0,641712.0,686752.0,Hunter Wendelstedt,John Tumpane,"52 degrees, Sunny.","14 mph, L To R.",1:10 PM.,"25,566.",9,0.0,0.0,0,3
745362,2024-04-07,R,2024,Oracle Park,San Francisco Giants,San Diego Padres,3.0,2.0,657277.0,663362.0,Ryan Blakney,Nate Tomlinson,"59 degrees, Partly Cloudy.","10 mph, Out To CF.",1:05 PM.,"40,149.",9,0.0,1.0,0,1
746251,2024-04-07,R,2024,Angel Stadium,Los Angeles Angels,Boston Red Sox,2.0,12.0,681217.0,656557.0,Phil Cuzzi,Tony Randazzo,"66 degrees, Partly Cloudy.","9 mph, Out To CF.",1:08 PM.,"38,917.",9,0.0,0.0,0,3
745032,2024-04-07,R,2024,Globe Life Field,Texas Rangers,Houston Astros,1.0,3.0,641540.0,669854.0,Scott Barry,Brian Walsh,"79 degrees, Clear.","9 mph, Out To RF.",6:10 PM.,"35,681.",9,0.0,0.0,0,3
745927,2024-04-07,R,2024,Target Field,Minnesota Twins,Cleveland Guardians,,,641927.0,676282.0,Ryan Blakney,Edwin Jimenez,"67 degrees, Partly Cloudy.","13 mph, Out To RF.",1:11 PM.,"23,217.",9,1.0,0.0,3,0
746654,2024-04-08,R,2024,Progressive Field,Cleveland Guardians,Chicago White Sox,4.0,0.0,663474.0,621383.0,David Rackley,Chris Segal,"63 degrees, Partly Cloudy.","3 mph, In From RF.",5:11 PM.,"35,735.",9,0.0,0.0,4,0
745761,2024-04-08,R,2024,Yankee Stadium,New York Yankees,Miami Marlins,7.0,0.0,641482.0,666200.0,Todd Tichenor,Cory Blaser,"60 degrees, Overcast.","7 mph, Out To LF.",6:07 PM.,"31,071.",9,0.0,0.0,7,0
745520,2024-04-08,R,2024,PNC Park,Pittsburgh Pirates,Detroit Tigers,7.0,4.0,656605.0,681857.0,Mark Carlson,Dan Merzel,"74 degrees, Cloudy.","10 mph, Out To CF.",6:42 PM.,"9,957.",9,0.0,1.0,6,2
746735,2024-04-08,R,2024,Great American Ball Park,Cincinnati Reds,Milwaukee Brewers,10.0,8.0,668933.0,676879.0,Brian O'Nora,Paul Clemons,"74 degrees, Cloudy.","6 mph, R To L.",6:41 PM.,"10,382.",9,0.0,0.0,9,3
744956,2024-04-08,R,2024,Rogers Centre,Toronto Blue Jays,Seattle Mariners,5.0,2.0,621244.0,622491.0,CB Bucknor,Brock Ballou,"68 degrees, Roof Closed.","0 mph, None.",7:38 PM.,"40,069.",9,0.0,0.0,4,0
747142,2024-04-08,R,2024,Truist Park,Atlanta Braves,New York Mets,7.0,8.0,450203.0,527054.0,Junior Valentine,Carlos Torres,"73 degrees, Cloudy.","9 mph, L To R.",7:22 PM.,"37,538.",9,0.0,0.0,4,4
745925,2024-04-08,R,2024,Target Field,Minnesota Twins,Los Angeles Dodgers,2.0,4.0,641927.0,572020.0,John Tumpane,Nick Mahrley,"49 degrees, Partly Cloudy.","9 mph, Out To CF.",6:41 PM.,"15,177.",9,0.0,1.0,2,1
745194,2024-04-08,R,2024,Busch Stadium,St. Louis Cardinals,Philadelphia Phillies,3.0,5.0,571945.0,605513.0,Vic Carapazza,Alex MacKay,"76 degrees, Clear.","10 mph, Out To LF.",6:46 PM.,"32,621.",10,0.0,0.0,0,2
745034,2024-04-08,R,2024,Globe Life Field,Texas Rangers,Houston Astros,5.0,10.0,571760.0,668874.0,Adrian Johnson,Tom Hanahan,"74 degrees, Roof Closed.","0 mph, Calm.",7:07 PM.,"31,737.",9,5.0,2.0,5,10
746569,2024-04-08,R,2024,Coors Field,Colorado Rockies,Arizona Diamondbacks,7.0,5.0,607536.0,668678.0,Nic Lentz,Emil Jimenez,"57 degrees, Clear.","6 mph, Out To LF.",6:41 PM.,"18,870.",9,1.0,0.0,3,4
746252,2024-04-08,R,2024,Angel Stadium,Los Angeles Angels,Tampa Bay Rays,7.0,1.0,542881.0,621107.0,Malachi Moore,Bill Miller,"70 degrees, Clear.","2 mph, Varies.",6:38 PM.,"18,748.",9,2.0,0.0,5,0
745432,2024-04-08,R,2024,Petco Park,San Diego Padres,Chicago Cubs,9.0,8.0,506433.0,665871.0,James Hoye,Rob Drake,"61 degrees, Clear.","9 mph, L To R.",6:40 PM.,"33,864.",9,0.0,0.0,0,8
745363,2024-04-08,R,2024,Oracle Park,San Francisco Giants,Washington Nationals,1.0,8.0,605483.0,592866.0,Chris Guccione,Brian Knight,"62 degrees, Clear.","12 mph, Out To CF.",6:45 PM.,"25,582.",9,1.0,0.0,1,6
745517,2024-04-09,R,2024,PNC Park,Pittsburgh Pirates,Detroit Tigers,3.0,5.0,527048.0,663554.0,Dan Merzel,Jordan Baker,"72 degrees, Partly Cloudy.","9 mph, Out To LF.",12:37 PM.,"10,058.",9,0.0,1.0,2,1
746981,2024-04-09,R,2024,Fenway Park,Boston Red Sox,Baltimore Orioles,1.0,7.0,678394.0,669203.0,Mark Wegner,Bruce Dreckman,"57 degrees, Sunny.","5 mph, Out To RF.",2:31 PM.,"36,093.",9,1.0,0.0,1,3
746653,2024-04-09,R,2024,Progressive Field,Cleveland Guardians,Chicago White Sox,5.0,7.0,671106.0,647336.0,Chris Segal,Brian Walsh,"75 degrees, Cloudy.","20 mph, L To R.",6:10 PM.,"14,887.",9,2.0,5.0,5,5
746732,2024-04-09,R,2024,Great American Ball Park,Cincinnati Reds,Milwaukee Brewers,5.0,9.0,593423.0,605452.0,Paul Clemons,D.J. Reyburn,"63 degrees, Overcast.","10 mph, R To L.",6:42 PM.,"12,623.",9,0.0,0.0,1,5
745762,2024-04-09,R,2024,Yankee Stadium,New York Yankees,Miami Marlins,3.0,2.0,607074.0,640462.0,Cory Blaser,John Bacon,"65 degrees, Partly Cloudy.","8 mph, R To L.",7:08 PM.,"37,680.",9,0.0,0.0,2,0
744957,2024-04-09,R,2024,Rogers Centre,Toronto Blue Jays,Seattle Mariners,5.0,3.0,605135.0,669923.0,Brock Ballou,Ben May,"68 degrees, Roof Closed.","0 mph, None.",7:08 PM.,"31,310.",9,0.0,0.0,5,0
747138,2024-04-09,R,2024,Truist Park,Atlanta Braves,New York Mets,6.0,5.0,625643.0,605288.0,Carlos Torres,Charlie Ramos,"58 degrees, Drizzle.","10 mph, L To R.",7:23 PM.,"32,065.",9,1.0,0.0,5,0
746326,2024-04-09,R,2024,Kauffman Stadium,Kansas City Royals,Houston Astros,4.0,3.0,666142.0,664299.0,Jansen Visconti,Derek Thomas,"66 degrees, Clear.","7 mph, In From RF.",6:41 PM.,"11,926.",10,0.0,1.0,3,3
745924,2024-04-09,R,2024,Target Field,Minnesota Twins,Los Angeles Dodgers,3.0,6.0,686973.0,607192.0,Nick Mahrley,Marvin Hudson,"60 degrees, Partly Cloudy.","11 mph, Out To CF.",6:40 PM.,"17,024.",9,0.0,0.0,0,6
745195,2024-04-09,R,2024,Busch Stadium,St. Louis Cardinals,Philadelphia Phillies,3.0,0.0,543243.0,554430.0,Alex MacKay,Edwin Moscoso,"68 degrees, Cloudy.","4 mph, In From LF.",6:46 PM.,"31,972.",9,0.0,0.0,3,0
745030,2024-04-09,R,2024,Globe Life Field,Texas Rangers,Oakland Athletics,3.0,4.0,543135.0,622072.0,Tom Hanahan,Quinn Wolcott,"74 degrees, Roof Closed.","0 mph, None.",7:09 PM.,"18,714.",9,1.0,0.0,2,1
746571,2024-04-09,R,2024,Coors Field,Colorado Rockies,Arizona Diamondbacks,2.0,3.0,615698.0,518876.0,Emil Jimenez,Lance Barksdale,"61 degrees, Partly Cloudy.","6 mph, In From LF.",6:39 PM.,"19,359.",9,1.0,2.0,1,3
746250,2024-04-09,R,2024,Angel Stadium,Los Angeles Angels,Tampa Bay Rays,4.0,6.0,663776.0,650644.0,Bill Miller,Doug Eddings,"77 degrees, Clear.","4 mph, R To L.",6:38 PM.,"20,271.",9,2.0,0.0,3,4
745357,2024-04-09,R,2024,Oracle Park,San Francisco Giants,Washington Nationals,3.0,5.0,690986.0,672851.0,Brian Knight,Gabe Morales,"63 degrees, Clear.","12 mph, Out To CF.",6:45 PM.,"24,380.",9,0.0,0.0,1,3
745433,2024-04-09,R,2024,Petco Park,San Diego Padres,Chicago Cubs,1.0,5.0,605397.0,676962.0,Rob Drake,Jonathan Parra,"68 degrees, Clear.","5 mph, L To R.",7:07 PM.,"35,171.",9,0.0,0.0,0,5
745923,2024-04-10,R,2024,Target Field,Minnesota Twins,Los Angeles Dodgers,3.0,2.0,663978.0,676272.0,Marvin Hudson,Hunter Wendelstedt,"60 degrees, Sunny.","10 mph, R To L.",12:11 PM.,"18,640.",9,1.0,1.0,3,2
745196,2024-04-10,R,2024,Busch Stadium,St. Louis Cardinals,Philadelphia Phillies,3.0,4.0,458681.0,605400.0,Edwin Moscoso,Adam Hamari,"57 degrees, Drizzle.","8 mph, L To R.",12:17 PM.,"33,104.",9,0.0,2.0,2,2
744950,2024-04-10,R,2024,Rogers Centre,Toronto Blue Jays,Seattle Mariners,1.0,6.0,579328.0,669302.0,Ben May,Adam Beck,"68 degrees, Roof Closed.","0 mph, None.",3:07 PM.,"22,960.",10,0.0,0.0,0,1
746573,2024-04-10,R,2024,Coors Field,Colorado Rockies,Arizona Diamondbacks,3.0,5.0,596295.0,674072.0,Lance Barksdale,Angel Hernandez,"56 degrees, Cloudy.","7 mph, In From CF.",1:10 PM.,"18,311.",9,1.0,1.0,3,2
745355,2024-04-10,R,2024,Oracle Park,San Francisco Giants,Washington Nationals,7.0,1.0,663855.0,571578.0,Gabe Morales,Ryan Additon,"65 degrees, Partly Cloudy.","5 mph, Out To CF.",12:46 PM.,"25,558.",9,0.0,0.0,5,1
746247,2024-04-10,R,2024,Angel Stadium,Los Angeles Angels,Tampa Bay Rays,2.0,4.0,667755.0,641793.0,Doug Eddings,Chad Whitson,"80 degrees, Sunny.","6 mph, Out To CF.",1:08 PM.,"16,600.",9,0.0,3.0,1,4
746655,2024-04-10,R,2024,Progressive Field,Cleveland Guardians,Chicago White Sox,7.0,6.0,676440.0,607200.0,Brian Walsh,Scott Barry,"55 degrees, Cloudy.","6 mph, In From RF.",6:11 PM.,"12,405.",10,0.0,2.0,4,5
745429,2024-04-10,R,2024,Petco Park,San Diego Padres,Chicago Cubs,10.0,2.0,656302.0,543294.0,Jonathan Parra,John Libka,"71 degrees, Sunny.","8 mph, L To R.",3:40 PM.,"39,048.",9,0.0,0.0,4,2
746728,2024-04-10,R,2024,Great American Ball Park,Cincinnati Reds,Milwaukee Brewers,2.0,7.0,668881.0,489119.0,D.J. Reyburn,Brennan Miller,"61 degrees, Rain.","5 mph, In From CF.",8:30 PM.,"10,388.",9,0.0,2.0,2,6
745763,2024-04-10,R,2024,Yankee Stadium,New York Yankees,Miami Marlins,2.0,5.0,573186.0,677960.0,John Bacon,Manny Gonzalez,"57 degrees, Overcast.","10 mph, In From LF.",7:08 PM.,"36,295.",9,0.0,0.0,0,4
746980,2024-04-10,R,2024,Fenway Park,Boston Red Sox,Baltimore Orioles,5.0,7.0,676710.0,608344.0,Bruce Dreckman,Jeremie Rehak,"59 degrees, Partly Cloudy.","4 mph, Out To LF.",7:13 PM.,"27,936.",9,0.0,0.0,5,0
746323,2024-04-10,R,2024,Kauffman Stadium,Kansas City Royals,Houston Astros,11.0,2.0,607625.0,681293.0,Derek Thomas,Andy Fletcher,"63 degrees, Cloudy.","7 mph, L To R.",6:40 PM.,"10,536.",9,0.0,0.0,8,2
745024,2024-04-10,R,2024,Globe Life Field,Texas Rangers,Oakland Athletics,6.0,2.0,674003.0,548389.0,Ramon De Jesus,David Arrieta,"74 degrees, Roof Closed.","0 mph, None.",7:06 PM.,"30,488.",9,3.0,1.0,6,1
747139,2024-04-10,R,2024,Truist Park,Atlanta Braves,New York Mets,,,680885.0,656731.0,Scott Barry,Lance Barksdale,"73 degrees, Overcast.","4 mph, R To L.",1:11 PM.,,9,0.0,0.0,2,0
747137,2024-04-11,R,2024,Truist Park,Atlanta Braves,New York Mets,4.0,16.0,642216.0,500779.0,Charlie Ramos,Chad Fairchild,"72 degrees, Partly Cloudy.","15 mph, R To L.",1:02 PM.,"34,352.",9,0.0,1.0,3,7
746322,2024-04-11,R,2024,Kauffman Stadium,Kansas City Royals,Houston Astros,13.0,3.0,663903.0,686613.0,Andy Fletcher,Mike Muchlinski,"61 degrees, Sunny.","23 mph, L To R.",1:10 PM.,"10,280.",9,9.0,0.0,9,1
745029,2024-04-11,R,2024,Globe Life Field,Texas Rangers,Oakland Athletics,0.0,1.0,592351.0,676664.0,David Arrieta,Adrian Johnson,"74 degrees, Roof Closed.","0 mph, None.",1:38 PM.,"19,726.",9,0.0,0.0,0,1
745601,2024-04-11,R,2024,Citizens Bank Park,Philadelphia Phillies,Pittsburgh Pirates,5.0,1.0,624133.0,683003.0,Hunter Wendelstedt,John Tumpane,"64 degrees, Cloudy.","14 mph, Out To LF.",6:41 PM.,"33,362.",9,0.0,0.0,1,0
746977,2024-04-11,R,2024,Fenway Park,Boston Red Sox,Baltimore Orioles,4.0,9.0,676477.0,680570.0,Jeremie Rehak,Clint Vondrak,"50 degrees, Cloudy.","1 mph, R To L.",7:11 PM.,"26,230.",10,2.0,0.0,2,1
746490,2024-04-11,R,2024,Comerica Park,Detroit Tigers,Minnesota Twins,,,666159.0,680573.0,Brock Ballou,David Arrieta,"64 degrees, Clear.","15 mph, Out To LF.",5:05 PM.,"22,548.",9,0.0,1.0,1,2
746730,2024-04-11,R,2024,Great American Ball Park,Cincinnati Reds,Milwaukee Brewers,,,607259.0,607067.0,Bruce Dreckman,Tom Hanahan,"92 degrees, Sunny.","5 mph, Varies.",12:41 PM.,"14,436.",10,1.0,0.0,4,4
746491,2024-04-12,R,2024,Comerica Park,Detroit Tigers,Minnesota Twins,8.0,2.0,669373.0,641154.0,Adam Beck,CB Bucknor,"50 degrees, Cloudy.","22 mph, Out To LF.",7:45 PM.,"12,434.",9,1.0,0.0,5,0
745596,2024-04-12,R,2024,Citizens Bank Park,Philadelphia Phillies,Pittsburgh Pirates,2.0,5.0,650911.0,663559.0,John Tumpane,Nick Mahrley,"64 degrees, Cloudy.","20 mph, Out To RF.",6:40 PM.,"35,578.",9,0.0,0.0,1,2
745112,2024-04-12,R,2024,Tropicana Field,Tampa Bay Rays,San Francisco Giants,2.0,1.0,621097.0,676775.0,Clint Vondrak,Mark Wegner,"72 degrees, Dome.","0 mph, None.",6:50 PM.,"15,146.",9,0.0,0.0,2,1
747055,2024-04-12,R,2024,Oriole Park at Camden Yards,Baltimore Orioles,Milwaukee Brewers,1.0,11.0,669330.0,642547.0,Adam Hamari,Vic Carapazza,"62 degrees, Cloudy.","13 mph, Out To RF.",7:07 PM.,"32,205.",9,0.0,0.0,1,7
744954,2024-04-12,R,2024,Rogers Centre,Toronto Blue Jays,Colorado Rockies,4.0,12.0,592332.0,663372.0,Manny Gonzalez,Nestor Ceja,"68 degrees, Roof Closed.","0 mph, None.",7:08 PM.,"29,035.",9,1.0,0.0,2,7
746978,2024-04-12,R,2024,Fenway Park,Boston Red Sox,Los Angeles Angels,0.0,7.0,656557.0,672282.0,Chad Fairchild,Ryan Wills,"54 degrees, Partly Cloudy.","9 mph, Out To LF.",7:12 PM.,"26,106.",9,0.0,3.0,0,5
745838,2024-04-12,R,2024,Citi Field,New York Mets,Kansas City Royals,6.0,1.0,622663.0,608379.0,Scott Barry,David Rackley,"60 degrees, Partly Cloudy.","13 mph, Out To CF.",7:10 PM.,"18,822.",9,0.0,0.0,5,1
746084,2024-04-12,R,2024,loanDepot park,Miami Marlins,Atlanta Braves,1.0,8.0,669432.0,608331.0,Brennan Miller,Brian O'Nora,"77 degrees, Clear.","9 mph, In From LF.",7:10 PM.,"14,408.",9,0.0,1.0,0,2
746812,2024-04-12,R,2024,Guaranteed Rate Field,Chicago White Sox,Cincinnati Reds,1.0,11.0,623167.0,671096.0,Mike Muchlinski,Jansen Visconti,"54 degrees, Cloudy.","11 mph, Out To RF.",6:40 PM.,"11,337.",9,0.0,1.0,1,6
746408,2024-04-12,R,2024,Minute Maid Park,Houston Astros,Texas Rangers,8.0,12.0,641585.0,641540.0,Angel Hernandez,Nic Lentz,"73 degrees, Roof Closed.","0 mph, None.",7:10 PM.,"39,842.",9,1.0,1.0,3,8
745679,2024-04-12,R,2024,Oakland Coliseum,Oakland Athletics,Washington Nationals,2.0,1.0,621112.0,663623.0,John Libka,James Hoye,"60 degrees, Cloudy.","17 mph, Out To RF.",6:40 PM.,"5,777.",10,0.0,0.0,1,0
745274,2024-04-12,R,2024,T-Mobile Park,Seattle Mariners,Chicago Cubs,4.0,2.0,682243.0,696136.0,Chad Whitson,Malachi Moore,"53 degrees, Clear.","4 mph, In From LF.",6:40 PM.,"33,500.",9,0.0,0.0,4,0
747217,2024-04-12,R,2024,Chase Field,Arizona Diamondbacks,St. Louis Cardinals,6.0,9.0,694297.0,571927.0,Quinn Wolcott,Adrian Johnson,"86 degrees, Clear.","14 mph, Varies.",6:40 PM.,"29,247.",9,0.0,3.0,6,6
746162,2024-04-12,R,2024,Dodger Stadium,Los Angeles Dodgers,San Diego Padres,7.0,8.0,808967.0,650633.0,Ryan Additon,Chris Guccione,"59 degrees, Overcast.","7 mph, Out To LF.",7:10 PM.,"49,606.",11,1.0,2.0,7,3
746656,2024-04-12,R,2024,Progressive Field,Cleveland Guardians,New York Yankees,,,471911.0,657376.0,Jordan Baker,Tom Hanahan,"49 degrees, Sunny.","17 mph, Out To CF.",12:10 PM.,"17,089.",9,0.0,0.0,0,1
746656,2024-04-13,R,2024,Progressive Field,Cleveland Guardians,New York Yankees,2.0,3.0,471911.0,657376.0,Jordan Baker,Tom Hanahan,"49 degrees, Sunny.","17 mph, Out To CF.",12:10 PM.,"17,089.",9,0.0,0.0,0,1
746658,2024-04-13,R,2024,Progressive Field,Cleveland Guardians,New York Yankees,2.0,8.0,663474.0,547001.0,Stu Scheurwater,Mark Carlson,"56 degrees, Clear.","5 mph, L To R.",6:11 PM.,"31,066.",9,0.0,2.0,1,8
746489,2024-04-13,R,2024,Comerica Park,Detroit Tigers,Minnesota Twins,5.0,11.0,628317.0,657746.0,CB Bucknor,Ben May,"57 degrees, Sunny.","17 mph, Out To LF.",1:11 PM.,,12,2.0,0.0,2,2
746490,2024-04-13,R,2024,Comerica Park,Detroit Tigers,Minnesota Twins,1.0,4.0,666159.0,680573.0,Brock Ballou,David Arrieta,"64 degrees, Clear.","15 mph, Out To LF.",5:05 PM.,"22,548.",9,0.0,1.0,1,2
745839,2024-04-13,R,2024,Citi Field,New York Mets,Kansas City Royals,7.0,11.0,640455.0,679525.0,David Rackley,Chris Segal,"51 degrees, Cloudy.","19 mph, Out To RF.",1:41 PM.,"25,387.",9,3.0,1.0,4,9
746811,2024-04-13,R,2024,Guaranteed Rate Field,Chicago White Sox,Cincinnati Reds,0.0,5.0,676979.0,666157.0,Jansen Visconti,Derek Thomas,"62 degrees, Sunny.","7 mph, In From LF.",1:10 PM.,"22,598.",9,0.0,0.0,0,5
744953,2024-04-13,R,2024,Rogers Centre,Toronto Blue Jays,Colorado Rockies,5.0,3.0,684320.0,641712.0,Nestor Ceja,Todd Tichenor,"68 degrees, Roof Closed.","0 mph, None.",3:07 PM.,"31,472.",9,5.0,0.0,5,1
746405,2024-04-13,R,2024,Minute Maid Park,Houston Astros,Texas Rangers,9.0,2.0,669854.0,571760.0,Nic Lentz,Emil Jimenez,"73 degrees, Roof Closed.","0 mph, None.",3:05 PM.,"38,574.",9,0.0,2.0,2,2
745594,2024-04-13,R,2024,Citizens Bank Park,Philadelphia Phillies,Pittsburgh Pirates,4.0,3.0,605513.0,594835.0,Nick Mahrley,Marvin Hudson,"60 degrees, Partly Cloudy.","21 mph, L To R.",4:06 PM.,"40,519.",9,2.0,1.0,2,3
747054,2024-04-13,R,2024,Oriole Park at Camden Yards,Baltimore Orioles,Milwaukee Brewers,5.0,11.0,665152.0,669084.0,Vic Carapazza,Alex MacKay,"66 degrees, Partly Cloudy.","14 mph, L To R.",4:06 PM.,"24,327.",9,3.0,0.0,5,8
745676,2024-04-13,R,2024,Oakland Coliseum,Oakland Athletics,Washington Nationals,1.0,3.0,671212.0,669022.0,James Hoye,Rob Drake,"53 degrees, Overcast.","15 mph, Varies.",1:07 PM.,"3,330.",9,0.0,0.0,0,1
746979,2024-04-13,R,2024,Fenway Park,Boston Red Sox,Los Angeles Angels,7.0,2.0,681867.0,656288.0,Ryan Wills,Carlos Torres,"54 degrees, Cloudy.","7 mph, Out To RF.",4:10 PM.,"31,878.",9,4.0,0.0,7,2
745110,2024-04-13,R,2024,Tropicana Field,Tampa Bay Rays,San Francisco Giants,2.0,11.0,686752.0,657277.0,Mark Wegner,Bruce Dreckman,"72 degrees, Dome.","0 mph, None.",4:10 PM.,"17,411.",9,0.0,1.0,1,4
746082,2024-04-13,R,2024,loanDepot park,Miami Marlins,Atlanta Braves,5.0,1.0,676974.0,519242.0,Brian O'Nora,Paul Clemons,"81 degrees, Sunny.","14 mph, In From LF.",4:10 PM.,"22,327.",9,1.0,0.0,5,0
747215,2024-04-13,R,2024,Chase Field,Arizona Diamondbacks,St. Louis Cardinals,4.0,2.0,669194.0,502043.0,Adrian Johnson,Junior Valentine,"87 degrees, Clear.","7 mph, In From RF.",5:10 PM.,"33,640.",9,1.0,0.0,1,1
746161,2024-04-13,R,2024,Dodger Stadium,Los Angeles Dodgers,San Diego Padres,5.0,2.0,694813.0,663362.0,Chris Guccione,Brian Knight,"48 degrees, Rain.","2 mph, L To R.",8:25 PM.,"44,582.",9,0.0,0.0,1,0
745272,2024-04-13,R,2024,T-Mobile Park,Seattle Mariners,Chicago Cubs,1.0,4.0,676106.0,684007.0,Malachi Moore,Bill Miller,"57 degrees, Clear.","1 mph, Calm.",6:41 PM.,"38,104.",9,0.0,0.0,1,2
746975,2024-04-14,R,2024,Fenway Park,Boston Red Sox,Los Angeles Angels,5.0,4.0,678394.0,542881.0,Carlos Torres,Charlie Ramos,"59 degrees, Sunny.","6 mph, Out To RF.",1:36 PM.,"30,792.",9,2.0,0.0,3,2
745595,2024-04-14,R,2024,Citizens Bank Park,Philadelphia Phillies,Pittsburgh Pirates,2.0,9.0,554430.0,656605.0,Marvin Hudson,Hunter Wendelstedt,"71 degrees, Sunny.","15 mph, Out To RF.",1:35 PM.,"44,568.",9,0.0,0.0,2,1
747056,2024-04-14,R,2024,Oriole Park at Camden Yards,Baltimore Orioles,Milwaukee Brewers,6.0,4.0,669203.0,607067.0,Alex MacKay,Edwin Moscoso,"81 degrees, Sunny.","15 mph, Out To CF.",1:36 PM.,"35,085.",9,1.0,1.0,3,3
744952,2024-04-14,R,2024,Rogers Centre,Toronto Blue Jays,Colorado Rockies,5.0,0.0,621244.0,607536.0,Todd Tichenor,Cory Blaser,"68 degrees, Roof Closed.","0 mph, None.",1:39 PM.,"27,481.",9,1.0,0.0,4,0
745841,2024-04-14,R,2024,Citi Field,New York Mets,Kansas City Royals,2.0,1.0,676130.0,666142.0,Chris Segal,Brian Walsh,"67 degrees, Sunny.","14 mph, Out To CF.",2:26 PM.,"32,749.",9,0.0,0.0,0,0
745113,2024-04-14,R,2024,Tropicana Field,Tampa Bay Rays,San Francisco Giants,9.0,4.0,542888.0,605483.0,Bruce Dreckman,Jeremie Rehak,"72 degrees, Dome.","0 mph, None.",2:05 PM.,"19,470.",9,3.0,1.0,7,1
746492,2024-04-14,R,2024,Comerica Park,Detroit Tigers,Minnesota Twins,4.0,3.0,656427.0,641927.0,Ben May,Adam Beck,"78 degrees, Sunny.","15 mph, Out To LF.",1:41 PM.,"17,317.",9,0.0,0.0,0,3
746079,2024-04-14,R,2024,loanDepot park,Miami Marlins,Atlanta Braves,7.0,9.0,666200.0,450203.0,Paul Clemons,D.J. Reyburn,"80 degrees, Partly Cloudy.","13 mph, In From LF.",1:41 PM.,"20,757.",9,0.0,0.0,4,5
746648,2024-04-14,R,2024,Progressive Field,Cleveland Guardians,New York Yankees,8.0,7.0,671106.0,641482.0,Mark Carlson,Dan Merzel,"71 degrees, Sunny.","13 mph, L To R.",1:40 PM.,"28,119.",10,0.0,0.0,4,4
746404,2024-04-14,R,2024,Minute Maid Park,Houston Astros,Texas Rangers,8.0,5.0,664299.0,543135.0,Emil Jimenez,Lance Barksdale,"73 degrees, Roof Closed.","0 mph, None.",1:11 PM.,"36,759.",9,1.0,0.0,5,2
746810,2024-04-14,R,2024,Guaranteed Rate Field,Chicago White Sox,Cincinnati Reds,4.0,11.0,647336.0,668933.0,Derek Thomas,Andy Fletcher,"78 degrees, Partly Cloudy.","5 mph, Out To RF.",1:09 PM.,"17,589.",9,0.0,0.0,2,6
745681,2024-04-14,R,2024,Oakland Coliseum,Oakland Athletics,Washington Nationals,7.0,6.0,622072.0,592866.0,Rob Drake,Jonathan Parra,"57 degrees, Cloudy.","6 mph, Out To RF.",1:07 PM.,"8,637.",9,0.0,0.0,1,4
745271,2024-04-14,R,2024,T-Mobile Park,Seattle Mariners,Chicago Cubs,2.0,3.0,622491.0,665871.0,Bill Miller,Doug Eddings,"54 degrees, Sunny.","6 mph, L To R.",1:11 PM.,"32,423.",9,0.0,1.0,0,3
747216,2024-04-14,R,2024,Chase Field,Arizona Diamondbacks,St. Louis Cardinals,5.0,0.0,668678.0,571945.0,Junior Valentine,Ramon De Jesus,"78 degrees, Roof Closed.","0 mph, None.",1:12 PM.,"26,460.",9,0.0,0.0,5,0
746164,2024-04-14,R,2024,Dodger Stadium,Los Angeles Dodgers,San Diego Padres,3.0,6.0,572020.0,506433.0,Brian Knight,Gabe Morales,"55 degrees, Overcast.","4 mph, L To R.",4:46 PM.,"49,432.",9,0.0,0.0,3,1
746974,2024-04-15,R,2024,Fenway Park,Boston Red Sox,Cleveland Guardians,0.0,6.0,676710.0,675540.0,Lance Barrett,Mark Ripperger,"60 degrees, Partly Cloudy.","3 mph, Out To RF.",11:13 AM.,"33,008.",9,0.0,0.0,0,0
747053,2024-04-15,R,2024,Oriole Park at Camden Yards,Baltimore Orioles,Minnesota Twins,7.0,4.0,608344.0,686973.0,Brian Walsh,Scott Barry,"80 degrees, Partly Cloudy.","8 mph, Out To RF.",6:36 PM.,"14,611.",9,2.0,0.0,6,2
746488,2024-04-15,R,2024,Comerica Park,Detroit Tigers,Texas Rangers,0.0,1.0,681857.0,547179.0,Cory Blaser,Manny Gonzalez,"64 degrees, Clear.","0 mph, Calm.",6:40 PM.,"12,005.",9,0.0,0.0,0,1
745597,2024-04-15,R,2024,Citizens Bank Park,Philadelphia Phillies,Colorado Rockies,2.0,1.0,605400.0,615698.0,D.J. Reyburn,Brennan Miller,"77 degrees, Partly Cloudy.","11 mph, Out To CF.",6:42 PM.,"35,496.",10,0.0,0.0,1,1
746080,2024-04-15,R,2024,loanDepot park,Miami Marlins,San Francisco Giants,3.0,4.0,665795.0,690986.0,Laz Diaz,Tripp Gibson,"76 degrees, Partly Cloudy.","10 mph, L To R.",6:41 PM.,"8,290.",9,0.0,0.0,3,1
745106,2024-04-15,R,2024,Tropicana Field,Tampa Bay Rays,Los Angeles Angels,3.0,7.0,621107.0,663776.0,Adam Beck,Dan Iassogna,"72 degrees, Dome.","0 mph, None.",6:50 PM.,"12,267.",9,0.0,0.0,1,0
744951,2024-04-15,R,2024,Rogers Centre,Toronto Blue Jays,New York Yankees,3.0,1.0,605135.0,661563.0,Charlie Ramos,Chad Fairchild,"68 degrees, Roof Closed.","0 mph, None.",7:08 PM.,"30,962.",9,0.0,0.0,3,1
745840,2024-04-15,R,2024,Citi Field,New York Mets,Pittsburgh Pirates,6.0,3.0,605288.0,527048.0,Edwin Moscoso,Adam Hamari,"72 degrees, Partly Cloudy.","5 mph, Out To RF.",7:10 PM.,"18,266.",9,0.0,0.0,0,0
746813,2024-04-15,R,2024,Guaranteed Rate Field,Chicago White Sox,Kansas City Royals,0.0,2.0,680897.0,607625.0,Dan Merzel,Jordan Baker,"65 degrees, Clear.","9 mph, In From LF.",6:41 PM.,"10,569.",9,0.0,0.0,0,2
746002,2024-04-15,R,2024,American Family Field,Milwaukee Brewers,San Diego Padres,3.0,7.0,605452.0,605397.0,Lance Barksdale,Angel Hernandez,"71 degrees, Roof Closed.","0 mph, None.",6:41 PM.,"18,396.",9,1.0,0.0,3,7
746406,2024-04-15,R,2024,Minute Maid Park,Houston Astros,Atlanta Braves,1.0,6.0,681293.0,670241.0,Tony Randazzo,Alex Tosi,"73 degrees, Roof Closed.","0 mph, None.",7:10 PM.,"32,407.",9,1.0,0.0,1,2
747213,2024-04-15,R,2024,Chase Field,Arizona Diamondbacks,Chicago Cubs,2.0,3.0,518876.0,676962.0,Sean Barber,Alan Porter,"75 degrees, Clear.","4 mph, Out To RF.",6:40 PM.,"24,468.",11,0.0,0.0,1,1
745677,2024-04-15,R,2024,Oakland Coliseum,Oakland Athletics,St. Louis Cardinals,1.0,3.0,548389.0,543243.0,Gabe Morales,Ryan Additon,"61 degrees, Partly Cloudy.","12 mph, Out To RF.",6:40 PM.,"5,508.",9,0.0,1.0,0,1
745268,2024-04-15,R,2024,T-Mobile Park,Seattle Mariners,Cincinnati Reds,9.0,3.0,669923.0,593423.0,Jonathan Parra,John Libka,"50 degrees, Roof Closed.","0 mph, Calm.",6:42 PM.,"16,008.",9,3.0,0.0,5,2
746158,2024-04-15,R,2024,Dodger Stadium,Los Angeles Dodgers,Washington Nationals,4.0,6.0,607192.0,680730.0,Ramon De Jesus,Adrian Johnson,"62 degrees, Clear.","6 mph, Out To RF.",7:10 PM.,"42,677.",9,1.0,1.0,2,6
746486,2024-04-16,R,2024,Comerica Park,Detroit Tigers,Texas Rangers,4.0,2.0,663554.0,592351.0,Manny Gonzalez,Nestor Ceja,"64 degrees, Sunny.","11 mph, Out To LF.",1:10 PM.,"10,377.",9,0.0,0.0,1,2
747051,2024-04-16,R,2024,Oriole Park at Camden Yards,Baltimore Orioles,Minnesota Twins,11.0,3.0,680570.0,663978.0,Scott Barry,David Rackley,"71 degrees, Clear.","7 mph, Out To LF.",6:37 PM.,"18,108.",9,0.0,0.0,8,1
745593,2024-04-16,R,2024,Citizens Bank Park,Philadelphia Phillies,Colorado Rockies,5.0,0.0,624133.0,596295.0,Brennan Miller,Brian O'Nora,"72 degrees, Clear.","12 mph, In From LF.",6:40 PM.,"35,010.",9,2.0,0.0,2,0
746081,2024-04-16,R,2024,loanDepot park,Miami Marlins,San Francisco Giants,6.0,3.0,677960.0,663855.0,Tripp Gibson,Mike Estabrook,"78 degrees, Partly Cloudy.","12 mph, In From LF.",6:41 PM.,"8,076.",9,0.0,0.0,2,2
745108,2024-04-16,R,2024,Tropicana Field,Tampa Bay Rays,Los Angeles Angels,7.0,6.0,650644.0,667755.0,Dan Iassogna,Brock Ballou,"72 degrees, Dome.","0 mph, None.",6:50 PM.,"12,160.",13,0.0,0.0,1,3
744944,2024-04-16,R,2024,Rogers Centre,Toronto Blue Jays,New York Yankees,5.0,4.0,579328.0,607074.0,Chad Fairchild,Ryan Wills,"68 degrees, Roof Closed.","0 mph, None.",7:07 PM.,"31,175.",9,0.0,0.0,3,1
746976,2024-04-16,R,2024,Fenway Park,Boston Red Sox,Cleveland Guardians,7.0,10.0,676477.0,676440.0,Mark Ripperger,Roberto Ortiz,"64 degrees, Partly Cloudy.","5 mph, In From LF.",7:11 PM.,"30,133.",11,0.0,0.0,1,5
745837,2024-04-16,R,2024,Citi Field,New York Mets,Pittsburgh Pirates,3.0,1.0,500779.0,683003.0,Adam Hamari,Vic Carapazza,"67 degrees, Clear.","5 mph, L To R.",7:10 PM.,"18,398.",9,0.0,0.0,0,1
746004,2024-04-16,R,2024,American Family Field,Milwaukee Brewers,San Diego Padres,3.0,6.0,489119.0,656302.0,Angel Hernandez,Quinn Wolcott,"56 degrees, Roof Closed.","0 mph, None.",6:40 PM.,"20,034.",9,1.0,4.0,1,4
746400,2024-04-16,R,2024,Minute Maid Park,Houston Astros,Atlanta Braves,2.0,6.0,686613.0,625643.0,Alex Tosi,Dan Bellino,"73 degrees, Roof Closed.","0 mph, None.",7:11 PM.,"34,144.",9,0.0,0.0,0,1
747214,2024-04-16,R,2024,Chase Field,Arizona Diamondbacks,Chicago Cubs,12.0,11.0,674072.0,543294.0,Alan Porter,Nate Tomlinson,"83 degrees, Clear.","5 mph, Out To RF.",6:40 PM.,"26,426.",10,0.0,0.0,8,5
745270,2024-04-16,R,2024,T-Mobile Park,Seattle Mariners,Cincinnati Reds,3.0,1.0,669302.0,668881.0,John Libka,James Hoye,"51 degrees, Clear.","7 mph, Out To CF.",6:40 PM.,"17,291.",9,0.0,0.0,2,1
745674,2024-04-16,R,2024,Oakland Coliseum,Oakland Athletics,St. Louis Cardinals,2.0,3.0,676664.0,458681.0,Ryan Additon,Chris Guccione,"68 degrees, Partly Cloudy.","11 mph, Out To RF.",6:40 PM.,"3,296.",9,0.0,0.0,2,1
746157,2024-04-16,R,2024,Dodger Stadium,Los Angeles Dodgers,Washington Nationals,6.0,2.0,669165.0,571578.0,Adrian Johnson,Derek Thomas,"68 degrees, Clear.","3 mph, Out To CF.",7:10 PM.,"52,718.",9,1.0,0.0,4,2
746809,2024-04-16,R,2024,Guaranteed Rate Field,Chicago White Sox,Kansas City Royals,,,607200.0,608379.0,Stu Scheurwater,Mark Carlson,"61 degrees, Cloudy.","21 mph, R To L.",4:25 PM.,"10,412.",9,0.0,0.0,1,0
746076,2024-04-17,R,2024,loanDepot park,Miami Marlins,San Francisco Giants,1.0,3.0,669432.0,676775.0,Mike Estabrook,Erich Bacchus,"72 degrees, Roof Closed.","0 mph, None.",12:10 PM.,"8,179.",9,0.0,0.0,0,1
747049,2024-04-17,R,2024,Oriole Park at Camden Yards,Baltimore Orioles,Minnesota Twins,4.0,2.0,544150.0,641154.0,David Rackley,Larry Vanover,"68 degrees, Cloudy.","6 mph, Out To LF.",1:07 PM.,"15,860.",9,1.0,0.0,1,0
745836,2024-04-17,R,2024,Citi Field,New York Mets,Pittsburgh Pirates,9.0,1.0,622663.0,663559.0,Vic Carapazza,Alex MacKay,"60 degrees, Cloudy.","10 mph, R To L.",1:10 PM.,"18,092.",9,0.0,0.0,2,1
746487,2024-04-17,R,2024,Comerica Park,Detroit Tigers,Texas Rangers,4.0,5.0,669373.0,641540.0,Nestor Ceja,Todd Tichenor,"69 degrees, Cloudy.","13 mph, In From RF.",1:10 PM.,"10,259.",9,0.0,1.0,1,1
746005,2024-04-17,R,2024,American Family Field,Milwaukee Brewers,San Diego Padres,1.0,0.0,669060.0,650633.0,Quinn Wolcott,Emil Jimenez,"66 degrees, Roof Closed.","0 mph, None.",12:10 PM.,"24,521.",9,0.0,0.0,0,0
746401,2024-04-17,R,2024,Minute Maid Park,Houston Astros,Atlanta Braves,4.0,5.0,641585.0,608331.0,Dan Bellino,Phil Cuzzi,"73 degrees, Roof Closed.","0 mph, None.",1:11 PM.,"29,073.",10,1.0,0.0,3,2
746807,2024-04-17,R,2024,Guaranteed Rate Field,Chicago White Sox,Kansas City Royals,2.0,4.0,686563.0,663903.0,Jordan Baker,David Arrieta,"62 degrees, Cloudy.","20 mph, R To L.",1:10 PM.,,9,0.0,0.0,2,1
746809,2024-04-17,R,2024,Guaranteed Rate Field,Chicago White Sox,Kansas City Royals,2.0,1.0,607200.0,608379.0,Stu Scheurwater,Mark Carlson,"61 degrees, Cloudy.","21 mph, R To L.",4:25 PM.,"10,412.",9,0.0,0.0,1,0
744948,2024-04-17,R,2024,Rogers Centre,Toronto Blue Jays,New York Yankees,4.0,6.0,592332.0,573186.0,Ryan Wills,Carlos Torres,"68 degrees, Roof Closed.","0 mph, None.",3:07 PM.,"30,233.",9,0.0,0.0,2,1
746159,2024-04-17,R,2024,Dodger Stadium,Los Angeles Dodgers,Washington Nationals,0.0,2.0,689017.0,663623.0,Derek Thomas,Junior Valentine,"75 degrees, Partly Cloudy.","2 mph, Out To RF.",12:10 PM.,"44,428.",9,0.0,2.0,0,2
745671,2024-04-17,R,2024,Oakland Coliseum,Oakland Athletics,St. Louis Cardinals,6.0,3.0,621112.0,571927.0,Chris Guccione,Brian Knight,"68 degrees, Partly Cloudy.","7 mph, Out To RF.",12:37 PM.,"9,551.",9,0.0,0.0,5,3
747212,2024-04-17,R,2024,Chase Field,Arizona Diamondbacks,Chicago Cubs,3.0,5.0,694297.0,696136.0,Nate Tomlinson,Ryan Blakney,"75 degrees, Roof Closed.","0 mph, None.",12:40 PM.,"26,567.",9,1.0,0.0,2,2
745267,2024-04-17,R,2024,T-Mobile Park,Seattle Mariners,Cincinnati Reds,5.0,1.0,682243.0,671096.0,James Hoye,Rob Drake,"51 degrees, Partly Cloudy.","2 mph, L To R.",1:11 PM.,"17,225.",9,0.0,0.0,1,1
745591,2024-04-17,R,2024,Citizens Bank Park,Philadelphia Phillies,Colorado Rockies,7.0,6.0,650911.0,663372.0,Brian O'Nora,Paul Clemons,"60 degrees, Cloudy.","11 mph, R To L.",6:05 PM.,"35,706.",9,4.0,1.0,5,1
745105,2024-04-17,R,2024,Tropicana Field,Tampa Bay Rays,Los Angeles Angels,4.0,5.0,641793.0,672282.0,Brock Ballou,Ben May,"72 degrees, Dome.","0 mph, None.",6:51 PM.,"10,844.",9,0.0,1.0,1,2
746973,2024-04-17,R,2024,Fenway Park,Boston Red Sox,Cleveland Guardians,2.0,0.0,656557.0,594902.0,Roberto Ortiz,Alfonso Márquez,"51 degrees, Cloudy.","4 mph, R To L.",7:11 PM.,"32,024.",9,0.0,0.0,2,0
745104,2024-04-18,R,2024,Tropicana Field,Tampa Bay Rays,Los Angeles Angels,2.0,1.0,686752.0,656288.0,Ben May,Adam Beck,"72 degrees, Dome.","0 mph, None.",1:10 PM.,"10,648.",9,2.0,0.0,2,0
746485,2024-04-18,R,2024,Comerica Park,Detroit Tigers,Texas Rangers,7.0,9.0,628317.0,683004.0,Todd Tichenor,Cory Blaser,"62 degrees, Sunny.","11 mph, Out To LF.",1:10 PM.,"11,339.",9,0.0,1.0,7,7
746970,2024-04-18,R,2024,Fenway Park,Boston Red Sox,Cleveland Guardians,4.0,5.0,657514.0,471911.0,Alfonso Márquez,Lance Barrett,"48 degrees, Cloudy.","8 mph, L To R.",1:36 PM.,"35,494.",9,1.0,0.0,1,4
745356,2024-04-18,R,2024,Oracle Park,San Francisco Giants,Arizona Diamondbacks,5.0,0.0,657277.0,669194.0,Mark Carlson,Dan Merzel,"57 degrees, Partly Cloudy.","13 mph, Out To RF.",6:45 PM.,"26,896.",9,0.0,0.0,1,0
746891,2024-04-18,R,2024,Wrigley Field,Chicago Cubs,Miami Marlins,,,684007.0,682610.0,Adam Hamari,Vic Carapazza,"42 degrees, Overcast.","6 mph, Out To RF.",6:40 PM.,"32,386.",9,1.0,0.0,1,2
746892,2024-04-19,R,2024,Wrigley Field,Chicago Cubs,Miami Marlins,8.0,3.0,592791.0,640462.0,Alex MacKay,Edwin Moscoso,"55 degrees, Sunny.","19 mph, L To R.",1:20 PM.,"29,595.",9,2.0,0.0,8,1
746729,2024-04-19,R,2024,Great American Ball Park,Cincinnati Reds,Los Angeles Angels,7.0,1.0,666157.0,542881.0,Larry Vanover,Brian Walsh,"61 degrees, Clear.","11 mph, Out To CF.",6:40 PM.,"22,539.",9,0.0,0.0,1,1
745518,2024-04-19,R,2024,PNC Park,Pittsburgh Pirates,Boston Red Sox,1.0,8.0,682990.0,678394.0,Paul Clemons,D.J. Reyburn,"63 degrees, Cloudy.","9 mph, Out To LF.",6:41 PM.,"17,959.",9,0.0,2.0,0,5
745592,2024-04-19,R,2024,Citizens Bank Park,Philadelphia Phillies,Chicago White Sox,7.0,0.0,605513.0,676979.0,Carlos Torres,Charlie Ramos,"56 degrees, Cloudy.","7 mph, Out To CF.",6:42 PM.,"39,069.",9,3.0,0.0,7,0
744872,2024-04-19,R,2024,Nationals Park,Washington Nationals,Houston Astros,3.0,5.0,669022.0,434378.0,Cory Blaser,Manny Gonzalez,"56 degrees, Overcast.","3 mph, Out To LF.",6:45 PM.,"22,999.",9,0.0,0.0,2,4
745758,2024-04-19,R,2024,Yankee Stadium,New York Yankees,Tampa Bay Rays,5.0,3.0,657376.0,641302.0,Rob Drake,Jonathan Parra,"51 degrees, Overcast.","10 mph, R To L.",7:09 PM.,"36,055.",9,0.0,0.0,0,0
746650,2024-04-19,R,2024,Progressive Field,Cleveland Guardians,Oakland Athletics,10.0,2.0,663474.0,671212.0,Erich Bacchus,Laz Diaz,"55 degrees, Partly Cloudy.","7 mph, L To R.",7:10 PM.,"16,262.",9,0.0,1.0,7,1
747136,2024-04-19,R,2024,Truist Park,Atlanta Braves,Texas Rangers,8.0,3.0,519242.0,571760.0,Adam Beck,Dan Iassogna,"80 degrees, Cloudy.","6 mph, Out To LF.",7:21 PM.,"40,810.",9,1.0,1.0,3,1
746325,2024-04-19,R,2024,Kauffman Stadium,Kansas City Royals,Baltimore Orioles,9.0,4.0,679525.0,665152.0,Bruce Dreckman,Ryan Blakney,"59 degrees, Partly Cloudy.","7 mph, L To R.",6:42 PM.,"17,073.",9,0.0,0.0,1,0
745922,2024-04-19,R,2024,Target Field,Minnesota Twins,Detroit Tigers,4.0,5.0,657746.0,656427.0,Lance Barrett,Mark Ripperger,"38 degrees, Overcast.","16 mph, Out To RF.",7:12 PM.,"13,849.",9,2.0,1.0,2,3
745189,2024-04-19,R,2024,Busch Stadium,St. Louis Cardinals,Milwaukee Brewers,1.0,2.0,502043.0,642547.0,Phil Cuzzi,Tony Randazzo,"58 degrees, Cloudy.","8 mph, In From LF.",7:16 PM.,"40,147.",10,0.0,0.0,0,1
745430,2024-04-19,R,2024,Petco Park,San Diego Padres,Toronto Blue Jays,1.0,5.0,663362.0,684320.0,Junior Valentine,Ramon De Jesus,"62 degrees, Partly Cloudy.","6 mph, L To R.",6:40 PM.,"44,890.",9,0.0,1.0,1,5
746160,2024-04-19,R,2024,Dodger Stadium,Los Angeles Dodgers,New York Mets,4.0,9.0,808967.0,640455.0,Emil Jimenez,Lance Barksdale,"61 degrees, Clear.","5 mph, Out To RF.",7:10 PM.,"44,783.",9,0.0,0.0,2,4
745352,2024-04-19,R,2024,Oracle Park,San Francisco Giants,Arizona Diamondbacks,1.0,17.0,605483.0,656756.0,Dan Merzel,Jordan Baker,"56 degrees, Clear.","16 mph, Out To CF.",7:17 PM.,"33,921.",9,0.0,0.0,1,5
746572,2024-04-19,R,2024,Coors Field,Colorado Rockies,Seattle Mariners,,,663567.0,676106.0,Ryan Additon,Chris Guccione,"63 degrees, Partly Cloudy.","7 mph, Out To CF.",6:11 PM.,"19,756.",9,2.0,0.0,2,6
745760,2024-04-20,R,2024,Yankee Stadium,New York Yankees,Tampa Bay Rays,0.0,2.0,641482.0,621107.0,Jonathan Parra,John Libka,"60 degrees, Partly Cloudy.","6 mph, R To L.",1:08 PM.,"47,629.",10,0.0,0.0,0,0
745921,2024-04-20,R,2024,Target Field,Minnesota Twins,Detroit Tigers,4.0,3.0,641927.0,681857.0,Mark Ripperger,Roberto Ortiz,"42 degrees, Partly Cloudy.","12 mph, L To R.",1:11 PM.,"20,064.",9,0.0,0.0,4,0
745190,2024-04-20,R,2024,Busch Stadium,St. Louis Cardinals,Milwaukee Brewers,5.0,12.0,571945.0,669084.0,Tony Randazzo,Alex Tosi,"58 degrees, Partly Cloudy.","11 mph, Out To CF.",1:16 PM.,"41,949.",9,1.0,2.0,4,5
746893,2024-04-20,R,2024,Wrigley Field,Chicago Cubs,Miami Marlins,2.0,3.0,665871.0,666200.0,Edwin Moscoso,David Arrieta,"46 degrees, Cloudy.","13 mph, L To R.",1:20 PM.,"36,379.",9,0.0,0.0,2,1
746891,2024-04-20,R,2024,Wrigley Field,Chicago Cubs,Miami Marlins,5.0,3.0,684007.0,682610.0,Adam Hamari,Vic Carapazza,"42 degrees, Overcast.","6 mph, Out To RF.",6:40 PM.,"32,386.",9,1.0,0.0,1,2
744865,2024-04-20,R,2024,Nationals Park,Washington Nationals,Houston Astros,5.0,4.0,592866.0,669854.0,Manny Gonzalez,Nate Tomlinson,"71 degrees, Sunny.","5 mph, In From LF.",4:05 PM.,"34,608.",10,1.0,1.0,2,1
746156,2024-04-20,R,2024,Dodger Stadium,Los Angeles Dodgers,New York Mets,4.0,6.0,694813.0,676130.0,Lance Barksdale,Angel Hernandez,"66 degrees, Partly Cloudy.","2 mph, L To R.",1:06 PM.,"45,373.",9,1.0,1.0,2,2
745515,2024-04-20,R,2024,PNC Park,Pittsburgh Pirates,Boston Red Sox,2.0,4.0,656605.0,676710.0,D.J. Reyburn,Brennan Miller,"57 degrees, Partly Cloudy.","19 mph, Out To CF.",4:06 PM.,"26,025.",9,0.0,2.0,1,2
745354,2024-04-20,R,2024,Oracle Park,San Francisco Giants,Arizona Diamondbacks,7.0,3.0,690986.0,668678.0,Jordan Baker,Stu Scheurwater,"63 degrees, Sunny.","10 mph, Out To CF.",1:08 PM.,"31,063.",9,2.0,1.0,5,3
745590,2024-04-20,R,2024,Citizens Bank Park,Philadelphia Phillies,Chicago White Sox,9.0,5.0,554430.0,647336.0,Charlie Ramos,Chad Fairchild,"68 degrees, Clear.","17 mph, Out To RF.",6:05 PM.,"44,546.",9,0.0,0.0,5,0
746651,2024-04-20,R,2024,Progressive Field,Cleveland Guardians,Oakland Athletics,6.0,3.0,671106.0,622072.0,Laz Diaz,Tripp Gibson,"47 degrees, Partly Cloudy.","9 mph, In From CF.",6:10 PM.,"19,487.",9,2.0,0.0,4,2
746726,2024-04-20,R,2024,Great American Ball Park,Cincinnati Reds,Los Angeles Angels,7.0,5.0,668933.0,663776.0,Brian Walsh,Scott Barry,"54 degrees, Partly Cloudy.","11 mph, Out To CF.",6:40 PM.,"27,343.",9,5.0,2.0,7,2
746324,2024-04-20,R,2024,Kauffman Stadium,Kansas City Royals,Baltimore Orioles,7.0,9.0,666142.0,669203.0,Ryan Blakney,Sean Barber,"53 degrees, Partly Cloudy.","10 mph, L To R.",6:10 PM.,"23,118.",9,0.0,0.0,0,7
747135,2024-04-20,R,2024,Truist Park,Atlanta Braves,Texas Rangers,5.0,2.0,450203.0,543135.0,Dan Iassogna,Brock Ballou,"69 degrees, Partly Cloudy.","8 mph, Out To LF.",7:20 PM.,"41,744.",9,0.0,0.0,3,2
746570,2024-04-20,R,2024,Coors Field,Colorado Rockies,Seattle Mariners,0.0,7.0,641712.0,622491.0,Brian Knight,Gabe Morales,"33 degrees, Overcast.","3 mph, In From CF.",6:10 PM.,"25,376.",9,0.0,0.0,0,7
745431,2024-04-20,R,2024,Petco Park,San Diego Padres,Toronto Blue Jays,2.0,5.0,681190.0,621244.0,Ramon De Jesus,Adrian Johnson,"64 degrees, Clear.","11 mph, L To R.",5:40 PM.,"43,273.",9,0.0,3.0,0,4
744866,2024-04-21,R,2024,Nationals Park,Washington Nationals,Houston Astros,6.0,0.0,680730.0,686613.0,Nate Tomlinson,Todd Tichenor,"53 degrees, Cloudy.","3 mph, Out To LF.",1:35 PM.,"23,193.",9,3.0,0.0,5,0
745514,2024-04-21,R,2024,PNC Park,Pittsburgh Pirates,Boston Red Sox,1.0,6.0,527048.0,670174.0,Brennan Miller,Brian O'Nora,"48 degrees, Cloudy.","10 mph, Out To CF.",1:37 PM.,"18,814.",9,1.0,0.0,1,4
745588,2024-04-21,R,2024,Citizens Bank Park,Philadelphia Phillies,Chicago White Sox,8.0,2.0,605400.0,680897.0,Chad Fairchild,Ryan Wills,"51 degrees, Cloudy.","7 mph, L To R.",1:37 PM.,"43,614.",9,3.0,2.0,6,2
745759,2024-04-21,R,2024,Yankee Stadium,New York Yankees,Tampa Bay Rays,5.0,4.0,661563.0,650644.0,John Libka,James Hoye,"49 degrees, Overcast.","10 mph, Out To CF.",1:39 PM.,"40,022.",9,1.0,0.0,5,1
746727,2024-04-21,R,2024,Great American Ball Park,Cincinnati Reds,Los Angeles Angels,3.0,0.0,593423.0,667755.0,Scott Barry,David Rackley,"49 degrees, Cloudy.","9 mph, Out To CF.",1:41 PM.,"25,935.",9,0.0,0.0,0,0
746652,2024-04-21,R,2024,Progressive Field,Cleveland Guardians,Oakland Athletics,6.0,2.0,676440.0,548389.0,Tripp Gibson,Mike Estabrook,"44 degrees, Cloudy.","4 mph, L To R.",1:41 PM.,"16,905.",9,0.0,0.0,3,1
746316,2024-04-21,R,2024,Kauffman Stadium,Kansas City Royals,Baltimore Orioles,0.0,5.0,607625.0,608344.0,Sean Barber,Alan Porter,"55 degrees, Sunny.","9 mph, L To R.",1:11 PM.,"18,044.",9,0.0,0.0,0,2
745920,2024-04-21,R,2024,Target Field,Minnesota Twins,Detroit Tigers,1.0,6.0,686973.0,663554.0,Roberto Ortiz,Alfonso Márquez,"56 degrees, Sunny.","11 mph, Out To CF.",1:10 PM.,"17,757.",9,0.0,2.0,0,4
745192,2024-04-21,R,2024,Busch Stadium,St. Louis Cardinals,Milwaukee Brewers,0.0,2.0,543243.0,607067.0,Alex Tosi,Dan Bellino,"56 degrees, Sunny.","14 mph, L To R.",1:16 PM.,"40,715.",9,0.0,0.0,0,0
746894,2024-04-21,R,2024,Wrigley Field,Chicago Cubs,Miami Marlins,3.0,6.0,543294.0,665795.0,Vic Carapazza,Alex MacKay,"55 degrees, Sunny.","5 mph, Out To RF.",1:20 PM.,"36,067.",9,0.0,0.0,3,5
746568,2024-04-21,R,2024,Coors Field,Colorado Rockies,Seattle Mariners,2.0,1.0,615698.0,669923.0,Gabe Morales,Edwin Jimenez,"54 degrees, Sunny.","2 mph, In From CF.",1:10 PM.,"33,283.",10,0.0,0.0,0,0
746572,2024-04-21,R,2024,Coors Field,Colorado Rockies,Seattle Mariners,2.0,10.0,663567.0,676106.0,Ryan Additon,Chris Guccione,"63 degrees, Partly Cloudy.","7 mph, Out To CF.",6:11 PM.,"19,756.",9,2.0,0.0,2,6
745353,2024-04-21,R,2024,Oracle Park,San Francisco Giants,Arizona Diamondbacks,3.0,5.0,663855.0,677944.0,Stu Scheurwater,Mark Carlson,"71 degrees, Sunny.","8 mph, Varies.",1:06 PM.,"35,922.",9,0.0,0.0,2,1
746154,2024-04-21,R,2024,Dodger Stadium,Los Angeles Dodgers,New York Mets,10.0,0.0,607192.0,605288.0,Angel Hernandez,Quinn Wolcott,"75 degrees, Sunny.","8 mph, Out To RF.",1:10 PM.,"49,287.",9,0.0,0.0,10,0
745434,2024-04-21,R,2024,Petco Park,San Diego Padres,Toronto Blue Jays,6.0,3.0,605397.0,605135.0,Adrian Johnson,Derek Thomas,"66 degrees, Sunny.","10 mph, L To R.",1:11 PM.,"44,527.",9,1.0,0.0,2,2
747133,2024-04-21,R,2024,Truist Park,Atlanta Braves,Texas Rangers,4.0,6.0,670241.0,547179.0,Brock Ballou,Ben May,"58 degrees, Clear.","11 mph, Out To LF.",7:10 PM.,"36,581.",9,3.0,0.0,3,4
745757,2024-04-22,R,2024,Yankee Stadium,New York Yankees,Oakland Athletics,0.0,2.0,607074.0,676664.0,Hunter Wendelstedt,John Tumpane,"54 degrees, Sunny.","10 mph, Varies.",1:07 PM.,"30,366.",9,0.0,0.0,0,0
746723,2024-04-22,R,2024,Great American Ball Park,Cincinnati Reds,Philadelphia Phillies,0.0,7.0,668881.0,624133.0,Dan Bellino,Phil Cuzzi,"63 degrees, Clear.","7 mph, R To L.",6:41 PM.,"11,263.",9,0.0,0.0,0,4
745519,2024-04-22,R,2024,PNC Park,Pittsburgh Pirates,Milwaukee Brewers,4.0,2.0,683003.0,605452.0,Jeremie Rehak,Clint Vondrak,"59 degrees, Clear.","7 mph, Out To LF.",6:42 PM.,"8,461.",9,1.0,0.0,1,1
745107,2024-04-22,R,2024,Tropicana Field,Tampa Bay Rays,Detroit Tigers,1.0,7.0,641793.0,669373.0,Alan Porter,Bruce Dreckman,"72 degrees, Dome.","0 mph, None.",6:50 PM.,"13,522.",9,0.0,1.0,0,5
747134,2024-04-22,R,2024,Truist Park,Atlanta Braves,Miami Marlins,3.0,0.0,693821.0,677960.0,James Hoye,Rob Drake,"62 degrees, Clear.","6 mph, In From RF.",7:21 PM.,"31,572.",9,0.0,0.0,3,0
746319,2024-04-22,R,2024,Kauffman Stadium,Kansas City Royals,Toronto Blue Jays,3.0,5.0,663903.0,579328.0,Chris Guccione,Brian Knight,"69 degrees, Partly Cloudy.","21 mph, R To L.",6:40 PM.,"10,004.",9,0.0,0.0,0,3
745916,2024-04-22,R,2024,Target Field,Minnesota Twins,Chicago White Sox,7.0,0.0,663978.0,686563.0,Mike Estabrook,Erich Bacchus,"65 degrees, Partly Cloudy.","10 mph, R To L.",6:41 PM.,"12,443.",9,2.0,0.0,6,0
745191,2024-04-22,R,2024,Busch Stadium,St. Louis Cardinals,Arizona Diamondbacks,5.0,3.0,458681.0,694297.0,Brian O'Nora,Paul Clemons,"66 degrees, Clear.","13 mph, Out To LF.",6:47 PM.,"33,036.",9,0.0,0.0,0,3
746565,2024-04-22,R,2024,Coors Field,Colorado Rockies,San Diego Padres,1.0,3.0,596295.0,656302.0,Doug Eddings,Chad Whitson,"73 degrees, Partly Cloudy.","7 mph, L To R.",6:40 PM.,"18,515.",9,0.0,0.0,1,1
746242,2024-04-22,R,2024,Angel Stadium,Los Angeles Angels,Baltimore Orioles,2.0,4.0,672282.0,544150.0,Nic Lentz,Emil Jimenez,"59 degrees, Cloudy.","6 mph, Out To RF.",6:38 PM.,"26,081.",9,0.0,0.0,0,3
745351,2024-04-22,R,2024,Oracle Park,San Francisco Giants,New York Mets,5.0,2.0,676775.0,500779.0,Alfonso Márquez,Lance Barrett,"58 degrees, Partly Cloudy.","16 mph, Out To CF.",6:46 PM.,"24,138.",9,0.0,0.0,4,1
746647,2024-04-23,R,2024,Progressive Field,Cleveland Guardians,Boston Red Sox,4.0,1.0,594902.0,656557.0,Adam Beck,Dan Iassogna,"53 degrees, Overcast.","7 mph, L To R.",6:09 PM.,"13,543.",9,0.0,0.0,0,0
746722,2024-04-23,R,2024,Great American Ball Park,Cincinnati Reds,Philadelphia Phillies,8.0,1.0,671096.0,650911.0,Phil Cuzzi,Tony Randazzo,"66 degrees, Partly Cloudy.","17 mph, R To L.",6:41 PM.,"13,653.",9,1.0,1.0,7,1
745516,2024-04-23,R,2024,PNC Park,Pittsburgh Pirates,Milwaukee Brewers,2.0,1.0,663559.0,668964.0,Clint Vondrak,Mark Wegner,"65 degrees, Cloudy.","9 mph, Out To CF.",6:43 PM.,"9,107.",9,1.0,0.0,1,0
744863,2024-04-23,R,2024,Nationals Park,Washington Nationals,Los Angeles Dodgers,1.0,4.0,571578.0,572020.0,David Rackley,Larry Vanover,"71 degrees, Clear.","12 mph, Out To CF.",6:45 PM.,"27,806.",9,0.0,0.0,1,0
745102,2024-04-23,R,2024,Tropicana Field,Tampa Bay Rays,Detroit Tigers,2.0,4.0,686752.0,628317.0,Bruce Dreckman,Ryan Blakney,"72 degrees, Dome.","0 mph, None.",6:50 PM.,"13,648.",9,0.0,0.0,0,1
745754,2024-04-23,R,2024,Yankee Stadium,New York Yankees,Oakland Athletics,4.0,3.0,573186.0,621112.0,John Tumpane,Nick Mahrley,"53 degrees, Partly Cloudy.","18 mph, R To L.",7:08 PM.,"30,060.",9,4.0,1.0,4,3
747130,2024-04-23,R,2024,Truist Park,Atlanta Braves,Miami Marlins,5.0,0.0,608331.0,669432.0,Rob Drake,Jonathan Parra,"71 degrees, Clear.","10 mph, R To L.",7:19 PM.,"33,533.",9,0.0,0.0,2,0
746888,2024-04-23,R,2024,Wrigley Field,Chicago Cubs,Houston Astros,7.0,2.0,696136.0,641585.0,Andy Fletcher,Mike Muchlinski,"61 degrees, Overcast.","14 mph, Out To LF.",6:40 PM.,"30,643.",9,5.0,0.0,5,2
746321,2024-04-23,R,2024,Kauffman Stadium,Kansas City Royals,Toronto Blue Jays,3.0,2.0,608379.0,592332.0,Brian Knight,Alex MacKay,"73 degrees, Unknown.","9 mph, L To R.",6:40 PM.,"11,373.",9,0.0,0.0,3,2
745917,2024-04-23,R,2024,Target Field,Minnesota Twins,Chicago White Sox,6.0,5.0,641154.0,607200.0,Erich Bacchus,Laz Diaz,"52 degrees, Partly Cloudy.","15 mph, Out To CF.",6:41 PM.,"11,223.",9,1.0,0.0,1,3
745193,2024-04-23,R,2024,Busch Stadium,St. Louis Cardinals,Arizona Diamondbacks,1.0,14.0,571927.0,674072.0,Paul Clemons,D.J. Reyburn,"56 degrees, Overcast.","3 mph, Out To RF.",6:44 PM.,"32,875.",9,1.0,0.0,1,10
745026,2024-04-23,R,2024,Globe Life Field,Texas Rangers,Seattle Mariners,0.0,4.0,641540.0,669302.0,Mark Carlson,Dan Merzel,"75 degrees, Cloudy.","13 mph, Out To LF.",7:07 PM.,"27,295.",9,0.0,2.0,0,4
746566,2024-04-23,R,2024,Coors Field,Colorado Rockies,San Diego Padres,7.0,4.0,663372.0,650633.0,Chad Whitson,Bill Miller,"57 degrees, Rain.","6 mph, In From CF.",6:40 PM.,"18,822.",9,0.0,2.0,7,4
746246,2024-04-23,R,2024,Angel Stadium,Los Angeles Angels,Baltimore Orioles,7.0,4.0,656288.0,680570.0,Emil Jimenez,Lance Barksdale,"66 degrees, Partly Cloudy.","4 mph, Out To RF.",6:38 PM.,"22,803.",9,1.0,0.0,7,3
745348,2024-04-23,R,2024,Oracle Park,San Francisco Giants,New York Mets,5.0,1.0,657277.0,622663.0,Lance Barrett,Mark Ripperger,"59 degrees, Cloudy.","13 mph, Out To CF.",6:46 PM.,"25,453.",9,0.0,0.0,3,0
745188,2024-04-24,R,2024,Busch Stadium,St. Louis Cardinals,Arizona Diamondbacks,5.0,1.0,502043.0,656756.0,D.J. Reyburn,Brennan Miller,"65 degrees, Sunny.","6 mph, L To R.",12:15 PM.,"36,390.",9,0.0,1.0,0,1
745346,2024-04-24,R,2024,Oracle Park,San Francisco Giants,New York Mets,2.0,8.0,676254.0,640455.0,Mark Ripperger,Roberto Ortiz,"60 degrees, Overcast.","6 mph, Out To CF.",12:46 PM.,"30,183.",9,0.0,0.0,0,6
746244,2024-04-24,R,2024,Angel Stadium,Los Angeles Angels,Baltimore Orioles,5.0,6.0,542881.0,665152.0,Lance Barksdale,Gabe Morales,"67 degrees, Cloudy.","10 mph, Out To CF.",1:07 PM.,"19,557.",9,0.0,0.0,0,2
746649,2024-04-24,R,2024,Progressive Field,Cleveland Guardians,Boston Red Sox,0.0,8.0,471911.0,681867.0,Dan Iassogna,Scott Barry,"43 degrees, Cloudy.","10 mph, L To R.",6:10 PM.,"13,916.",9,0.0,1.0,0,3
746725,2024-04-24,R,2024,Great American Ball Park,Cincinnati Reds,Philadelphia Phillies,7.0,4.0,666157.0,605513.0,Tony Randazzo,Alex Tosi,"57 degrees, Partly Cloudy.","10 mph, Out To RF.",6:41 PM.,"14,515.",9,0.0,1.0,1,2
745513,2024-04-24,R,2024,PNC Park,Pittsburgh Pirates,Milwaukee Brewers,2.0,3.0,676596.0,669060.0,Mark Wegner,Tom Hanahan,"51 degrees, Cloudy.","12 mph, L To R.",6:42 PM.,"10,370.",9,0.0,0.0,2,3
744864,2024-04-24,R,2024,Nationals Park,Washington Nationals,Los Angeles Dodgers,2.0,11.0,663623.0,689017.0,Larry Vanover,Brian Walsh,"71 degrees, Partly Cloudy.","3 mph, L To R.",6:45 PM.,"26,298.",9,0.0,1.0,2,6
745099,2024-04-24,R,2024,Tropicana Field,Tampa Bay Rays,Detroit Tigers,7.0,5.0,542888.0,656427.0,Ryan Blakney,Sean Barber,"72 degrees, Dome.","0 mph, None.",6:50 PM.,"13,754.",9,1.0,1.0,4,3
745753,2024-04-24,R,2024,Yankee Stadium,New York Yankees,Oakland Athletics,7.0,3.0,657376.0,671212.0,Nick Mahrley,Marvin Hudson,"63 degrees, Clear.","14 mph, Varies.",7:09 PM.,"31,179.",9,2.0,0.0,5,0
747132,2024-04-24,R,2024,Truist Park,Atlanta Braves,Miami Marlins,4.0,3.0,625643.0,664350.0,Jonathan Parra,John Libka,"71 degrees, Partly Cloudy.","5 mph, Out To LF.",7:20 PM.,"38,950.",10,2.0,0.0,3,1
746889,2024-04-24,R,2024,Wrigley Field,Chicago Cubs,Houston Astros,4.0,3.0,592791.0,681293.0,Mike Muchlinski,Jansen Visconti,"40 degrees, Clear.","5 mph, In From CF.",6:40 PM.,"32,327.",9,4.0,0.0,4,2
746317,2024-04-24,R,2024,Kauffman Stadium,Kansas City Royals,Toronto Blue Jays,3.0,2.0,679525.0,684320.0,Alex MacKay,Ryan Additon,"74 degrees, Clear.","3 mph, R To L.",6:40 PM.,"10,282.",9,1.0,0.0,3,1
745919,2024-04-24,R,2024,Target Field,Minnesota Twins,Chicago White Sox,6.0,3.0,657746.0,676979.0,Laz Diaz,Nate Tomlinson,"59 degrees, Clear.","5 mph, R To L.",6:42 PM.,"12,546.",9,0.0,0.0,6,3
745028,2024-04-24,R,2024,Globe Life Field,Texas Rangers,Seattle Mariners,5.0,1.0,592351.0,682243.0,Dan Merzel,Jordan Baker,"74 degrees, Roof Closed.","0 mph, None.",7:07 PM.,"31,896.",9,0.0,1.0,2,1
746567,2024-04-24,R,2024,Coors Field,Colorado Rockies,San Diego Padres,2.0,5.0,621389.0,663362.0,Bill Miller,Malachi Moore,"73 degrees, Partly Cloudy.","4 mph, Out To LF.",6:40 PM.,"19,356.",9,0.0,4.0,0,4
745512,2024-04-25,R,2024,PNC Park,Pittsburgh Pirates,Milwaukee Brewers,5.0,7.0,656605.0,642547.0,Tom Hanahan,Jeremie Rehak,"42 degrees, Cloudy.","3 mph, In From CF.",12:36 PM.,"11,570.",9,3.0,1.0,5,4
746646,2024-04-25,R,2024,Progressive Field,Cleveland Guardians,Boston Red Sox,6.0,4.0,663474.0,502624.0,Scott Barry,Brock Ballou,"47 degrees, Partly Cloudy.","9 mph, L To R.",1:10 PM.,"16,082.",9,0.0,0.0,5,2
746724,2024-04-25,R,2024,Great American Ball Park,Cincinnati Reds,Philadelphia Phillies,0.0,5.0,607259.0,554430.0,Alex Tosi,Dan Bellino,"56 degrees, Sunny.","7 mph, In From LF.",1:10 PM.,"17,557.",9,0.0,0.0,0,4
745918,2024-04-25,R,2024,Target Field,Minnesota Twins,Chicago White Sox,6.0,3.0,680573.0,647336.0,Nate Tomlinson,Mike Estabrook,"61 degrees, Partly Cloudy.","13 mph, R To L.",12:11 PM.,"20,363.",9,0.0,0.0,0,2
746320,2024-04-25,R,2024,Kauffman Stadium,Kansas City Royals,Toronto Blue Jays,2.0,1.0,666142.0,621244.0,Ryan Additon,Chris Guccione,"59 degrees, Cloudy.","14 mph, R To L.",1:12 PM.,"9,740.",5,2.0,0.0,2,1
746887,2024-04-25,R,2024,Wrigley Field,Chicago Cubs,Houston Astros,3.0,1.0,665871.0,434378.0,Jansen Visconti,Derek Thomas,"53 degrees, Sunny.","9 mph, R To L.",1:20 PM.,"29,876.",9,0.0,1.0,0,1
745027,2024-04-25,R,2024,Globe Life Field,Texas Rangers,Seattle Mariners,3.0,4.0,571760.0,622491.0,Jordan Baker,Tripp Gibson,"74 degrees, Roof Closed.","0 mph, None.",1:38 PM.,"21,782.",9,1.0,2.0,2,4
746564,2024-04-25,R,2024,Coors Field,Colorado Rockies,San Diego Padres,10.0,9.0,641712.0,681190.0,Malachi Moore,Doug Eddings,"68 degrees, Partly Cloudy.","5 mph, R To L.",1:09 PM.,"27,705.",9,1.0,0.0,4,6
744867,2024-04-25,R,2024,Nationals Park,Washington Nationals,Los Angeles Dodgers,1.0,2.0,669022.0,808967.0,Brian Walsh,Chris Segal,"61 degrees, Cloudy.","4 mph, In From RF.",4:05 PM.,"24,185.",9,0.0,0.0,0,1
745755,2024-04-25,R,2024,Yankee Stadium,New York Yankees,Oakland Athletics,1.0,3.0,641482.0,622072.0,Marvin Hudson,Hunter Wendelstedt,"51 degrees, Clear.","12 mph, In From RF.",7:08 PM.,"40,141.",9,0.0,0.0,1,3
746482,2024-04-26,R,2024,Comerica Park,Detroit Tigers,Kansas City Royals,0.0,8.0,681857.0,607625.0,CB Bucknor,Adam Beck,"58 degrees, Sunny.","10 mph, In From LF.",1:11 PM.,"17,251.",9,0.0,0.0,0,1
747050,2024-04-26,R,2024,Oriole Park at Camden Yards,Baltimore Orioles,Oakland Athletics,2.0,3.0,669203.0,548389.0,John Libka,James Hoye,"60 degrees, Clear.","6 mph, Out To LF.",7:05 PM.,"22,965.",10,0.0,1.0,2,1
744949,2024-04-26,R,2024,Rogers Centre,Toronto Blue Jays,Los Angeles Dodgers,2.0,12.0,605135.0,694813.0,Hunter Wendelstedt,John Tumpane,"68 degrees, Roof Closed.","0 mph, None.",7:07 PM.,"39,688.",9,0.0,1.0,1,9
746972,2024-04-26,R,2024,Fenway Park,Boston Red Sox,Chicago Cubs,1.0,7.0,676710.0,684007.0,Chris Segal,David Rackley,"54 degrees, Clear.","6 mph, Out To CF.",7:14 PM.,"31,801.",9,0.0,0.0,1,4
745835,2024-04-26,R,2024,Citi Field,New York Mets,St. Louis Cardinals,2.0,4.0,676130.0,571945.0,Mike Estabrook,Erich Bacchus,"52 degrees, Clear.","6 mph, Out To LF.",7:11 PM.,"24,159.",9,0.0,0.0,1,4
746078,2024-04-26,R,2024,loanDepot park,Miami Marlins,Washington Nationals,1.0,3.0,687424.0,592866.0,Jeremie Rehak,Clint Vondrak,"79 degrees, Partly Cloudy.","14 mph, In From LF.",7:10 PM.,"10,201.",9,0.0,0.0,1,0
747129,2024-04-26,R,2024,Truist Park,Atlanta Braves,Cleveland Guardians,6.0,2.0,519242.0,671106.0,Chris Guccione,Brian Knight,"78 degrees, Cloudy.","11 mph, L To R.",7:20 PM.,"40,210.",9,0.0,1.0,4,1
746808,2024-04-26,R,2024,Guaranteed Rate Field,Chicago White Sox,Tampa Bay Rays,9.0,4.0,623167.0,621107.0,Dan Bellino,Marvin Hudson,"53 degrees, Cloudy.","14 mph, In From RF.",6:41 PM.,"10,323.",9,0.0,0.0,2,0
745025,2024-04-26,R,2024,Globe Life Field,Texas Rangers,Cincinnati Reds,2.0,1.0,543135.0,668933.0,Brennan Miller,Brian O'Nora,"74 degrees, Roof Closed.","0 mph, None.",7:08 PM.,"28,396.",9,0.0,1.0,1,1
746000,2024-04-26,R,2024,American Family Field,Milwaukee Brewers,New York Yankees,7.0,6.0,607067.0,661563.0,Derek Thomas,Andy Fletcher,"63 degrees, Roof Closed.","0 mph, None.",7:10 PM.,"32,314.",11,0.0,1.0,4,5
746243,2024-04-26,R,2024,Angel Stadium,Los Angeles Angels,Minnesota Twins,3.0,5.0,663776.0,641927.0,Tripp Gibson,Mark Carlson,"64 degrees, Partly Cloudy.","7 mph, Out To RF.",6:40 PM.,"31,087.",9,0.0,0.0,0,3
745269,2024-04-26,R,2024,T-Mobile Park,Seattle Mariners,Arizona Diamondbacks,6.0,1.0,676106.0,668678.0,Doug Eddings,Chad Whitson,"61 degrees, Cloudy.","0 mph, Calm.",6:41 PM.,"33,997.",9,1.0,0.0,2,0
745424,2024-04-26,R,2024,Petco Park,San Diego Padres,Philadelphia Phillies,3.0,9.0,605397.0,605400.0,Roberto Ortiz,Alfonso Márquez,"61 degrees, Cloudy.","11 mph, L To R.",6:40 PM.,"40,763.",9,0.0,2.0,1,7
745347,2024-04-26,R,2024,Oracle Park,San Francisco Giants,Pittsburgh Pirates,3.0,0.0,690986.0,682990.0,Gabe Morales,Nic Lentz,"56 degrees, Partly Cloudy.","21 mph, Out To CF.",7:15 PM.,"37,110.",9,0.0,0.0,0,0
744946,2024-04-27,R,2024,Rogers Centre,Toronto Blue Jays,Los Angeles Dodgers,2.0,4.0,579328.0,607192.0,John Tumpane,Nick Mahrley,"68 degrees, Roof Closed.","0 mph, None.",3:07 PM.,"39,405.",9,0.0,1.0,0,4
747052,2024-04-27,R,2024,Oriole Park at Camden Yards,Baltimore Orioles,Oakland Athletics,7.0,0.0,608344.0,676664.0,James Hoye,Rob Drake,"61 degrees, Cloudy.","7 mph, Out To LF.",4:06 PM.,"28,364.",9,0.0,0.0,5,0
745833,2024-04-27,R,2024,Citi Field,New York Mets,St. Louis Cardinals,4.0,7.0,605288.0,543243.0,Erich Bacchus,Laz Diaz,"57 degrees, Cloudy.","14 mph, Out To LF.",4:06 PM.,"32,332.",9,0.0,4.0,4,6
745020,2024-04-27,R,2024,Globe Life Field,Texas Rangers,Cincinnati Reds,4.0,8.0,547179.0,668881.0,Brian O'Nora,Paul Clemons,"74 degrees, Roof Closed.","0 mph, None.",3:08 PM.,"36,553.",9,0.0,0.0,0,3
746971,2024-04-27,R,2024,Fenway Park,Boston Red Sox,Chicago Cubs,17.0,0.0,670174.0,676962.0,David Rackley,Larry Vanover,"61 degrees, Partly Cloudy.","11 mph, In From RF.",4:10 PM.,"35,169.",9,2.0,0.0,9,0
746075,2024-04-27,R,2024,loanDepot park,Miami Marlins,Washington Nationals,4.0,11.0,665795.0,680730.0,Clint Vondrak,Mark Wegner,"72 degrees, Roof Closed.","0 mph, None.",4:10 PM.,"12,695.",9,1.0,0.0,1,6
746560,2024-04-27,R,2024,Estadio Alfredo Harp Helu,Colorado Rockies,Houston Astros,4.0,12.0,615698.0,669854.0,Sean Barber,Alan Porter,"79 degrees, Cloudy.","17 mph, R To L.",4:08 PM.,"19,934.",9,2.0,0.0,2,4
746484,2024-04-27,R,2024,Comerica Park,Detroit Tigers,Kansas City Royals,6.0,5.0,663554.0,663903.0,Adam Beck,Dan Iassogna,"82 degrees, Partly Cloudy.","20 mph, R To L.",6:10 PM.,"22,734.",9,0.0,2.0,1,3
746803,2024-04-27,R,2024,Guaranteed Rate Field,Chicago White Sox,Tampa Bay Rays,8.0,7.0,686563.0,650644.0,Marvin Hudson,Tony Randazzo,"77 degrees, Partly Cloudy.","16 mph, R To L.",6:10 PM.,"28,009.",10,0.0,0.0,6,4
745998,2024-04-27,R,2024,American Family Field,Milwaukee Brewers,New York Yankees,3.0,15.0,605452.0,607074.0,Andy Fletcher,Mike Muchlinski,"73 degrees, Roof Closed.","0 mph, None.",6:10 PM.,"41,620.",9,1.0,3.0,1,7
747131,2024-04-27,R,2024,Truist Park,Atlanta Braves,Cleveland Guardians,2.0,4.0,450203.0,676440.0,Brian Knight,Jim Wolf,"73 degrees, Partly Cloudy.","10 mph, L To R.",7:20 PM.,"41,696.",11,0.0,0.0,0,0
745425,2024-04-27,R,2024,Petco Park,San Diego Padres,Philadelphia Phillies,1.0,5.0,656302.0,624133.0,Alfonso Márquez,Lance Barrett,"66 degrees, Clear.","8 mph, L To R.",5:40 PM.,"43,018.",9,0.0,2.0,0,5
745350,2024-04-27,R,2024,Oracle Park,San Francisco Giants,Pittsburgh Pirates,3.0,4.0,663855.0,527048.0,Nic Lentz,Emil Jimenez,"58 degrees, Partly Cloudy.","20 mph, Out To CF.",6:05 PM.,"34,841.",10,0.0,0.0,0,0
746245,2024-04-27,R,2024,Angel Stadium,Los Angeles Angels,Minnesota Twins,5.0,16.0,667755.0,663978.0,Mark Carlson,Dan Merzel,"67 degrees, Clear.","9 mph, R To L.",6:38 PM.,"44,478.",9,0.0,1.0,4,10
745266,2024-04-27,R,2024,T-Mobile Park,Seattle Mariners,Arizona Diamondbacks,3.0,1.0,669923.0,677944.0,Chad Whitson,Bill Miller,"49 degrees, Roof Closed.","10 mph, Calm.",6:42 PM.,"38,956.",9,0.0,0.0,1,0
747045,2024-04-28,R,2024,Oriole Park at Camden Yards,Baltimore Orioles,Oakland Athletics,6.0,7.0,544150.0,621112.0,Rob Drake,Jonathan Parra,"78 degrees, Sunny.","2 mph, Out To CF.",1:37 PM.,"40,887.",9,0.0,0.0,6,4
747125,2024-04-28,R,2024,Truist Park,Atlanta Braves,Cleveland Guardians,4.0,3.0,693821.0,594902.0,Jim Wolf,Ryan Additon,"76 degrees, Partly Cloudy.","10 mph, L To R.",1:36 PM.,"40,758.",10,0.0,0.0,1,2
744947,2024-04-28,R,2024,Rogers Centre,Toronto Blue Jays,Los Angeles Dodgers,3.0,1.0,592332.0,675627.0,Nick Mahrley,Phil Cuzzi,"68 degrees, Roof Closed.","0 mph, None.",1:39 PM.,"39,053.",9,0.0,0.0,3,0
746483,2024-04-28,R,2024,Comerica Park,Detroit Tigers,Kansas City Royals,4.0,1.0,669373.0,608379.0,Dan Iassogna,Scott Barry,"70 degrees, Overcast.","10 mph, In From RF.",1:40 PM.,"18,794.",9,2.0,1.0,3,1
745834,2024-04-28,R,2024,Citi Field,New York Mets,St. Louis Cardinals,4.0,2.0,500779.0,458681.0,Laz Diaz,Nate Tomlinson,"67 degrees, Sunny.","2 mph, Out To CF.",1:41 PM.,"30,980.",11,0.0,0.0,0,1
746077,2024-04-28,R,2024,loanDepot park,Miami Marlins,Washington Nationals,9.0,12.0,677960.0,571578.0,Mark Wegner,Tom Hanahan,"72 degrees, Roof Closed.","0 mph, None.",1:41 PM.,"15,894.",9,6.0,0.0,7,9
746805,2024-04-28,R,2024,Guaranteed Rate Field,Chicago White Sox,Tampa Bay Rays,4.0,2.0,607200.0,641793.0,Tony Randazzo,Alex Tosi,"69 degrees, Cloudy.","5 mph, R To L.",1:10 PM.,"12,669.",9,0.0,0.0,2,1
746001,2024-04-28,R,2024,American Family Field,Milwaukee Brewers,New York Yankees,5.0,15.0,668964.0,573186.0,Mike Muchlinski,Jansen Visconti,"65 degrees, Roof Closed.","0 mph, None.",1:10 PM.,"35,295.",9,0.0,1.0,4,4
745022,2024-04-28,R,2024,Globe Life Field,Texas Rangers,Cincinnati Reds,4.0,3.0,641540.0,671096.0,Paul Clemons,D.J. Reyburn,"74 degrees, Roof Closed.","0 mph, None.",1:37 PM.,"37,008.",9,4.0,0.0,4,0
746561,2024-04-28,R,2024,Estadio Alfredo Harp Helu,Colorado Rockies,Houston Astros,2.0,8.0,596295.0,664285.0,Alan Porter,Nestor Ceja,"82 degrees, Sunny.","3 mph, Out To LF.",2:07 PM.,"19,841.",9,0.0,2.0,2,4
745349,2024-04-28,R,2024,Oracle Park,San Francisco Giants,Pittsburgh Pirates,3.0,2.0,676775.0,683003.0,Emil Jimenez,Lance Barksdale,"63 degrees, Sunny.","14 mph, Varies.",1:05 PM.,"36,380.",9,0.0,0.0,3,1
746237,2024-04-28,R,2024,Angel Stadium,Los Angeles Angels,Minnesota Twins,5.0,11.0,672282.0,641154.0,Dan Merzel,Jordan Baker,"73 degrees, Sunny.","6 mph, Out To CF.",1:09 PM.,"38,955.",9,0.0,0.0,4,5
745265,2024-04-28,R,2024,T-Mobile Park,Seattle Mariners,Arizona Diamondbacks,2.0,3.0,669302.0,694297.0,Bill Miller,Malachi Moore,"54 degrees, Roof Closed.","0 mph, Calm.",1:10 PM.,"33,474.",9,1.0,0.0,2,1
745428,2024-04-28,R,2024,Petco Park,San Diego Padres,Philadelphia Phillies,6.0,8.0,650633.0,592836.0,Lance Barrett,Mark Ripperger,"66 degrees, Sunny.","6 mph, L To R.",1:10 PM.,"42,037.",9,0.0,0.0,3,4
746967,2024-04-28,R,2024,Fenway Park,Boston Red Sox,Chicago Cubs,5.0,4.0,656557.0,669713.0,Larry Vanover,Brian Walsh,"66 degrees, Cloudy.","4 mph, Out To CF.",7:10 PM.,"32,052.",9,1.0,0.0,2,0
747046,2024-04-29,R,2024,Oriole Park at Camden Yards,Baltimore Orioles,New York Yankees,2.0,0.0,680570.0,657376.0,Ben May,CB Bucknor,"85 degrees, Clear.","7 mph, Out To LF.",6:36 PM.,"23,184.",9,1.0,0.0,1,0
746074,2024-04-29,R,2024,loanDepot park,Miami Marlins,Washington Nationals,2.0,7.0,669432.0,663623.0,Tom Hanahan,Jeremie Rehak,"80 degrees, Partly Cloudy.","11 mph, In From LF.",6:41 PM.,"6,376.",9,0.0,0.0,0,3
744945,2024-04-29,R,2024,Rogers Centre,Toronto Blue Jays,Kansas City Royals,6.0,5.0,684320.0,680742.0,Adam Hamari,Vic Carapazza,"68 degrees, Roof Closed.","0 mph, None.",7:07 PM.,"29,879.",9,2.0,2.0,5,3
745832,2024-04-29,R,2024,Citi Field,New York Mets,Chicago Cubs,1.0,3.0,622663.0,592791.0,Ryan Wills,Carlos Torres,"70 degrees, Cloudy.","8 mph, Out To LF.",7:11 PM.,"25,046.",9,1.0,0.0,1,0
746804,2024-04-29,R,2024,Guaranteed Rate Field,Chicago White Sox,Minnesota Twins,2.0,3.0,676979.0,657746.0,Jonathan Parra,John Libka,"69 degrees, Cloudy.","13 mph, R To L.",6:41 PM.,"10,772.",9,2.0,0.0,2,2
745999,2024-04-29,R,2024,American Family Field,Milwaukee Brewers,Tampa Bay Rays,0.0,1.0,669060.0,686752.0,Ryan Additon,Chris Guccione,"67 degrees, Roof Closed.","0 mph, None.",6:40 PM.,"20,395.",9,0.0,1.0,0,1
746236,2024-04-29,R,2024,Angel Stadium,Los Angeles Angels,Philadelphia Phillies,6.0,5.0,656288.0,650911.0,Malachi Moore,Doug Eddings,"71 degrees, Clear.","7 mph, Out To CF.",6:39 PM.,"25,449.",9,1.0,3.0,2,4
747211,2024-04-29,R,2024,Chase Field,Arizona Diamondbacks,Los Angeles Dodgers,4.0,8.0,674072.0,572020.0,Quinn Wolcott,Junior Valentine,"89 degrees, Clear.","2 mph, Out To RF.",6:40 PM.,"36,985.",9,1.0,0.0,4,6
745672,2024-04-29,R,2024,Oakland Coliseum,Oakland Athletics,Pittsburgh Pirates,5.0,1.0,671212.0,663559.0,Dan Bellino,Phil Cuzzi,"63 degrees, Clear.","13 mph, Out To RF.",6:40 PM.,"3,528.",9,1.0,1.0,5,1
745427,2024-04-29,R,2024,Petco Park,San Diego Padres,Cincinnati Reds,2.0,5.0,663362.0,666157.0,Todd Tichenor,Cory Blaser,"64 degrees, Clear.","7 mph, L To R.",6:40 PM.,"39,158.",9,1.0,1.0,1,4
745263,2024-04-29,R,2024,T-Mobile Park,Seattle Mariners,Atlanta Braves,2.0,1.0,682243.0,608331.0,Lance Barksdale,Gabe Morales,"47 degrees, Roof Closed.","0 mph, Calm.",6:41 PM.,"26,452.",9,0.0,0.0,0,0
746481,2024-04-29,R,2024,Comerica Park,Detroit Tigers,St. Louis Cardinals,,,666159.0,571927.0,John Tumpane,Marvin Hudson,"73 degrees, Clear.","14 mph, Out To LF.",6:40 PM.,"16,290.",9,2.0,0.0,7,5
746477,2024-04-30,R,2024,Comerica Park,Detroit Tigers,St. Louis Cardinals,1.0,2.0,656427.0,502043.0,Hunter Wendelstedt,John Bacon,"72 degrees, Sunny.","13 mph, Out To LF.",3:39 PM.,,9,0.0,0.0,1,0
746481,2024-04-30,R,2024,Comerica Park,Detroit Tigers,St. Louis Cardinals,11.0,6.0,666159.0,571927.0,John Tumpane,Marvin Hudson,"73 degrees, Clear.","14 mph, Out To LF.",6:40 PM.,"16,290.",9,2.0,0.0,7,5
747047,2024-04-30,R,2024,Oriole Park at Camden Yards,Baltimore Orioles,New York Yankees,4.0,2.0,665152.0,641482.0,CB Bucknor,Adam Beck,"86 degrees, Cloudy.","6 mph, Out To CF.",6:36 PM.,"21,949.",9,0.0,0.0,4,1
746073,2024-04-30,R,2024,loanDepot park,Miami Marlins,Colorado Rockies,7.0,6.0,664350.0,663372.0,Jansen Visconti,Edwin Moscoso,"72 degrees, Roof Closed.","0 mph, None.",6:40 PM.,"6,706.",10,0.0,5.0,0,5
744942,2024-04-30,R,2024,Rogers Centre,Toronto Blue Jays,Kansas City Royals,1.0,4.0,621244.0,666142.0,Vic Carapazza,D.J. Reyburn,"68 degrees, Roof Closed.","0 mph, None.",7:08 PM.,"27,189.",9,0.0,0.0,0,2
745831,2024-04-30,R,2024,Citi Field,New York Mets,Chicago Cubs,4.0,2.0,640455.0,665871.0,Carlos Torres,Charlie Ramos,"56 degrees, Cloudy.","5 mph, In From RF.",7:11 PM.,"22,880.",9,1.0,0.0,1,1
746968,2024-04-30,R,2024,Fenway Park,Boston Red Sox,San Francisco Giants,4.0,0.0,681867.0,657277.0,Jeremie Rehak,Clint Vondrak,"52 degrees, Partly Cloudy.","2 mph, Out To LF.",7:12 PM.,"30,027.",9,1.0,0.0,4,0
746806,2024-04-30,R,2024,Guaranteed Rate Field,Chicago White Sox,Minnesota Twins,5.0,6.0,647336.0,680573.0,John Libka,James Hoye,"70 degrees, Clear.","8 mph, L To R.",6:40 PM.,"11,609.",9,0.0,0.0,4,2
745997,2024-04-30,R,2024,American Family Field,Milwaukee Brewers,Tampa Bay Rays,8.0,2.0,642547.0,641302.0,Chris Guccione,Alex MacKay,"67 degrees, Roof Closed.","0 mph, None.",6:40 PM.,"21,124.",9,1.0,0.0,6,1
745018,2024-04-30,R,2024,Globe Life Field,Texas Rangers,Washington Nationals,7.0,1.0,592351.0,669022.0,Ryan Blakney,Edwin Jimenez,"74 degrees, Roof Closed.","0 mph, Calm.",7:07 PM.,"27,584.",9,0.0,1.0,2,1
746398,2024-04-30,R,2024,Minute Maid Park,Houston Astros,Cleveland Guardians,10.0,9.0,686613.0,471911.0,Stu Scheurwater,Angel Hernandez,"73 degrees, Roof Closed.","0 mph, None.",7:10 PM.,"29,711.",10,0.0,3.0,8,3
746239,2024-04-30,R,2024,Angel Stadium,Los Angeles Angels,Philadelphia Phillies,5.0,7.0,542881.0,605513.0,Doug Eddings,Chad Whitson,"68 degrees, Clear.","10 mph, Out To CF.",6:38 PM.,"23,949.",9,0.0,0.0,1,3
747210,2024-04-30,R,2024,Chase Field,Arizona Diamondbacks,Los Angeles Dodgers,4.0,3.0,676714.0,689017.0,Junior Valentine,Ramon De Jesus,"86 degrees, Clear.","8 mph, In From LF.",8:35 PM.,"28,667.",10,0.0,0.0,1,1
745673,2024-04-30,R,2024,Oakland Coliseum,Oakland Athletics,Pittsburgh Pirates,5.0,2.0,622072.0,656605.0,Phil Cuzzi,Tony Randazzo,"64 degrees, Clear.","13 mph, Out To RF.",6:40 PM.,"3,876.",9,0.0,1.0,3,2
745426,2024-04-30,R,2024,Petco Park,San Diego Padres,Cincinnati Reds,6.0,4.0,506433.0,607259.0,Cory Blaser,Manny Gonzalez,"63 degrees, Cloudy.","8 mph, L To R.",6:40 PM.,"36,769.",9,0.0,0.0,5,0
745260,2024-04-30,R,2024,T-Mobile Park,Seattle Mariners,Atlanta Braves,3.0,2.0,622491.0,625643.0,Gabe Morales,Nic Lentz,"53 degrees, Partly Cloudy.","6 mph, L To R.",6:41 PM.,"23,534.",9,0.0,0.0,3,0
746478,2024-05-01,R,2024,Comerica Park,Detroit Tigers,St. Louis Cardinals,4.0,1.0,628317.0,571945.0,Marvin Hudson,Nick Mahrley,"75 degrees, Partly Cloudy.","17 mph, In From RF.",1:10 PM.,"16,035.",9,0.0,0.0,3,1
745996,2024-05-01,R,2024,American Family Field,Milwaukee Brewers,Tampa Bay Rays,7.0,1.0,607067.0,621107.0,Alex MacKay,Brian Knight,"68 degrees, Sunny.","18 mph, In From CF.",12:10 PM.,"20,132.",9,0.0,0.0,2,0
746800,2024-05-01,R,2024,Guaranteed Rate Field,Chicago White Sox,Minnesota Twins,5.0,10.0,623167.0,641927.0,James Hoye,Rob Drake,"75 degrees, Sunny.","17 mph, Out To CF.",1:11 PM.,"12,216.",9,2.0,0.0,4,2
744939,2024-05-01,R,2024,Rogers Centre,Toronto Blue Jays,Kansas City Royals,1.0,6.0,605135.0,607625.0,D.J. Reyburn,Brian Walsh,"68 degrees, Roof Closed.","0 mph, None.",3:08 PM.,"32,307.",9,0.0,0.0,0,0
745670,2024-05-01,R,2024,Oakland Coliseum,Oakland Athletics,Pittsburgh Pirates,4.0,0.0,548389.0,682990.0,Tony Randazzo,Bill Miller,"71 degrees, Sunny.","7 mph, Out To RF.",12:37 PM.,"4,679.",9,0.0,0.0,3,0
745261,2024-05-01,R,2024,T-Mobile Park,Seattle Mariners,Atlanta Braves,2.0,5.0,676106.0,519242.0,Nic Lentz,Emil Jimenez,"53 degrees, Partly Cloudy.","0 mph, Calm.",12:41 PM.,"21,689.",9,0.0,0.0,1,5
746238,2024-05-01,R,2024,Angel Stadium,Los Angeles Angels,Philadelphia Phillies,1.0,2.0,663776.0,554430.0,Chad Whitson,Paul Clemons,"71 degrees, Sunny.","6 mph, Out To RF.",1:08 PM.,"20,156.",9,0.0,0.0,1,2
745423,2024-05-01,R,2024,Petco Park,San Diego Padres,Cincinnati Reds,6.0,2.0,605397.0,668933.0,Manny Gonzalez,Nestor Ceja,"67 degrees, Partly Cloudy.","10 mph, L To R.",1:10 PM.,"32,993.",9,0.0,1.0,2,2
747048,2024-05-01,R,2024,Oriole Park at Camden Yards,Baltimore Orioles,New York Yankees,0.0,2.0,669203.0,661563.0,Adam Beck,Dan Iassogna,"81 degrees, Partly Cloudy.","4 mph, In From LF.",6:35 PM.,"24,180.",9,0.0,0.0,0,2
746072,2024-05-01,R,2024,loanDepot park,Miami Marlins,Colorado Rockies,4.0,1.0,682610.0,641712.0,Edwin Moscoso,Andy Fletcher,"72 degrees, Roof Closed.","0 mph, None.",6:41 PM.,"7,171.",9,0.0,0.0,2,0
745829,2024-05-01,R,2024,Citi Field,New York Mets,Chicago Cubs,0.0,1.0,676130.0,684007.0,Charlie Ramos,Chad Fairchild,"60 degrees, Clear.","10 mph, Out To LF.",7:11 PM.,"22,485.",9,0.0,0.0,0,1
746966,2024-05-01,R,2024,Fenway Park,Boston Red Sox,San Francisco Giants,6.0,2.0,676710.0,669062.0,Clint Vondrak,Mark Wegner,"51 degrees, Clear.","4 mph, In From RF.",7:14 PM.,"30,787.",9,0.0,0.0,5,2
745023,2024-05-01,R,2024,Globe Life Field,Texas Rangers,Washington Nationals,0.0,1.0,571760.0,592866.0,Edwin Jimenez,Jim Wolf,"74 degrees, Roof Closed.","0 mph, None.",7:07 PM.,"24,846.",9,0.0,0.0,0,1
746399,2024-05-01,R,2024,Minute Maid Park,Houston Astros,Cleveland Guardians,2.0,3.0,434378.0,663474.0,Angel Hernandez,Mark Carlson,"73 degrees, Roof Closed.","0 mph, None.",7:11 PM.,"25,733.",10,0.0,0.0,0,2
747207,2024-05-01,R,2024,Chase Field,Arizona Diamondbacks,Los Angeles Dodgers,0.0,8.0,656756.0,808967.0,Ramon De Jesus,Adrian Johnson,"88 degrees, Partly Cloudy.","9 mph, L To R.",6:40 PM.,"34,088.",9,0.0,0.0,0,6
746070,2024-05-02,R,2024,loanDepot park,Miami Marlins,Colorado Rockies,5.0,4.0,665795.0,663567.0,Andy Fletcher,Mike Muchlinski,"72 degrees, Roof Closed.","0 mph, None.",12:10 PM.,"7,540.",10,2.0,0.0,4,4
747044,2024-05-02,R,2024,Oriole Park at Camden Yards,Baltimore Orioles,New York Yankees,7.0,2.0,680694.0,607074.0,Dan Iassogna,Ben May,"89 degrees, Sunny.","5 mph, Out To RF.",1:06 PM.,"27,299.",9,0.0,0.0,7,1
745830,2024-05-02,R,2024,Citi Field,New York Mets,Chicago Cubs,7.0,6.0,605288.0,676962.0,Chad Fairchild,Ryan Wills,"71 degrees, Sunny.","7 mph, Out To LF.",1:10 PM.,"22,224.",11,0.0,0.0,2,4
746969,2024-05-02,R,2024,Fenway Park,Boston Red Sox,San Francisco Giants,1.0,3.0,670174.0,690986.0,Mark Wegner,Bruce Dreckman,"66 degrees, Partly Cloudy.","4 mph, In From RF.",1:36 PM.,"30,065.",9,0.0,0.0,1,1
745021,2024-05-02,R,2024,Globe Life Field,Texas Rangers,Washington Nationals,6.0,0.0,543135.0,680730.0,Jim Wolf,Alan Porter,"74 degrees, Roof Closed.","0 mph, Calm.",1:37 PM.,"27,529.",9,0.0,0.0,3,0
746403,2024-05-02,R,2024,Minute Maid Park,Houston Astros,Cleveland Guardians,8.0,2.0,681293.0,671106.0,Mark Carlson,Dan Merzel,"73 degrees, Roof Closed.","0 mph, None.",7:10 PM.,"26,600.",9,0.0,0.0,1,2
746890,2024-05-03,R,2024,Wrigley Field,Chicago Cubs,Milwaukee Brewers,1.0,3.0,669713.0,605452.0,Nick Mahrley,Hunter Wendelstedt,"61 degrees, Partly Cloudy.","9 mph, In From CF.",1:20 PM.,"33,557.",9,0.0,0.0,0,0
746721,2024-05-03,R,2024,Great American Ball Park,Cincinnati Reds,Baltimore Orioles,0.0,3.0,668881.0,608344.0,Mike Muchlinski,Jansen Visconti,"67 degrees, Overcast.","6 mph, In From RF.",8:51 PM.,"25,861.",9,0.0,0.0,0,0
745510,2024-05-03,R,2024,PNC Park,Pittsburgh Pirates,Colorado Rockies,2.0,3.0,527048.0,615698.0,Dan Merzel,Stu Scheurwater,"74 degrees, Cloudy.","10 mph, Out To CF.",6:42 PM.,"20,646.",9,0.0,0.0,0,0
745589,2024-05-03,R,2024,Citizens Bank Park,Philadelphia Phillies,San Francisco Giants,4.0,3.0,605400.0,663855.0,Brian Walsh,Adam Hamari,"58 degrees, Cloudy.","9 mph, In From RF.",6:42 PM.,"40,888.",9,0.0,0.0,4,2
744868,2024-05-03,R,2024,Nationals Park,Washington Nationals,Toronto Blue Jays,9.0,3.0,571578.0,579328.0,Rob Drake,Jonathan Parra,"64 degrees, Partly Cloudy.","9 mph, R To L.",6:45 PM.,"22,856.",9,0.0,0.0,1,3
745101,2024-05-03,R,2024,Tropicana Field,Tampa Bay Rays,New York Mets,10.0,8.0,650644.0,500779.0,Bruce Dreckman,Tom Hanahan,"72 degrees, Dome.","0 mph, None.",6:50 PM.,"19,077.",9,0.0,0.0,9,7
745756,2024-05-03,R,2024,Yankee Stadium,New York Yankees,Detroit Tigers,2.0,1.0,573186.0,681857.0,Alan Porter,Ryan Blakney,"57 degrees, Clear.","9 mph, Out To LF.",7:07 PM.,"37,386.",9,0.0,0.0,0,0
746645,2024-05-03,R,2024,Progressive Field,Cleveland Guardians,Los Angeles Angels,0.0,6.0,676440.0,667755.0,Ryan Wills,Carlos Torres,"67 degrees, Overcast.","4 mph, Out To CF.",7:11 PM.,"19,698.",9,0.0,0.0,0,6
746318,2024-05-03,R,2024,Kauffman Stadium,Kansas City Royals,Texas Rangers,7.0,1.0,663903.0,547179.0,Bill Miller,Malachi Moore,"74 degrees, Partly Cloudy.","8 mph, R To L.",6:40 PM.,"25,690.",9,0.0,0.0,1,1
746402,2024-05-03,R,2024,Minute Maid Park,Houston Astros,Seattle Mariners,5.0,3.0,669854.0,669923.0,Adrian Johnson,Quinn Wolcott,"73 degrees, Roof Closed.","0 mph, None.",7:10 PM.,"33,796.",0,,,0,0
745914,2024-05-03,R,2024,Target Field,Minnesota Twins,Boston Red Sox,5.0,2.0,663978.0,656557.0,Emil Jimenez,Lance Barksdale,"69 degrees, Cloudy.","4 mph, Out To LF.",7:11 PM.,"24,488.",9,0.0,0.0,1,0
745187,2024-05-03,R,2024,Busch Stadium,St. Louis Cardinals,Chicago White Sox,3.0,0.0,543243.0,641745.0,Ben May,CB Bucknor,"75 degrees, Partly Cloudy.","5 mph, In From LF.",7:17 PM.,"34,010.",9,2.0,0.0,3,0
747208,2024-05-03,R,2024,Chase Field,Arizona Diamondbacks,San Diego Padres,1.0,7.0,677944.0,656302.0,Alex Tosi,Dan Bellino,"91 degrees, Clear.","4 mph, R To L.",6:40 PM.,"31,976.",9,0.0,0.0,1,7
745665,2024-05-03,R,2024,Oakland Coliseum,Oakland Athletics,Miami Marlins,3.0,1.0,676664.0,677960.0,Brian Knight,Ryan Additon,"61 degrees, Clear.","18 mph, Out To RF.",6:40 PM.,"8,533.",9,0.0,0.0,3,0
746152,2024-05-03,R,2024,Dodger Stadium,Los Angeles Dodgers,Atlanta Braves,4.0,3.0,694813.0,450203.0,Nestor Ceja,Todd Tichenor,"64 degrees, Clear.","9 mph, Out To RF.",7:10 PM.,"50,859.",11,0.0,1.0,2,1
745750,2024-05-04,R,2024,Yankee Stadium,New York Yankees,Detroit Tigers,5.0,3.0,657376.0,663554.0,Ryan Blakney,Edwin Jimenez,"61 degrees, Partly Cloudy.","10 mph, In From LF.",1:09 PM.,"45,017.",9,1.0,1.0,5,3
745911,2024-05-04,R,2024,Target Field,Minnesota Twins,Boston Red Sox,3.0,1.0,641154.0,657514.0,Lance Barksdale,Angel Hernandez,"52 degrees, Overcast.","9 mph, Out To RF.",1:11 PM.,"23,587.",9,1.0,1.0,2,1
745183,2024-05-04,R,2024,Busch Stadium,St. Louis Cardinals,Chicago White Sox,5.0,6.0,458681.0,607200.0,CB Bucknor,Alex MacKay,"81 degrees, Sunny.","7 mph, R To L.",1:17 PM.,"38,559.",10,0.0,2.0,5,3
746884,2024-05-04,R,2024,Wrigley Field,Chicago Cubs,Milwaukee Brewers,6.0,5.0,592791.0,668964.0,Hunter Wendelstedt,John Tumpane,"71 degrees, Cloudy.","8 mph, In From RF.",1:20 PM.,"40,505.",9,2.0,0.0,4,0
745511,2024-05-04,R,2024,PNC Park,Pittsburgh Pirates,Colorado Rockies,1.0,0.0,683003.0,596295.0,Stu Scheurwater,Doug Eddings,"60 degrees, Cloudy.","9 mph, In From CF.",4:05 PM.,"24,149.",9,0.0,0.0,0,0
744862,2024-05-04,R,2024,Nationals Park,Washington Nationals,Toronto Blue Jays,3.0,6.0,663623.0,592332.0,Jonathan Parra,John Libka,"53 degrees, Drizzle.","6 mph, In From RF.",4:05 PM.,"22,836.",9,0.0,4.0,0,4
745666,2024-05-04,R,2024,Oakland Coliseum,Oakland Athletics,Miami Marlins,20.0,4.0,621112.0,669432.0,Ryan Additon,Chris Guccione,"56 degrees, Cloudy.","12 mph, Out To RF.",4:30 PM.,"7,809.",9,0.0,0.0,13,0
745583,2024-05-04,R,2024,Citizens Bank Park,Philadelphia Phillies,San Francisco Giants,14.0,3.0,624133.0,676775.0,Adam Hamari,Edwin Moscoso,"51 degrees, Rain.","10 mph, R To L.",7:15 PM.,"42,610.",9,5.0,0.0,9,3
746644,2024-05-04,R,2024,Progressive Field,Cleveland Guardians,Los Angeles Angels,7.0,1.0,594902.0,672282.0,Carlos Torres,Charlie Ramos,"73 degrees, Overcast.","2 mph, R To L.",6:10 PM.,"26,292.",9,0.0,0.0,3,1
746720,2024-05-04,R,2024,Great American Ball Park,Cincinnati Reds,Baltimore Orioles,1.0,2.0,671096.0,607644.0,Jansen Visconti,Paul Clemons,"74 degrees, Cloudy.","1 mph, Varies.",7:05 PM.,"33,202.",9,0.0,0.0,0,2
746311,2024-05-04,R,2024,Kauffman Stadium,Kansas City Royals,Texas Rangers,4.0,15.0,608379.0,641540.0,Malachi Moore,John Bacon,"65 degrees, Cloudy.","11 mph, L To R.",6:10 PM.,"26,002.",9,0.0,1.0,2,7
746394,2024-05-04,R,2024,Minute Maid Park,Houston Astros,Seattle Mariners,0.0,5.0,664285.0,669302.0,Quinn Wolcott,Junior Valentine,"73 degrees, Roof Closed.","0 mph, None.",6:15 PM.,"34,205.",9,0.0,0.0,0,3
745100,2024-05-04,R,2024,Tropicana Field,Tampa Bay Rays,New York Mets,3.0,1.0,641793.0,681035.0,Tom Hanahan,Clint Vondrak,"72 degrees, Dome.","0 mph, None.",7:15 PM.,"18,968.",9,1.0,1.0,1,1
747209,2024-05-04,R,2024,Chase Field,Arizona Diamondbacks,San Diego Padres,1.0,13.0,694297.0,650633.0,Dan Bellino,Phil Cuzzi,"77 degrees, Roof Closed.","0 mph, None.",5:10 PM.,"39,661.",9,0.0,1.0,0,3
746155,2024-05-04,R,2024,Dodger Stadium,Los Angeles Dodgers,Atlanta Braves,11.0,2.0,607192.0,693821.0,Todd Tichenor,Cory Blaser,"61 degrees, Cloudy.","6 mph, L To R.",6:10 PM.,"44,474.",9,0.0,0.0,7,1
745504,2024-05-05,R,2024,PNC Park,Pittsburgh Pirates,Colorado Rockies,5.0,3.0,663559.0,663372.0,Doug Eddings,Jacob Metz,"73 degrees, Cloudy.","8 mph, Out To LF.",1:35 PM.,"12,912.",9,0.0,0.0,1,3
744861,2024-05-05,R,2024,Nationals Park,Washington Nationals,Toronto Blue Jays,11.0,8.0,669022.0,666201.0,John Libka,James Hoye,"69 degrees, Overcast.","1 mph, In From LF.",3:00 PM.,"18,363.",9,1.0,0.0,7,8
745751,2024-05-05,R,2024,Yankee Stadium,New York Yankees,Detroit Tigers,5.0,2.0,641482.0,669373.0,Edwin Jimenez,Jim Wolf,"51 degrees, Rain.","11 mph, R To L.",1:38 PM.,"35,119.",8,1.0,0.0,2,0
746643,2024-05-05,R,2024,Progressive Field,Cleveland Guardians,Los Angeles Angels,4.0,1.0,471911.0,656288.0,Charlie Ramos,Jeremie Rehak,"66 degrees, Cloudy.","8 mph, L To R.",1:41 PM.,"19,579.",9,0.0,0.0,0,1
745103,2024-05-05,R,2024,Tropicana Field,Tampa Bay Rays,New York Mets,7.0,6.0,686752.0,622663.0,Clint Vondrak,Mark Wegner,"72 degrees, Dome.","0 mph, None.",1:40 PM.,"19,310.",10,0.0,2.0,4,5
746395,2024-05-05,R,2024,Minute Maid Park,Houston Astros,Seattle Mariners,4.0,5.0,686613.0,682243.0,Junior Valentine,Ramon De Jesus,"73 degrees, Roof Closed.","0 mph, None.",1:11 PM.,"36,280.",9,0.0,0.0,0,2
746314,2024-05-05,R,2024,Kauffman Stadium,Kansas City Royals,Texas Rangers,2.0,3.0,663738.0,592351.0,John Bacon,Chad Whitson,"63 degrees, Cloudy.","7 mph, In From RF.",2:32 PM.,"20,613.",10,1.0,0.0,2,0
745913,2024-05-05,R,2024,Target Field,Minnesota Twins,Boston Red Sox,2.0,9.0,657746.0,681867.0,Angel Hernandez,Nic Lentz,"68 degrees, Partly Cloudy.","4 mph, R To L.",1:11 PM.,"29,638.",9,0.0,0.0,1,3
745185,2024-05-05,R,2024,Busch Stadium,St. Louis Cardinals,Chicago White Sox,1.0,5.0,669461.0,676979.0,Alex MacKay,Dan Iassogna,"71 degrees, Partly Cloudy.","1 mph, In From RF.",1:16 PM.,"43,046.",9,0.0,0.0,1,1
746883,2024-05-05,R,2024,Wrigley Field,Chicago Cubs,Milwaukee Brewers,5.0,0.0,665871.0,642547.0,John Tumpane,Marvin Hudson,"54 degrees, Sunny.","3 mph, In From LF.",1:20 PM.,"39,299.",9,0.0,0.0,3,0
745667,2024-05-05,R,2024,Oakland Coliseum,Oakland Athletics,Miami Marlins,3.0,12.0,671212.0,664350.0,Chris Guccione,Gabe Morales,"59 degrees, Partly Cloudy.","10 mph, Varies.",1:07 PM.,"12,212.",9,0.0,4.0,2,5
746719,2024-05-05,R,2024,Great American Ball Park,Cincinnati Reds,Baltimore Orioles,1.0,11.0,666157.0,665152.0,Paul Clemons,Andy Fletcher,"80 degrees, Partly Cloudy.","8 mph, Out To LF.",4:11 PM.,"31,514.",9,0.0,3.0,0,4
747206,2024-05-05,R,2024,Chase Field,Arizona Diamondbacks,San Diego Padres,11.0,4.0,669194.0,663362.0,Phil Cuzzi,Tony Randazzo,"76 degrees, Roof Closed.","0 mph, None.",1:11 PM.,"30,968.",9,4.0,0.0,11,4
746153,2024-05-05,R,2024,Dodger Stadium,Los Angeles Dodgers,Atlanta Braves,5.0,1.0,572020.0,608331.0,Cory Blaser,Manny Gonzalez,"66 degrees, Partly Cloudy.","8 mph, L To R.",1:10 PM.,"52,733.",9,2.0,0.0,2,0
745587,2024-05-05,R,2024,Citizens Bank Park,Philadelphia Phillies,San Francisco Giants,5.0,4.0,592836.0,657277.0,Edwin Moscoso,D.J. Reyburn,"59 degrees, Cloudy.","6 mph, Out To CF.",7:11 PM.,"41,058.",9,0.0,1.0,5,1
745585,2024-05-06,R,2024,Citizens Bank Park,Philadelphia Phillies,San Francisco Giants,6.0,1.0,554430.0,696131.0,D.J. Reyburn,Brian Walsh,"72 degrees, Cloudy.","4 mph, L To R.",4:06 PM.,"33,408.",9,0.0,0.0,5,0
746639,2024-05-06,R,2024,Progressive Field,Cleveland Guardians,Detroit Tigers,2.0,1.0,663474.0,656427.0,Ramon De Jesus,Adrian Johnson,"65 degrees, Cloudy.","10 mph, In From CF.",6:10 PM.,"15,029.",9,1.0,1.0,1,1
745509,2024-05-06,R,2024,PNC Park,Pittsburgh Pirates,Los Angeles Angels,4.0,1.0,656605.0,542881.0,James Hoye,Rob Drake,"71 degrees, Partly Cloudy.","3 mph, Out To LF.",6:42 PM.,"9,506.",9,0.0,0.0,4,0
745098,2024-05-06,R,2024,Tropicana Field,Tampa Bay Rays,Chicago White Sox,8.0,2.0,641302.0,605182.0,Chad Fairchild,Ryan Wills,"72 degrees, Dome.","0 mph, None.",6:50 PM.,"12,042.",9,0.0,0.0,7,2
746313,2024-05-06,R,2024,Kauffman Stadium,Kansas City Royals,Milwaukee Brewers,3.0,2.0,666142.0,669060.0,Nic Lentz,Emil Jimenez,"74 degrees, Cloudy.","14 mph, R To L.",6:10 PM.,"10,005.",9,0.0,0.0,0,2
746886,2024-05-06,R,2024,Wrigley Field,Chicago Cubs,San Diego Padres,3.0,6.0,657006.0,506433.0,Chad Whitson,Bill Miller,"63 degrees, Clear.","12 mph, In From CF.",6:40 PM.,"35,560.",9,0.0,0.0,0,0
745912,2024-05-06,R,2024,Target Field,Minnesota Twins,Seattle Mariners,3.0,1.0,680573.0,622491.0,Chris Segal,Larry Vanover,"72 degrees, Partly Cloudy.","15 mph, L To R.",6:41 PM.,"14,384.",9,0.0,0.0,1,0
745182,2024-05-06,R,2024,Busch Stadium,St. Louis Cardinals,New York Mets,3.0,4.0,502043.0,640455.0,Jordan Baker,Dan Merzel,"76 degrees, Clear.","6 mph, R To L.",6:45 PM.,"31,283.",9,0.0,1.0,0,3
745669,2024-05-06,R,2024,Oakland Coliseum,Oakland Athletics,Texas Rangers,2.0,4.0,622072.0,571760.0,Mike Estabrook,Erich Bacchus,"59 degrees, Partly Cloudy.","15 mph, Out To RF.",6:41 PM.,"2,895.",9,0.0,0.0,2,0
746149,2024-05-06,R,2024,Dodger Stadium,Los Angeles Dodgers,Miami Marlins,6.0,3.0,621111.0,682610.0,Mark Ripperger,Roberto Ortiz,"65 degrees, Clear.","4 mph, Out To RF.",7:10 PM.,"44,970.",9,3.0,2.0,6,3
745668,2024-05-07,R,2024,Oakland Coliseum,Oakland Athletics,Texas Rangers,8.0,15.0,548389.0,570632.0,Erich Bacchus,Tripp Gibson,"62 degrees, Sunny.","5 mph, Out To RF.",12:37 PM.,"3,965.",9,0.0,1.0,2,15
746638,2024-05-07,R,2024,Progressive Field,Cleveland Guardians,Detroit Tigers,7.0,11.0,671106.0,628317.0,Adrian Johnson,Quinn Wolcott,"72 degrees, Drizzle.","3 mph, Calm.",6:10 PM.,"15,531.",9,2.0,1.0,7,8
746718,2024-05-07,R,2024,Great American Ball Park,Cincinnati Reds,Arizona Diamondbacks,2.0,6.0,593423.0,668678.0,Vic Carapazza,Adam Hamari,"75 degrees, Cloudy.","11 mph, R To L.",6:40 PM.,"14,485.",9,0.0,0.0,0,2
745508,2024-05-07,R,2024,PNC Park,Pittsburgh Pirates,Los Angeles Angels,0.0,9.0,682990.0,663776.0,Rob Drake,Jonathan Parra,"75 degrees, Cloudy.","12 mph, Out To CF.",7:00 PM.,"10,844.",9,0.0,0.0,0,5
745586,2024-05-07,R,2024,Citizens Bank Park,Philadelphia Phillies,Toronto Blue Jays,10.0,1.0,650911.0,621244.0,Andy Fletcher,Mike Muchlinski,"78 degrees, Partly Cloudy.","5 mph, L To R.",6:42 PM.,"39,492.",9,1.0,0.0,8,0
744859,2024-05-07,R,2024,Nationals Park,Washington Nationals,Baltimore Orioles,3.0,0.0,592866.0,669203.0,Alex Tosi,Dan Bellino,"77 degrees, Cloudy.","5 mph, Out To LF.",6:45 PM.,"29,542.",9,0.0,0.0,1,0
745095,2024-05-07,R,2024,Tropicana Field,Tampa Bay Rays,Chicago White Sox,5.0,1.0,621107.0,647336.0,Ryan Wills,Carlos Torres,"72 degrees, Dome.","0 mph, None.",6:50 PM.,"10,872.",9,0.0,0.0,4,0
745752,2024-05-07,R,2024,Yankee Stadium,New York Yankees,Houston Astros,10.0,3.0,661563.0,434378.0,Brennan Miller,Brian O'Nora,"73 degrees, Partly Cloudy.","11 mph, Out To LF.",7:07 PM.,"37,126.",9,3.0,1.0,7,1
747126,2024-05-07,R,2024,Truist Park,Atlanta Braves,Boston Red Sox,4.0,2.0,625643.0,676710.0,Jim Wolf,Alan Porter,"81 degrees, Partly Cloudy.","8 mph, In From RF.",7:21 PM.,"38,142.",9,0.0,0.0,2,0
746885,2024-05-07,R,2024,Wrigley Field,Chicago Cubs,San Diego Padres,3.0,2.0,684007.0,681190.0,Bill Miller,Malachi Moore,"71 degrees, Clear.","10 mph, In From RF.",6:40 PM.,"38,133.",9,0.0,0.0,1,0
745915,2024-05-07,R,2024,Target Field,Minnesota Twins,Seattle Mariners,6.0,10.0,641927.0,676106.0,Larry Vanover,David Rackley,"68 degrees, Partly Cloudy.","10 mph, Out To LF.",6:41 PM.,"14,710.",9,0.0,0.0,4,2
746315,2024-05-07,R,2024,Kauffman Stadium,Kansas City Royals,Milwaukee Brewers,5.0,6.0,607625.0,607067.0,Emil Jimenez,Todd Tichenor,"77 degrees, Clear.","14 mph, R To L.",6:40 PM.,"14,657.",9,0.0,0.0,4,2
745186,2024-05-07,R,2024,Busch Stadium,St. Louis Cardinals,New York Mets,5.0,7.0,571945.0,676130.0,Dan Merzel,Stu Scheurwater,"84 degrees, Clear.","10 mph, Out To RF.",6:46 PM.,"32,606.",9,3.0,0.0,3,6
746559,2024-05-07,R,2024,Coors Field,Colorado Rockies,San Francisco Giants,0.0,5.0,641712.0,690986.0,Manny Gonzalez,Nestor Ceja,"50 degrees, Partly Cloudy.","10 mph, L To R.",6:40 PM.,"21,259.",9,0.0,0.0,0,4
746147,2024-05-07,R,2024,Dodger Stadium,Los Angeles Dodgers,Miami Marlins,8.0,2.0,808967.0,665795.0,Roberto Ortiz,Alfonso Márquez,"66 degrees, Clear.","7 mph, Out To RF.",7:10 PM.,"51,496.",9,4.0,1.0,8,1
745507,2024-05-08,R,2024,PNC Park,Pittsburgh Pirates,Los Angeles Angels,4.0,5.0,527048.0,667755.0,Jonathan Parra,John Libka,"75 degrees, Sunny.","11 mph, Out To LF.",12:38 PM.,"15,213.",9,0.0,0.0,4,2
745584,2024-05-08,R,2024,Citizens Bank Park,Philadelphia Phillies,Toronto Blue Jays,3.0,5.0,605400.0,605135.0,Mike Muchlinski,Jansen Visconti,"82 degrees, Partly Cloudy.","11 mph, Out To RF.",1:07 PM.,"34,681.",9,0.0,0.0,1,1
746640,2024-05-08,R,2024,Progressive Field,Cleveland Guardians,Detroit Tigers,5.0,4.0,676440.0,681857.0,Quinn Wolcott,Junior Valentine,"72 degrees, Sunny.","16 mph, L To R.",1:11 PM.,"20,788.",10,0.0,0.0,2,4
746312,2024-05-08,R,2024,Kauffman Stadium,Kansas City Royals,Milwaukee Brewers,6.0,4.0,663903.0,605452.0,Todd Tichenor,Angel Hernandez,"67 degrees, Partly Cloudy.","8 mph, R To L.",1:10 PM.,"22,430.",9,2.0,1.0,2,1
746879,2024-05-08,R,2024,Wrigley Field,Chicago Cubs,San Diego Padres,0.0,3.0,669713.0,656302.0,Malachi Moore,John Bacon,"77 degrees, Sunny.","8 mph, R To L.",1:20 PM.,"30,138.",9,0.0,1.0,0,3
746151,2024-05-08,R,2024,Dodger Stadium,Los Angeles Dodgers,Miami Marlins,3.0,1.0,694813.0,677960.0,Alfonso Márquez,Lance Barrett,"70 degrees, Sunny.","4 mph, R To L.",12:10 PM.,"40,702.",9,1.0,0.0,1,1
745664,2024-05-08,R,2024,Oakland Coliseum,Oakland Athletics,Texas Rangers,9.0,4.0,676664.0,547179.0,Tripp Gibson,Jeremy Riggs,"75 degrees, Sunny.","15 mph, Out To RF.",12:37 PM.,,9,0.0,1.0,5,4
745659,2024-05-08,R,2024,Oakland Coliseum,Oakland Athletics,Texas Rangers,11.0,12.0,674370.0,683004.0,Laz Diaz,Mike Estabrook,"79 degrees, Clear.","16 mph, Out To RF.",3:35 PM.,"8,230.",9,0.0,0.0,6,7
746717,2024-05-08,R,2024,Great American Ball Park,Cincinnati Reds,Arizona Diamondbacks,3.0,4.0,668933.0,656756.0,Adam Hamari,Edwin Moscoso,"77 degrees, Cloudy.","5 mph, In From RF.",6:42 PM.,"15,660.",9,0.0,0.0,2,2
744858,2024-05-08,R,2024,Nationals Park,Washington Nationals,Baltimore Orioles,6.0,7.0,680730.0,680694.0,Dan Bellino,Tom Hanahan,"84 degrees, Partly Cloudy.","3 mph, Out To RF.",6:45 PM.,"34,078.",12,0.0,0.0,1,1
745097,2024-05-08,R,2024,Tropicana Field,Tampa Bay Rays,Chicago White Sox,1.0,4.0,650644.0,623167.0,Carlos Torres,Charlie Ramos,"72 degrees, Dome.","0 mph, None.",6:50 PM.,"12,877.",9,0.0,0.0,1,2
745749,2024-05-08,R,2024,Yankee Stadium,New York Yankees,Houston Astros,9.0,4.0,607074.0,681293.0,Brian O'Nora,Derek Thomas,"83 degrees, Partly Cloudy.","16 mph, Out To RF.",7:08 PM.,"37,660.",9,2.0,1.0,5,1
747127,2024-05-08,R,2024,Truist Park,Atlanta Braves,Boston Red Sox,5.0,0.0,519242.0,601713.0,Alan Porter,Sean Barber,"84 degrees, Partly Cloudy.","3 mph, Out To LF.",7:22 PM.,"37,015.",9,4.0,0.0,5,0
745906,2024-05-08,R,2024,Target Field,Minnesota Twins,Seattle Mariners,6.0,3.0,663978.0,669923.0,David Rackley,Nate Tomlinson,"75 degrees, Partly Cloudy.","4 mph, In From LF.",6:41 PM.,"15,685.",9,2.0,0.0,4,1
746562,2024-05-08,R,2024,Coors Field,Colorado Rockies,San Francisco Giants,6.0,8.0,663567.0,663855.0,Nestor Ceja,Alex MacKay,"56 degrees, Partly Cloudy.","16 mph, In From LF.",6:41 PM.,"20,532.",9,0.0,0.0,3,7
745184,2024-05-08,R,2024,Busch Stadium,St. Louis Cardinals,New York Mets,,,669467.0,640455.0,Manny Gonzalez,Todd Tichenor,"94 degrees, Partly Cloudy.","3 mph, R To L.",4:17 PM.,"34,881.",9,0.0,0.0,0,5
746715,2024-05-09,R,2024,Great American Ball Park,Cincinnati Reds,Arizona Diamondbacks,4.0,5.0,668881.0,677944.0,Edwin Moscoso,D.J. Reyburn,"71 degrees, Overcast.","7 mph, R To L.",1:11 PM.,"18,214.",9,0.0,1.0,1,1
745910,2024-05-09,R,2024,Target Field,Minnesota Twins,Seattle Mariners,11.0,1.0,641154.0,669302.0,Nate Tomlinson,Chris Segal,"63 degrees, Partly Cloudy.","10 mph, In From LF.",12:11 PM.,"22,154.",9,5.0,0.0,9,1
746563,2024-05-09,R,2024,Coors Field,Colorado Rockies,San Francisco Giants,9.0,1.0,615698.0,676775.0,Alex MacKay,Cory Blaser,"51 degrees, Cloudy.","4 mph, R To L.",1:09 PM.,"23,870.",9,0.0,0.0,7,1
745748,2024-05-09,R,2024,Yankee Stadium,New York Yankees,Houston Astros,3.0,4.0,573186.0,669854.0,Derek Thomas,Chris Conroy,"66 degrees, Overcast.","9 mph, L To R.",5:07 PM.,"38,095.",9,0.0,3.0,2,4
746802,2024-05-09,R,2024,Guaranteed Rate Field,Chicago White Sox,Cleveland Guardians,3.0,2.0,607200.0,594902.0,Angel Hernandez,Doug Eddings,"53 degrees, Drizzle.","12 mph, L To R.",7:24 PM.,"10,495.",9,1.0,0.0,3,0
745995,2024-05-09,R,2024,American Family Field,Milwaukee Brewers,St. Louis Cardinals,7.0,1.0,668964.0,543243.0,Sean Barber,Edwin Jimenez,"67 degrees, Roof Closed.","0 mph, None.",6:40 PM.,"25,031.",9,3.0,0.0,6,1
746241,2024-05-09,R,2024,Angel Stadium,Los Angeles Angels,Kansas City Royals,4.0,10.0,672282.0,608379.0,Stu Scheurwater,Mark Ripperger,"67 degrees, Clear.","11 mph, Out To CF.",6:38 PM.,"23,568.",9,0.0,0.0,0,6
746479,2024-05-10,R,2024,Comerica Park,Detroit Tigers,Houston Astros,2.0,5.0,663554.0,664285.0,Vic Carapazza,Adam Hamari,"66 degrees, Partly Cloudy.","7 mph, Out To CF.",6:40 PM.,"21,215.",9,0.0,0.0,2,0
745506,2024-05-10,R,2024,PNC Park,Pittsburgh Pirates,Chicago Cubs,2.0,7.0,683003.0,665871.0,Jansen Visconti,Paul Clemons,"59 degrees, Cloudy.","5 mph, Out To RF.",7:35 PM.,"16,454.",9,2.0,1.0,2,2
745094,2024-05-10,R,2024,Tropicana Field,Tampa Bay Rays,New York Yankees,0.0,2.0,671737.0,657376.0,Junior Valentine,Ramon De Jesus,"72 degrees, Dome.","0 mph, None.",6:50 PM.,"18,041.",9,0.0,0.0,0,1
747043,2024-05-10,R,2024,Oriole Park at Camden Yards,Baltimore Orioles,Arizona Diamondbacks,4.0,2.0,608344.0,694297.0,John Bacon,Chad Whitson,"55 degrees, Overcast.","5 mph, In From CF.",7:07 PM.,"27,703.",9,0.0,0.0,3,1
744940,2024-05-10,R,2024,Rogers Centre,Toronto Blue Jays,Minnesota Twins,2.0,3.0,579328.0,657746.0,Tom Hanahan,Phil Cuzzi,"68 degrees, Roof Closed.","0 mph, None.",7:08 PM.,"34,205.",9,0.0,1.0,1,2
746964,2024-05-10,R,2024,Fenway Park,Boston Red Sox,Washington Nationals,1.0,5.0,656557.0,571578.0,Chris Conroy,Brennan Miller,"51 degrees, Clear.","5 mph, In From RF.",7:12 PM.,"31,313.",9,0.0,0.0,1,3
745827,2024-05-10,R,2024,Citi Field,New York Mets,Atlanta Braves,2.0,4.0,500779.0,450203.0,John Libka,James Hoye,"51 degrees, Drizzle.","6 mph, In From RF.",8:05 PM.,"23,355.",9,0.0,0.0,0,4
746071,2024-05-10,R,2024,loanDepot park,Miami Marlins,Philadelphia Phillies,2.0,8.0,669432.0,624133.0,Cory Blaser,Manny Gonzalez,"72 degrees, Roof Closed.","0 mph, None.",7:10 PM.,"15,119.",9,0.0,0.0,0,6
746801,2024-05-10,R,2024,Guaranteed Rate Field,Chicago White Sox,Cleveland Guardians,6.0,3.0,676979.0,471911.0,Doug Eddings,Scott Barry,"67 degrees, Partly Cloudy.","10 mph, R To L.",6:40 PM.,"17,319.",9,0.0,0.0,3,0
745993,2024-05-10,R,2024,American Family Field,Milwaukee Brewers,St. Louis Cardinals,11.0,2.0,688107.0,458681.0,Edwin Jimenez,Jim Wolf,"68 degrees, Roof Closed.","0 mph, None.",7:10 PM.,"30,104.",9,0.0,0.0,7,0
746553,2024-05-10,R,2024,Coors Field,Colorado Rockies,Texas Rangers,4.0,2.0,596295.0,592351.0,Charlie Ramos,Chad Fairchild,"56 degrees, Partly Cloudy.","3 mph, L To R.",6:40 PM.,"32,693.",9,0.0,0.0,1,0
746240,2024-05-10,R,2024,Angel Stadium,Los Angeles Angels,Kansas City Royals,1.0,2.0,656288.0,679525.0,Mark Ripperger,Jordan Baker,"66 degrees, Partly Cloudy.","6 mph, Out To CF.",6:38 PM.,"29,126.",9,0.0,0.0,1,0
745421,2024-05-10,R,2024,Petco Park,San Diego Padres,Los Angeles Dodgers,2.0,1.0,650633.0,607192.0,Mike Estabrook,Erich Bacchus,"64 degrees, Partly Cloudy.","7 mph, L To R.",6:42 PM.,"43,388.",9,0.0,0.0,1,0
745264,2024-05-10,R,2024,T-Mobile Park,Seattle Mariners,Oakland Athletics,8.0,1.0,693433.0,621112.0,Lance Barrett,Roberto Ortiz,"77 degrees, Clear.","4 mph, L To R.",6:40 PM.,"39,743.",9,0.0,0.0,7,0
745340,2024-05-10,R,2024,Oracle Park,San Francisco Giants,Cincinnati Reds,2.0,4.0,657277.0,671096.0,Chris Segal,Larry Vanover,"64 degrees, Clear.","11 mph, Out To CF.",7:15 PM.,"32,867.",9,1.0,1.0,2,3
744943,2024-05-11,R,2024,Rogers Centre,Toronto Blue Jays,Minnesota Twins,10.0,8.0,592332.0,680573.0,Phil Cuzzi,Alex Tosi,"68 degrees, Roof Closed.","0 mph, None.",3:07 PM.,"35,069.",9,0.0,3.0,6,8
747041,2024-05-11,R,2024,Oriole Park at Camden Yards,Baltimore Orioles,Arizona Diamondbacks,5.0,4.0,607644.0,669194.0,Chad Whitson,Bill Miller,"70 degrees, Partly Cloudy.","3 mph, Out To LF.",4:05 PM.,"27,882.",11,0.0,0.0,3,4
745505,2024-05-11,R,2024,PNC Park,Pittsburgh Pirates,Chicago Cubs,10.0,9.0,694973.0,657006.0,Paul Clemons,Andy Fletcher,"55 degrees, Cloudy.","9 mph, Out To CF.",4:07 PM.,"34,924.",9,0.0,0.0,9,8
746963,2024-05-11,R,2024,Fenway Park,Boston Red Sox,Washington Nationals,4.0,2.0,681867.0,663623.0,Brennan Miller,Brian O'Nora,"54 degrees, Sunny.","4 mph, In From RF.",4:10 PM.,"30,995.",9,0.0,0.0,2,2
745828,2024-05-11,R,2024,Citi Field,New York Mets,Atlanta Braves,1.0,4.0,681035.0,608331.0,James Hoye,Rob Drake,"59 degrees, Sunny.","10 mph, Out To LF.",4:10 PM.,"38,919.",9,0.0,0.0,0,3
746069,2024-05-11,R,2024,loanDepot park,Miami Marlins,Philadelphia Phillies,3.0,8.0,666200.0,592836.0,Manny Gonzalez,Jeremy Riggs,"72 degrees, Roof Closed.","0 mph, None.",4:10 PM.,"13,210.",9,0.0,0.0,1,0
745096,2024-05-11,R,2024,Tropicana Field,Tampa Bay Rays,New York Yankees,7.0,2.0,641793.0,641482.0,Ramon De Jesus,Adrian Johnson,"72 degrees, Dome.","0 mph, None.",4:10 PM.,"21,308.",9,1.0,0.0,4,2
746480,2024-05-11,R,2024,Comerica Park,Detroit Tigers,Houston Astros,8.0,2.0,669373.0,664299.0,Adam Hamari,Brian Walsh,"57 degrees, Overcast.","18 mph, Out To LF.",6:10 PM.,"27,140.",9,0.0,0.0,8,2
746797,2024-05-11,R,2024,Guaranteed Rate Field,Chicago White Sox,Cleveland Guardians,3.0,1.0,605182.0,663474.0,Scott Barry,Nic Lentz,"58 degrees, Clear.","8 mph, In From CF.",6:10 PM.,"26,152.",9,0.0,0.0,2,1
745344,2024-05-11,R,2024,Oracle Park,San Francisco Giants,Cincinnati Reds,5.0,1.0,696131.0,666157.0,Larry Vanover,David Rackley,"66 degrees, Sunny.","16 mph, Out To CF.",4:16 PM.,"37,321.",9,4.0,0.0,4,1
745994,2024-05-11,R,2024,American Family Field,Milwaukee Brewers,St. Louis Cardinals,5.0,3.0,642547.0,502043.0,Jim Wolf,Alan Porter,"68 degrees, Roof Closed.","0 mph, None.",6:15 PM.,"34,028.",9,0.0,0.0,1,2
746554,2024-05-11,R,2024,Coors Field,Colorado Rockies,Texas Rangers,8.0,3.0,663372.0,571760.0,Chad Fairchild,Ryan Wills,"64 degrees, Cloudy.","7 mph, In From LF.",6:10 PM.,"37,527.",9,0.0,0.0,1,2
745422,2024-05-11,R,2024,Petco Park,San Diego Padres,Los Angeles Dodgers,0.0,5.0,663362.0,572020.0,Erich Bacchus,Tripp Gibson,"63 degrees, Cloudy.","10 mph, L To R.",5:41 PM.,"46,701.",9,0.0,1.0,0,1
746232,2024-05-11,R,2024,Angel Stadium,Los Angeles Angels,Kansas City Royals,9.0,3.0,542881.0,666142.0,Jordan Baker,Dan Merzel,"67 degrees, Clear.","10 mph, R To L.",6:38 PM.,"31,593.",9,0.0,1.0,5,1
745262,2024-05-11,R,2024,T-Mobile Park,Seattle Mariners,Oakland Athletics,1.0,8.0,682243.0,683155.0,Roberto Ortiz,Alex MacKay,"76 degrees, Clear.","2 mph, Out To RF.",6:41 PM.,"32,398.",9,0.0,0.0,1,2
747042,2024-05-12,R,2024,Oriole Park at Camden Yards,Baltimore Orioles,Arizona Diamondbacks,2.0,9.0,665152.0,668678.0,Bill Miller,Malachi Moore,"68 degrees, Cloudy.","11 mph, L To R.",1:37 PM.,"31,448.",9,0.0,0.0,1,3
746965,2024-05-12,R,2024,Fenway Park,Boston Red Sox,Washington Nationals,3.0,2.0,678394.0,669022.0,Brian O'Nora,Derek Thomas,"61 degrees, Partly Cloudy.","2 mph, Out To CF.",1:37 PM.,"29,250.",9,0.0,0.0,3,2
745499,2024-05-12,R,2024,PNC Park,Pittsburgh Pirates,Chicago Cubs,4.0,5.0,663559.0,543294.0,Andy Fletcher,Mike Muchlinski,"59 degrees, Overcast.","9 mph, Out To CF.",1:36 PM.,"18,554.",10,0.0,2.0,1,2
744941,2024-05-12,R,2024,Rogers Centre,Toronto Blue Jays,Minnesota Twins,1.0,5.0,666201.0,641927.0,Alex Tosi,Dan Bellino,"60 degrees, Partly Cloudy.","9 mph, In From LF.",1:38 PM.,"32,200.",9,0.0,0.0,0,0
746476,2024-05-12,R,2024,Comerica Park,Detroit Tigers,Houston Astros,3.0,9.0,656427.0,434378.0,Brian Walsh,Edwin Moscoso,"66 degrees, Sunny.","4 mph, R To L.",1:41 PM.,"27,004.",9,0.0,0.0,0,0
746068,2024-05-12,R,2024,loanDepot park,Miami Marlins,Philadelphia Phillies,7.0,6.0,666129.0,554430.0,Jeremy Riggs,Nestor Ceja,"72 degrees, Roof Closed.","0 mph, None.",1:41 PM.,"13,001.",10,0.0,3.0,6,3
745092,2024-05-12,R,2024,Tropicana Field,Tampa Bay Rays,New York Yankees,6.0,10.0,641302.0,661563.0,Adrian Johnson,Quinn Wolcott,"72 degrees, Dome.","0 mph, None.",1:40 PM.,"20,694.",9,0.0,1.0,0,6
746798,2024-05-12,R,2024,Guaranteed Rate Field,Chicago White Sox,Cleveland Guardians,0.0,7.0,647336.0,671106.0,Nic Lentz,Jacob Metz,"78 degrees, Sunny.","6 mph, In From RF.",1:10 PM.,"15,529.",9,0.0,0.0,0,4
745990,2024-05-12,R,2024,American Family Field,Milwaukee Brewers,St. Louis Cardinals,3.0,4.0,669060.0,571945.0,Alan Porter,Sean Barber,"77 degrees, Partly Cloudy.","11 mph, R To L.",1:10 PM.,"36,865.",9,3.0,0.0,3,2
746555,2024-05-12,R,2024,Coors Field,Colorado Rockies,Texas Rangers,3.0,1.0,621389.0,570632.0,Ryan Wills,Carlos Torres,"52 degrees, Partly Cloudy.","5 mph, L To R.",1:40 PM.,"35,107.",9,2.0,1.0,2,1
745345,2024-05-12,R,2024,Oracle Park,San Francisco Giants,Cincinnati Reds,6.0,5.0,690986.0,593423.0,David Rackley,Nate Tomlinson,"57 degrees, Partly Cloudy.","13 mph, Out To CF.",1:06 PM.,"36,210.",10,0.0,3.0,5,3
746234,2024-05-12,R,2024,Angel Stadium,Los Angeles Angels,Kansas City Royals,2.0,4.0,663776.0,607625.0,Dan Merzel,Stu Scheurwater,"73 degrees, Sunny.","6 mph, L To R.",1:07 PM.,"27,723.",9,0.0,0.0,0,4
745419,2024-05-12,R,2024,Petco Park,San Diego Padres,Los Angeles Dodgers,4.0,0.0,506433.0,621111.0,Tripp Gibson,Laz Diaz,"67 degrees, Sunny.","8 mph, L To R.",1:10 PM.,"43,881.",9,2.0,0.0,4,0
745255,2024-05-12,R,2024,T-Mobile Park,Seattle Mariners,Oakland Athletics,8.0,4.0,622491.0,622072.0,Alex MacKay,Alfonso Márquez,"65 degrees, Sunny.","1 mph, In From LF.",1:11 PM.,"41,609.",9,1.0,0.0,7,1
745825,2024-05-12,R,2024,Citi Field,New York Mets,Atlanta Braves,4.0,3.0,622663.0,693821.0,Rob Drake,D.J. Reyburn,"54 degrees, Partly Cloudy.","6 mph, Out To LF.",7:10 PM.,"18,944.",9,0.0,0.0,1,1
747040,2024-05-13,R,2024,Oriole Park at Camden Yards,Baltimore Orioles,Toronto Blue Jays,2.0,3.0,669203.0,621244.0,Chris Conroy,Chad Fairchild,"75 degrees, Partly Cloudy.","9 mph, Out To LF.",6:36 PM.,"24,358.",10,0.0,0.0,1,0
746471,2024-05-13,R,2024,Comerica Park,Detroit Tigers,Miami Marlins,6.0,5.0,666159.0,664350.0,Dan Iassogna,Ben May,"80 degrees, Partly Cloudy.","16 mph, Out To CF.",6:40 PM.,"12,901.",9,0.0,0.0,3,3
746961,2024-05-13,R,2024,Fenway Park,Boston Red Sox,Tampa Bay Rays,3.0,5.0,676710.0,621107.0,Tony Randazzo,Tom Hanahan,"64 degrees, Partly Cloudy.","9 mph, Out To CF.",7:12 PM.,"28,663.",9,3.0,3.0,3,4
745826,2024-05-13,R,2024,Citi Field,New York Mets,Philadelphia Phillies,4.0,5.0,640455.0,650911.0,Gabe Morales,Ryan Additon,"61 degrees, Partly Cloudy.","10 mph, Out To RF.",7:11 PM.,"28,086.",10,0.0,0.0,3,1
747128,2024-05-13,R,2024,Truist Park,Atlanta Braves,Chicago Cubs,2.0,0.0,625643.0,684007.0,Quinn Wolcott,Junior Valentine,"65 degrees, Cloudy.","11 mph, L To R.",7:20 PM.,"34,582.",9,0.0,0.0,0,0
745991,2024-05-13,R,2024,American Family Field,Milwaukee Brewers,Pittsburgh Pirates,6.0,8.0,607067.0,656605.0,Malachi Moore,Doug Eddings,"71 degrees, Roof Closed.","0 mph, None.",6:40 PM.,"18,305.",9,0.0,2.0,0,3
745019,2024-05-13,R,2024,Globe Life Field,Texas Rangers,Cleveland Guardians,0.0,7.0,547179.0,676440.0,Mark Wegner,Bruce Dreckman,"74 degrees, Roof Closed.","0 mph, None.",7:07 PM.,"27,100.",9,0.0,0.0,0,0
746393,2024-05-13,R,2024,Minute Maid Park,Houston Astros,Oakland Athletics,9.0,2.0,681293.0,548389.0,Laz Diaz,Mike Estabrook,"73 degrees, Roof Closed.","0 mph, None.",7:10 PM.,"26,225.",9,0.0,0.0,3,2
746233,2024-05-13,R,2024,Angel Stadium,Los Angeles Angels,St. Louis Cardinals,5.0,10.0,667755.0,669461.0,Nate Tomlinson,Chris Segal,"65 degrees, Clear.","8 mph, Out To CF.",6:38 PM.,"22,814.",9,0.0,0.0,4,0
747204,2024-05-13,R,2024,Chase Field,Arizona Diamondbacks,Cincinnati Reds,6.0,5.0,656756.0,668933.0,Mark Carlson,Stu Scheurwater,"78 degrees, Roof Closed.","0 mph, None.",6:40 PM.,"18,017.",9,0.0,0.0,3,2
745420,2024-05-13,R,2024,Petco Park,San Diego Padres,Colorado Rockies,4.0,5.0,681190.0,641712.0,Alfonso Márquez,Lance Barrett,"62 degrees, Partly Cloudy.","9 mph, L To R.",6:41 PM.,"34,458.",9,0.0,0.0,1,5
745256,2024-05-13,R,2024,T-Mobile Park,Seattle Mariners,Kansas City Royals,6.0,2.0,669923.0,663903.0,Sean Barber,Edwin Jimenez,"61 degrees, Cloudy.","1 mph, Calm.",6:41 PM.,"14,984.",9,0.0,0.0,4,0
745343,2024-05-13,R,2024,Oracle Park,San Francisco Giants,Los Angeles Dodgers,4.0,6.0,663855.0,808967.0,Marvin Hudson,Nick Mahrley,"59 degrees, Partly Cloudy.","17 mph, Out To CF.",6:46 PM.,"35,033.",10,0.0,1.0,3,2
746799,2024-05-13,R,2024,Guaranteed Rate Field,Chicago White Sox,Washington Nationals,,,607200.0,680730.0,Cory Blaser,Manny Gonzalez,"55 degrees, Cloudy.","15 mph, Out To RF.",7:04 PM.,"11,138.",9,0.0,0.0,3,0
745821,2024-05-14,R,2024,Citi Field,New York Mets,Philadelphia Phillies,0.0,4.0,676130.0,605400.0,Ryan Additon,Brian Knight,"71 degrees, Cloudy.","9 mph, Out To LF.",1:11 PM.,"30,047.",9,0.0,0.0,0,2
746796,2024-05-14,R,2024,Guaranteed Rate Field,Chicago White Sox,Washington Nationals,3.0,6.0,623167.0,592866.0,Nestor Ceja,Charlie Ramos,"55 degrees, Cloudy.","17 mph, Out To RF.",3:40 PM.,,9,0.0,0.0,3,3
746799,2024-05-14,R,2024,Guaranteed Rate Field,Chicago White Sox,Washington Nationals,4.0,0.0,607200.0,680730.0,Cory Blaser,Manny Gonzalez,"55 degrees, Cloudy.","15 mph, Out To RF.",7:04 PM.,"11,138.",9,0.0,0.0,3,0
746473,2024-05-14,R,2024,Comerica Park,Detroit Tigers,Miami Marlins,0.0,1.0,681857.0,677960.0,Ben May,CB Bucknor,"68 degrees, Partly Cloudy.","12 mph, L To R.",6:40 PM.,"16,498.",10,0.0,0.0,0,0
746962,2024-05-14,R,2024,Fenway Park,Boston Red Sox,Tampa Bay Rays,5.0,4.0,601713.0,650644.0,Tom Hanahan,Phil Cuzzi,"69 degrees, Clear.","7 mph, Out To CF.",7:11 PM.,"32,893.",12,0.0,1.0,3,1
747124,2024-05-14,R,2024,Truist Park,Atlanta Braves,Chicago Cubs,7.0,0.0,519242.0,592791.0,Junior Valentine,Ramon De Jesus,"75 degrees, Partly Cloudy.","7 mph, Varies.",7:22 PM.,"37,357.",9,1.0,0.0,7,0
745909,2024-05-14,R,2024,Target Field,Minnesota Twins,New York Yankees,1.0,5.0,663978.0,607074.0,Mike Muchlinski,Jansen Visconti,"71 degrees, Clear.","7 mph, In From CF.",6:42 PM.,"23,805.",9,1.0,0.0,1,5
745989,2024-05-14,R,2024,American Family Field,Milwaukee Brewers,Pittsburgh Pirates,4.0,3.0,605452.0,682990.0,Doug Eddings,Chad Whitson,"67 degrees, Roof Closed.","0 mph, None.",6:41 PM.,"19,532.",9,0.0,0.0,4,2
745014,2024-05-14,R,2024,Globe Life Field,Texas Rangers,Cleveland Guardians,4.0,7.0,683004.0,594902.0,Bruce Dreckman,Jeremie Rehak,"84 degrees, Clear.","4 mph, Out To RF.",7:08 PM.,"33,885.",9,0.0,0.0,3,6
746396,2024-05-14,R,2024,Minute Maid Park,Houston Astros,Oakland Athletics,2.0,1.0,669854.0,676664.0,Mike Estabrook,Erich Bacchus,"73 degrees, Roof Closed.","0 mph, None.",7:10 PM.,"36,178.",10,0.0,0.0,1,0
746235,2024-05-14,R,2024,Angel Stadium,Los Angeles Angels,St. Louis Cardinals,6.0,7.0,672282.0,543243.0,Chris Segal,Larry Vanover,"66 degrees, Clear.","8 mph, Out To CF.",6:38 PM.,"21,490.",9,0.0,0.0,5,5
747205,2024-05-14,R,2024,Chase Field,Arizona Diamondbacks,Cincinnati Reds,2.0,6.0,677944.0,668881.0,Stu Scheurwater,Jordan Baker,"78 degrees, Roof Closed.","0 mph, None.",6:40 PM.,"20,068.",9,0.0,0.0,2,4
745418,2024-05-14,R,2024,Petco Park,San Diego Padres,Colorado Rockies,3.0,6.0,656302.0,615698.0,Lance Barrett,Mark Ripperger,"62 degrees, Cloudy.","9 mph, L To R.",6:40 PM.,"40,134.",9,0.0,0.0,0,1
745257,2024-05-14,R,2024,T-Mobile Park,Seattle Mariners,Kansas City Royals,2.0,4.0,669302.0,608379.0,Edwin Jimenez,Jim Wolf,"67 degrees, Clear.","1 mph, Calm.",6:40 PM.,"20,665.",9,0.0,0.0,1,0
745342,2024-05-14,R,2024,Oracle Park,San Francisco Giants,Los Angeles Dodgers,2.0,10.0,676775.0,694813.0,Nick Mahrley,Hunter Wendelstedt,"56 degrees, Partly Cloudy.","17 mph, Out To CF.",6:46 PM.,"33,575.",9,0.0,0.0,0,5
747039,2024-05-14,R,2024,Oriole Park at Camden Yards,Baltimore Orioles,Toronto Blue Jays,,,700249.0,670102.0,Junior Valentine,Jonathan Parra,"83 degrees, Partly Cloudy.","6 mph, Out To LF.",8:31 PM.,"22,272.",9,1.0,1.0,3,6
747038,2024-05-15,R,2024,Oriole Park at Camden Yards,Baltimore Orioles,Toronto Blue Jays,3.0,2.0,680694.0,579328.0,Chad Fairchild,Brennan Miller,"64 degrees, Cloudy.","6 mph, Out To RF.",12:36 PM.,"29,578.",9,1.0,0.0,1,2
746472,2024-05-15,R,2024,Comerica Park,Detroit Tigers,Miami Marlins,0.0,2.0,663554.0,669432.0,CB Bucknor,Adam Beck,"70 degrees, Cloudy.","8 mph, L To R.",1:10 PM.,"19,806.",9,0.0,2.0,0,2
745992,2024-05-15,R,2024,American Family Field,Milwaukee Brewers,Pittsburgh Pirates,10.0,2.0,688107.0,527048.0,Chad Whitson,Bill Miller,"61 degrees, Sunny.","12 mph, In From LF.",12:10 PM.,"32,848.",9,0.0,0.0,7,1
746795,2024-05-15,R,2024,Guaranteed Rate Field,Chicago White Sox,Washington Nationals,2.0,0.0,676979.0,571578.0,Manny Gonzalez,Todd Tichenor,"60 degrees, Sunny.","14 mph, Out To RF.",1:10 PM.,"11,008.",9,0.0,0.0,1,0
747203,2024-05-15,R,2024,Chase Field,Arizona Diamondbacks,Cincinnati Reds,2.0,1.0,694297.0,671096.0,Jordan Baker,Dan Merzel,"78 degrees, Roof Closed.","0 mph, None.",12:40 PM.,"16,826.",9,0.0,0.0,1,1
745417,2024-05-15,R,2024,Petco Park,San Diego Padres,Colorado Rockies,0.0,8.0,650633.0,596295.0,Mark Ripperger,Roberto Ortiz,"63 degrees, Cloudy.","9 mph, L To R.",1:10 PM.,"33,951.",9,0.0,0.0,0,5
745259,2024-05-15,R,2024,T-Mobile Park,Seattle Mariners,Kansas City Royals,4.0,2.0,693433.0,679525.0,Jim Wolf,Ryan Blakney,"61 degrees, Sunny.","5 mph, Out To RF.",1:10 PM.,"22,233.",9,0.0,0.0,2,0
745582,2024-05-15,R,2024,Citizens Bank Park,Philadelphia Phillies,New York Mets,10.0,5.0,624133.0,664192.0,Brian Knight,Chris Guccione,"61 degrees, Cloudy.","12 mph, In From CF.",6:40 PM.,"37,219.",9,1.0,1.0,5,2
746960,2024-05-15,R,2024,Fenway Park,Boston Red Sox,Tampa Bay Rays,3.0,4.0,656557.0,671737.0,Phil Cuzzi,Alex Tosi,"67 degrees, Overcast.","2 mph, Out To LF.",7:12 PM.,"30,016.",9,1.0,0.0,2,1
747123,2024-05-15,R,2024,Truist Park,Atlanta Braves,Chicago Cubs,1.0,7.0,450203.0,665871.0,Ramon De Jesus,Adrian Johnson,"78 degrees, Partly Cloudy.","5 mph, Out To LF.",7:21 PM.,"36,623.",9,0.0,3.0,0,5
745908,2024-05-15,R,2024,Target Field,Minnesota Twins,New York Yankees,0.0,4.0,641154.0,573186.0,Jansen Visconti,Paul Clemons,"71 degrees, Cloudy.","11 mph, R To L.",6:41 PM.,"22,235.",9,0.0,1.0,0,3
745015,2024-05-15,R,2024,Globe Life Field,Texas Rangers,Cleveland Guardians,4.0,0.0,592351.0,471911.0,Jeremie Rehak,Clint Vondrak,"74 degrees, Roof Closed.","0 mph, Calm.",7:08 PM.,"29,276.",9,0.0,0.0,2,0
746397,2024-05-15,R,2024,Minute Maid Park,Houston Astros,Oakland Athletics,3.0,0.0,664285.0,605156.0,Erich Bacchus,Tripp Gibson,"73 degrees, Roof Closed.","0 mph, None.",7:12 PM.,"28,124.",9,2.0,0.0,3,0
746231,2024-05-15,R,2024,Angel Stadium,Los Angeles Angels,St. Louis Cardinals,7.0,2.0,656288.0,458681.0,Larry Vanover,David Rackley,"68 degrees, Cloudy.","8 mph, Out To CF.",6:08 PM.,"21,961.",9,4.0,0.0,4,0
745341,2024-05-15,R,2024,Oracle Park,San Francisco Giants,Los Angeles Dodgers,4.0,1.0,657277.0,622694.0,Hunter Wendelstedt,John Tumpane,"58 degrees, Partly Cloudy.","15 mph, Out To CF.",6:45 PM.,"36,027.",9,0.0,0.0,2,0
745907,2024-05-16,R,2024,Target Field,Minnesota Twins,New York Yankees,0.0,5.0,657746.0,657376.0,Paul Clemons,Andy Fletcher,"60 degrees, Partly Cloudy.","11 mph, Out To CF.",12:11 PM.,"31,569.",9,0.0,3.0,0,3
745580,2024-05-16,R,2024,Citizens Bank Park,Philadelphia Phillies,New York Mets,5.0,6.0,592836.0,500779.0,Chris Guccione,Gabe Morales,"66 degrees, Cloudy.","10 mph, In From CF.",6:41 PM.,"38,267.",11,0.0,1.0,0,2
746959,2024-05-16,R,2024,Fenway Park,Boston Red Sox,Tampa Bay Rays,5.0,7.0,681867.0,641793.0,Alex Tosi,Tony Randazzo,"60 degrees, Partly Cloudy.","2 mph, In From RF.",7:10 PM.,"31,704.",9,0.0,0.0,4,5
746881,2024-05-16,R,2024,Wrigley Field,Chicago Cubs,Pittsburgh Pirates,4.0,5.0,657006.0,683003.0,Brennan Miller,Brian O'Nora,"69 degrees, Cloudy.","11 mph, Out To LF.",6:39 PM.,"36,202.",9,0.0,2.0,3,4
746391,2024-05-16,R,2024,Minute Maid Park,Houston Astros,Oakland Athletics,8.0,1.0,664299.0,683155.0,Tripp Gibson,Laz Diaz,"73 degrees, Roof Closed.","0 mph, None.",7:11 PM.,"26,377.",9,0.0,0.0,8,0
746150,2024-05-16,R,2024,Dodger Stadium,Los Angeles Dodgers,Cincinnati Reds,2.0,7.0,607192.0,608718.0,Bill Miller,Malachi Moore,"64 degrees, Clear.","5 mph, Out To RF.",7:10 PM.,"53,527.",9,0.0,2.0,0,4
746878,2024-05-17,R,2024,Wrigley Field,Chicago Cubs,Pittsburgh Pirates,3.0,9.0,543294.0,694973.0,Brian O'Nora,Chris Conroy,"77 degrees, Sunny.","6 mph, In From CF.",1:20 PM.,"35,372.",9,0.0,0.0,0,8
745579,2024-05-17,R,2024,Citizens Bank Park,Philadelphia Phillies,Washington Nationals,4.0,2.0,554430.0,663623.0,John Tumpane,Marvin Hudson,"68 degrees, Partly Cloudy.","6 mph, Out To CF.",6:40 PM.,"44,507.",9,1.0,0.0,4,2
747037,2024-05-17,R,2024,Oriole Park at Camden Yards,Baltimore Orioles,Seattle Mariners,9.0,2.0,607644.0,682243.0,Todd Tichenor,Nestor Ceja,"69 degrees, Cloudy.","4 mph, Out To LF.",7:05 PM.,"38,882.",9,5.0,1.0,5,2
745747,2024-05-17,R,2024,Yankee Stadium,New York Yankees,Chicago White Sox,4.0,2.0,641482.0,605182.0,Laz Diaz,Mike Estabrook,"69 degrees, Cloudy.","6 mph, Varies.",7:06 PM.,"46,025.",9,1.0,0.0,3,1
744934,2024-05-17,R,2024,Rogers Centre,Toronto Blue Jays,Tampa Bay Rays,3.0,4.0,605135.0,641302.0,Dan Merzel,Mark Carlson,"68 degrees, Roof Closed.","0 mph, None.",7:08 PM.,"32,640.",9,0.0,0.0,0,0
746641,2024-05-17,R,2024,Progressive Field,Cleveland Guardians,Minnesota Twins,3.0,2.0,663474.0,680573.0,Roberto Ortiz,Alfonso Márquez,"66 degrees, Cloudy.","4 mph, R To L.",7:11 PM.,"30,121.",9,0.0,0.0,0,1
746065,2024-05-17,R,2024,loanDepot park,Miami Marlins,New York Mets,8.0,0.0,666200.0,681035.0,Andy Fletcher,Mike Muchlinski,"72 degrees, Roof Closed.","0 mph, None.",7:10 PM.,"13,555.",9,0.0,0.0,4,0
747122,2024-05-17,R,2024,Truist Park,Atlanta Braves,San Diego Padres,1.0,3.0,608331.0,663362.0,Tony Randazzo,Tom Hanahan,"69 degrees, Cloudy.","6 mph, In From LF.",7:21 PM.,"40,186.",9,1.0,0.0,1,3
746310,2024-05-17,R,2024,Kauffman Stadium,Kansas City Royals,Oakland Athletics,6.0,2.0,666142.0,687765.0,Gabe Morales,Ryan Additon,"78 degrees, Clear.","7 mph, L To R.",6:40 PM.,"24,585.",9,1.0,0.0,1,0
745016,2024-05-17,R,2024,Globe Life Field,Texas Rangers,Los Angeles Angels,3.0,9.0,571760.0,542881.0,Adrian Johnson,Junior Valentine,"81 degrees, Clear.","3 mph, In From LF.",7:07 PM.,"37,922.",9,0.0,0.0,1,6
746388,2024-05-17,R,2024,Minute Maid Park,Houston Astros,Milwaukee Brewers,5.0,4.0,686613.0,642547.0,Adam Beck,Dan Iassogna,"73 degrees, Roof Closed.","0 mph, None.",7:10 PM.,"31,334.",9,0.0,0.0,5,4
745178,2024-05-17,R,2024,Busch Stadium,St. Louis Cardinals,Boston Red Sox,10.0,6.0,502043.0,678394.0,Clint Vondrak,Mark Wegner,"73 degrees, Partly Cloudy.","8 mph, Out To LF.",7:15 PM.,"37,961.",9,2.0,0.0,5,3
747201,2024-05-17,R,2024,Chase Field,Arizona Diamondbacks,Detroit Tigers,0.0,13.0,669194.0,669373.0,David Rackley,Nate Tomlinson,"74 degrees, Roof Closed.","0 mph, None.",6:40 PM.,"25,122.",9,0.0,0.0,0,11
746148,2024-05-17,R,2024,Dodger Stadium,Los Angeles Dodgers,Cincinnati Reds,7.0,3.0,572020.0,593423.0,Malachi Moore,Doug Eddings,"65 degrees, Clear.","7 mph, Out To RF.",7:11 PM.,"46,832.",9,1.0,0.0,3,2
745335,2024-05-17,R,2024,Oracle Park,San Francisco Giants,Colorado Rockies,10.0,5.0,696131.0,663372.0,Quinn Wolcott,Sean Barber,"58 degrees, Partly Cloudy.","14 mph, Out To CF.",7:15 PM.,"32,025.",9,1.0,3.0,6,4
745744,2024-05-18,R,2024,Yankee Stadium,New York Yankees,Chicago White Sox,6.0,1.0,661563.0,641745.0,Mike Estabrook,Erich Bacchus,"67 degrees, Partly Cloudy.","10 mph, In From LF.",1:08 PM.,"43,194.",9,2.0,1.0,6,1
746882,2024-05-18,R,2024,Wrigley Field,Chicago Cubs,Pittsburgh Pirates,1.0,0.0,684007.0,663559.0,Chris Conroy,Charlie Ramos,"82 degrees, Partly Cloudy.","9 mph, R To L.",1:19 PM.,"39,857.",9,0.0,0.0,0,0
744938,2024-05-18,R,2024,Rogers Centre,Toronto Blue Jays,Tampa Bay Rays,4.0,5.0,592332.0,621107.0,Mark Carlson,Stu Scheurwater,"61 degrees, Partly Cloudy.","13 mph, R To L.",3:08 PM.,"34,416.",9,0.0,0.0,4,0
747036,2024-05-18,R,2024,Oriole Park at Camden Yards,Baltimore Orioles,Seattle Mariners,3.0,4.0,680570.0,622491.0,Nestor Ceja,Cory Blaser,"67 degrees, Cloudy.","5 mph, Out To LF.",7:03 PM.,"19,286.",9,0.0,0.0,2,0
745339,2024-05-18,R,2024,Oracle Park,San Francisco Giants,Colorado Rockies,14.0,4.0,690986.0,621389.0,Sean Barber,Edwin Jimenez,"63 degrees, Sunny.","10 mph, Varies.",1:06 PM.,"31,098.",9,3.0,0.0,6,3
746067,2024-05-18,R,2024,loanDepot park,Miami Marlins,New York Mets,10.0,9.0,666129.0,622663.0,Mike Muchlinski,Jansen Visconti,"72 degrees, Roof Closed.","0 mph, None.",4:10 PM.,"15,304.",10,0.0,2.0,2,7
745581,2024-05-18,R,2024,Citizens Bank Park,Philadelphia Phillies,Washington Nationals,4.0,3.0,650911.0,669022.0,Marvin Hudson,Nick Mahrley,"63 degrees, Rain.","3 mph, Out To LF.",6:31 PM.,"43,112.",10,0.0,1.0,1,2
746642,2024-05-18,R,2024,Progressive Field,Cleveland Guardians,Minnesota Twins,11.0,4.0,671106.0,641927.0,Alfonso Márquez,Lance Barrett,"66 degrees, Clear.","9 mph, In From CF.",6:10 PM.,"35,545.",9,2.0,0.0,7,0
746308,2024-05-18,R,2024,Kauffman Stadium,Kansas City Royals,Oakland Athletics,5.0,3.0,607625.0,548389.0,Ryan Additon,Brian Knight,"87 degrees, Clear.","6 mph, R To L.",6:10 PM.,"22,014.",9,2.0,0.0,3,2
746389,2024-05-18,R,2024,Minute Maid Park,Houston Astros,Milwaukee Brewers,2.0,4.0,434378.0,669060.0,Dan Iassogna,Ben May,"73 degrees, Roof Closed.","0 mph, None.",6:11 PM.,"34,212.",9,0.0,0.0,2,4
745177,2024-05-18,R,2024,Busch Stadium,St. Louis Cardinals,Boston Red Sox,7.0,2.0,571945.0,676710.0,Mark Wegner,Bruce Dreckman,"82 degrees, Clear.","3 mph, In From RF.",6:17 PM.,"40,690.",9,0.0,0.0,1,1
745013,2024-05-18,R,2024,Globe Life Field,Texas Rangers,Los Angeles Angels,3.0,2.0,570632.0,663776.0,Junior Valentine,Jeremy Riggs,"74 degrees, Roof Closed.","0 mph, None.",6:15 PM.,"36,457.",13,0.0,0.0,0,1
747202,2024-05-18,R,2024,Chase Field,Arizona Diamondbacks,Detroit Tigers,3.0,8.0,668678.0,656427.0,Nate Tomlinson,Chris Segal,"78 degrees, Roof Closed.","0 mph, None.",5:12 PM.,"35,826.",9,0.0,0.0,0,0
746142,2024-05-18,R,2024,Dodger Stadium,Los Angeles Dodgers,Cincinnati Reds,4.0,0.0,621111.0,668933.0,Doug Eddings,Chad Whitson,"67 degrees, Clear.","6 mph, L To R.",6:10 PM.,"49,239.",9,0.0,0.0,3,0
747121,2024-05-18,R,2024,Truist Park,Atlanta Braves,San Diego Padres,,,519242.0,681190.0,Alex Tosi,Dan Bellino,"82 degrees, Partly Cloudy.","4 mph, L To R.",6:21 PM.,"34,753.",9,1.0,0.0,3,0
745179,2024-05-19,R,2024,Busch Stadium,St. Louis Cardinals,Boston Red Sox,3.0,11.0,669461.0,601713.0,Bruce Dreckman,Jeremie Rehak,"85 degrees, Sunny.","4 mph, Out To LF.",12:07 PM.,"39,316.",9,0.0,1.0,1,7
747035,2024-05-19,R,2024,Oriole Park at Camden Yards,Baltimore Orioles,Seattle Mariners,6.0,3.0,669203.0,669923.0,Cory Blaser,Manny Gonzalez,"70 degrees, Overcast.","1 mph, In From RF.",1:36 PM.,"30,494.",9,2.0,0.0,5,1
745577,2024-05-19,R,2024,Citizens Bank Park,Philadelphia Phillies,Washington Nationals,11.0,5.0,605400.0,592866.0,Nick Mahrley,Hunter Wendelstedt,"74 degrees, Sunny.","7 mph, In From RF.",1:35 PM.,"44,713.",9,0.0,0.0,6,3
745745,2024-05-19,R,2024,Yankee Stadium,New York Yankees,Chicago White Sox,7.0,2.0,607074.0,623167.0,Erich Bacchus,Tripp Gibson,"70 degrees, Partly Cloudy.","9 mph, In From LF.",1:38 PM.,"41,041.",9,0.0,0.0,7,2
744937,2024-05-19,R,2024,Rogers Centre,Toronto Blue Jays,Tampa Bay Rays,5.0,2.0,666201.0,650644.0,Stu Scheurwater,Jordan Baker,"60 degrees, Sunny.","6 mph, Out To CF.",1:38 PM.,"35,840.",9,0.0,0.0,3,0
746636,2024-05-19,R,2024,Progressive Field,Cleveland Guardians,Minnesota Twins,5.0,2.0,676440.0,663978.0,Lance Barrett,Mark Ripperger,"77 degrees, Sunny.","6 mph, In From CF.",1:42 PM.,"25,136.",9,2.0,0.0,2,1
746064,2024-05-19,R,2024,loanDepot park,Miami Marlins,New York Mets,3.0,7.0,664350.0,640455.0,Jansen Visconti,Paul Clemons,"72 degrees, Roof Closed.","0 mph, None.",1:40 PM.,"19,946.",9,0.0,4.0,2,4
746306,2024-05-19,R,2024,Kauffman Stadium,Kansas City Royals,Oakland Athletics,8.0,4.0,663903.0,676664.0,Brian Knight,Chris Guccione,"85 degrees, Sunny.","7 mph, R To L.",1:11 PM.,"20,035.",9,2.0,0.0,4,1
746392,2024-05-19,R,2024,Minute Maid Park,Houston Astros,Milwaukee Brewers,9.0,4.0,681293.0,607067.0,Ben May,CB Bucknor,"73 degrees, Roof Closed.","0 mph, None.",1:09 PM.,"34,045.",9,4.0,1.0,5,1
746880,2024-05-19,R,2024,Wrigley Field,Chicago Cubs,Pittsburgh Pirates,2.0,3.0,592791.0,656605.0,Charlie Ramos,Brennan Miller,"69 degrees, Sunny.","10 mph, In From LF.",1:20 PM.,"39,008.",9,0.0,0.0,1,3
745012,2024-05-19,R,2024,Globe Life Field,Texas Rangers,Los Angeles Angels,1.0,4.0,547179.0,667755.0,Jeremy Riggs,Ramon De Jesus,"74 degrees, Roof Closed.","0 mph, None.",1:37 PM.,"36,009.",9,0.0,0.0,1,0
745336,2024-05-19,R,2024,Oracle Park,San Francisco Giants,Colorado Rockies,4.0,1.0,663855.0,641712.0,Edwin Jimenez,Ryan Blakney,"61 degrees, Sunny.","10 mph, Out To CF.",1:06 PM.,"34,766.",9,0.0,1.0,3,1
747198,2024-05-19,R,2024,Chase Field,Arizona Diamondbacks,Detroit Tigers,6.0,4.0,656756.0,666159.0,Chris Segal,Larry Vanover,"77 degrees, Roof Closed.","0 mph, None.",1:10 PM.,"26,991.",9,2.0,0.0,4,2
746144,2024-05-19,R,2024,Dodger Stadium,Los Angeles Dodgers,Cincinnati Reds,3.0,2.0,689017.0,668881.0,Chad Whitson,Bill Miller,"70 degrees, Partly Cloudy.","6 mph, Out To CF.",1:10 PM.,"52,656.",10,0.0,0.0,2,1
747120,2024-05-19,R,2024,Truist Park,Atlanta Braves,San Diego Padres,1.0,9.0,693821.0,506433.0,Tom Hanahan,Phil Cuzzi,"81 degrees, Partly Cloudy.","5 mph, Out To LF.",7:10 PM.,"39,203.",9,0.0,3.0,0,8
747119,2024-05-20,R,2024,Truist Park,Atlanta Braves,San Diego Padres,5.0,6.0,625643.0,656302.0,Phil Cuzzi,Tom Hanahan,"77 degrees, Sunny.","9 mph, L To R.",12:21 PM.,"35,113.",9,2.0,0.0,5,1
747121,2024-05-20,R,2024,Truist Park,Atlanta Braves,San Diego Padres,3.0,0.0,519242.0,681190.0,Alex Tosi,Dan Bellino,"82 degrees, Partly Cloudy.","4 mph, L To R.",6:21 PM.,"34,753.",9,1.0,0.0,3,0
744935,2024-05-20,R,2024,Rogers Centre,Toronto Blue Jays,Chicago White Sox,9.0,3.0,621244.0,607200.0,CB Bucknor,Adam Beck,"74 degrees, Partly Cloudy.","9 mph, R To L.",3:07 PM.,"36,993.",9,0.0,0.0,4,2
746637,2024-05-20,R,2024,Progressive Field,Cleveland Guardians,New York Mets,3.0,1.0,594902.0,656731.0,Manny Gonzalez,Todd Tichenor,"83 degrees, Partly Cloudy.","4 mph, In From CF.",6:10 PM.,"20,046.",9,2.0,0.0,3,1
746066,2024-05-20,R,2024,loanDepot park,Miami Marlins,Milwaukee Brewers,3.0,2.0,677960.0,605452.0,Mark Ripperger,Roberto Ortiz,"72 degrees, Roof Closed.","0 mph, None.",6:41 PM.,"8,255.",10,0.0,0.0,0,1
744857,2024-05-20,R,2024,Nationals Park,Washington Nationals,Minnesota Twins,12.0,3.0,680730.0,641154.0,Ramon De Jesus,Adrian Johnson,"78 degrees, Partly Cloudy.","4 mph, Out To RF.",6:45 PM.,"16,979.",9,0.0,0.0,7,1
745093,2024-05-20,R,2024,Tropicana Field,Tampa Bay Rays,Boston Red Sox,0.0,5.0,671737.0,656557.0,Edwin Moscoso,Vic Carapazza,"72 degrees, Dome.","0 mph, None.",6:50 PM.,"13,489.",9,0.0,0.0,0,5
745746,2024-05-20,R,2024,Yankee Stadium,New York Yankees,Seattle Mariners,4.0,5.0,573186.0,669302.0,Lance Barksdale,D.J. Reyburn,"68 degrees, Partly Cloudy.","10 mph, R To L.",7:09 PM.,"37,590.",9,2.0,0.0,3,0
746307,2024-05-20,R,2024,Kauffman Stadium,Kansas City Royals,Detroit Tigers,8.0,3.0,608379.0,681857.0,Jeremie Rehak,Clint Vondrak,"81 degrees, Cloudy.","12 mph, R To L.",6:41 PM.,"12,986.",9,0.0,0.0,2,1
745181,2024-05-20,R,2024,Busch Stadium,St. Louis Cardinals,Baltimore Orioles,6.0,3.0,543243.0,665152.0,Laz Diaz,Mike Estabrook,"82 degrees, Cloudy.","9 mph, In From RF.",6:46 PM.,"35,598.",9,0.0,0.0,5,0
746390,2024-05-20,R,2024,Minute Maid Park,Houston Astros,Los Angeles Angels,7.0,9.0,664285.0,672282.0,John Libka,James Hoye,"73 degrees, Roof Closed.","0 mph, None.",7:12 PM.,"29,821.",9,0.0,1.0,6,8
746146,2024-05-20,R,2024,Dodger Stadium,Los Angeles Dodgers,Arizona Diamondbacks,6.0,4.0,808967.0,573009.0,Carlos Torres,Ryan Wills,"62 degrees, Partly Cloudy.","8 mph, Out To RF.",7:10 PM.,"37,634.",9,0.0,0.0,6,1
746633,2024-05-21,R,2024,Progressive Field,Cleveland Guardians,New York Mets,7.0,6.0,675540.0,605288.0,Todd Tichenor,Emil Jimenez,"83 degrees, Partly Cloudy.","4 mph, In From CF.",6:11 PM.,"20,977.",9,0.0,0.0,5,2
746716,2024-05-21,R,2024,Great American Ball Park,Cincinnati Reds,San Diego Padres,2.0,0.0,671096.0,605397.0,Hunter Wendelstedt,John Tumpane,"83 degrees, Partly Cloudy.","9 mph, In From RF.",6:41 PM.,"18,996.",9,0.0,0.0,2,0
745503,2024-05-21,R,2024,PNC Park,Pittsburgh Pirates,San Francisco Giants,7.0,6.0,527048.0,657277.0,Dan Bellino,Tony Randazzo,"86 degrees, Partly Cloudy.","10 mph, Out To LF.",6:42 PM.,"12,652.",10,0.0,2.0,2,4
745578,2024-05-21,R,2024,Citizens Bank Park,Philadelphia Phillies,Texas Rangers,5.0,2.0,624133.0,592351.0,Ryan Blakney,Quinn Wolcott,"81 degrees, Partly Cloudy.","11 mph, Out To RF.",6:41 PM.,"41,083.",9,0.0,0.0,2,1
746058,2024-05-21,R,2024,loanDepot park,Miami Marlins,Milwaukee Brewers,5.0,7.0,669432.0,688107.0,Roberto Ortiz,Alfonso Márquez,"72 degrees, Roof Closed.","0 mph, None.",6:41 PM.,"6,799.",9,0.0,1.0,2,4
744860,2024-05-21,R,2024,Nationals Park,Washington Nationals,Minnesota Twins,0.0,10.0,571578.0,657746.0,Adrian Johnson,Junior Valentine,"83 degrees, Partly Cloudy.","4 mph, Out To LF.",6:45 PM.,"23,597.",9,0.0,0.0,0,6
745090,2024-05-21,R,2024,Tropicana Field,Tampa Bay Rays,Boston Red Sox,2.0,5.0,641793.0,681867.0,Vic Carapazza,Adam Hamari,"72 degrees, Dome.","0 mph, None.",6:50 PM.,"12,274.",9,2.0,0.0,2,1
745742,2024-05-21,R,2024,Yankee Stadium,New York Yankees,Seattle Mariners,3.0,6.0,657376.0,693433.0,D.J. Reyburn,Nic Lentz,"76 degrees, Partly Cloudy.","8 mph, Out To LF.",7:09 PM.,"37,257.",9,0.0,0.0,0,2
744936,2024-05-21,R,2024,Rogers Centre,Toronto Blue Jays,Chicago White Sox,0.0,5.0,579328.0,676979.0,Adam Beck,Dan Iassogna,"76 degrees, Clear.","6 mph, Out To RF.",7:06 PM.,"28,176.",9,0.0,0.0,0,3
746309,2024-05-21,R,2024,Kauffman Stadium,Kansas City Royals,Detroit Tigers,10.0,3.0,679525.0,663554.0,Clint Vondrak,Mark Wegner,"75 degrees, Partly Cloudy.","18 mph, L To R.",6:40 PM.,"14,031.",9,2.0,0.0,8,3
746875,2024-05-21,R,2024,Wrigley Field,Chicago Cubs,Atlanta Braves,4.0,3.0,665871.0,450203.0,Chris Guccione,Gabe Morales,"88 degrees, Partly Cloudy.","22 mph, Out To LF.",6:41 PM.,"36,121.",10,0.0,0.0,2,3
745180,2024-05-21,R,2024,Busch Stadium,St. Louis Cardinals,Baltimore Orioles,3.0,1.0,458681.0,680694.0,Mike Estabrook,Charlie Ramos,"86 degrees, Overcast.","21 mph, Out To LF.",6:46 PM.,"32,582.",9,0.0,0.0,1,1
746385,2024-05-21,R,2024,Minute Maid Park,Houston Astros,Los Angeles Angels,6.0,5.0,664299.0,656288.0,James Hoye,Edwin Jimenez,"73 degrees, Roof Closed.","0 mph, None.",7:11 PM.,"30,891.",10,2.0,2.0,2,4
745662,2024-05-21,R,2024,Oakland Coliseum,Oakland Athletics,Colorado Rockies,5.0,4.0,605156.0,615698.0,Bill Miller,Malachi Moore,"72 degrees, Clear.","12 mph, Out To RF.",6:40 PM.,"4,005.",9,0.0,2.0,1,3
746145,2024-05-21,R,2024,Dodger Stadium,Los Angeles Dodgers,Arizona Diamondbacks,3.0,7.0,694813.0,694297.0,Ryan Wills,Chad Fairchild,"67 degrees, Clear.","6 mph, Out To RF.",7:10 PM.,"46,180.",9,0.0,0.0,1,3
745180,2024-05-22,R,2024,Busch Stadium,St. Louis Cardinals,Baltimore Orioles,3.0,1.0,458681.0,680694.0,Mike Estabrook,Charlie Ramos,"86 degrees, Overcast.","21 mph, Out To LF.",6:46 PM.,"32,582.",9,0.0,0.0,1,1
744856,2024-05-22,R,2024,Nationals Park,Washington Nationals,Minnesota Twins,2.0,3.0,663623.0,680573.0,Junior Valentine,Jeremy Riggs,"85 degrees, Sunny.","5 mph, Out To CF.",1:05 PM.,"21,837.",9,0.0,0.0,0,1
746634,2024-05-22,R,2024,Progressive Field,Cleveland Guardians,New York Mets,6.0,3.0,663474.0,500779.0,Emil Jimenez,Cory Blaser,"76 degrees, Overcast.","18 mph, Out To CF.",1:10 PM.,"22,322.",9,0.0,1.0,0,3
745173,2024-05-22,R,2024,Busch Stadium,St. Louis Cardinals,Baltimore Orioles,5.0,4.0,502043.0,607644.0,Charlie Ramos,Erich Bacchus,"76 degrees, Cloudy.","8 mph, Out To CF.",12:46 PM.,"33,324.",9,0.0,0.0,1,3
746386,2024-05-22,R,2024,Minute Maid Park,Houston Astros,Los Angeles Angels,1.0,2.0,686613.0,542881.0,Edwin Jimenez,Rob Drake,"73 degrees, Roof Closed.","0 mph, None.",1:10 PM.,"30,599.",9,0.0,0.0,1,2
746304,2024-05-22,R,2024,Kauffman Stadium,Kansas City Royals,Detroit Tigers,8.0,3.0,666142.0,669373.0,Mark Wegner,Bruce Dreckman,"69 degrees, Sunny.","3 mph, L To R.",1:11 PM.,"15,004.",9,0.0,0.0,4,0
746712,2024-05-22,R,2024,Great American Ball Park,Cincinnati Reds,San Diego Padres,3.0,7.0,607259.0,650633.0,John Tumpane,Marvin Hudson,"81 degrees, Partly Cloudy.","9 mph, Out To LF.",6:42 PM.,"14,255.",9,1.0,1.0,1,5
745502,2024-05-22,R,2024,PNC Park,Pittsburgh Pirates,San Francisco Giants,5.0,9.0,683003.0,605483.0,Tony Randazzo,Tom Hanahan,"82 degrees, Partly Cloudy.","16 mph, Out To CF.",6:42 PM.,"13,830.",10,0.0,0.0,5,1
745576,2024-05-22,R,2024,Citizens Bank Park,Philadelphia Phillies,Texas Rangers,11.0,4.0,592836.0,641540.0,Quinn Wolcott,Sean Barber,"83 degrees, Partly Cloudy.","12 mph, Out To CF.",6:40 PM.,"39,595.",9,0.0,1.0,6,3
746063,2024-05-22,R,2024,loanDepot park,Miami Marlins,Milwaukee Brewers,1.0,0.0,666200.0,642547.0,Alfonso Márquez,Lance Barrett,"72 degrees, Roof Closed.","0 mph, None.",6:40 PM.,"7,792.",9,1.0,0.0,1,0
745089,2024-05-22,R,2024,Tropicana Field,Tampa Bay Rays,Boston Red Sox,5.0,8.0,686752.0,678394.0,Adam Hamari,Brian Walsh,"72 degrees, Dome.","0 mph, None.",6:50 PM.,"13,095.",9,0.0,0.0,3,5
745743,2024-05-22,R,2024,Yankee Stadium,New York Yankees,Seattle Mariners,7.0,3.0,641482.0,682243.0,Nic Lentz,Alex MacKay,"76 degrees, Clear.","11 mph, R To L.",7:09 PM.,"40,224.",9,2.0,0.0,4,0
744933,2024-05-22,R,2024,Rogers Centre,Toronto Blue Jays,Chicago White Sox,9.0,2.0,605135.0,680897.0,Dan Iassogna,Ben May,"69 degrees, Partly Cloudy.","14 mph, Out To LF.",7:08 PM.,"28,670.",9,0.0,0.0,9,0
746876,2024-05-22,R,2024,Wrigley Field,Chicago Cubs,Atlanta Braves,2.0,9.0,657006.0,608331.0,Gabe Morales,Ryan Additon,"75 degrees, Clear.","7 mph, Out To RF.",6:40 PM.,"37,584.",9,0.0,0.0,0,2
745661,2024-05-22,R,2024,Oakland Coliseum,Oakland Athletics,Colorado Rockies,3.0,4.0,687765.0,596295.0,Malachi Moore,Doug Eddings,"64 degrees, Clear.","13 mph, Out To RF.",6:40 PM.,"3,617.",12,0.0,2.0,1,2
746143,2024-05-22,R,2024,Dodger Stadium,Los Angeles Dodgers,Arizona Diamondbacks,0.0,6.0,607192.0,676714.0,Chad Fairchild,Paul Clemons,"62 degrees, Clear.","6 mph, Out To RF.",7:11 PM.,"46,593.",9,0.0,0.0,0,3
745500,2024-05-23,R,2024,PNC Park,Pittsburgh Pirates,San Francisco Giants,6.0,7.0,694973.0,669062.0,Tom Hanahan,Alex Tosi,"75 degrees, Partly Cloudy.","4 mph, Out To CF.",12:37 PM.,"23,162.",9,1.0,0.0,5,1
745741,2024-05-23,R,2024,Yankee Stadium,New York Yankees,Seattle Mariners,5.0,0.0,661563.0,622491.0,Alex MacKay,Lance Barksdale,"71 degrees, Overcast.","6 mph, L To R.",12:38 PM.,"43,121.",9,0.0,0.0,2,0
745573,2024-05-23,R,2024,Citizens Bank Park,Philadelphia Phillies,Texas Rangers,5.0,2.0,554430.0,571760.0,Sean Barber,Alan Porter,"80 degrees, Cloudy.","5 mph, L To R.",1:45 PM.,"42,377.",9,0.0,0.0,4,1
746714,2024-05-23,R,2024,Great American Ball Park,Cincinnati Reds,San Diego Padres,4.0,6.0,593423.0,663362.0,Marvin Hudson,Nick Mahrley,"76 degrees, Partly Cloudy.","7 mph, In From CF.",1:11 PM.,"16,479.",10,1.0,2.0,2,4
746874,2024-05-23,R,2024,Wrigley Field,Chicago Cubs,Atlanta Braves,0.0,3.0,676962.0,700363.0,Ryan Additon,Brian Knight,"75 degrees, Sunny.","8 mph, In From RF.",1:20 PM.,"35,646.",9,0.0,0.0,0,1
745660,2024-05-23,R,2024,Oakland Coliseum,Oakland Athletics,Colorado Rockies,10.0,9.0,683155.0,663372.0,Doug Eddings,Chad Whitson,"65 degrees, Sunny.","7 mph, Out To RF.",12:37 PM.,"6,886.",11,0.0,2.0,0,2
746474,2024-05-23,R,2024,Comerica Park,Detroit Tigers,Toronto Blue Jays,1.0,9.0,656427.0,592332.0,Lance Barrett,Mark Ripperger,"82 degrees, Clear.","12 mph, R To L.",6:40 PM.,"17,049.",9,0.0,0.0,0,1
746792,2024-05-23,R,2024,Guaranteed Rate Field,Chicago White Sox,Baltimore Orioles,6.0,8.0,605182.0,680570.0,Jeremy Riggs,Ramon De Jesus,"73 degrees, Clear.","10 mph, In From LF.",6:41 PM.,"15,843.",9,1.0,0.0,2,5
746475,2024-05-24,R,2024,Comerica Park,Detroit Tigers,Toronto Blue Jays,6.0,2.0,628317.0,666201.0,Mark Ripperger,Roberto Ortiz,"80 degrees, Partly Cloudy.","6 mph, In From LF.",6:41 PM.,"27,160.",9,0.0,0.0,6,0
745501,2024-05-24,R,2024,PNC Park,Pittsburgh Pirates,Atlanta Braves,11.0,5.0,663559.0,678061.0,Nick Mahrley,Hunter Wendelstedt,"85 degrees, Partly Cloudy.","6 mph, Calm.",6:41 PM.,"35,822.",9,2.0,0.0,7,0
744853,2024-05-24,R,2024,Nationals Park,Washington Nationals,Seattle Mariners,6.0,1.0,669022.0,669923.0,Alex Tosi,Dan Bellino,"82 degrees, Partly Cloudy.","3 mph, In From RF.",6:45 PM.,"23,789.",9,0.0,1.0,3,1
745087,2024-05-24,R,2024,Tropicana Field,Tampa Bay Rays,Kansas City Royals,1.0,8.0,542888.0,607625.0,Lance Barksdale,Nic Lentz,"72 degrees, Dome.","0 mph, None.",6:51 PM.,"16,368.",9,1.0,0.0,1,5
746713,2024-05-24,R,2024,Great American Ball Park,Cincinnati Reds,Los Angeles Dodgers,9.0,6.0,668933.0,572020.0,Alan Porter,Ryan Blakney,"80 degrees, Partly Cloudy.","6 mph, In From RF.",7:11 PM.,"40,074.",9,3.0,0.0,9,5
745822,2024-05-24,R,2024,Citi Field,New York Mets,San Francisco Giants,7.0,8.0,681035.0,690986.0,Ben May,CB Bucknor,"80 degrees, Clear.","6 mph, Out To RF.",7:10 PM.,"26,658.",9,1.0,0.0,5,2
745905,2024-05-24,R,2024,Target Field,Minnesota Twins,Texas Rangers,3.0,2.0,641927.0,570632.0,Erich Bacchus,Laz Diaz,"67 degrees, Partly Cloudy.","14 mph, Out To CF.",6:11 PM.,"21,857.",9,0.0,2.0,3,2
746956,2024-05-24,R,2024,Fenway Park,Boston Red Sox,Milwaukee Brewers,2.0,7.0,676710.0,657649.0,Brian Knight,Chris Guccione,"82 degrees, Clear.","8 mph, Out To RF.",7:13 PM.,"30,992.",9,0.0,0.0,1,6
746793,2024-05-24,R,2024,Guaranteed Rate Field,Chicago White Sox,Baltimore Orioles,4.0,6.0,623167.0,669203.0,Ramon De Jesus,Adrian Johnson,"73 degrees, Cloudy.","17 mph, In From RF.",7:21 PM.,"18,831.",9,0.0,0.0,3,4
746558,2024-05-24,R,2024,Coors Field,Colorado Rockies,Philadelphia Phillies,3.0,2.0,621389.0,650911.0,Brian Walsh,Edwin Moscoso,"70 degrees, Cloudy.","10 mph, Out To CF.",6:41 PM.,"35,007.",11,0.0,0.0,1,2
746227,2024-05-24,R,2024,Angel Stadium,Los Angeles Angels,Cleveland Guardians,4.0,10.0,663776.0,671106.0,Paul Clemons,Carlos Torres,"66 degrees, Partly Cloudy.","8 mph, Out To CF.",6:38 PM.,"37,618.",9,1.0,0.0,2,10
745663,2024-05-24,R,2024,Oakland Coliseum,Oakland Athletics,Houston Astros,3.0,6.0,548389.0,434378.0,Bruce Dreckman,Jeremie Rehak,"56 degrees, Cloudy.","18 mph, Out To RF.",6:40 PM.,"9,676.",9,1.0,0.0,2,6
747200,2024-05-24,R,2024,Chase Field,Arizona Diamondbacks,Miami Marlins,0.0,3.0,668678.0,666129.0,Rob Drake,D.J. Reyburn,"78 degrees, Roof Closed.","0 mph, None.",6:41 PM.,"22,642.",9,0.0,0.0,0,3
745415,2024-05-24,R,2024,Petco Park,San Diego Padres,New York Yankees,0.0,8.0,506433.0,607074.0,Chad Whitson,Bill Miller,"64 degrees, Partly Cloudy.","8 mph, L To R.",6:40 PM.,"43,505.",9,0.0,1.0,0,7
745175,2024-05-24,R,2024,Busch Stadium,St. Louis Cardinals,Chicago Cubs,,,502043.0,665871.0,David Arrieta,James Hoye,"89 degrees, Clear.","7 mph, In From RF.",7:16 PM.,"43,827.",9,2.0,0.0,3,4
746470,2024-05-25,R,2024,Comerica Park,Detroit Tigers,Toronto Blue Jays,2.0,1.0,681857.0,621244.0,Roberto Ortiz,Alfonso Márquez,"78 degrees, Partly Cloudy.","10 mph, Out To LF.",1:10 PM.,"35,321.",9,2.0,0.0,2,0
745823,2024-05-25,R,2024,Citi Field,New York Mets,San Francisco Giants,2.0,7.0,622663.0,663855.0,CB Bucknor,Adam Beck,"79 degrees, Sunny.","8 mph, Out To LF.",1:41 PM.,"32,971.",10,0.0,0.0,1,0
745901,2024-05-25,R,2024,Target Field,Minnesota Twins,Texas Rangers,5.0,3.0,663978.0,547179.0,Laz Diaz,Mike Estabrook,"72 degrees, Partly Cloudy.","13 mph, Out To LF.",1:11 PM.,"30,957.",9,1.0,0.0,1,2
746794,2024-05-25,R,2024,Guaranteed Rate Field,Chicago White Sox,Baltimore Orioles,3.0,5.0,607200.0,544150.0,Adrian Johnson,Junior Valentine,"68 degrees, Sunny.","9 mph, In From LF.",1:10 PM.,"22,283.",9,0.0,0.0,3,0
744851,2024-05-25,R,2024,Nationals Park,Washington Nationals,Seattle Mariners,3.0,1.0,592866.0,669302.0,Dan Bellino,Tony Randazzo,"88 degrees, Partly Cloudy.","2 mph, Out To LF.",4:05 PM.,"30,791.",9,0.0,0.0,1,1
745493,2024-05-25,R,2024,PNC Park,Pittsburgh Pirates,Atlanta Braves,4.0,1.0,656605.0,625643.0,Hunter Wendelstedt,John Tumpane,"71 degrees, Cloudy.","9 mph, Out To LF.",4:33 PM.,"31,459.",9,0.0,0.0,3,1
745658,2024-05-25,R,2024,Oakland Coliseum,Oakland Athletics,Houston Astros,3.0,1.0,676664.0,681293.0,Jeremie Rehak,Clint Vondrak,"57 degrees, Cloudy.","13 mph, Out To RF.",1:08 PM.,"10,617.",9,2.0,0.0,2,0
745086,2024-05-25,R,2024,Tropicana Field,Tampa Bay Rays,Kansas City Royals,4.0,7.0,650644.0,663903.0,Nic Lentz,Quinn Wolcott,"72 degrees, Dome.","0 mph, None.",4:10 PM.,"20,309.",11,0.0,0.0,2,2
746958,2024-05-25,R,2024,Fenway Park,Boston Red Sox,Milwaukee Brewers,3.0,6.0,601713.0,657649.0,Chris Guccione,Gabe Morales,"77 degrees, Partly Cloudy.","7 mph, R To L.",4:11 PM.,"34,822.",9,0.0,0.0,0,5
746710,2024-05-25,R,2024,Great American Ball Park,Cincinnati Reds,Los Angeles Dodgers,3.0,1.0,668881.0,621111.0,Ryan Blakney,Dan Merzel,"79 degrees, Partly Cloudy.","5 mph, Out To CF.",7:17 PM.,"41,880.",9,1.0,0.0,2,1
745176,2024-05-25,R,2024,Busch Stadium,St. Louis Cardinals,Chicago Cubs,7.0,6.0,571945.0,592791.0,Cory Blaser,Manny Gonzalez,"81 degrees, Clear.","4 mph, In From CF.",6:16 PM.,"45,071.",9,0.0,0.0,2,3
746556,2024-05-25,R,2024,Coors Field,Colorado Rockies,Philadelphia Phillies,4.0,8.0,641712.0,605400.0,Edwin Moscoso,Vic Carapazza,"68 degrees, Overcast.","8 mph, R To L.",7:10 PM.,"37,535.",9,1.0,1.0,3,2
746226,2024-05-25,R,2024,Angel Stadium,Los Angeles Angels,Cleveland Guardians,3.0,4.0,667755.0,676440.0,Carlos Torres,Ryan Wills,"66 degrees, Partly Cloudy.","9 mph, R To L.",6:39 PM.,"35,861.",9,0.0,0.0,3,4
745411,2024-05-25,R,2024,Petco Park,San Diego Padres,New York Yankees,1.0,4.0,656302.0,573186.0,Bill Miller,Malachi Moore,"61 degrees, Cloudy.","7 mph, L To R.",6:40 PM.,"44,845.",9,0.0,2.0,0,4
747199,2024-05-25,R,2024,Chase Field,Arizona Diamondbacks,Miami Marlins,3.0,2.0,656756.0,664350.0,D.J. Reyburn,John Libka,"89 degrees, Clear.","1 mph, Calm.",7:10 PM.,"31,966.",9,2.0,1.0,3,1
746469,2024-05-26,R,2024,Comerica Park,Detroit Tigers,Toronto Blue Jays,14.0,11.0,663554.0,579328.0,Alfonso Márquez,Lance Barrett,"74 degrees, Partly Cloudy.","10 mph, In From LF.",11:35 AM.,"27,627.",9,0.0,0.0,8,3
746711,2024-05-26,R,2024,Great American Ball Park,Cincinnati Reds,Los Angeles Dodgers,4.0,1.0,608718.0,808967.0,Dan Merzel,Sean Barber,"80 degrees, Cloudy.","11 mph, In From CF.",12:11 PM.,"35,619.",9,0.0,0.0,4,0
744855,2024-05-26,R,2024,Nationals Park,Washington Nationals,Seattle Mariners,5.0,9.0,571578.0,693433.0,Tony Randazzo,Tom Hanahan,"84 degrees, Partly Cloudy.","4 mph, In From CF.",1:35 PM.,"25,935.",9,0.0,0.0,1,4
745498,2024-05-26,R,2024,PNC Park,Pittsburgh Pirates,Atlanta Braves,1.0,8.0,527048.0,519242.0,John Tumpane,Marvin Hudson,"79 degrees, Partly Cloudy.","6 mph, Calm.",1:40 PM.,"27,416.",9,0.0,0.0,1,4
746957,2024-05-26,R,2024,Fenway Park,Boston Red Sox,Milwaukee Brewers,2.0,1.0,656557.0,668964.0,Gabe Morales,Ryan Additon,"81 degrees, Sunny.","3 mph, In From RF.",1:37 PM.,"34,078.",9,0.0,0.0,1,1
745824,2024-05-26,R,2024,Citi Field,New York Mets,San Francisco Giants,4.0,3.0,640455.0,657277.0,Adam Beck,Dan Iassogna,"81 degrees, Sunny.","7 mph, Out To LF.",1:40 PM.,"41,016.",9,0.0,0.0,1,2
745088,2024-05-26,R,2024,Tropicana Field,Tampa Bay Rays,Kansas City Royals,4.0,1.0,671737.0,608379.0,Quinn Wolcott,Alex MacKay,"72 degrees, Dome.","0 mph, None.",1:40 PM.,"20,789.",9,0.0,0.0,0,0
745902,2024-05-26,R,2024,Target Field,Minnesota Twins,Texas Rangers,2.0,6.0,641154.0,642520.0,Mike Estabrook,Charlie Ramos,"68 degrees, Overcast.","9 mph, In From RF.",1:11 PM.,"27,917.",9,0.0,0.0,2,6
746789,2024-05-26,R,2024,Guaranteed Rate Field,Chicago White Sox,Baltimore Orioles,1.0,4.0,676979.0,680694.0,Junior Valentine,Jeremy Riggs,"62 degrees, Overcast.","11 mph, L To R.",2:50 PM.,"14,992.",9,0.0,0.0,0,0
746557,2024-05-26,R,2024,Coors Field,Colorado Rockies,Philadelphia Phillies,5.0,2.0,615698.0,624133.0,Vic Carapazza,Adam Hamari,"66 degrees, Partly Cloudy.","9 mph, L To R.",1:10 PM.,"47,442.",9,2.0,0.0,5,2
746230,2024-05-26,R,2024,Angel Stadium,Los Angeles Angels,Cleveland Guardians,4.0,5.0,672282.0,594902.0,Ryan Wills,Chad Fairchild,"71 degrees, Partly Cloudy.","4 mph, Out To RF.",1:08 PM.,"38,741.",9,0.0,0.0,2,2
745653,2024-05-26,R,2024,Oakland Coliseum,Oakland Athletics,Houston Astros,2.0,5.0,605156.0,669854.0,Clint Vondrak,Mark Wegner,"67 degrees, Sunny.","9 mph, Varies.",1:07 PM.,"10,927.",9,0.0,0.0,0,5
747197,2024-05-26,R,2024,Chase Field,Arizona Diamondbacks,Miami Marlins,1.0,3.0,686796.0,677960.0,John Libka,James Hoye,"74 degrees, Roof Closed.","0 mph, None.",1:10 PM.,"25,723.",9,0.0,0.0,0,0
745413,2024-05-26,R,2024,Petco Park,San Diego Padres,New York Yankees,5.0,2.0,605397.0,657376.0,Malachi Moore,Doug Eddings,"63 degrees, Partly Cloudy.","8 mph, L To R.",1:11 PM.,"45,731.",9,0.0,0.0,0,0
745172,2024-05-26,R,2024,Busch Stadium,St. Louis Cardinals,Chicago Cubs,4.0,3.0,543243.0,665871.0,Manny Gonzalez,Todd Tichenor,"64 degrees, Overcast.","10 mph, R To L.",8:43 PM.,"40,892.",9,0.0,0.0,4,0
747034,2024-05-27,R,2024,Oriole Park at Camden Yards,Baltimore Orioles,Boston Red Sox,11.0,3.0,608344.0,681867.0,Andy Fletcher,Mike Muchlinski,"82 degrees, Overcast.","7 mph, Out To LF.",1:05 PM.,"40,951.",9,0.0,0.0,7,0
745904,2024-05-27,R,2024,Target Field,Minnesota Twins,Kansas City Royals,6.0,5.0,657746.0,679525.0,Jordan Baker,Mark Carlson,"60 degrees, Cloudy.","2 mph, Out To CF.",1:11 PM.,"17,508.",9,0.0,0.0,5,0
746788,2024-05-27,R,2024,Guaranteed Rate Field,Chicago White Sox,Toronto Blue Jays,1.0,5.0,680897.0,605135.0,Marvin Hudson,Nick Mahrley,"66 degrees, Cloudy.","6 mph, Out To CF.",1:11 PM.,"14,993.",9,0.0,0.0,0,3
746549,2024-05-27,R,2024,Coors Field,Colorado Rockies,Cleveland Guardians,8.0,6.0,683627.0,675540.0,Mark Wegner,Bruce Dreckman,"74 degrees, Sunny.","7 mph, R To L.",2:11 PM.,"35,122.",9,0.0,1.0,7,4
746708,2024-05-27,R,2024,Great American Ball Park,Cincinnati Reds,St. Louis Cardinals,3.0,1.0,666157.0,458681.0,Lance Barrett,Mark Ripperger,"78 degrees, Partly Cloudy.","17 mph, Out To LF.",4:11 PM.,"24,797.",9,1.0,1.0,3,1
747118,2024-05-27,R,2024,Truist Park,Atlanta Braves,Washington Nationals,4.0,8.0,450203.0,680730.0,Lance Barksdale,Nic Lentz,"83 degrees, Partly Cloudy.","11 mph, R To L.",4:12 PM.,"38,858.",9,0.0,4.0,0,6
745986,2024-05-27,R,2024,American Family Field,Milwaukee Brewers,Chicago Cubs,5.0,1.0,688107.0,657006.0,Tripp Gibson,Charlie Ramos,"69 degrees, Roof Closed.","0 mph, None.",3:11 PM.,"41,882.",9,0.0,0.0,0,0
745338,2024-05-27,R,2024,Oracle Park,San Francisco Giants,Philadelphia Phillies,8.0,4.0,605483.0,592836.0,James Hoye,Rob Drake,"63 degrees, Sunny.","14 mph, Out To CF.",2:06 PM.,"40,598.",9,0.0,0.0,5,4
745416,2024-05-27,R,2024,Petco Park,San Diego Padres,Miami Marlins,2.0,1.0,650633.0,669432.0,Chad Fairchild,Paul Clemons,"66 degrees, Partly Cloudy.","9 mph, L To R.",3:44 PM.,"38,745.",9,0.0,0.0,1,1
745254,2024-05-27,R,2024,T-Mobile Park,Seattle Mariners,Houston Astros,3.0,2.0,682243.0,664285.0,Larry Vanover,David Rackley,"62 degrees, Partly Cloudy.","4 mph, L To R.",6:42 PM.,"23,814.",9,3.0,0.0,3,2
745816,2024-05-27,R,2024,Citi Field,New York Mets,Los Angeles Dodgers,,,500779.0,694813.0,Ramon De Jesus,Adrian Johnson,"76 degrees, Partly Cloudy.","14 mph, Out To RF.",7:41 PM.,"36,021.",9,0.0,1.0,0,2
745818,2024-05-28,R,2024,Citi Field,New York Mets,Los Angeles Dodgers,2.0,5.0,656731.0,607192.0,Jeremy Riggs,Alex MacKay,"81 degrees, Clear.","14 mph, Out To RF.",4:11 PM.,,10,0.0,0.0,2,0
745816,2024-05-28,R,2024,Citi Field,New York Mets,Los Angeles Dodgers,0.0,3.0,500779.0,694813.0,Ramon De Jesus,Adrian Johnson,"76 degrees, Partly Cloudy.","14 mph, Out To RF.",7:41 PM.,"36,021.",9,0.0,1.0,0,2
747033,2024-05-28,R,2024,Oriole Park at Camden Yards,Baltimore Orioles,Boston Red Sox,3.0,8.0,680570.0,678394.0,Mike Muchlinski,Scott Barry,"77 degrees, Partly Cloudy.","13 mph, Out To RF.",6:37 PM.,"17,970.",9,3.0,2.0,3,4
746709,2024-05-28,R,2024,Great American Ball Park,Cincinnati Reds,St. Louis Cardinals,1.0,7.0,671096.0,502043.0,Mark Ripperger,Roberto Ortiz,"72 degrees, Partly Cloudy.","9 mph, Out To LF.",6:41 PM.,"19,471.",9,0.0,0.0,0,3
745091,2024-05-28,R,2024,Tropicana Field,Tampa Bay Rays,Oakland Athletics,0.0,3.0,641793.0,687765.0,Brennan Miller,Brian O'Nora,"72 degrees, Dome.","0 mph, None.",6:50 PM.,"13,889.",9,0.0,0.0,0,0
747115,2024-05-28,R,2024,Truist Park,Atlanta Braves,Washington Nationals,2.0,0.0,608331.0,663623.0,Nic Lentz,Will Little,"82 degrees, Partly Cloudy.","7 mph, Out To LF.",7:21 PM.,"37,598.",9,0.0,0.0,0,0
745903,2024-05-28,R,2024,Target Field,Minnesota Twins,Kansas City Royals,4.0,2.0,680573.0,666142.0,Mark Carlson,Edwin Jimenez,"65 degrees, Partly Cloudy.","10 mph, L To R.",6:41 PM.,"15,174.",9,2.0,0.0,3,2
746791,2024-05-28,R,2024,Guaranteed Rate Field,Chicago White Sox,Toronto Blue Jays,2.0,7.0,663765.0,592332.0,Nick Mahrley,Hunter Wendelstedt,"61 degrees, Rain.","9 mph, Out To CF.",7:20 PM.,"11,852.",9,0.0,0.0,1,3
745987,2024-05-28,R,2024,American Family Field,Milwaukee Brewers,Chicago Cubs,3.0,6.0,642547.0,676962.0,Charlie Ramos,Erich Bacchus,"69 degrees, Roof Closed.","0 mph, None.",6:40 PM.,"24,076.",10,0.0,0.0,0,1
745017,2024-05-28,R,2024,Globe Life Field,Texas Rangers,Arizona Diamondbacks,4.0,2.0,543135.0,694297.0,Todd Tichenor,Emil Jimenez,"74 degrees, Roof Closed.","0 mph, None.",7:09 PM.,"37,977.",9,0.0,0.0,4,2
746552,2024-05-28,R,2024,Coors Field,Colorado Rockies,Cleveland Guardians,7.0,13.0,663372.0,663474.0,Bruce Dreckman,Jeremie Rehak,"74 degrees, Cloudy.","6 mph, In From LF.",6:41 PM.,"21,009.",9,0.0,2.0,4,7
746229,2024-05-28,R,2024,Angel Stadium,Los Angeles Angels,New York Yankees,4.0,3.0,656288.0,641482.0,Adam Hamari,Brian Walsh,"69 degrees, Clear.","6 mph, Out To CF.",6:39 PM.,"34,894.",9,2.0,1.0,2,3
745258,2024-05-28,R,2024,T-Mobile Park,Seattle Mariners,Houston Astros,4.0,2.0,622491.0,686613.0,David Rackley,Nate Tomlinson,"56 degrees, Cloudy.","5 mph, R To L.",6:41 PM.,"17,701.",9,1.0,0.0,1,2
745412,2024-05-28,R,2024,Petco Park,San Diego Padres,Miami Marlins,4.0,0.0,663362.0,666200.0,Paul Clemons,Carlos Torres,"63 degrees, Partly Cloudy.","8 mph, L To R.",6:40 PM.,"41,032.",9,2.0,0.0,3,0
745337,2024-05-28,R,2024,Oracle Park,San Francisco Giants,Philadelphia Phillies,1.0,0.0,669062.0,554430.0,Rob Drake,D.J. Reyburn,"60 degrees, Clear.","16 mph, Out To CF.",6:46 PM.,"34,655.",10,0.0,0.0,0,0
746468,2024-05-28,R,2024,Comerica Park,Detroit Tigers,Pittsburgh Pirates,,,672456.0,694973.0,Chad Whitson,Bill Miller,"70 degrees, Partly Cloudy.","13 mph, Out To RF.",3:42 PM.,"23,408.",9,0.0,0.0,1,4
746467,2024-05-29,R,2024,Comerica Park,Detroit Tigers,Pittsburgh Pirates,8.0,0.0,669373.0,683003.0,Doug Eddings,Tom Hanahan,"68 degrees, Cloudy.","8 mph, L To R.",12:40 PM.,,9,3.0,0.0,7,0
746468,2024-05-29,R,2024,Comerica Park,Detroit Tigers,Pittsburgh Pirates,2.0,10.0,672456.0,694973.0,Chad Whitson,Bill Miller,"70 degrees, Partly Cloudy.","13 mph, Out To RF.",3:42 PM.,"23,408.",9,0.0,0.0,1,4
746706,2024-05-29,R,2024,Great American Ball Park,Cincinnati Reds,St. Louis Cardinals,3.0,5.0,593423.0,669467.0,Roberto Ortiz,Alfonso Márquez,"66 degrees, Cloudy.","11 mph, Out To CF.",1:12 PM.,"18,713.",9,0.0,0.0,0,3
745011,2024-05-29,R,2024,Globe Life Field,Texas Rangers,Arizona Diamondbacks,6.0,1.0,641540.0,669194.0,Emil Jimenez,Nestor Ceja,"74 degrees, Roof Closed.","0 mph, None.",1:37 PM.,"34,023.",9,0.0,0.0,4,0
745333,2024-05-29,R,2024,Oracle Park,San Francisco Giants,Philadelphia Phillies,1.0,6.0,690986.0,650911.0,D.J. Reyburn,John Libka,"65 degrees, Sunny.","7 mph, Out To CF.",12:46 PM.,"31,763.",9,0.0,1.0,0,4
745817,2024-05-29,R,2024,Citi Field,New York Mets,Los Angeles Dodgers,3.0,10.0,656849.0,572020.0,Adrian Johnson,Junior Valentine,"76 degrees, Partly Cloudy.","5 mph, Out To RF.",4:10 PM.,"23,890.",9,0.0,0.0,3,3
745414,2024-05-29,R,2024,Petco Park,San Diego Padres,Miami Marlins,1.0,9.0,506433.0,666129.0,Carlos Torres,Ryan Wills,"64 degrees, Partly Cloudy.","9 mph, L To R.",1:11 PM.,"32,227.",9,0.0,0.0,1,6
747031,2024-05-29,R,2024,Oriole Park at Camden Yards,Baltimore Orioles,Boston Red Sox,6.0,1.0,669203.0,676710.0,Scott Barry,Jansen Visconti,"67 degrees, Overcast.","8 mph, Out To RF.",6:36 PM.,"18,857.",9,0.0,0.0,5,1
745084,2024-05-29,R,2024,Tropicana Field,Tampa Bay Rays,Oakland Athletics,4.0,3.0,686752.0,683155.0,Brian O'Nora,Chris Conroy,"72 degrees, Dome.","0 mph, None.",6:50 PM.,"13,167.",9,0.0,0.0,1,1
747117,2024-05-29,R,2024,Truist Park,Atlanta Braves,Washington Nationals,2.0,7.0,680885.0,669022.0,Will Little,Quinn Wolcott,"80 degrees, Partly Cloudy.","10 mph, Out To CF.",7:21 PM.,"33,654.",9,0.0,0.0,1,3
745900,2024-05-29,R,2024,Target Field,Minnesota Twins,Kansas City Royals,1.0,6.0,641927.0,607625.0,Edwin Jimenez,Stu Scheurwater,"71 degrees, Partly Cloudy.","8 mph, R To L.",6:41 PM.,"18,130.",9,0.0,0.0,1,6
746790,2024-05-29,R,2024,Guaranteed Rate Field,Chicago White Sox,Toronto Blue Jays,1.0,3.0,623167.0,666201.0,Hunter Wendelstedt,John Tumpane,"60 degrees, Clear.","13 mph, L To R.",6:41 PM.,"11,599.",9,0.0,0.0,0,2
745988,2024-05-29,R,2024,American Family Field,Milwaukee Brewers,Chicago Cubs,10.0,6.0,669060.0,684007.0,Erich Bacchus,Laz Diaz,"61 degrees, Roof Closed.","0 mph, None.",6:40 PM.,"26,695.",9,2.0,0.0,7,4
746551,2024-05-29,R,2024,Coors Field,Colorado Rockies,Cleveland Guardians,7.0,4.0,621389.0,671106.0,Jeremie Rehak,Clint Vondrak,"78 degrees, Clear.","6 mph, R To L.",6:40 PM.,"21,374.",9,1.0,2.0,7,2
746228,2024-05-29,R,2024,Angel Stadium,Los Angeles Angels,New York Yankees,1.0,2.0,542881.0,661563.0,Brian Walsh,Edwin Moscoso,"68 degrees, Clear.","9 mph, Out To CF.",6:38 PM.,"34,313.",9,0.0,0.0,0,1
745250,2024-05-29,R,2024,T-Mobile Park,Seattle Mariners,Houston Astros,2.0,1.0,669923.0,434378.0,Nate Tomlinson,Chris Segal,"54 degrees, Roof Closed.","0 mph, None.",6:41 PM.,"25,437.",10,0.0,0.0,1,1
745081,2024-05-30,R,2024,Tropicana Field,Tampa Bay Rays,Oakland Athletics,6.0,5.0,542888.0,663687.0,Chris Conroy,Brennan Miller,"72 degrees, Dome.","0 mph, None.",1:10 PM.,"15,264.",12,2.0,0.0,3,4
745898,2024-05-30,R,2024,Target Field,Minnesota Twins,Kansas City Royals,7.0,6.0,663978.0,663738.0,Stu Scheurwater,Jordan Baker,"77 degrees, Partly Cloudy.","14 mph, R To L.",12:12 PM.,"22,542.",9,0.0,2.0,3,4
745985,2024-05-30,R,2024,American Family Field,Milwaukee Brewers,Chicago Cubs,6.0,4.0,607067.0,592791.0,Laz Diaz,Tripp Gibson,"64 degrees, Sunny.","8 mph, In From LF.",12:10 PM.,"33,219.",9,0.0,1.0,3,1
745249,2024-05-30,R,2024,T-Mobile Park,Seattle Mariners,Houston Astros,0.0,4.0,669302.0,681293.0,Chris Segal,Larry Vanover,"54 degrees, Partly Cloudy.","2 mph, Out To RF.",1:10 PM.,"25,527.",9,0.0,0.0,0,3
746954,2024-05-30,R,2024,Fenway Park,Boston Red Sox,Detroit Tigers,0.0,5.0,601713.0,656427.0,Nestor Ceja,Cory Blaser,"62 degrees, Partly Cloudy.","3 mph, Out To RF.",7:22 PM.,"31,077.",9,0.0,0.0,0,1
745819,2024-05-30,R,2024,Citi Field,New York Mets,Arizona Diamondbacks,3.0,2.0,681035.0,668678.0,Alfonso Márquez,Lance Barrett,"69 degrees, Partly Cloudy.","6 mph, In From LF.",7:10 PM.,"20,926.",9,0.0,0.0,1,2
747114,2024-05-30,R,2024,Truist Park,Atlanta Braves,Washington Nationals,1.0,3.0,678061.0,592866.0,Quinn Wolcott,Lance Barksdale,"79 degrees, Clear.","9 mph, Out To LF.",7:21 PM.,"37,784.",9,0.0,0.0,1,3
746225,2024-05-30,R,2024,Angel Stadium,Los Angeles Angels,New York Yankees,3.0,8.0,663776.0,607074.0,Edwin Moscoso,Vic Carapazza,"68 degrees, Clear.","11 mph, Out To CF.",6:41 PM.,"36,312.",9,0.0,0.0,1,2
746877,2024-05-31,R,2024,Wrigley Field,Chicago Cubs,Cincinnati Reds,4.0,5.0,665871.0,668933.0,Brennan Miller,Derek Thomas,"76 degrees, Partly Cloudy.","7 mph, R To L.",1:20 PM.,"36,281.",9,0.0,0.0,3,2
745574,2024-05-31,R,2024,Citizens Bank Park,Philadelphia Phillies,St. Louis Cardinals,4.0,2.0,605400.0,571945.0,Doug Eddings,Junior Valentine,"77 degrees, Clear.","11 mph, In From LF.",6:41 PM.,"44,742.",9,0.0,0.0,3,1
747032,2024-05-31,R,2024,Oriole Park at Camden Yards,Baltimore Orioles,Tampa Bay Rays,3.0,1.0,544150.0,650644.0,Ryan Wills,Chad Fairchild,"74 degrees, Clear.","7 mph, In From LF.",7:06 PM.,"27,364.",9,0.0,0.0,0,1
744928,2024-05-31,R,2024,Rogers Centre,Toronto Blue Jays,Pittsburgh Pirates,5.0,3.0,621244.0,663559.0,Tripp Gibson,Charlie Ramos,"71 degrees, Clear.","14 mph, In From LF.",7:07 PM.,"33,356.",14,0.0,0.0,0,1
746955,2024-05-31,R,2024,Fenway Park,Boston Red Sox,Detroit Tigers,7.0,3.0,656557.0,628317.0,Cory Blaser,Todd Tichenor,"73 degrees, Partly Cloudy.","9 mph, Out To RF.",7:10 PM.,"31,231.",9,0.0,1.0,5,1
746635,2024-05-31,R,2024,Progressive Field,Cleveland Guardians,Washington Nationals,7.0,1.0,676440.0,571578.0,Bill Miller,Malachi Moore,"69 degrees, Clear.","4 mph, In From CF.",7:11 PM.,"35,526.",9,0.0,0.0,2,0
745820,2024-05-31,R,2024,Citi Field,New York Mets,Arizona Diamondbacks,10.0,9.0,622663.0,656756.0,Lance Barrett,Mark Ripperger,"74 degrees, Clear.","9 mph, L To R.",7:10 PM.,"33,884.",9,4.0,3.0,8,4
746059,2024-05-31,R,2024,loanDepot park,Miami Marlins,Texas Rangers,8.0,2.0,664350.0,570632.0,Lance Barksdale,Nic Lentz,"72 degrees, Roof Closed.","0 mph, None.",7:10 PM.,"11,687.",9,0.0,0.0,4,2
747116,2024-05-31,R,2024,Truist Park,Atlanta Braves,Oakland Athletics,4.0,2.0,625643.0,676664.0,John Libka,James Hoye,"78 degrees, Partly Cloudy.","8 mph, In From LF.",7:20 PM.,"40,204.",9,1.0,0.0,3,1
746303,2024-05-31,R,2024,Kauffman Stadium,Kansas City Royals,San Diego Padres,8.0,11.0,608379.0,656302.0,Jansen Visconti,Andy Fletcher,"69 degrees, Overcast.","7 mph, R To L.",7:10 PM.,"30,006.",9,0.0,0.0,0,0
746387,2024-05-31,R,2024,Minute Maid Park,Houston Astros,Minnesota Twins,1.0,6.0,669854.0,641154.0,Vic Carapazza,Adam Hamari,"73 degrees, Roof Closed.","0 mph, None.",7:10 PM.,"36,903.",9,0.0,0.0,1,4
745983,2024-05-31,R,2024,American Family Field,Milwaukee Brewers,Chicago White Sox,12.0,5.0,668964.0,607200.0,Jordan Baker,Mark Carlson,"74 degrees, Roof Closed.","0 mph, None.",7:11 PM.,"30,931.",9,0.0,0.0,4,5
746140,2024-05-31,R,2024,Dodger Stadium,Los Angeles Dodgers,Colorado Rockies,1.0,4.0,621111.0,641712.0,Larry Vanover,David Rackley,"64 degrees, Clear.","8 mph, Out To RF.",7:10 PM.,"47,542.",9,0.0,0.0,0,4
745253,2024-05-31,R,2024,T-Mobile Park,Seattle Mariners,Los Angeles Angels,5.0,4.0,693433.0,667755.0,Clint Vondrak,Mark Wegner,"68 degrees, Clear.","9 mph, L To R.",7:10 PM.,"40,001.",9,3.0,0.0,4,0
745331,2024-05-31,R,2024,Oracle Park,San Francisco Giants,New York Yankees,2.0,6.0,663855.0,573186.0,Marvin Hudson,Nick Mahrley,"61 degrees, Clear.","17 mph, Out To CF.",7:16 PM.,"35,018.",9,0.0,0.0,1,3
744932,2024-06-01,R,2024,Rogers Centre,Toronto Blue Jays,Pittsburgh Pirates,1.0,8.0,579328.0,656605.0,Charlie Ramos,Erich Bacchus,"70 degrees, Partly Cloudy.","7 mph, Out To CF.",3:07 PM.,"36,484.",9,0.0,3.0,0,5
747029,2024-06-01,R,2024,Oriole Park at Camden Yards,Baltimore Orioles,Tampa Bay Rays,9.0,5.0,680694.0,671737.0,Chad Fairchild,Paul Clemons,"83 degrees, Partly Cloudy.","4 mph, Out To LF.",4:06 PM.,"36,958.",9,3.0,0.0,9,5
746952,2024-06-01,R,2024,Fenway Park,Boston Red Sox,Detroit Tigers,6.0,3.0,681867.0,681857.0,Todd Tichenor,Emil Jimenez,"80 degrees, Sunny.","9 mph, Out To RF.",4:10 PM.,"33,806.",9,0.0,1.0,3,1
746629,2024-06-01,R,2024,Progressive Field,Cleveland Guardians,Washington Nationals,3.0,2.0,594902.0,680730.0,Malachi Moore,Dan Merzel,"80 degrees, Partly Cloudy.","7 mph, L To R.",4:10 PM.,"36,725.",9,2.0,0.0,3,2
745812,2024-06-01,R,2024,Citi Field,New York Mets,Arizona Diamondbacks,5.0,10.0,640455.0,677944.0,Mark Ripperger,Roberto Ortiz,"84 degrees, Sunny.","6 mph, Out To RF.",4:31 PM.,"30,600.",9,0.0,0.0,1,4
746305,2024-06-01,R,2024,Kauffman Stadium,Kansas City Royals,San Diego Padres,3.0,7.0,679525.0,681190.0,Andy Fletcher,Mike Muchlinski,"80 degrees, Partly Cloudy.","7 mph, L To R.",3:11 PM.,"25,266.",9,2.0,1.0,3,5
746384,2024-06-01,R,2024,Minute Maid Park,Houston Astros,Minnesota Twins,5.0,2.0,664285.0,657746.0,Adam Hamari,Brian Walsh,"73 degrees, Roof Closed.","0 mph, None.",3:11 PM.,"33,855.",9,2.0,0.0,5,0
747111,2024-06-01,R,2024,Truist Park,Atlanta Braves,Oakland Athletics,9.0,11.0,519242.0,605156.0,James Hoye,Rob Drake,"75 degrees, Cloudy.","9 mph, L To R.",4:11 PM.,"41,181.",9,2.0,2.0,9,8
746062,2024-06-01,R,2024,loanDepot park,Miami Marlins,Texas Rangers,0.0,7.0,677960.0,547179.0,Nic Lentz,Will Little,"72 degrees, Roof Closed.","0 mph, None.",4:11 PM.,"21,388.",9,0.0,0.0,0,4
745980,2024-06-01,R,2024,American Family Field,Milwaukee Brewers,Chicago White Sox,4.0,3.0,688107.0,676979.0,Mark Carlson,Edwin Jimenez,"71 degrees, Roof Closed.","0 mph, None.",3:10 PM.,"36,017.",10,0.0,0.0,1,3
746870,2024-06-01,R,2024,Wrigley Field,Chicago Cubs,Cincinnati Reds,7.0,5.0,657006.0,668881.0,Derek Thomas,Brian O'Nora,"62 degrees, Drizzle.","4 mph, L To R.",9:35 PM.,"36,430.",9,0.0,0.0,5,5
745251,2024-06-01,R,2024,T-Mobile Park,Seattle Mariners,Los Angeles Angels,9.0,0.0,682243.0,672282.0,Mark Wegner,Bruce Dreckman,"65 degrees, Cloudy.","8 mph, Out To LF.",4:16 PM.,"39,932.",9,0.0,0.0,5,0
745575,2024-06-01,R,2024,Citizens Bank Park,Philadelphia Phillies,St. Louis Cardinals,6.0,1.0,624133.0,543243.0,Junior Valentine,Jeremy Riggs,"81 degrees, Clear.","7 mph, Out To CF.",7:16 PM.,"44,668.",9,3.0,0.0,4,1
745332,2024-06-01,R,2024,Oracle Park,San Francisco Giants,New York Yankees,3.0,7.0,657277.0,547001.0,Nick Mahrley,Jonathan Parra,"64 degrees, Partly Cloudy.","18 mph, Varies.",7:06 PM.,"34,487.",9,0.0,2.0,3,4
746138,2024-06-01,R,2024,Dodger Stadium,Los Angeles Dodgers,Colorado Rockies,4.0,1.0,808967.0,615698.0,David Rackley,Nate Tomlinson,"65 degrees, Clear.","9 mph, L To R.",7:10 PM.,"50,182.",9,0.0,0.0,4,1
746383,2024-06-02,R,2024,Minute Maid Park,Houston Astros,Minnesota Twins,3.0,4.0,686613.0,680573.0,Brian Walsh,Edwin Moscoso,"73 degrees, Roof Closed.","0 mph, None.",12:05 PM.,"34,242.",9,0.0,1.0,3,2
746953,2024-06-02,R,2024,Fenway Park,Boston Red Sox,Detroit Tigers,4.0,8.0,678394.0,663554.0,Emil Jimenez,Nestor Ceja,"83 degrees, Partly Cloudy.","4 mph, Out To RF.",1:37 PM.,"34,662.",10,1.0,0.0,3,1
747030,2024-06-02,R,2024,Oriole Park at Camden Yards,Baltimore Orioles,Tampa Bay Rays,3.0,4.0,608344.0,641793.0,Paul Clemons,Carlos Torres,"81 degrees, Partly Cloudy.","8 mph, Out To CF.",1:36 PM.,"32,463.",9,1.0,0.0,3,1
747110,2024-06-02,R,2024,Truist Park,Atlanta Braves,Oakland Athletics,3.0,1.0,450203.0,665622.0,Rob Drake,D.J. Reyburn,"77 degrees, Cloudy.","8 mph, In From RF.",1:35 PM.,"37,853.",9,1.0,0.0,1,0
744929,2024-06-02,R,2024,Rogers Centre,Toronto Blue Jays,Pittsburgh Pirates,5.0,4.0,605135.0,682990.0,Erich Bacchus,Laz Diaz,"68 degrees, Roof Closed.","0 mph, None.",1:40 PM.,"34,887.",9,0.0,0.0,4,3
746632,2024-06-02,R,2024,Progressive Field,Cleveland Guardians,Washington Nationals,2.0,5.0,471911.0,663623.0,Dan Merzel,Chad Whitson,"68 degrees, Overcast.","2 mph, Out To CF.",1:41 PM.,"25,521.",9,0.0,0.0,2,5
745813,2024-06-02,R,2024,Citi Field,New York Mets,Arizona Diamondbacks,4.0,5.0,500779.0,694297.0,Roberto Ortiz,Alfonso Márquez,"81 degrees, Sunny.","5 mph, Out To LF.",1:41 PM.,"31,059.",9,0.0,2.0,4,3
746061,2024-06-02,R,2024,loanDepot park,Miami Marlins,Texas Rangers,0.0,6.0,669432.0,571760.0,Will Little,Quinn Wolcott,"72 degrees, Roof Closed.","0 mph, None.",1:40 PM.,"13,351.",9,0.0,3.0,0,3
746301,2024-06-02,R,2024,Kauffman Stadium,Kansas City Royals,San Diego Padres,4.0,3.0,666142.0,650633.0,Mike Muchlinski,Tom Hanahan,"82 degrees, Cloudy.","11 mph, R To L.",1:13 PM.,"21,825.",9,0.0,0.0,1,1
745984,2024-06-02,R,2024,American Family Field,Milwaukee Brewers,Chicago White Sox,6.0,3.0,642547.0,680897.0,Edwin Jimenez,Stu Scheurwater,"74 degrees, Partly Cloudy.","3 mph, In From LF.",1:10 PM.,"30,442.",9,0.0,2.0,4,3
746871,2024-06-02,R,2024,Wrigley Field,Chicago Cubs,Cincinnati Reds,2.0,5.0,676962.0,666157.0,Brian O'Nora,Chris Conroy,"67 degrees, Sunny.","6 mph, In From CF.",1:20 PM.,"38,129.",9,0.0,0.0,1,5
745330,2024-06-02,R,2024,Oracle Park,San Francisco Giants,New York Yankees,5.0,7.0,605483.0,641482.0,Jonathan Parra,Hunter Wendelstedt,"63 degrees, Sunny.","13 mph, Varies.",1:06 PM.,"39,485.",9,0.0,1.0,3,3
746141,2024-06-02,R,2024,Dodger Stadium,Los Angeles Dodgers,Colorado Rockies,4.0,0.0,694813.0,596295.0,Nate Tomlinson,Chris Segal,"69 degrees, Overcast.","2 mph, Calm.",1:10 PM.,"48,251.",9,2.0,0.0,3,0
745252,2024-06-02,R,2024,T-Mobile Park,Seattle Mariners,Los Angeles Angels,5.0,1.0,622491.0,656288.0,Bruce Dreckman,Jeremie Rehak,"60 degrees, Roof Closed.","2 mph, Calm.",1:12 PM.,"35,990.",9,0.0,0.0,1,0
745572,2024-06-02,R,2024,Citizens Bank Park,Philadelphia Phillies,St. Louis Cardinals,4.0,5.0,592836.0,458681.0,Jeremy Riggs,Adrian Johnson,"80 degrees, Partly Cloudy.","12 mph, Out To RF.",7:10 PM.,"41,190.",10,0.0,2.0,4,4
745569,2024-06-03,R,2024,Citizens Bank Park,Philadelphia Phillies,Milwaukee Brewers,3.0,1.0,554430.0,657649.0,Sean Barber,Alan Porter,"85 degrees, Cloudy.","5 mph, In From CF.",6:41 PM.,"43,553.",9,0.0,0.0,3,0
744854,2024-06-03,R,2024,Nationals Park,Washington Nationals,New York Mets,7.0,8.0,669022.0,656731.0,Carlos Torres,Ryan Wills,"84 degrees, Partly Cloudy.","2 mph, Out To LF.",6:45 PM.,"20,575.",9,0.0,0.0,5,7
744930,2024-06-03,R,2024,Rogers Centre,Toronto Blue Jays,Baltimore Orioles,2.0,7.0,592332.0,680570.0,Phil Cuzzi,Tony Randazzo,"71 degrees, Partly Cloudy.","6 mph, Out To LF.",7:09 PM.,"23,842.",9,0.0,0.0,2,5
745009,2024-06-03,R,2024,Globe Life Field,Texas Rangers,Detroit Tigers,1.0,2.0,543135.0,669373.0,Tom Hanahan,Jansen Visconti,"74 degrees, Roof Closed.","0 mph, None.",7:09 PM.,"28,620.",9,1.0,0.0,1,1
746382,2024-06-03,R,2024,Minute Maid Park,Houston Astros,St. Louis Cardinals,7.0,4.0,434378.0,502043.0,Stu Scheurwater,Jordan Baker,"73 degrees, Roof Closed.","0 mph, None.",7:11 PM.,"33,638.",9,0.0,2.0,2,4
746548,2024-06-03,R,2024,Coors Field,Colorado Rockies,Cincinnati Reds,3.0,13.0,663372.0,671096.0,Mike Estabrook,Tripp Gibson,"83 degrees, Cloudy.","9 mph, In From LF.",6:41 PM.,"25,140.",9,1.0,0.0,3,8
746224,2024-06-03,R,2024,Angel Stadium,Los Angeles Angels,San Diego Padres,2.0,1.0,542881.0,663362.0,Dan Iassogna,Ben May,"69 degrees, Partly Cloudy.","6 mph, Out To CF.",6:37 PM.,"32,683.",9,0.0,1.0,1,1
747194,2024-06-03,R,2024,Chase Field,Arizona Diamondbacks,San Francisco Giants,4.0,2.0,669194.0,669062.0,Ryan Additon,Brian Knight,"78 degrees, Roof Closed.","0 mph, None.",6:40 PM.,"21,551.",9,0.0,0.0,2,1
746630,2024-06-04,R,2024,Progressive Field,Cleveland Guardians,Kansas City Royals,8.0,5.0,663474.0,607625.0,Jacob Metz,Brennan Miller,"81 degrees, Cloudy.","2 mph, Calm.",6:40 PM.,"23,260.",9,0.0,0.0,3,5
745497,2024-06-04,R,2024,PNC Park,Pittsburgh Pirates,Los Angeles Dodgers,1.0,0.0,683003.0,607192.0,Jeremie Rehak,Clint Vondrak,"80 degrees, Cloudy.","7 mph, In From CF.",6:42 PM.,"24,168.",9,0.0,0.0,1,0
746060,2024-06-04,R,2024,loanDepot park,Miami Marlins,Tampa Bay Rays,5.0,9.0,666200.0,686752.0,Nestor Ceja,Manny Gonzalez,"72 degrees, Roof Closed.","0 mph, None.",6:40 PM.,"9,234.",9,3.0,0.0,3,9
745568,2024-06-04,R,2024,Citizens Bank Park,Philadelphia Phillies,Milwaukee Brewers,2.0,1.0,650911.0,657649.0,Alan Porter,Ryan Blakney,"82 degrees, Clear.","10 mph, Out To LF.",6:42 PM.,"40,632.",10,0.0,0.0,0,1
744850,2024-06-04,R,2024,Nationals Park,Washington Nationals,New York Mets,3.0,6.0,687792.0,656849.0,Ryan Wills,Chad Fairchild,"81 degrees, Partly Cloudy.","5 mph, Out To LF.",6:45 PM.,"21,570.",9,0.0,0.0,1,5
745739,2024-06-04,R,2024,Yankee Stadium,New York Yankees,Minnesota Twins,5.0,1.0,661563.0,641927.0,Chris Segal,Larry Vanover,"75 degrees, Partly Cloudy.","10 mph, Out To LF.",7:09 PM.,"37,139.",9,0.0,0.0,3,0
744931,2024-06-04,R,2024,Rogers Centre,Toronto Blue Jays,Baltimore Orioles,1.0,10.0,670950.0,669203.0,Tony Randazzo,Alex Tosi,"69 degrees, Clear.","13 mph, Out To RF.",7:07 PM.,"28,816.",9,0.0,0.0,0,7
746949,2024-06-04,R,2024,Fenway Park,Boston Red Sox,Atlanta Braves,3.0,8.0,676710.0,608331.0,Ramon De Jesus,David Rackley,"72 degrees, Partly Cloudy.","8 mph, R To L.",7:16 PM.,"34,628.",9,0.0,0.0,3,3
745010,2024-06-04,R,2024,Globe Life Field,Texas Rangers,Detroit Tigers,1.0,3.0,641540.0,656427.0,Jansen Visconti,Andy Fletcher,"74 degrees, Roof Closed.","0 mph, None.",7:07 PM.,"35,095.",9,0.0,0.0,0,3
746872,2024-06-04,R,2024,Wrigley Field,Chicago Cubs,Chicago White Sox,7.0,6.0,684007.0,623167.0,Edwin Moscoso,Vic Carapazza,"75 degrees, Cloudy.","8 mph, In From RF.",7:05 PM.,"38,397.",9,0.0,0.0,1,5
746380,2024-06-04,R,2024,Minute Maid Park,Houston Astros,St. Louis Cardinals,8.0,5.0,681293.0,669467.0,Jordan Baker,Mark Carlson,"73 degrees, Roof Closed.","0 mph, None.",7:10 PM.,"33,468.",9,2.0,1.0,7,2
746550,2024-06-04,R,2024,Coors Field,Colorado Rockies,Cincinnati Reds,1.0,4.0,621389.0,593423.0,Tripp Gibson,Charlie Ramos,"81 degrees, Partly Cloudy.","6 mph, Out To RF.",6:40 PM.,"25,315.",9,0.0,1.0,0,4
746222,2024-06-04,R,2024,Angel Stadium,Los Angeles Angels,San Diego Padres,4.0,2.0,663776.0,800049.0,Ben May,CB Bucknor,"73 degrees, Clear.","8 mph, Out To CF.",6:40 PM.,"33,947.",9,0.0,0.0,1,1
745656,2024-06-04,R,2024,Oakland Coliseum,Oakland Athletics,Seattle Mariners,3.0,4.0,687765.0,669923.0,Hunter Wendelstedt,John Tumpane,"77 degrees, Clear.","10 mph, Varies.",6:40 PM.,"5,624.",9,0.0,0.0,1,4
747196,2024-06-04,R,2024,Chase Field,Arizona Diamondbacks,San Francisco Giants,8.0,5.0,686796.0,690986.0,Brian Knight,Chris Guccione,"78 degrees, Roof Closed.","0 mph, None.",6:40 PM.,"23,548.",9,0.0,0.0,4,2
746950,2024-06-05,R,2024,Fenway Park,Boston Red Sox,Atlanta Braves,9.0,0.0,601713.0,680885.0,David Rackley,Junior Valentine,"80 degrees, Partly Cloudy.","6 mph, Out To LF.",1:36 PM.,"33,760.",9,0.0,0.0,6,0
746379,2024-06-05,R,2024,Minute Maid Park,Houston Astros,St. Louis Cardinals,2.0,4.0,669854.0,571945.0,Mark Carlson,Mike Muchlinski,"73 degrees, Roof Closed.","0 mph, None.",1:10 PM.,"32,047.",9,0.0,0.0,2,3
746544,2024-06-05,R,2024,Coors Field,Colorado Rockies,Cincinnati Reds,7.0,12.0,641712.0,668933.0,Charlie Ramos,Erich Bacchus,"84 degrees, Sunny.","13 mph, In From LF.",1:10 PM.,"27,022.",9,4.0,0.0,5,4
747195,2024-06-05,R,2024,Chase Field,Arizona Diamondbacks,San Francisco Giants,3.0,9.0,656756.0,663855.0,Chris Guccione,Gabe Morales,"74 degrees, Roof Closed.","0 mph, None.",12:40 PM.,"24,178.",9,1.0,0.0,3,6
744852,2024-06-05,R,2024,Nationals Park,Washington Nationals,New York Mets,1.0,9.0,571578.0,622663.0,Chad Fairchild,Paul Clemons,"76 degrees, Cloudy.","5 mph, Out To LF.",5:30 PM.,"18,775.",9,0.0,0.0,0,2
745570,2024-06-05,R,2024,Citizens Bank Park,Philadelphia Phillies,Milwaukee Brewers,2.0,0.0,605400.0,676879.0,Ryan Blakney,Jim Wolf,"84 degrees, Partly Cloudy.","9 mph, Out To LF.",4:06 PM.,"38,910.",9,0.0,0.0,2,0
745494,2024-06-05,R,2024,PNC Park,Pittsburgh Pirates,Los Angeles Dodgers,10.0,6.0,694973.0,572020.0,Clint Vondrak,Dan Merzel,"80 degrees, Cloudy.","8 mph, Out To LF.",6:42 PM.,"29,716.",9,0.0,0.0,8,3
746056,2024-06-05,R,2024,loanDepot park,Miami Marlins,Tampa Bay Rays,3.0,5.0,666129.0,621107.0,Manny Gonzalez,Todd Tichenor,"72 degrees, Roof Closed.","0 mph, None.",6:41 PM.,"8,778.",9,2.0,3.0,3,5
745740,2024-06-05,R,2024,Yankee Stadium,New York Yankees,Minnesota Twins,9.0,5.0,607074.0,663978.0,Larry Vanover,Quinn Wolcott,"74 degrees, Cloudy.","11 mph, In From RF.",7:09 PM.,"43,202.",9,4.0,0.0,8,0
744927,2024-06-05,R,2024,Rogers Centre,Toronto Blue Jays,Baltimore Orioles,3.0,2.0,621244.0,544150.0,Alex Tosi,Alex MacKay,"68 degrees, Roof Closed.","0 mph, None.",7:08 PM.,"27,929.",9,0.0,0.0,2,2
745007,2024-06-05,R,2024,Globe Life Field,Texas Rangers,Detroit Tigers,9.0,1.0,570632.0,628317.0,Andy Fletcher,Adam Beck,"74 degrees, Roof Closed.","0 mph, None.",7:07 PM.,"29,748.",9,0.0,0.0,4,0
746873,2024-06-05,R,2024,Wrigley Field,Chicago Cubs,Chicago White Sox,7.0,6.0,592791.0,607200.0,Vic Carapazza,Scott Barry,"80 degrees, Clear.","4 mph, L To R.",7:05 PM.,"40,073.",9,0.0,1.0,3,5
746221,2024-06-05,R,2024,Angel Stadium,Los Angeles Angels,San Diego Padres,3.0,2.0,667755.0,656302.0,CB Bucknor,Edwin Jimenez,"70 degrees, Clear.","9 mph, Out To RF.",6:39 PM.,"31,960.",9,1.0,0.0,3,0
745654,2024-06-05,R,2024,Oakland Coliseum,Oakland Athletics,Seattle Mariners,2.0,1.0,683155.0,669302.0,John Tumpane,Nick Mahrley,"77 degrees, Clear.","10 mph, Varies.",6:41 PM.,"9,735.",9,0.0,0.0,2,0
746628,2024-06-05,R,2024,Progressive Field,Cleveland Guardians,Kansas City Royals,,,680704.0,666142.0,Hunter Wendelstedt,Tom Hanahan,"84 degrees, Sunny.","8 mph, L To R.",1:10 PM.,"17,738.",9,0.0,0.0,2,3
744923,2024-06-06,R,2024,Rogers Centre,Toronto Blue Jays,Baltimore Orioles,6.0,5.0,579328.0,700249.0,Alex MacKay,Phil Cuzzi,"73 degrees, Partly Cloudy.","19 mph, In From LF.",1:07 PM.,"39,215.",9,0.0,0.0,4,0
746631,2024-06-06,R,2024,Progressive Field,Cleveland Guardians,Kansas City Royals,3.0,4.0,676440.0,663903.0,Chris Conroy,Brennan Miller,"74 degrees, Sunny.","13 mph, Out To CF.",1:10 PM.,"26,344.",9,1.0,1.0,3,1
745657,2024-06-06,R,2024,Oakland Coliseum,Oakland Athletics,Seattle Mariners,0.0,3.0,676664.0,693433.0,Nick Mahrley,Jonathan Parra,"69 degrees, Sunny.","12 mph, Out To RF.",12:37 PM.,"6,571.",9,0.0,0.0,0,2
745495,2024-06-06,R,2024,PNC Park,Pittsburgh Pirates,Los Angeles Dodgers,7.0,11.0,663559.0,621111.0,Dan Merzel,Bruce Dreckman,"75 degrees, Cloudy.","10 mph, Out To LF.",6:41 PM.,"22,752.",9,0.0,4.0,4,10
744844,2024-06-06,R,2024,Nationals Park,Washington Nationals,Atlanta Braves,2.0,5.0,680730.0,625643.0,Adam Beck,Tom Hanahan,"84 degrees, Partly Cloudy.","6 mph, L To R.",6:45 PM.,"27,690.",9,0.0,0.0,0,0
745738,2024-06-06,R,2024,Yankee Stadium,New York Yankees,Minnesota Twins,8.0,5.0,573186.0,641154.0,Quinn Wolcott,Dan Bellino,"76 degrees, Partly Cloudy.","5 mph, Out To LF.",7:08 PM.,"41,380.",9,0.0,1.0,8,5
746707,2024-06-06,R,2024,Great American Ball Park,Cincinnati Reds,Chicago Cubs,8.0,4.0,668881.0,665871.0,Adrian Johnson,Junior Valentine,"78 degrees, Partly Cloudy.","10 mph, Out To LF.",7:11 PM.,"25,601.",9,0.0,0.0,3,2
745174,2024-06-06,R,2024,Busch Stadium,St. Louis Cardinals,Colorado Rockies,2.0,3.0,543243.0,615698.0,Scott Barry,Brian Walsh,"80 degrees, Clear.","16 mph, L To R.",6:46 PM.,"33,332.",9,0.0,0.0,0,3
746784,2024-06-06,R,2024,Guaranteed Rate Field,Chicago White Sox,Boston Red Sox,2.0,14.0,663765.0,656557.0,Jim Wolf,Sean Barber,"76 degrees, Cloudy.","17 mph, Out To CF.",7:09 PM.,"15,568.",9,0.0,1.0,0,7
745408,2024-06-06,R,2024,Petco Park,San Diego Padres,Arizona Diamondbacks,3.0,4.0,681190.0,677944.0,Erich Bacchus,Mike Estabrook,"65 degrees, Cloudy.","7 mph, L To R.",6:40 PM.,"39,963.",9,0.0,1.0,3,3
745169,2024-06-07,R,2024,Busch Stadium,St. Louis Cardinals,Colorado Rockies,8.0,5.0,458681.0,596295.0,Brian Walsh,Edwin Moscoso,"87 degrees, Clear.","6 mph, In From LF.",7:18 PM.,"35,229.",9,3.0,0.0,4,5
745496,2024-06-07,R,2024,PNC Park,Pittsburgh Pirates,Minnesota Twins,3.0,0.0,656605.0,657746.0,Paul Clemons,Carlos Torres,"72 degrees, Partly Cloudy.","10 mph, Out To CF.",6:43 PM.,"19,552.",9,0.0,0.0,2,0
746466,2024-06-07,R,2024,Comerica Park,Detroit Tigers,Milwaukee Brewers,0.0,10.0,681857.0,668964.0,Bruce Dreckman,Jeremie Rehak,"70 degrees, Cloudy.","14 mph, Out To LF.",6:40 PM.,"24,512.",9,0.0,0.0,0,10
744845,2024-06-07,R,2024,Nationals Park,Washington Nationals,Atlanta Braves,2.0,1.0,663623.0,519242.0,Tom Hanahan,Jansen Visconti,"82 degrees, Partly Cloudy.","14 mph, In From LF.",6:45 PM.,"39,235.",9,0.0,0.0,2,0
745083,2024-06-07,R,2024,Tropicana Field,Tampa Bay Rays,Baltimore Orioles,3.0,6.0,650644.0,608344.0,Brennan Miller,Derek Thomas,"72 degrees, Dome.","0 mph, None.",6:52 PM.,"17,882.",9,0.0,0.0,2,4
745737,2024-06-07,R,2024,Yankee Stadium,New York Yankees,Los Angeles Dodgers,1.0,2.0,547001.0,808967.0,Todd Tichenor,Emil Jimenez,"80 degrees, Partly Cloudy.","15 mph, R To L.",7:08 PM.,"48,048.",11,0.0,0.0,0,0
746704,2024-06-07,R,2024,Great American Ball Park,Cincinnati Reds,Chicago Cubs,3.0,2.0,666157.0,657006.0,Junior Valentine,Ramon De Jesus,"77 degrees, Clear.","10 mph, Out To LF.",7:11 PM.,"37,501.",9,0.0,0.0,3,0
746053,2024-06-07,R,2024,loanDepot park,Miami Marlins,Cleveland Guardians,3.0,2.0,677960.0,671106.0,Larry Vanover,Chris Segal,"72 degrees, Roof Closed.","0 mph, None.",7:10 PM.,"10,718.",9,0.0,0.0,2,2
745008,2024-06-07,R,2024,Globe Life Field,Texas Rangers,San Francisco Giants,2.0,5.0,547179.0,657277.0,Edwin Jimenez,Dan Iassogna,"74 degrees, Roof Closed.","0 mph, None.",7:08 PM.,"35,868.",9,0.0,0.0,2,2
746302,2024-06-07,R,2024,Kauffman Stadium,Kansas City Royals,Seattle Mariners,10.0,9.0,663738.0,682243.0,Dan Bellino,Phil Cuzzi,"87 degrees, Cloudy.","12 mph, R To L.",7:10 PM.,"25,178.",9,0.0,7.0,4,8
746785,2024-06-07,R,2024,Guaranteed Rate Field,Chicago White Sox,Boston Red Sox,7.0,2.0,676979.0,681867.0,Sean Barber,Alan Porter,"73 degrees, Cloudy.","10 mph, L To R.",7:10 PM.,"19,684.",9,1.0,0.0,4,2
746220,2024-06-07,R,2024,Angel Stadium,Los Angeles Angels,Houston Astros,1.0,7.0,656288.0,664285.0,Jonathan Parra,Hunter Wendelstedt,"68 degrees, Clear.","8 mph, Out To CF.",6:38 PM.,"36,534.",9,0.0,1.0,1,1
745406,2024-06-07,R,2024,Petco Park,San Diego Padres,Arizona Diamondbacks,10.0,3.0,650633.0,694297.0,Mike Estabrook,Tripp Gibson,"65 degrees, Cloudy.","7 mph, L To R.",6:40 PM.,"40,341.",9,2.0,0.0,3,0
745655,2024-06-07,R,2024,Oakland Coliseum,Oakland Athletics,Toronto Blue Jays,2.0,1.0,663687.0,605135.0,Gabe Morales,Ryan Additon,"63 degrees, Clear.","15 mph, Out To RF.",6:40 PM.,"16,046.",9,0.0,0.0,0,0
745814,2024-06-08,R,2024,London Stadium,New York Mets,Philadelphia Phillies,2.0,7.0,640455.0,624133.0,Mike Muchlinski,Cory Blaser,"66 degrees, Partly Cloudy.","11 mph, Varies.",6:11 PM.,"53,882.",9,1.0,0.0,2,6
745001,2024-06-08,R,2024,Globe Life Field,Texas Rangers,San Francisco Giants,1.0,3.0,571760.0,675921.0,Dan Iassogna,Ben May,"74 degrees, Roof Closed.","0 mph, None.",3:07 PM.,"34,843.",9,1.0,1.0,1,3
745492,2024-06-08,R,2024,PNC Park,Pittsburgh Pirates,Minnesota Twins,4.0,0.0,669387.0,680573.0,Carlos Torres,Ryan Wills,"79 degrees, Partly Cloudy.","9 mph, Out To CF.",4:09 PM.,"29,700.",9,0.0,0.0,0,0
744848,2024-06-08,R,2024,Nationals Park,Washington Nationals,Atlanta Braves,7.0,3.0,669022.0,450203.0,Jansen Visconti,Andy Fletcher,"83 degrees, Partly Cloudy.","8 mph, L To R.",4:05 PM.,"33,998.",9,2.0,0.0,5,1
745652,2024-06-08,R,2024,Oakland Coliseum,Oakland Athletics,Toronto Blue Jays,0.0,7.0,665622.0,592332.0,Ryan Additon,Brian Knight,"65 degrees, Cloudy.","9 mph, Out To RF.",1:07 PM.,"9,285.",9,0.0,1.0,0,6
746703,2024-06-08,R,2024,Great American Ball Park,Cincinnati Reds,Chicago Cubs,4.0,3.0,671096.0,676962.0,Ramon De Jesus,David Rackley,"79 degrees, Partly Cloudy.","9 mph, R To L.",4:11 PM.,"40,274.",9,1.0,1.0,4,1
746300,2024-06-08,R,2024,Kauffman Stadium,Kansas City Royals,Seattle Mariners,8.0,4.0,679525.0,622491.0,Phil Cuzzi,Tony Randazzo,"85 degrees, Partly Cloudy.","6 mph, L To R.",3:10 PM.,"18,351.",9,1.0,1.0,5,3
745082,2024-06-08,R,2024,Tropicana Field,Tampa Bay Rays,Baltimore Orioles,0.0,5.0,671737.0,680694.0,Derek Thomas,Brian O'Nora,"72 degrees, Dome.","0 mph, None.",4:10 PM.,"20,485.",9,0.0,0.0,0,1
746786,2024-06-08,R,2024,Guaranteed Rate Field,Chicago White Sox,Boston Red Sox,6.0,1.0,680897.0,678394.0,Alan Porter,Ryan Blakney,"77 degrees, Cloudy.","12 mph, Out To LF.",3:10 PM.,"26,248.",9,0.0,0.0,5,1
746461,2024-06-08,R,2024,Comerica Park,Detroit Tigers,Milwaukee Brewers,4.0,5.0,663554.0,642547.0,Jeremie Rehak,Clint Vondrak,"77 degrees, Cloudy.","11 mph, In From CF.",4:11 PM.,"32,333.",9,1.0,1.0,4,3
745166,2024-06-08,R,2024,Busch Stadium,St. Louis Cardinals,Colorado Rockies,5.0,6.0,502043.0,663372.0,Edwin Moscoso,Vic Carapazza,"81 degrees, Partly Cloudy.","7 mph, Out To LF.",3:16 PM.,"34,577.",9,0.0,1.0,0,1
746057,2024-06-08,R,2024,loanDepot park,Miami Marlins,Cleveland Guardians,0.0,8.0,682610.0,594902.0,Chris Segal,Nate Tomlinson,"72 degrees, Roof Closed.","0 mph, None.",7:42 PM.,"15,669.",9,0.0,1.0,0,8
745735,2024-06-08,R,2024,Yankee Stadium,New York Yankees,Los Angeles Dodgers,3.0,11.0,641482.0,694813.0,Emil Jimenez,Nestor Ceja,"76 degrees, Partly Cloudy.","11 mph, Out To RF.",7:43 PM.,"48,374.",9,0.0,0.0,2,3
745410,2024-06-08,R,2024,Petco Park,San Diego Padres,Arizona Diamondbacks,13.0,1.0,663362.0,669194.0,Tripp Gibson,Charlie Ramos,"66 degrees, Partly Cloudy.","9 mph, L To R.",5:40 PM.,"42,636.",9,0.0,0.0,12,1
746223,2024-06-08,R,2024,Angel Stadium,Los Angeles Angels,Houston Astros,1.0,6.0,542881.0,686613.0,Hunter Wendelstedt,John Tumpane,"69 degrees, Partly Cloudy.","9 mph, R To L.",7:08 PM.,"38,217.",9,0.0,0.0,0,4
745571,2024-06-09,R,2024,London Stadium,Philadelphia Phillies,New York Mets,5.0,6.0,592836.0,500779.0,Stu Scheurwater,Jordan Baker,"61 degrees, Cloudy.","9 mph, Varies.",3:10 PM.,"55,074.",9,1.0,0.0,3,0
745003,2024-06-09,R,2024,Globe Life Field,Texas Rangers,San Francisco Giants,7.0,2.0,543135.0,676775.0,Ben May,CB Bucknor,"74 degrees, Roof Closed.","0 mph, None.",12:09 PM.,"34,912.",9,3.0,0.0,7,2
745491,2024-06-09,R,2024,PNC Park,Pittsburgh Pirates,Minnesota Twins,5.0,11.0,683003.0,641927.0,Ryan Wills,Chad Fairchild,"74 degrees, Partly Cloudy.","10 mph, Out To CF.",1:36 PM.,"24,463.",10,0.0,3.0,4,3
744849,2024-06-09,R,2024,Nationals Park,Washington Nationals,Atlanta Braves,8.0,5.0,687792.0,694462.0,Andy Fletcher,Adam Beck,"76 degrees, Cloudy.","14 mph, L To R.",2:10 PM.,"34,282.",9,0.0,0.0,8,2
746705,2024-06-09,R,2024,Great American Ball Park,Cincinnati Reds,Chicago Cubs,2.0,4.0,593423.0,684007.0,David Rackley,Adrian Johnson,"76 degrees, Partly Cloudy.","5 mph, Out To LF.",1:43 PM.,"32,737.",9,0.0,3.0,1,4
745085,2024-06-09,R,2024,Tropicana Field,Tampa Bay Rays,Baltimore Orioles,2.0,9.0,641793.0,680570.0,Brian O'Nora,Chris Conroy,"72 degrees, Dome.","0 mph, None.",1:40 PM.,"20,386.",9,0.0,0.0,0,2
746054,2024-06-09,R,2024,loanDepot park,Miami Marlins,Cleveland Guardians,3.0,6.0,669432.0,471911.0,Nate Tomlinson,Quinn Wolcott,"72 degrees, Roof Closed.","0 mph, None.",1:40 PM.,"12,850.",9,0.0,0.0,2,1
746463,2024-06-09,R,2024,Comerica Park,Detroit Tigers,Milwaukee Brewers,10.0,2.0,669373.0,669060.0,Clint Vondrak,Dan Merzel,"75 degrees, Sunny.","13 mph, R To L.",1:40 PM.,"24,077.",9,2.0,0.0,10,0
746297,2024-06-09,R,2024,Kauffman Stadium,Kansas City Royals,Seattle Mariners,5.0,6.0,666142.0,669923.0,Tony Randazzo,Alex Tosi,"76 degrees, Sunny.","9 mph, R To L.",1:12 PM.,"20,926.",10,0.0,1.0,1,1
746787,2024-06-09,R,2024,Guaranteed Rate Field,Chicago White Sox,Boston Red Sox,4.0,6.0,623167.0,677161.0,Ryan Blakney,Jim Wolf,"78 degrees, Sunny.","7 mph, Out To CF.",1:11 PM.,"21,055.",10,0.0,0.0,3,2
745167,2024-06-09,R,2024,Busch Stadium,St. Louis Cardinals,Colorado Rockies,5.0,1.0,669467.0,621389.0,Vic Carapazza,Scott Barry,"71 degrees, Overcast.","4 mph, L To R.",1:16 PM.,"40,219.",9,0.0,0.0,4,0
746216,2024-06-09,R,2024,Angel Stadium,Los Angeles Angels,Houston Astros,9.0,7.0,663776.0,434378.0,John Tumpane,Nick Mahrley,"72 degrees, Overcast.","7 mph, Out To CF.",1:08 PM.,"42,703.",9,0.0,0.0,4,3
745651,2024-06-09,R,2024,Oakland Coliseum,Oakland Athletics,Toronto Blue Jays,4.0,6.0,687765.0,670102.0,Brian Knight,Chris Guccione,"67 degrees, Sunny.","9 mph, Varies.",1:07 PM.,"11,276.",10,0.0,0.0,0,2
745407,2024-06-09,R,2024,Petco Park,San Diego Padres,Arizona Diamondbacks,3.0,9.0,800049.0,543518.0,Charlie Ramos,Erich Bacchus,"67 degrees, Partly Cloudy.","7 mph, L To R.",1:11 PM.,"41,979.",9,1.0,1.0,3,9
745736,2024-06-09,R,2024,Yankee Stadium,New York Yankees,Los Angeles Dodgers,6.0,4.0,661563.0,607192.0,Nestor Ceja,Manny Gonzalez,"74 degrees, Clear.","12 mph, R To L.",7:10 PM.,"48,023.",9,0.0,0.0,2,2
745080,2024-06-10,R,2024,Tropicana Field,Tampa Bay Rays,Baltimore Orioles,2.0,5.0,686752.0,669203.0,Chris Conroy,Brennan Miller,"72 degrees, Dome.","0 mph, None.",6:50 PM.,"14,686.",9,0.0,1.0,2,4
745897,2024-06-10,R,2024,Target Field,Minnesota Twins,Colorado Rockies,5.0,0.0,663978.0,641712.0,Alfonso Márquez,Lance Barrett,"75 degrees, Partly Cloudy.","7 mph, R To L.",6:40 PM.,"19,901.",9,0.0,0.0,2,0
746295,2024-06-10,R,2024,Kauffman Stadium,Kansas City Royals,New York Yankees,2.0,4.0,607625.0,607074.0,Scott Barry,Paul Clemons,"80 degrees, Clear.","5 mph, In From RF.",7:10 PM.,"24,038.",9,0.0,2.0,0,4
745982,2024-06-10,R,2024,American Family Field,Milwaukee Brewers,Toronto Blue Jays,3.0,1.0,607067.0,621244.0,Adrian Johnson,Quinn Wolcott,"71 degrees, Roof Closed.","0 mph, None.",7:10 PM.,"24,381.",9,0.0,0.0,2,1
745409,2024-06-10,R,2024,Petco Park,San Diego Padres,Oakland Athletics,6.0,1.0,656302.0,683155.0,Lance Barksdale,Mark Ripperger,"66 degrees, Cloudy.","9 mph, L To R.",6:40 PM.,"38,822.",9,0.0,0.0,3,1
745248,2024-06-10,R,2024,T-Mobile Park,Seattle Mariners,Chicago White Sox,8.0,4.0,669302.0,607200.0,Chris Guccione,Gabe Morales,"64 degrees, Partly Cloudy.","5 mph, Out To RF.",6:40 PM.,"23,027.",9,0.0,0.0,0,0
745334,2024-06-10,R,2024,Oracle Park,San Francisco Giants,Houston Astros,4.0,3.0,690986.0,681293.0,D.J. Reyburn,John Libka,"58 degrees, Clear.","16 mph, Out To CF.",6:45 PM.,"32,820.",10,0.0,0.0,0,0
747027,2024-06-11,R,2024,Oriole Park at Camden Yards,Baltimore Orioles,Atlanta Braves,4.0,0.0,544150.0,608331.0,Chad Whitson,Bill Miller,"74 degrees, Partly Cloudy.","6 mph, In From LF.",6:37 PM.,"24,048.",9,0.0,0.0,3,0
746464,2024-06-11,R,2024,Comerica Park,Detroit Tigers,Washington Nationals,4.0,5.0,628317.0,680730.0,Larry Vanover,Chris Segal,"72 degrees, Partly Cloudy.","2 mph, R To L.",6:42 PM.,"18,368.",10,0.0,0.0,4,3
745077,2024-06-11,R,2024,Tropicana Field,Tampa Bay Rays,Chicago Cubs,5.0,2.0,621107.0,592791.0,CB Bucknor,Adam Beck,"72 degrees, Dome.","0 mph, None.",6:50 PM.,"15,192.",9,0.0,0.0,0,1
746702,2024-06-11,R,2024,Great American Ball Park,Cincinnati Reds,Cleveland Guardians,3.0,5.0,608718.0,663474.0,Jim Wolf,Sean Barber,"76 degrees, Partly Cloudy.","2 mph, Out To RF.",7:11 PM.,"34,103.",9,1.0,0.0,1,3
746951,2024-06-11,R,2024,Fenway Park,Boston Red Sox,Philadelphia Phillies,1.0,4.0,676710.0,554430.0,Brennan Miller,Derek Thomas,"70 degrees, Partly Cloudy.","3 mph, In From RF.",7:11 PM.,"35,004.",9,1.0,1.0,1,4
745815,2024-06-11,R,2024,Citi Field,New York Mets,Miami Marlins,2.0,4.0,656731.0,666200.0,Laz Diaz,Mike Estabrook,"71 degrees, Cloudy.","6 mph, Out To LF.",7:12 PM.,"22,070.",9,0.0,0.0,2,3
745899,2024-06-11,R,2024,Target Field,Minnesota Twins,Colorado Rockies,4.0,5.0,686973.0,615698.0,Lance Barrett,Edwin Jimenez,"82 degrees, Clear.","6 mph, Out To RF.",6:40 PM.,"21,998.",9,0.0,0.0,0,0
745170,2024-06-11,R,2024,Busch Stadium,St. Louis Cardinals,Pittsburgh Pirates,1.0,2.0,571945.0,694973.0,Alex Tosi,Dan Bellino,"82 degrees, Clear.","4 mph, Out To LF.",6:46 PM.,"34,278.",9,0.0,0.0,0,0
746296,2024-06-11,R,2024,Kauffman Stadium,Kansas City Royals,New York Yankees,1.0,10.0,663903.0,573186.0,Paul Clemons,Carlos Torres,"83 degrees, Partly Cloudy.","8 mph, R To L.",7:10 PM.,"22,437.",9,0.0,2.0,0,6
745981,2024-06-11,R,2024,American Family Field,Milwaukee Brewers,Toronto Blue Jays,0.0,3.0,692230.0,579328.0,Quinn Wolcott,Junior Valentine,"72 degrees, Roof Closed.","5 mph, In From RF.",7:11 PM.,"25,253.",9,0.0,0.0,0,2
747190,2024-06-11,R,2024,Chase Field,Arizona Diamondbacks,Los Angeles Angels,9.0,4.0,656756.0,660761.0,Adam Hamari,Brian Walsh,"78 degrees, Roof Closed.","0 mph, None.",6:40 PM.,"20,972.",9,0.0,0.0,5,2
745404,2024-06-11,R,2024,Petco Park,San Diego Padres,Oakland Athletics,4.0,3.0,681190.0,676664.0,Mark Ripperger,Tom Hanahan,"65 degrees, Overcast.","4 mph, L To R.",6:40 PM.,"41,945.",9,0.0,1.0,3,1
745244,2024-06-11,R,2024,T-Mobile Park,Seattle Mariners,Chicago White Sox,4.0,3.0,646242.0,689672.0,Gabe Morales,Ryan Additon,"61 degrees, Partly Cloudy.","4 mph, Out To CF.",6:40 PM.,"20,005.",9,0.0,0.0,2,3
745327,2024-06-11,R,2024,Oracle Park,San Francisco Giants,Houston Astros,1.0,3.0,663855.0,669854.0,John Libka,James Hoye,"70 degrees, Clear.","13 mph, Out To CF.",6:45 PM.,"32,853.",9,0.0,0.0,1,3
746139,2024-06-11,R,2024,Dodger Stadium,Los Angeles Dodgers,Texas Rangers,15.0,2.0,572020.0,641540.0,Nick Mahrley,Marvin Hudson,"69 degrees, Partly Cloudy.","9 mph, Out To RF.",7:10 PM.,"51,416.",9,3.0,0.0,7,1
745896,2024-06-12,R,2024,Target Field,Minnesota Twins,Colorado Rockies,17.0,9.0,641154.0,596295.0,Edwin Jimenez,Roberto Ortiz,"65 degrees, Overcast.","13 mph, R To L.",12:11 PM.,"18,875.",9,5.0,1.0,8,2
745978,2024-06-12,R,2024,American Family Field,Milwaukee Brewers,Toronto Blue Jays,5.0,4.0,668964.0,605135.0,Junior Valentine,Ramon De Jesus,"87 degrees, Sunny.","10 mph, R To L.",1:11 PM.,"30,444.",9,0.0,1.0,0,1
745328,2024-06-12,R,2024,Oracle Park,San Francisco Giants,Houston Astros,5.0,3.0,657277.0,664285.0,James Hoye,Rob Drake,"63 degrees, Sunny.","9 mph, Out To CF.",12:45 PM.,"34,506.",9,0.0,0.0,5,1
745405,2024-06-12,R,2024,Petco Park,San Diego Padres,Oakland Athletics,5.0,4.0,650633.0,663687.0,Tom Hanahan,Nic Lentz,"70 degrees, Sunny.","8 mph, L To R.",1:11 PM.,"35,688.",9,0.0,0.0,2,0
747028,2024-06-12,R,2024,Oriole Park at Camden Yards,Baltimore Orioles,Atlanta Braves,4.0,2.0,700249.0,680885.0,Bill Miller,Malachi Moore,"81 degrees, Partly Cloudy.","3 mph, Out To LF.",6:35 PM.,"24,122.",9,0.0,0.0,2,0
746462,2024-06-12,R,2024,Comerica Park,Detroit Tigers,Washington Nationals,5.0,7.0,681857.0,663623.0,Chris Segal,Emil Jimenez,"84 degrees, Clear.","12 mph, R To L.",6:40 PM.,"20,645.",9,1.0,0.0,1,5
745079,2024-06-12,R,2024,Tropicana Field,Tampa Bay Rays,Chicago Cubs,3.0,4.0,650644.0,665871.0,Adam Beck,Dan Iassogna,"72 degrees, Dome.","0 mph, None.",6:50 PM.,"16,927.",9,0.0,0.0,2,1
746701,2024-06-12,R,2024,Great American Ball Park,Cincinnati Reds,Cleveland Guardians,4.0,2.0,666157.0,676440.0,Sean Barber,Alan Porter,"81 degrees, Clear.","2 mph, In From LF.",7:11 PM.,"42,427.",9,1.0,0.0,1,2
746948,2024-06-12,R,2024,Fenway Park,Boston Red Sox,Philadelphia Phillies,8.0,6.0,601713.0,650911.0,Derek Thomas,Alex MacKay,"75 degrees, Partly Cloudy.","6 mph, In From RF.",7:11 PM.,"33,236.",9,0.0,2.0,6,4
745811,2024-06-12,R,2024,Citi Field,New York Mets,Miami Marlins,10.0,4.0,656849.0,666129.0,Mike Estabrook,Tripp Gibson,"73 degrees, Cloudy.","8 mph, Out To LF.",7:11 PM.,"19,803.",9,2.0,0.0,6,4
745171,2024-06-12,R,2024,Busch Stadium,St. Louis Cardinals,Pittsburgh Pirates,4.0,2.0,543243.0,663559.0,Dan Bellino,Phil Cuzzi,"88 degrees, Clear.","9 mph, Out To LF.",6:48 PM.,"36,608.",9,0.0,0.0,4,1
746294,2024-06-12,R,2024,Kauffman Stadium,Kansas City Royals,New York Yankees,5.0,11.0,656186.0,547001.0,Carlos Torres,Ryan Wills,"86 degrees, Clear.","14 mph, R To L.",7:10 PM.,"25,132.",9,0.0,6.0,0,8
747193,2024-06-12,R,2024,Chase Field,Arizona Diamondbacks,Los Angeles Angels,3.0,8.0,677944.0,667755.0,Brian Walsh,Edwin Moscoso,"78 degrees, Roof Closed.","0 mph, None.",6:40 PM.,"19,691.",9,0.0,1.0,0,7
745246,2024-06-12,R,2024,T-Mobile Park,Seattle Mariners,Chicago White Sox,2.0,1.0,682243.0,686563.0,Ryan Additon,Brian Knight,"63 degrees, Partly Cloudy.","2 mph, Out To CF.",6:41 PM.,"23,312.",10,0.0,0.0,0,0
746137,2024-06-12,R,2024,Dodger Stadium,Los Angeles Dodgers,Texas Rangers,2.0,3.0,621111.0,592351.0,Marvin Hudson,Hunter Wendelstedt,"69 degrees, Clear.","8 mph, L To R.",7:10 PM.,"48,930.",9,1.0,0.0,1,3
747026,2024-06-13,R,2024,Oriole Park at Camden Yards,Baltimore Orioles,Atlanta Braves,3.0,6.0,608344.0,625643.0,Malachi Moore,Doug Eddings,"85 degrees, Partly Cloudy.","6 mph, Out To LF.",1:06 PM.,"33,700.",9,0.0,2.0,0,3
746465,2024-06-13,R,2024,Comerica Park,Detroit Tigers,Washington Nationals,7.0,2.0,663554.0,571578.0,Emil Jimenez,David Rackley,"85 degrees, Sunny.","14 mph, In From RF.",1:09 PM.,"21,925.",9,0.0,0.0,1,1
746299,2024-06-13,R,2024,Kauffman Stadium,Kansas City Royals,New York Yankees,4.0,3.0,679525.0,641482.0,Ryan Wills,Scott Barry,"90 degrees, Sunny.","15 mph, R To L.",1:10 PM.,"21,875.",9,0.0,0.0,2,0
745168,2024-06-13,R,2024,Busch Stadium,St. Louis Cardinals,Pittsburgh Pirates,4.0,3.0,458681.0,656605.0,Phil Cuzzi,Tony Randazzo,"89 degrees, Sunny.","9 mph, In From RF.",1:16 PM.,"33,398.",9,0.0,0.0,3,3
745075,2024-06-13,R,2024,Tropicana Field,Tampa Bay Rays,Chicago Cubs,3.0,2.0,671737.0,657006.0,Dan Iassogna,Ben May,"72 degrees, Dome.","0 mph, None.",6:50 PM.,"19,679.",9,0.0,0.0,0,2
746944,2024-06-13,R,2024,Fenway Park,Boston Red Sox,Philadelphia Phillies,9.0,3.0,656557.0,605400.0,Alex MacKay,Chris Conroy,"79 degrees, Partly Cloudy.","11 mph, Out To CF.",7:10 PM.,"34,007.",9,0.0,0.0,8,3
745809,2024-06-13,R,2024,Citi Field,New York Mets,Miami Marlins,3.0,2.0,622663.0,682610.0,Tripp Gibson,Charlie Ramos,"77 degrees, Clear.","14 mph, Out To LF.",7:10 PM.,"22,485.",9,0.0,0.0,0,0
745894,2024-06-13,R,2024,Target Field,Minnesota Twins,Oakland Athletics,6.0,2.0,657746.0,665622.0,Ramon De Jesus,Adrian Johnson,"81 degrees, Clear.","10 mph, Out To CF.",6:41 PM.,"23,229.",9,0.0,0.0,4,2
747192,2024-06-13,R,2024,Chase Field,Arizona Diamondbacks,Los Angeles Angels,11.0,1.0,694297.0,656288.0,Edwin Moscoso,Vic Carapazza,"74 degrees, Roof Closed.","0 mph, None.",6:40 PM.,"18,185.",9,3.0,0.0,4,1
745245,2024-06-13,R,2024,T-Mobile Park,Seattle Mariners,Chicago White Sox,2.0,3.0,676106.0,676979.0,Brian Knight,Chris Guccione,"67 degrees, Partly Cloudy.","2 mph, In From LF.",6:41 PM.,"25,567.",10,0.0,0.0,1,2
746136,2024-06-13,R,2024,Dodger Stadium,Los Angeles Dodgers,Texas Rangers,1.0,3.0,675627.0,547179.0,Hunter Wendelstedt,John Tumpane,"68 degrees, Clear.","8 mph, Out To RF.",7:10 PM.,"50,134.",9,0.0,2.0,0,3
746869,2024-06-14,R,2024,Wrigley Field,Chicago Cubs,St. Louis Cardinals,0.0,3.0,696136.0,502043.0,Scott Barry,Paul Clemons,"77 degrees, Sunny.","11 mph, In From CF.",1:20 PM.,"40,160.",9,0.0,0.0,0,0
746947,2024-06-14,R,2024,Fenway Park,Boston Red Sox,New York Yankees,1.0,8.0,678394.0,661563.0,Tony Randazzo,Alex Tosi,"70 degrees, Overcast.","4 mph, In From CF.",7:42 PM.,"35,024.",9,0.0,2.0,1,5
744847,2024-06-14,R,2024,Nationals Park,Washington Nationals,Miami Marlins,8.0,1.0,669022.0,641312.0,Alan Porter,Ryan Blakney,"87 degrees, Cloudy.","5 mph, L To R.",6:45 PM.,"23,303.",9,0.0,0.0,7,1
747025,2024-06-14,R,2024,Oriole Park at Camden Yards,Baltimore Orioles,Philadelphia Phillies,3.0,5.0,680694.0,624133.0,Charlie Ramos,Laz Diaz,"87 degrees, Overcast.","8 mph, In From LF.",7:07 PM.,"43,987.",11,0.0,1.0,1,2
744924,2024-06-14,R,2024,Rogers Centre,Toronto Blue Jays,Cleveland Guardians,1.0,3.0,592332.0,671106.0,Doug Eddings,Chad Whitson,"74 degrees, Cloudy.","17 mph, In From LF.",7:08 PM.,"36,790.",9,0.0,0.0,0,3
745810,2024-06-14,R,2024,Citi Field,New York Mets,San Diego Padres,2.0,1.0,640455.0,663362.0,Ben May,CB Bucknor,"71 degrees, Cloudy.","5 mph, Out To LF.",8:15 PM.,"22,850.",9,0.0,0.0,2,1
747112,2024-06-14,R,2024,Truist Park,Atlanta Braves,Tampa Bay Rays,7.0,3.0,519242.0,641793.0,David Rackley,Nate Tomlinson,"92 degrees, Clear.","2 mph, Calm.",7:21 PM.,"41,046.",9,5.0,1.0,7,1
746378,2024-06-14,R,2024,Minute Maid Park,Houston Astros,Detroit Tigers,4.0,0.0,686613.0,669373.0,Roberto Ortiz,Alfonso Márquez,"73 degrees, Roof Closed.","0 mph, None.",7:10 PM.,"36,902.",9,0.0,0.0,0,0
745892,2024-06-14,R,2024,Target Field,Minnesota Twins,Oakland Athletics,6.0,5.0,680573.0,687765.0,Adrian Johnson,Quinn Wolcott,"80 degrees, Partly Cloudy.","2 mph, In From CF.",7:10 PM.,"35,631.",10,0.0,4.0,1,4
745979,2024-06-14,R,2024,American Family Field,Milwaukee Brewers,Cincinnati Reds,5.0,6.0,642547.0,668881.0,Will Little,Chris Conroy,"71 degrees, Clear.","8 mph, L To R.",7:10 PM.,"32,810.",9,0.0,0.0,2,5
746545,2024-06-14,R,2024,Coors Field,Colorado Rockies,Pittsburgh Pirates,2.0,5.0,663372.0,669387.0,Rob Drake,D.J. Reyburn,"82 degrees, Partly Cloudy.","3 mph, In From LF.",6:41 PM.,"31,717.",9,0.0,1.0,1,1
747191,2024-06-14,R,2024,Chase Field,Arizona Diamondbacks,Chicago White Sox,7.0,1.0,669194.0,623167.0,John Tumpane,Nick Mahrley,"79 degrees, Roof Closed.","0 mph, None.",6:40 PM.,"23,700.",9,0.0,0.0,6,1
746134,2024-06-14,R,2024,Dodger Stadium,Los Angeles Dodgers,Kansas City Royals,4.0,3.0,694813.0,666142.0,Gabe Morales,John Bacon,"75 degrees, Clear.","8 mph, Out To RF.",7:10 PM.,"49,580.",9,0.0,0.0,3,3
745247,2024-06-14,R,2024,T-Mobile Park,Seattle Mariners,Texas Rangers,3.0,2.0,622491.0,571760.0,Vic Carapazza,Adam Hamari,"58 degrees, Roof Closed.","0 mph, Calm.",7:10 PM.,"41,814.",9,2.0,2.0,3,2
745326,2024-06-14,R,2024,Oracle Park,San Francisco Giants,Los Angeles Angels,6.0,8.0,675921.0,542881.0,Nic Lentz,Lance Barksdale,"63 degrees, Clear.","15 mph, Out To CF.",7:15 PM.,"32,842.",9,0.0,0.0,1,8
746865,2024-06-15,R,2024,Wrigley Field,Chicago Cubs,St. Louis Cardinals,5.0,1.0,684007.0,669467.0,Paul Clemons,Carlos Torres,"78 degrees, Partly Cloudy.","11 mph, R To L.",1:20 PM.,"40,088.",9,0.0,0.0,2,1
744925,2024-06-15,R,2024,Rogers Centre,Toronto Blue Jays,Cleveland Guardians,5.0,0.0,670950.0,471911.0,Chad Whitson,Bill Miller,"66 degrees, Sunny.","8 mph, Out To LF.",3:07 PM.,"39,318.",9,0.0,0.0,5,0
745329,2024-06-15,R,2024,Oracle Park,San Francisco Giants,Los Angeles Angels,3.0,4.0,676775.0,663776.0,Lance Barksdale,Mark Ripperger,"71 degrees, Sunny.","12 mph, Varies.",1:06 PM.,"36,235.",9,2.0,0.0,3,1
747024,2024-06-15,R,2024,Oriole Park at Camden Yards,Baltimore Orioles,Philadelphia Phillies,6.0,2.0,680570.0,592836.0,Laz Diaz,Mike Estabrook,"84 degrees, Sunny.","6 mph, In From LF.",4:06 PM.,"44,555.",9,0.0,1.0,2,2
744846,2024-06-15,R,2024,Nationals Park,Washington Nationals,Miami Marlins,4.0,0.0,687792.0,669432.0,Ryan Blakney,Jim Wolf,"81 degrees, Partly Cloudy.","4 mph, In From LF.",4:05 PM.,"25,637.",9,1.0,0.0,2,0
746381,2024-06-15,R,2024,Minute Maid Park,Houston Astros,Detroit Tigers,5.0,13.0,681293.0,656427.0,Alfonso Márquez,Lance Barrett,"73 degrees, Roof Closed.","0 mph, None.",3:10 PM.,"37,675.",9,0.0,2.0,0,10
745805,2024-06-15,R,2024,Citi Field,New York Mets,San Diego Padres,5.0,1.0,500779.0,800049.0,CB Bucknor,Adam Beck,"81 degrees, Sunny.","9 mph, In From LF.",4:11 PM.,"37,031.",9,0.0,0.0,3,1
747113,2024-06-15,R,2024,Truist Park,Atlanta Braves,Tampa Bay Rays,9.0,2.0,450203.0,686752.0,Nate Tomlinson,Chris Segal,"94 degrees, Sunny.","2 mph, R To L.",4:11 PM.,"40,480.",9,0.0,1.0,5,1
745976,2024-06-15,R,2024,American Family Field,Milwaukee Brewers,Cincinnati Reds,3.0,1.0,657649.0,671096.0,Chris Conroy,Brennan Miller,"76 degrees, Cloudy.","11 mph, In From LF.",3:11 PM.,"38,419.",9,0.0,0.0,3,0
745241,2024-06-15,R,2024,T-Mobile Park,Seattle Mariners,Texas Rangers,7.0,5.0,669923.0,543135.0,Adam Hamari,Brian Walsh,"59 degrees, Partly Cloudy.","0 mph, Calm.",4:16 PM.,"43,448.",9,1.0,0.0,4,1
746946,2024-06-15,R,2024,Fenway Park,Boston Red Sox,New York Yankees,8.0,4.0,681867.0,607074.0,Alex Tosi,Dan Bellino,"76 degrees, Clear.","10 mph, L To R.",7:17 PM.,"36,673.",9,3.0,0.0,5,2
746135,2024-06-15,R,2024,Dodger Stadium,Los Angeles Dodgers,Kansas City Royals,2.0,7.0,808967.0,607625.0,John Bacon,Ryan Additon,"77 degrees, Clear.","9 mph, L To R.",6:10 PM.,"50,423.",9,0.0,0.0,2,1
746547,2024-06-15,R,2024,Coors Field,Colorado Rockies,Pittsburgh Pirates,16.0,4.0,621389.0,683003.0,D.J. Reyburn,John Libka,"89 degrees, Cloudy.","7 mph, L To R.",7:10 PM.,"40,033.",9,0.0,0.0,6,1
747187,2024-06-15,R,2024,Chase Field,Arizona Diamondbacks,Chicago White Sox,2.0,9.0,543518.0,607200.0,Nick Mahrley,Marvin Hudson,"77 degrees, Roof Closed.","0 mph, None.",7:10 PM.,"38,494.",9,1.0,0.0,2,4
745891,2024-06-15,R,2024,Target Field,Minnesota Twins,Oakland Athletics,,,663978.0,683155.0,Junior Valentine,Ramon De Jesus,"87 degrees, Partly Cloudy.","10 mph, Out To LF.",6:41 PM.,"20,787.",9,2.0,0.0,6,5
746866,2024-06-16,R,2024,Wrigley Field,Chicago Cubs,St. Louis Cardinals,1.0,2.0,592791.0,571945.0,Carlos Torres,Ryan Wills,"86 degrees, Sunny.","6 mph, Out To LF.",12:05 PM.,"39,118.",9,0.0,0.0,0,2
747023,2024-06-16,R,2024,Oriole Park at Camden Yards,Baltimore Orioles,Philadelphia Phillies,8.0,3.0,669203.0,554430.0,Mike Estabrook,Tripp Gibson,"83 degrees, Cloudy.","8 mph, R To L.",1:36 PM.,"44,525.",9,1.0,0.0,8,2
747109,2024-06-16,R,2024,Truist Park,Atlanta Braves,Tampa Bay Rays,6.0,8.0,694462.0,621107.0,Chris Segal,Larry Vanover,"93 degrees, Partly Cloudy.","6 mph, In From CF.",1:36 PM.,"40,211.",9,1.0,1.0,2,6
744839,2024-06-16,R,2024,Nationals Park,Washington Nationals,Miami Marlins,3.0,1.0,680730.0,666200.0,Jim Wolf,Sean Barber,"84 degrees, Partly Cloudy.","5 mph, Out To LF.",1:35 PM.,"27,003.",9,1.0,0.0,2,1
744926,2024-06-16,R,2024,Rogers Centre,Toronto Blue Jays,Cleveland Guardians,7.0,6.0,621244.0,594902.0,Bill Miller,Malachi Moore,"64 degrees, Sunny.","16 mph, Out To RF.",1:38 PM.,"40,043.",9,0.0,0.0,7,2
745807,2024-06-16,R,2024,Citi Field,New York Mets,San Diego Padres,11.0,6.0,656731.0,656302.0,Adam Beck,Dan Iassogna,"77 degrees, Sunny.","6 mph, R To L.",1:42 PM.,"31,454.",9,4.0,1.0,7,2
746377,2024-06-16,R,2024,Minute Maid Park,Houston Astros,Detroit Tigers,4.0,1.0,669854.0,628317.0,Lance Barrett,Dan Merzel,"73 degrees, Roof Closed.","0 mph, None.",1:10 PM.,"39,199.",9,1.0,0.0,4,0
745895,2024-06-16,R,2024,Target Field,Minnesota Twins,Oakland Athletics,6.0,2.0,641927.0,676664.0,Quinn Wolcott,Emil Jimenez,"82 degrees, Cloudy.","15 mph, R To L.",1:10 PM.,"33,835.",9,3.0,0.0,4,0
745891,2024-06-16,R,2024,Target Field,Minnesota Twins,Oakland Athletics,8.0,7.0,663978.0,683155.0,Junior Valentine,Ramon De Jesus,"87 degrees, Partly Cloudy.","10 mph, Out To LF.",6:41 PM.,"20,787.",9,2.0,0.0,6,5
745977,2024-06-16,R,2024,American Family Field,Milwaukee Brewers,Cincinnati Reds,5.0,4.0,607067.0,593423.0,Brennan Miller,Derek Thomas,"79 degrees, Partly Cloudy.","10 mph, L To R.",1:10 PM.,"41,676.",9,0.0,1.0,1,3
746546,2024-06-16,R,2024,Coors Field,Colorado Rockies,Pittsburgh Pirates,2.0,8.0,641712.0,676596.0,John Libka,James Hoye,"82 degrees, Partly Cloudy.","5 mph, In From LF.",1:11 PM.,"40,422.",9,0.0,0.0,0,1
745321,2024-06-16,R,2024,Oracle Park,San Francisco Giants,Los Angeles Angels,13.0,6.0,669062.0,690829.0,Mark Ripperger,Tom Hanahan,"68 degrees, Sunny.","16 mph, Out To CF.",1:06 PM.,"41,008.",9,0.0,1.0,9,2
746130,2024-06-16,R,2024,Dodger Stadium,Los Angeles Dodgers,Kansas City Royals,3.0,0.0,607192.0,663903.0,Ryan Additon,Brian Knight,"78 degrees, Sunny.","4 mph, Out To CF.",1:11 PM.,"52,789.",9,0.0,0.0,1,0
745242,2024-06-16,R,2024,T-Mobile Park,Seattle Mariners,Texas Rangers,5.0,0.0,669302.0,641540.0,Brian Walsh,Edwin Moscoso,"54 degrees, Partly Cloudy.","4 mph, In From LF.",1:10 PM.,"45,584.",9,0.0,0.0,2,0
747189,2024-06-16,R,2024,Chase Field,Arizona Diamondbacks,Chicago White Sox,12.0,5.0,656756.0,689672.0,Marvin Hudson,Hunter Wendelstedt,"78 degrees, Roof Closed.","0 mph, None.",1:10 PM.,"37,694.",9,3.0,0.0,10,1
746945,2024-06-16,R,2024,Fenway Park,Boston Red Sox,New York Yankees,9.0,3.0,676710.0,573186.0,Dan Bellino,Phil Cuzzi,"68 degrees, Partly Cloudy.","3 mph, In From LF.",7:12 PM.,"36,718.",9,0.0,1.0,4,1
745490,2024-06-17,R,2024,PNC Park,Pittsburgh Pirates,Cincinnati Reds,4.0,1.0,694973.0,686730.0,Malachi Moore,Chad Whitson,"75 degrees, Cloudy.","14 mph, Out To LF.",7:12 PM.,"19,951.",9,3.0,1.0,4,1
745567,2024-06-17,R,2024,Citizens Bank Park,Philadelphia Phillies,San Diego Padres,9.0,2.0,650911.0,681190.0,Bruce Dreckman,Edwin Moscoso,"86 degrees, Partly Cloudy.","9 mph, Out To CF.",6:41 PM.,"43,134.",9,0.0,0.0,6,1
746055,2024-06-17,R,2024,loanDepot park,Miami Marlins,St. Louis Cardinals,6.0,7.0,666129.0,543243.0,Dan Iassogna,Ben May,"72 degrees, Roof Closed.","0 mph, None.",6:40 PM.,"9,468.",12,0.0,0.0,0,1
744918,2024-06-17,R,2024,Rogers Centre,Toronto Blue Jays,Boston Red Sox,3.0,7.0,579328.0,601713.0,Emil Jimenez,Roberto Ortiz,"75 degrees, Clear.","6 mph, Out To CF.",7:07 PM.,"29,907.",9,0.0,2.0,1,5
747108,2024-06-17,R,2024,Truist Park,Atlanta Braves,Detroit Tigers,2.0,1.0,608331.0,681857.0,Phil Cuzzi,Tony Randazzo,"89 degrees, Partly Cloudy.","10 mph, L To R.",7:20 PM.,"38,273.",9,0.0,0.0,0,0
746868,2024-06-17,R,2024,Wrigley Field,Chicago Cubs,San Francisco Giants,6.0,7.0,665871.0,663855.0,Manny Gonzalez,Todd Tichenor,"93 degrees, Cloudy.","13 mph, In From LF.",7:05 PM.,"36,048.",9,0.0,0.0,0,1
745005,2024-06-17,R,2024,Globe Life Field,Texas Rangers,New York Mets,2.0,14.0,592351.0,656849.0,Jansen Visconti,Mike Muchlinski,"74 degrees, Roof Closed.","0 mph, None.",7:08 PM.,"32,590.",9,0.0,1.0,2,11
746543,2024-06-17,R,2024,Coors Field,Colorado Rockies,Los Angeles Dodgers,5.0,9.0,615698.0,572020.0,Tom Hanahan,Will Little,"87 degrees, Partly Cloudy.","10 mph, In From LF.",6:41 PM.,"32,021.",9,0.0,1.0,1,3
746215,2024-06-17,R,2024,Angel Stadium,Los Angeles Angels,Milwaukee Brewers,5.0,3.0,668676.0,692230.0,Dan Merzel,Jordan Baker,"71 degrees, Clear.","9 mph, Out To RF.",6:38 PM.,"26,575.",9,0.0,0.0,5,3
746049,2024-06-18,R,2024,loanDepot park,Miami Marlins,St. Louis Cardinals,9.0,8.0,682610.0,458681.0,Ben May,CB Bucknor,"72 degrees, Roof Closed.","0 mph, None.",6:10 PM.,"8,850.",10,3.0,2.0,5,7
745488,2024-06-18,R,2024,PNC Park,Pittsburgh Pirates,Cincinnati Reds,1.0,2.0,663559.0,666157.0,Chad Whitson,Alex MacKay,"83 degrees, Partly Cloudy.","9 mph, Out To LF.",6:43 PM.,"16,880.",9,0.0,0.0,0,2
746627,2024-06-18,R,2024,Progressive Field,Cleveland Guardians,Seattle Mariners,5.0,8.0,663474.0,682243.0,Hunter Wendelstedt,Doug Eddings,"83 degrees, Cloudy.","7 mph, In From CF.",6:40 PM.,"25,453.",9,0.0,0.0,1,6
745563,2024-06-18,R,2024,Citizens Bank Park,Philadelphia Phillies,San Diego Padres,4.0,3.0,605400.0,650633.0,Edwin Moscoso,Jeremie Rehak,"89 degrees, Partly Cloudy.","8 mph, Out To CF.",6:42 PM.,"43,021.",9,0.0,0.0,1,0
744843,2024-06-18,R,2024,Nationals Park,Washington Nationals,Arizona Diamondbacks,0.0,5.0,663623.0,677944.0,Chad Fairchild,Ryan Wills,"87 degrees, Partly Cloudy.","5 mph, Out To LF.",6:46 PM.,"28,230.",9,0.0,2.0,0,4
745733,2024-06-18,R,2024,Yankee Stadium,New York Yankees,Baltimore Orioles,4.0,2.0,641482.0,544150.0,Brian Knight,Gabe Morales,"83 degrees, Partly Cloudy.","14 mph, R To L.",7:08 PM.,"47,429.",9,0.0,0.0,4,0
744917,2024-06-18,R,2024,Rogers Centre,Toronto Blue Jays,Boston Red Sox,3.0,4.0,605135.0,656557.0,Roberto Ortiz,Alfonso Márquez,"72 degrees, Partly Cloudy.","11 mph, R To L.",7:09 PM.,"38,595.",9,0.0,0.0,2,1
747107,2024-06-18,R,2024,Truist Park,Atlanta Braves,Detroit Tigers,2.0,1.0,680885.0,663554.0,Tony Randazzo,Jeremy Riggs,"84 degrees, Partly Cloudy.","13 mph, Out To RF.",7:20 PM.,"37,561.",9,2.0,0.0,2,0
745893,2024-06-18,R,2024,Target Field,Minnesota Twins,Tampa Bay Rays,7.0,6.0,641154.0,650644.0,Vic Carapazza,Alex Tosi,"85 degrees, Partly Cloudy.","7 mph, R To L.",6:41 PM.,"17,342.",9,0.0,3.0,6,6
746867,2024-06-18,R,2024,Wrigley Field,Chicago Cubs,San Francisco Giants,5.0,2.0,657006.0,657277.0,Todd Tichenor,Nestor Ceja,"87 degrees, Partly Cloudy.","16 mph, Out To CF.",7:05 PM.,"36,297.",9,0.0,0.0,2,2
745004,2024-06-18,R,2024,Globe Life Field,Texas Rangers,New York Mets,6.0,7.0,547179.0,622663.0,Mike Muchlinski,Edwin Jimenez,"74 degrees, Roof Closed.","0 mph, None.",7:08 PM.,"36,274.",9,0.0,0.0,6,2
746783,2024-06-18,R,2024,Guaranteed Rate Field,Chicago White Sox,Houston Astros,2.0,0.0,686563.0,664285.0,Derek Thomas,Chris Conroy,"88 degrees, Partly Cloudy.","17 mph, R To L.",7:10 PM.,"16,763.",9,0.0,0.0,2,0
746542,2024-06-18,R,2024,Coors Field,Colorado Rockies,Los Angeles Dodgers,9.0,11.0,596295.0,621111.0,Will Little,Lance Barksdale,"72 degrees, Cloudy.","5 mph, Out To LF.",6:40 PM.,"33,791.",9,4.0,0.0,7,2
746217,2024-06-18,R,2024,Angel Stadium,Los Angeles Angels,Milwaukee Brewers,3.0,6.0,656288.0,668964.0,Jordan Baker,Mark Carlson,"74 degrees, Clear.","10 mph, Out To CF.",6:39 PM.,"27,967.",9,0.0,1.0,0,5
745650,2024-06-18,R,2024,Oakland Coliseum,Oakland Athletics,Kansas City Royals,7.0,5.0,663687.0,679525.0,James Hoye,Rob Drake,"69 degrees, Partly Cloudy.","14 mph, Out To RF.",6:40 PM.,"7,013.",9,2.0,0.0,7,3
747106,2024-06-19,R,2024,Truist Park,Atlanta Braves,Detroit Tigers,7.0,0.0,625643.0,669373.0,Jeremy Riggs,Dan Bellino,"80 degrees, Partly Cloudy.","12 mph, L To R.",12:21 PM.,"36,055.",9,0.0,0.0,7,0
745489,2024-06-19,R,2024,PNC Park,Pittsburgh Pirates,Cincinnati Reds,1.0,0.0,656605.0,668881.0,Alex MacKay,Bill Miller,"87 degrees, Partly Cloudy.","6 mph, Out To LF.",12:37 PM.,"21,527.",9,0.0,0.0,0,0
746050,2024-06-19,R,2024,loanDepot park,Miami Marlins,St. Louis Cardinals,4.0,3.0,630023.0,669461.0,CB Bucknor,Adam Beck,"72 degrees, Roof Closed.","0 mph, None.",12:40 PM.,"11,830.",9,2.0,0.0,2,2
745561,2024-06-19,R,2024,Citizens Bank Park,Philadelphia Phillies,San Diego Padres,2.0,5.0,624133.0,663362.0,Jeremie Rehak,Scott Barry,"87 degrees, Sunny.","5 mph, Out To CF.",1:08 PM.,"44,445.",9,0.0,0.0,1,1
746864,2024-06-19,R,2024,Wrigley Field,Chicago Cubs,San Francisco Giants,6.0,5.0,543294.0,669062.0,Nestor Ceja,Cory Blaser,"91 degrees, Sunny.","13 mph, Out To CF.",1:20 PM.,"37,673.",9,0.0,0.0,3,0
744842,2024-06-19,R,2024,Nationals Park,Washington Nationals,Arizona Diamondbacks,3.0,1.0,571578.0,694297.0,Ryan Wills,Paul Clemons,"88 degrees, Partly Cloudy.","5 mph, Out To RF.",4:05 PM.,"20,853.",9,0.0,0.0,0,1
746625,2024-06-19,R,2024,Progressive Field,Cleveland Guardians,Seattle Mariners,8.0,0.0,676440.0,693433.0,Doug Eddings,John Tumpane,"85 degrees, Partly Cloudy.","6 mph, In From CF.",6:42 PM.,"26,107.",9,1.0,0.0,6,0
745732,2024-06-19,R,2024,Yankee Stadium,New York Yankees,Baltimore Orioles,6.0,7.0,543037.0,700249.0,Gabe Morales,Ryan Additon,"81 degrees, Clear.","13 mph, R To L.",7:09 PM.,"47,155.",10,1.0,1.0,1,4
744920,2024-06-19,R,2024,Rogers Centre,Toronto Blue Jays,Boston Red Sox,3.0,7.0,592332.0,678394.0,Alfonso Márquez,Lance Barrett,"84 degrees, Clear.","7 mph, Out To CF.",7:08 PM.,"38,906.",9,0.0,0.0,2,3
745887,2024-06-19,R,2024,Target Field,Minnesota Twins,Tampa Bay Rays,2.0,3.0,657746.0,671737.0,Alex Tosi,Adam Hamari,"72 degrees, Partly Cloudy.","4 mph, Out To CF.",6:42 PM.,"20,712.",10,0.0,0.0,2,1
745002,2024-06-19,R,2024,Globe Life Field,Texas Rangers,New York Mets,5.0,3.0,571760.0,640455.0,Edwin Jimenez,Andy Fletcher,"74 degrees, Roof Closed.","0 mph, None.",7:08 PM.,"36,095.",9,1.0,0.0,1,1
746781,2024-06-19,R,2024,Guaranteed Rate Field,Chicago White Sox,Houston Astros,1.0,4.0,676979.0,686613.0,Chris Conroy,Brennan Miller,"90 degrees, Partly Cloudy.","9 mph, R To L.",7:10 PM.,"14,124.",9,0.0,0.0,1,2
746538,2024-06-19,R,2024,Coors Field,Colorado Rockies,Los Angeles Dodgers,7.0,6.0,663372.0,676272.0,Lance Barksdale,Nic Lentz,"73 degrees, Partly Cloudy.","9 mph, Out To LF.",6:41 PM.,"37,503.",9,3.0,0.0,4,6
746219,2024-06-19,R,2024,Angel Stadium,Los Angeles Angels,Milwaukee Brewers,0.0,2.0,542881.0,642547.0,Mark Carlson,Stu Scheurwater,"72 degrees, Clear.","6 mph, Out To CF.",6:38 PM.,"28,483.",9,0.0,1.0,0,1
745646,2024-06-19,R,2024,Oakland Coliseum,Oakland Athletics,Kansas City Royals,5.0,1.0,665622.0,666142.0,Rob Drake,D.J. Reyburn,"60 degrees, Partly Cloudy.","18 mph, Varies.",6:42 PM.,"4,557.",9,0.0,0.0,2,1
744841,2024-06-20,R,2024,Nationals Park,Washington Nationals,Arizona Diamondbacks,2.0,5.0,669022.0,669194.0,Paul Clemons,Carlos Torres,"84 degrees, Partly Cloudy.","5 mph, Out To LF.",1:05 PM.,"21,158.",9,0.0,0.0,1,4
746626,2024-06-20,R,2024,Progressive Field,Cleveland Guardians,Seattle Mariners,6.0,3.0,671106.0,622491.0,John Tumpane,John Bacon,"88 degrees, Partly Cloudy.","2 mph, In From CF.",1:10 PM.,"24,470.",9,1.0,2.0,5,3
745889,2024-06-20,R,2024,Target Field,Minnesota Twins,Tampa Bay Rays,6.0,7.0,680573.0,641793.0,Adam Hamari,Brian Walsh,"69 degrees, Overcast.","6 mph, In From RF.",12:11 PM.,"24,863.",10,0.0,0.0,2,2
746782,2024-06-20,R,2024,Guaranteed Rate Field,Chicago White Sox,Houston Astros,3.0,5.0,623167.0,681293.0,Brennan Miller,Mark Ripperger,"77 degrees, Sunny.","9 mph, L To R.",1:11 PM.,"14,435.",9,0.0,1.0,3,1
746539,2024-06-20,R,2024,Coors Field,Colorado Rockies,Los Angeles Dodgers,3.0,5.0,621389.0,694813.0,Nic Lentz,Tom Hanahan,"92 degrees, Partly Cloudy.","8 mph, L To R.",1:10 PM.,"40,236.",9,0.0,1.0,0,5
745645,2024-06-20,R,2024,Oakland Coliseum,Oakland Athletics,Kansas City Royals,2.0,3.0,687765.0,607625.0,D.J. Reyburn,John Libka,"63 degrees, Partly Cloudy.","10 mph, Varies.",12:37 PM.,"8,753.",9,0.0,0.0,0,2
745734,2024-06-20,R,2024,Yankee Stadium,New York Yankees,Baltimore Orioles,5.0,17.0,661563.0,608344.0,Ryan Additon,Charlie Ramos,"90 degrees, Partly Cloudy.","10 mph, Out To LF.",4:08 PM.,"45,456.",9,0.0,1.0,5,11
745164,2024-06-20,R,2024,Rickwood Field,St. Louis Cardinals,San Francisco Giants,6.0,5.0,669467.0,676775.0,Alan Porter,Adrian Johnson,"90 degrees, Clear.","7 mph, In From CF.",6:36 PM.,"8,332.",9,3.0,0.0,6,3
745401,2024-06-20,R,2024,Petco Park,San Diego Padres,Milwaukee Brewers,7.0,6.0,800049.0,669060.0,Andy Fletcher,Jansen Visconti,"70 degrees, Clear.","9 mph, L To R.",6:40 PM.,"42,644.",9,4.0,1.0,5,3
746861,2024-06-21,R,2024,Wrigley Field,Chicago Cubs,New York Mets,1.0,11.0,684007.0,500779.0,Brian Walsh,Vic Carapazza,"79 degrees, Sunny.","9 mph, R To L.",1:20 PM.,"37,037.",9,1.0,3.0,1,11
745483,2024-06-21,R,2024,PNC Park,Pittsburgh Pirates,Tampa Bay Rays,3.0,10.0,669387.0,686752.0,Lance Barrett,Emil Jimenez,"96 degrees, Clear.","6 mph, Out To CF.",6:42 PM.,"26,600.",9,0.0,0.0,2,4
745562,2024-06-21,R,2024,Citizens Bank Park,Philadelphia Phillies,Arizona Diamondbacks,4.0,5.0,592836.0,656756.0,Adam Beck,Dan Iassogna,"93 degrees, Clear.","10 mph, Out To CF.",7:06 PM.,"44,436.",9,0.0,0.0,2,4
746460,2024-06-21,R,2024,Comerica Park,Detroit Tigers,Chicago White Sox,2.0,1.0,656427.0,607200.0,Carlos Torres,Chad Fairchild,"85 degrees, Clear.","8 mph, In From RF.",6:40 PM.,"24,938.",9,0.0,0.0,2,1
745729,2024-06-21,R,2024,Yankee Stadium,New York Yankees,Atlanta Braves,1.0,8.0,607074.0,519242.0,Mark Ripperger,Derek Thomas,"87 degrees, Partly Cloudy.","10 mph, L To R.",7:09 PM.,"45,226.",9,0.0,3.0,1,8
746698,2024-06-21,R,2024,Great American Ball Park,Cincinnati Reds,Boston Red Sox,5.0,2.0,671096.0,676710.0,Cory Blaser,Manny Gonzalez,"91 degrees, Clear.","5 mph, Out To LF.",7:10 PM.,"37,146.",9,1.0,0.0,3,2
746624,2024-06-21,R,2024,Progressive Field,Cleveland Guardians,Toronto Blue Jays,7.0,1.0,471911.0,684320.0,Charlie Ramos,Brian Knight,"85 degrees, Clear.","1 mph, In From CF.",7:11 PM.,"35,868.",9,0.0,0.0,7,1
746052,2024-06-21,R,2024,loanDepot park,Miami Marlins,Seattle Mariners,3.0,2.0,669432.0,669923.0,Bill Miller,Edwin Moscoso,"72 degrees, Roof Closed.","0 mph, None.",7:11 PM.,"11,794.",10,0.0,1.0,0,2
745006,2024-06-21,R,2024,Globe Life Field,Texas Rangers,Kansas City Royals,6.0,2.0,543135.0,663903.0,Dan Bellino,Phil Cuzzi,"74 degrees, Roof Closed.","0 mph, None.",7:08 PM.,"37,678.",9,0.0,0.0,1,2
746375,2024-06-21,R,2024,Minute Maid Park,Houston Astros,Baltimore Orioles,14.0,11.0,814005.0,680570.0,Scott Barry,Bruce Dreckman,"73 degrees, Roof Closed.","0 mph, None.",7:10 PM.,"38,596.",9,1.0,0.0,5,3
746540,2024-06-21,R,2024,Coors Field,Colorado Rockies,Washington Nationals,5.0,11.0,641712.0,687792.0,John Bacon,Hunter Wendelstedt,"84 degrees, Partly Cloudy.","5 mph, Out To CF.",6:40 PM.,"31,935.",9,0.0,0.0,5,9
745649,2024-06-21,R,2024,Oakland Coliseum,Oakland Athletics,Minnesota Twins,6.0,5.0,683155.0,663978.0,Stu Scheurwater,Dan Merzel,"63 degrees, Clear.","10 mph, Varies.",6:41 PM.,"9,158.",9,1.0,1.0,4,1
745403,2024-06-21,R,2024,Petco Park,San Diego Padres,Milwaukee Brewers,9.0,5.0,656302.0,607067.0,Jansen Visconti,Mike Muchlinski,"70 degrees, Clear.","7 mph, L To R.",6:41 PM.,"41,282.",9,0.0,0.0,3,4
746131,2024-06-21,R,2024,Dodger Stadium,Los Angeles Dodgers,Los Angeles Angels,2.0,3.0,689017.0,663776.0,John Libka,James Hoye,"76 degrees, Clear.","7 mph, L To R.",7:10 PM.,"51,841.",10,0.0,0.0,2,0
746459,2024-06-22,R,2024,Comerica Park,Detroit Tigers,Chicago White Sox,1.0,5.0,628317.0,689672.0,Chad Fairchild,Ryan Wills,"91 degrees, Partly Cloudy.","14 mph, R To L.",1:12 PM.,"29,269.",9,0.0,0.0,0,3
745163,2024-06-22,R,2024,Busch Stadium,St. Louis Cardinals,San Francisco Giants,9.0,4.0,571945.0,663855.0,Will Little,Malachi Moore,"91 degrees, Partly Cloudy.","13 mph, R To L.",1:17 PM.,"41,815.",9,2.0,3.0,5,4
746863,2024-06-22,R,2024,Wrigley Field,Chicago Cubs,New York Mets,8.0,1.0,592791.0,656731.0,Vic Carapazza,Alex Tosi,"91 degrees, Cloudy.","8 mph, Out To CF.",1:20 PM.,"39,319.",9,5.0,0.0,6,1
745486,2024-06-22,R,2024,PNC Park,Pittsburgh Pirates,Tampa Bay Rays,4.0,3.0,683003.0,621107.0,Emil Jimenez,Roberto Ortiz,"95 degrees, Partly Cloudy.","10 mph, Out To LF.",4:06 PM.,"33,040.",9,1.0,1.0,4,2
744997,2024-06-22,R,2024,Globe Life Field,Texas Rangers,Kansas City Royals,6.0,0.0,592351.0,608379.0,Phil Cuzzi,Tony Randazzo,"74 degrees, Roof Closed.","0 mph, Calm.",3:07 PM.,"38,301.",9,0.0,0.0,1,0
745564,2024-06-22,R,2024,Citizens Bank Park,Philadelphia Phillies,Arizona Diamondbacks,12.0,1.0,554430.0,674072.0,Dan Iassogna,Ben May,"97 degrees, Partly Cloudy.","11 mph, Out To RF.",4:05 PM.,"44,288.",9,2.0,0.0,8,1
745644,2024-06-22,R,2024,Oakland Coliseum,Oakland Athletics,Minnesota Twins,2.0,10.0,676664.0,641927.0,Dan Merzel,Jordan Baker,"76 degrees, Sunny.","3 mph, Out To RF.",1:07 PM.,"9,299.",9,1.0,1.0,2,9
746700,2024-06-22,R,2024,Great American Ball Park,Cincinnati Reds,Boston Red Sox,3.0,4.0,593423.0,601713.0,Manny Gonzalez,Todd Tichenor,"92 degrees, Partly Cloudy.","10 mph, R To L.",4:11 PM.,"31,803.",9,2.0,0.0,3,1
746376,2024-06-22,R,2024,Minute Maid Park,Houston Astros,Baltimore Orioles,5.0,1.0,669854.0,669203.0,Bruce Dreckman,Jeremie Rehak,"73 degrees, Roof Closed.","0 mph, None.",3:10 PM.,"37,107.",9,0.0,0.0,4,1
746622,2024-06-22,R,2024,Progressive Field,Cleveland Guardians,Toronto Blue Jays,6.0,3.0,594902.0,621244.0,Brian Knight,Gabe Morales,"89 degrees, Partly Cloudy.","1 mph, L To R.",4:11 PM.,"37,133.",9,0.0,0.0,5,2
746048,2024-06-22,R,2024,loanDepot park,Miami Marlins,Seattle Mariners,0.0,9.0,641312.0,669302.0,Edwin Moscoso,Chad Whitson,"72 degrees, Roof Closed.","0 mph, None.",4:11 PM.,"13,217.",9,0.0,2.0,0,7
745731,2024-06-22,R,2024,Yankee Stadium,New York Yankees,Atlanta Braves,8.0,3.0,573186.0,450203.0,Derek Thomas,Chris Conroy,"80 degrees, Cloudy.","8 mph, R To L.",7:15 PM.,"45,056.",9,2.0,1.0,4,1
745402,2024-06-22,R,2024,Petco Park,San Diego Padres,Milwaukee Brewers,6.0,4.0,681190.0,692230.0,Mike Muchlinski,Edwin Jimenez,"76 degrees, Sunny.","11 mph, L To R.",4:15 PM.,"39,658.",9,0.0,0.0,4,0
746541,2024-06-22,R,2024,Coors Field,Colorado Rockies,Washington Nationals,8.0,7.0,615698.0,680730.0,Hunter Wendelstedt,Doug Eddings,"83 degrees, Cloudy.","13 mph, L To R.",7:10 PM.,"34,509.",9,1.0,0.0,4,3
746132,2024-06-22,R,2024,Dodger Stadium,Los Angeles Dodgers,Los Angeles Angels,7.0,2.0,607192.0,668676.0,James Hoye,Rob Drake,"79 degrees, Clear.","9 mph, Out To CF.",7:09 PM.,"53,273.",9,0.0,0.0,7,1
745566,2024-06-23,R,2024,Citizens Bank Park,Philadelphia Phillies,Arizona Diamondbacks,4.0,1.0,650911.0,677944.0,Ben May,Adam Beck,"91 degrees, Partly Cloudy.","14 mph, Out To RF.",11:36 AM.,"44,079.",9,0.0,0.0,1,0
745485,2024-06-23,R,2024,PNC Park,Pittsburgh Pirates,Tampa Bay Rays,1.0,3.0,694973.0,650644.0,Roberto Ortiz,Alfonso Márquez,"84 degrees, Cloudy.","16 mph, Out To LF.",1:36 PM.,"29,026.",9,0.0,1.0,1,1
745727,2024-06-23,R,2024,Yankee Stadium,New York Yankees,Atlanta Braves,1.0,3.0,641482.0,608331.0,Chris Conroy,Brennan Miller,"92 degrees, Partly Cloudy.","11 mph, Out To CF.",1:38 PM.,"46,683.",9,0.0,0.0,0,3
746699,2024-06-23,R,2024,Great American Ball Park,Cincinnati Reds,Boston Red Sox,4.0,7.0,666157.0,677161.0,Todd Tichenor,Nestor Ceja,"80 degrees, Cloudy.","14 mph, Out To LF.",1:48 PM.,"29,199.",9,0.0,0.0,1,4
746621,2024-06-23,R,2024,Progressive Field,Cleveland Guardians,Toronto Blue Jays,6.0,5.0,663474.0,579328.0,Gabe Morales,Ryan Additon,"78 degrees, Cloudy.","26 mph, L To R.",1:41 PM.,"27,479.",9,1.0,2.0,6,5
746457,2024-06-23,R,2024,Comerica Park,Detroit Tigers,Chicago White Sox,11.0,2.0,681857.0,686563.0,Ryan Wills,Paul Clemons,"84 degrees, Partly Cloudy.","15 mph, Out To LF.",1:40 PM.,"22,975.",9,5.0,0.0,9,0
746051,2024-06-23,R,2024,loanDepot park,Miami Marlins,Seattle Mariners,6.0,4.0,667725.0,682243.0,Chad Whitson,Alex MacKay,"72 degrees, Roof Closed.","0 mph, None.",1:40 PM.,"13,540.",9,4.0,0.0,6,2
746373,2024-06-23,R,2024,Minute Maid Park,Houston Astros,Baltimore Orioles,8.0,1.0,664285.0,544150.0,Jeremie Rehak,David Arrieta,"73 degrees, Roof Closed.","0 mph, None.",1:12 PM.,"37,014.",9,4.0,0.0,5,0
745165,2024-06-23,R,2024,Busch Stadium,St. Louis Cardinals,San Francisco Giants,5.0,3.0,543243.0,657277.0,Malachi Moore,Lance Barksdale,"90 degrees, Sunny.","14 mph, Out To RF.",1:18 PM.,"37,492.",9,3.0,0.0,4,0
745000,2024-06-23,R,2024,Globe Life Field,Texas Rangers,Kansas City Royals,4.0,0.0,453286.0,679525.0,Tony Randazzo,Jeremy Riggs,"74 degrees, Roof Closed.","0 mph, None.",1:37 PM.,"35,762.",9,0.0,0.0,3,0
746536,2024-06-23,R,2024,Coors Field,Colorado Rockies,Washington Nationals,1.0,2.0,607536.0,663623.0,Doug Eddings,John Tumpane,"94 degrees, Sunny.","8 mph, In From LF.",1:10 PM.,"30,407.",9,0.0,0.0,1,0
745648,2024-06-23,R,2024,Oakland Coliseum,Oakland Athletics,Minnesota Twins,0.0,3.0,663687.0,641154.0,Jordan Baker,Mark Carlson,"75 degrees, Sunny.","12 mph, Out To RF.",1:30 PM.,"18,491.",9,0.0,0.0,0,1
745396,2024-06-23,R,2024,Petco Park,San Diego Padres,Milwaukee Brewers,2.0,6.0,650633.0,668964.0,Edwin Jimenez,Andy Fletcher,"79 degrees, Sunny.","8 mph, L To R.",1:11 PM.,"42,048.",9,0.0,0.0,1,5
746862,2024-06-23,R,2024,Wrigley Field,Chicago Cubs,New York Mets,2.0,5.0,665871.0,622663.0,Alex Tosi,Adam Hamari,"73 degrees, Partly Cloudy.","8 mph, In From LF.",6:10 PM.,"39,417.",9,0.0,0.0,0,4
747021,2024-06-24,R,2024,Oriole Park at Camden Yards,Baltimore Orioles,Cleveland Guardians,2.0,3.0,700249.0,676440.0,Jeremy Riggs,Dan Bellino,"84 degrees, Partly Cloudy.","12 mph, In From LF.",6:36 PM.,"20,309.",9,1.0,1.0,2,2
746458,2024-06-24,R,2024,Comerica Park,Detroit Tigers,Philadelphia Phillies,1.0,8.0,663554.0,605400.0,Rob Drake,D.J. Reyburn,"81 degrees, Partly Cloudy.","10 mph, Out To CF.",6:40 PM.,"20,108.",9,0.0,4.0,1,4
745078,2024-06-24,R,2024,Tropicana Field,Tampa Bay Rays,Seattle Mariners,4.0,3.0,671737.0,693433.0,Sean Barber,Charlie Ramos,"0 degrees, Dome.","0 mph, None.",6:50 PM.,"14,482.",9,0.0,0.0,1,1
746696,2024-06-24,R,2024,Great American Ball Park,Cincinnati Reds,Pittsburgh Pirates,11.0,5.0,686730.0,663559.0,Clint Vondrak,Tom Hanahan,"85 degrees, Partly Cloudy.","5 mph, Out To LF.",7:11 PM.,"20,077.",9,0.0,0.0,7,3
746941,2024-06-24,R,2024,Fenway Park,Boston Red Sox,Toronto Blue Jays,7.0,6.0,656557.0,605135.0,Paul Clemons,David Rackley,"77 degrees, Partly Cloudy.","10 mph, In From LF.",7:11 PM.,"35,856.",9,0.0,0.0,2,1
745160,2024-06-24,R,2024,Busch Stadium,St. Louis Cardinals,Atlanta Braves,4.0,3.0,458681.0,680885.0,Alfonso Márquez,Lance Barrett,"92 degrees, Clear.","9 mph, In From RF.",6:46 PM.,"36,005.",9,0.0,0.0,4,1
746780,2024-06-24,R,2024,Guaranteed Rate Field,Chicago White Sox,Los Angeles Dodgers,0.0,3.0,676979.0,572020.0,Erich Bacchus,Laz Diaz,"80 degrees, Clear.","6 mph, In From LF.",7:10 PM.,"25,070.",9,0.0,0.0,0,0
746298,2024-06-24,R,2024,Kauffman Stadium,Kansas City Royals,Miami Marlins,4.0,1.0,666142.0,682610.0,Nestor Ceja,Cory Blaser,"100 degrees, Clear.","16 mph, R To L.",7:11 PM.,"16,817.",9,0.0,0.0,3,1
745974,2024-06-24,R,2024,American Family Field,Milwaukee Brewers,Texas Rangers,6.0,3.0,642547.0,547179.0,Larry Vanover,Nate Tomlinson,"77 degrees, Clear.","8 mph, In From RF.",7:10 PM.,"27,924.",9,0.0,0.0,1,2
746218,2024-06-24,R,2024,Angel Stadium,Los Angeles Angels,Oakland Athletics,5.0,1.0,656288.0,665622.0,Alan Porter,Ryan Blakney,"84 degrees, Clear.","10 mph, R To L.",6:38 PM.,"24,586.",9,2.0,0.0,4,1
745397,2024-06-24,R,2024,Petco Park,San Diego Padres,Washington Nationals,7.0,6.0,663362.0,571578.0,Adam Hamari,Brian Walsh,"77 degrees, Clear.","7 mph, L To R.",6:40 PM.,"39,164.",10,0.0,0.0,3,2
745323,2024-06-24,R,2024,Oracle Park,San Francisco Giants,Chicago Cubs,5.0,4.0,669062.0,657006.0,Ramon De Jesus,Adrian Johnson,"65 degrees, Partly Cloudy.","14 mph, Out To CF.",7:06 PM.,"30,701.",9,0.0,0.0,1,4
747022,2024-06-25,R,2024,Oriole Park at Camden Yards,Baltimore Orioles,Cleveland Guardians,8.0,10.0,608344.0,671106.0,Dan Bellino,Phil Cuzzi,"91 degrees, Partly Cloudy.","10 mph, Out To LF.",6:35 PM.,"18,574.",9,2.0,1.0,6,8
746454,2024-06-25,R,2024,Comerica Park,Detroit Tigers,Philadelphia Phillies,4.0,1.0,669373.0,624133.0,D.J. Reyburn,John Libka,"84 degrees, Partly Cloudy.","16 mph, R To L.",6:40 PM.,"24,345.",9,0.0,0.0,4,0
745076,2024-06-25,R,2024,Tropicana Field,Tampa Bay Rays,Seattle Mariners,11.0,3.0,641793.0,622491.0,Charlie Ramos,Brian Knight,"72 degrees, Dome.","0 mph, None.",6:50 PM.,"14,034.",9,1.0,0.0,2,2
746697,2024-06-25,R,2024,Great American Ball Park,Cincinnati Reds,Pittsburgh Pirates,5.0,9.0,668881.0,656605.0,Tom Hanahan,Tripp Gibson,"87 degrees, Partly Cloudy.","11 mph, R To L.",7:11 PM.,"25,562.",9,0.0,3.0,3,8
746943,2024-06-25,R,2024,Fenway Park,Boston Red Sox,Toronto Blue Jays,4.0,9.0,678394.0,592332.0,David Rackley,Chad Fairchild,"85 degrees, Partly Cloudy.","5 mph, Out To CF.",7:12 PM.,"34,546.",9,0.0,0.0,2,9
745806,2024-06-25,R,2024,Citi Field,New York Mets,New York Yankees,9.0,7.0,656849.0,543037.0,Lance Barksdale,Nic Lentz,"84 degrees, Clear.","10 mph, Out To LF.",7:11 PM.,"42,824.",9,1.0,0.0,6,1
746372,2024-06-25,R,2024,Minute Maid Park,Houston Astros,Colorado Rockies,5.0,2.0,686613.0,596295.0,Mark Carlson,Alex MacKay,"73 degrees, Roof Closed.","0 mph, None.",7:10 PM.,"35,976.",9,5.0,0.0,5,0
746775,2024-06-25,R,2024,Guaranteed Rate Field,Chicago White Sox,Los Angeles Dodgers,3.0,4.0,623167.0,676272.0,Laz Diaz,Derek Thomas,"81 degrees, Partly Cloudy.","12 mph, R To L.",7:11 PM.,"23,662.",9,3.0,1.0,3,4
746293,2024-06-25,R,2024,Kauffman Stadium,Kansas City Royals,Miami Marlins,1.0,2.0,607625.0,630023.0,Cory Blaser,Manny Gonzalez,"94 degrees, Clear.","13 mph, R To L.",7:10 PM.,"16,119.",9,1.0,0.0,1,0
745973,2024-06-25,R,2024,American Family Field,Milwaukee Brewers,Texas Rangers,3.0,1.0,571948.0,571760.0,Nate Tomlinson,Chris Conroy,"87 degrees, Partly Cloudy.","9 mph, Out To RF.",7:11 PM.,"30,892.",9,0.0,1.0,2,1
746213,2024-06-25,R,2024,Angel Stadium,Los Angeles Angels,Oakland Athletics,7.0,5.0,542881.0,687765.0,Ryan Blakney,John Bacon,"79 degrees, Clear.","4 mph, Out To CF.",6:38 PM.,"26,473.",9,0.0,0.0,5,3
745399,2024-06-25,R,2024,Petco Park,San Diego Padres,Washington Nationals,9.0,7.0,800049.0,669022.0,Brian Walsh,Edwin Moscoso,"72 degrees, Partly Cloudy.","8 mph, L To R.",6:39 PM.,"40,825.",9,2.0,0.0,5,4
747188,2024-06-25,R,2024,Chase Field,Arizona Diamondbacks,Minnesota Twins,5.0,4.0,694297.0,657746.0,Andy Fletcher,Jansen Visconti,"78 degrees, Roof Closed.","0 mph, None.",6:40 PM.,"21,485.",9,2.0,0.0,4,1
745322,2024-06-25,R,2024,Oracle Park,San Francisco Giants,Chicago Cubs,5.0,1.0,678495.0,543294.0,Adrian Johnson,Quinn Wolcott,"62 degrees, Partly Cloudy.","13 mph, Out To CF.",6:45 PM.,"30,368.",9,0.0,0.0,2,1
745157,2024-06-25,R,2024,Busch Stadium,St. Louis Cardinals,Atlanta Braves,,,502043.0,625643.0,Lance Barrett,Jacob Metz,"76 degrees, Drizzle.","7 mph, Out To RF.",1:31 PM.,"33,997.",9,0.0,0.0,2,4
745073,2024-06-26,R,2024,Tropicana Field,Tampa Bay Rays,Seattle Mariners,2.0,5.0,686752.0,669923.0,Brian Knight,Gabe Morales,"72 degrees, Dome.","0 mph, None.",12:10 PM.,"18,286.",9,0.0,0.0,1,0
746695,2024-06-26,R,2024,Great American Ball Park,Cincinnati Reds,Pittsburgh Pirates,1.0,6.0,668933.0,682847.0,Tripp Gibson,Jeremie Rehak,"77 degrees, Overcast.","9 mph, R To L.",1:11 PM.,"22,450.",9,0.0,0.0,1,4
746456,2024-06-26,R,2024,Comerica Park,Detroit Tigers,Philadelphia Phillies,2.0,6.0,663947.0,605513.0,John Libka,James Hoye,"80 degrees, Cloudy.","4 mph, Out To CF.",1:10 PM.,"22,530.",9,1.0,1.0,1,5
745157,2024-06-26,R,2024,Busch Stadium,St. Louis Cardinals,Atlanta Braves,2.0,6.0,502043.0,625643.0,Lance Barrett,Jacob Metz,"76 degrees, Drizzle.","7 mph, Out To RF.",1:31 PM.,"33,997.",9,0.0,0.0,2,4
745158,2024-06-26,R,2024,Busch Stadium,St. Louis Cardinals,Atlanta Braves,4.0,1.0,669461.0,693821.0,Mark Ripperger,Roberto Ortiz,"81 degrees, Partly Cloudy.","9 mph, In From LF.",6:15 PM.,"33,921.",9,0.0,0.0,2,0
746374,2024-06-26,R,2024,Minute Maid Park,Houston Astros,Colorado Rockies,7.0,1.0,681293.0,663372.0,Alex MacKay,Dan Merzel,"73 degrees, Roof Closed.","0 mph, None.",1:10 PM.,"33,603.",9,0.0,0.0,2,0
746291,2024-06-26,R,2024,Kauffman Stadium,Kansas City Royals,Miami Marlins,5.0,1.0,663903.0,678368.0,Manny Gonzalez,Todd Tichenor,"79 degrees, Partly Cloudy.","14 mph, L To R.",1:10 PM.,"14,132.",9,0.0,0.0,0,1
745975,2024-06-26,R,2024,American Family Field,Milwaukee Brewers,Texas Rangers,6.0,5.0,572971.0,543135.0,Chris Conroy,Chris Segal,"83 degrees, Partly Cloudy.","9 mph, In From LF.",1:10 PM.,"36,552.",10,0.0,0.0,5,5
746212,2024-06-26,R,2024,Angel Stadium,Los Angeles Angels,Oakland Athletics,5.0,2.0,672710.0,683155.0,John Bacon,Jim Wolf,"80 degrees, Sunny.","4 mph, Out To CF.",1:06 PM.,"31,240.",9,0.0,0.0,0,1
745400,2024-06-26,R,2024,Petco Park,San Diego Padres,Washington Nationals,8.0,5.0,656302.0,687792.0,Edwin Moscoso,Alex Tosi,"75 degrees, Partly Cloudy.","10 mph, L To R.",1:11 PM.,"37,397.",9,0.0,0.0,4,0
747019,2024-06-26,R,2024,Oriole Park at Camden Yards,Baltimore Orioles,Cleveland Guardians,4.0,2.0,680570.0,471911.0,Phil Cuzzi,Tony Randazzo,"89 degrees, Cloudy.","8 mph, Out To RF.",6:36 PM.,"17,965.",9,0.0,0.0,2,2
746942,2024-06-26,R,2024,Fenway Park,Boston Red Sox,Toronto Blue Jays,1.0,4.0,676710.0,684320.0,Chad Fairchild,Ryan Wills,"81 degrees, Cloudy.","8 mph, Out To LF.",7:12 PM.,"34,756.",9,0.0,0.0,0,0
745808,2024-06-26,R,2024,Citi Field,New York Mets,New York Yankees,12.0,2.0,640455.0,661563.0,Nic Lentz,Emil Jimenez,"83 degrees, Partly Cloudy.","8 mph, Out To LF.",7:10 PM.,"43,004.",9,0.0,0.0,7,0
746777,2024-06-26,R,2024,Guaranteed Rate Field,Chicago White Sox,Los Angeles Dodgers,0.0,4.0,607200.0,694813.0,Derek Thomas,Mike Estabrook,"80 degrees, Partly Cloudy.","9 mph, Out To RF.",7:10 PM.,"36,225.",9,0.0,1.0,0,4
747184,2024-06-26,R,2024,Chase Field,Arizona Diamondbacks,Minnesota Twins,3.0,8.0,669194.0,680573.0,Jansen Visconti,Mike Muchlinski,"74 degrees, Roof Closed.","0 mph, None.",6:40 PM.,"16,396.",9,0.0,0.0,1,8
745325,2024-06-26,R,2024,Oracle Park,San Francisco Giants,Chicago Cubs,4.0,3.0,806185.0,669713.0,Quinn Wolcott,Junior Valentine,"63 degrees, Partly Cloudy.","16 mph, Varies.",6:45 PM.,"30,893.",9,0.0,0.0,4,3
747185,2024-06-27,R,2024,Chase Field,Arizona Diamondbacks,Minnesota Twins,6.0,13.0,656756.0,701581.0,Mike Muchlinski,Edwin Jimenez,"78 degrees, Roof Closed.","0 mph, None.",12:40 PM.,"22,671.",9,0.0,0.0,5,13
745324,2024-06-27,R,2024,Oracle Park,San Francisco Giants,Chicago Cubs,3.0,5.0,663855.0,684007.0,Junior Valentine,Ramon De Jesus,"67 degrees, Sunny.","9 mph, Out To CF.",12:46 PM.,"31,535.",10,0.0,0.0,0,3
746816,2024-06-27,R,2024,Guaranteed Rate Field,Chicago White Sox,Atlanta Braves,1.0,0.0,641771.0,519242.0,Chris Segal,Larry Vanover,"70 degrees, Sunny.","10 mph, L To R.",3:10 PM.,"12,656.",9,1.0,0.0,1,0
745565,2024-06-27,R,2024,Citizens Bank Park,Philadelphia Phillies,Miami Marlins,4.0,7.0,554430.0,669432.0,Emil Jimenez,Lance Barksdale,"87 degrees, Partly Cloudy.","12 mph, L To R.",6:20 PM.,"43,507.",9,1.0,0.0,3,0
747020,2024-06-27,R,2024,Oriole Park at Camden Yards,Baltimore Orioles,Texas Rangers,11.0,2.0,669203.0,592351.0,Nestor Ceja,Cory Blaser,"88 degrees, Partly Cloudy.","4 mph, Out To RF.",6:35 PM.,"29,479.",9,3.0,0.0,8,1
744919,2024-06-27,R,2024,Rogers Centre,Toronto Blue Jays,New York Yankees,9.0,2.0,621244.0,607074.0,Jeremie Rehak,Clint Vondrak,"70 degrees, Clear.","10 mph, In From LF.",7:08 PM.,"36,423.",9,5.0,0.0,8,2
745162,2024-06-27,R,2024,Busch Stadium,St. Louis Cardinals,Cincinnati Reds,4.0,11.0,571945.0,671096.0,Gabe Morales,Sean Barber,"86 degrees, Partly Cloudy.","6 mph, In From RF.",6:47 PM.,"32,787.",9,0.0,1.0,2,10
746288,2024-06-27,R,2024,Kauffman Stadium,Kansas City Royals,Cleveland Guardians,2.0,1.0,608379.0,594902.0,Mike Estabrook,Erich Bacchus,"84 degrees, Cloudy.","13 mph, R To L.",7:11 PM.,"23,340.",9,0.0,0.0,0,1
746210,2024-06-27,R,2024,Angel Stadium,Los Angeles Angels,Detroit Tigers,5.0,0.0,669721.0,656427.0,Roberto Ortiz,Alfonso Márquez,"77 degrees, Clear.","9 mph, Out To CF.",6:37 PM.,"27,340.",9,0.0,0.0,5,0
745560,2024-06-28,R,2024,Citizens Bank Park,Philadelphia Phillies,Miami Marlins,2.0,0.0,650911.0,667725.0,Lance Barksdale,Nate Tomlinson,"79 degrees, Partly Cloudy.","9 mph, Out To LF.",6:21 PM.,"44,252.",9,0.0,0.0,1,0
745070,2024-06-28,R,2024,Tropicana Field,Tampa Bay Rays,Washington Nationals,3.0,1.0,621107.0,680730.0,Tony Randazzo,Jeremy Riggs,"72 degrees, Dome.","0 mph, None.",6:50 PM.,"14,959.",9,0.0,0.0,2,0
747017,2024-06-28,R,2024,Oriole Park at Camden Yards,Baltimore Orioles,Texas Rangers,2.0,1.0,544150.0,453286.0,Cory Blaser,Manny Gonzalez,"81 degrees, Partly Cloudy.","11 mph, R To L.",7:06 PM.,"27,666.",9,0.0,0.0,2,0
744922,2024-06-28,R,2024,Rogers Centre,Toronto Blue Jays,New York Yankees,5.0,16.0,579328.0,573186.0,Clint Vondrak,D.J. Reyburn,"68 degrees, Roof Closed.","0 mph, None.",7:08 PM.,"34,791.",9,1.0,0.0,3,1
745804,2024-06-28,R,2024,Citi Field,New York Mets,Houston Astros,7.0,2.0,500779.0,669854.0,Jim Wolf,Alan Porter,"71 degrees, Clear.","10 mph, Out To LF.",7:11 PM.,"32,465.",9,1.0,1.0,2,2
746939,2024-06-28,R,2024,Fenway Park,Boston Red Sox,San Diego Padres,2.0,9.0,601713.0,681190.0,James Hoye,Rob Drake,"75 degrees, Clear.","6 mph, Out To CF.",7:11 PM.,"33,540.",9,0.0,0.0,1,9
746776,2024-06-28,R,2024,Guaranteed Rate Field,Chicago White Sox,Colorado Rockies,5.0,3.0,689672.0,641712.0,Dan Merzel,Jordan Baker,"74 degrees, Cloudy.","5 mph, In From RF.",8:19 PM.,"24,422.",9,0.0,0.0,1,0
747105,2024-06-28,R,2024,Truist Park,Atlanta Braves,Pittsburgh Pirates,6.0,1.0,450203.0,527048.0,Larry Vanover,David Arrieta,"88 degrees, Partly Cloudy.","8 mph, L To R.",7:21 PM.,"42,155.",9,0.0,0.0,6,0
746292,2024-06-28,R,2024,Kauffman Stadium,Kansas City Royals,Cleveland Guardians,10.0,3.0,679525.0,663474.0,Erich Bacchus,Laz Diaz,"87 degrees, Partly Cloudy.","11 mph, R To L.",7:11 PM.,"20,691.",9,0.0,1.0,7,1
745970,2024-06-28,R,2024,American Family Field,Milwaukee Brewers,Chicago Cubs,4.0,2.0,607067.0,592791.0,Ryan Wills,Paul Clemons,"74 degrees, Roof Closed.","3 mph, In From RF.",7:11 PM.,"39,298.",9,0.0,0.0,4,2
745161,2024-06-28,R,2024,Busch Stadium,St. Louis Cardinals,Cincinnati Reds,1.0,0.0,669467.0,593423.0,Sean Barber,Charlie Ramos,"86 degrees, Overcast.","13 mph, Out To LF.",7:17 PM.,"40,220.",9,0.0,0.0,1,0
746214,2024-06-28,R,2024,Angel Stadium,Los Angeles Angels,Detroit Tigers,5.0,2.0,668676.0,628317.0,Alfonso Márquez,Lance Barrett,"76 degrees, Clear.","10 mph, R To L.",6:38 PM.,"34,381.",9,2.0,0.0,2,2
747183,2024-06-28,R,2024,Chase Field,Arizona Diamondbacks,Oakland Athletics,4.0,9.0,677944.0,676664.0,Alex Tosi,Adam Hamari,"79 degrees, Roof Closed.","0 mph, None.",6:40 PM.,"25,846.",9,2.0,0.0,2,3
745238,2024-06-28,R,2024,T-Mobile Park,Seattle Mariners,Minnesota Twins,3.0,2.0,669302.0,641927.0,Ramon De Jesus,Adrian Johnson,"66 degrees, Cloudy.","2 mph, L To R.",6:41 PM.,"44,924.",10,0.0,0.0,1,0
745319,2024-06-28,R,2024,Oracle Park,San Francisco Giants,Los Angeles Dodgers,5.0,3.0,657277.0,689017.0,Edwin Jimenez,Andy Fletcher,"64 degrees, Clear.","16 mph, Out To CF.",7:15 PM.,"40,052.",9,0.0,0.0,1,2
746778,2024-06-29,R,2024,Guaranteed Rate Field,Chicago White Sox,Colorado Rockies,11.0,3.0,686563.0,615698.0,Jordan Baker,Mark Carlson,"87 degrees, Sunny.","8 mph, Out To LF.",1:10 PM.,"21,490.",9,0.0,0.0,2,3
745159,2024-06-29,R,2024,Busch Stadium,St. Louis Cardinals,Cincinnati Reds,4.0,9.0,543243.0,686730.0,Charlie Ramos,Hunter Wendelstedt,"88 degrees, Partly Cloudy.","5 mph, Out To RF.",1:18 PM.,"39,164.",9,0.0,0.0,1,8
744921,2024-06-29,R,2024,Rogers Centre,Toronto Blue Jays,New York Yankees,9.0,3.0,605135.0,641482.0,D.J. Reyburn,Tom Hanahan,"68 degrees, Roof Closed.","0 mph, None.",3:08 PM.,"37,448.",9,2.0,0.0,3,1
745559,2024-06-29,R,2024,Citizens Bank Park,Philadelphia Phillies,Miami Marlins,2.0,3.0,605400.0,682610.0,Nate Tomlinson,Nic Lentz,"86 degrees, Cloudy.","13 mph, Out To CF.",4:05 PM.,"44,117.",9,0.0,0.0,2,1
746289,2024-06-29,R,2024,Kauffman Stadium,Kansas City Royals,Cleveland Guardians,2.0,7.0,666142.0,676440.0,Laz Diaz,John Bacon,"89 degrees, Cloudy.","8 mph, L To R.",3:14 PM.,"24,153.",9,1.0,1.0,2,6
745801,2024-06-29,R,2024,Citi Field,New York Mets,Houston Astros,6.0,9.0,656731.0,664285.0,Alan Porter,James Jean,"80 degrees, Partly Cloudy.","18 mph, Out To LF.",4:13 PM.,"32,348.",9,0.0,0.0,6,4
747186,2024-06-29,R,2024,Chase Field,Arizona Diamondbacks,Oakland Athletics,3.0,0.0,668678.0,663687.0,Adam Hamari,Brian Walsh,"78 degrees, Roof Closed.","0 mph, None.",1:10 PM.,"39,843.",9,0.0,0.0,3,0
746940,2024-06-29,R,2024,Fenway Park,Boston Red Sox,San Diego Padres,1.0,11.0,656557.0,650633.0,Rob Drake,Jonathan Parra,"73 degrees, Cloudy.","3 mph, Out To LF.",4:10 PM.,"33,003.",9,0.0,0.0,0,10
745071,2024-06-29,R,2024,Tropicana Field,Tampa Bay Rays,Washington Nationals,1.0,8.0,650644.0,663623.0,Jeremy Riggs,Dan Bellino,"72 degrees, Dome.","0 mph, None.",4:10 PM.,"17,501.",9,1.0,1.0,1,2
747104,2024-06-29,R,2024,Truist Park,Atlanta Braves,Pittsburgh Pirates,2.0,1.0,608331.0,694973.0,David Arrieta,David Rackley,"84 degrees, Partly Cloudy.","6 mph, Calm.",4:11 PM.,"40,864.",10,1.0,0.0,1,1
745972,2024-06-29,R,2024,American Family Field,Milwaukee Brewers,Chicago Cubs,3.0,5.0,668964.0,657006.0,Paul Clemons,Stu Scheurwater,"85 degrees, Partly Cloudy.","9 mph, In From CF.",3:11 PM.,"42,238.",9,0.0,2.0,3,3
745317,2024-06-29,R,2024,Oracle Park,San Francisco Giants,Los Angeles Dodgers,7.0,14.0,669062.0,607192.0,Andy Fletcher,Jansen Visconti,"68 degrees, Sunny.","18 mph, Out To CF.",4:15 PM.,"39,663.",11,1.0,0.0,6,6
747018,2024-06-29,R,2024,Oriole Park at Camden Yards,Baltimore Orioles,Texas Rangers,6.0,5.0,700249.0,547179.0,Manny Gonzalez,Derek Thomas,"90 degrees, Partly Cloudy.","11 mph, Out To LF.",7:16 PM.,"44,286.",9,0.0,1.0,5,2
746211,2024-06-29,R,2024,Angel Stadium,Los Angeles Angels,Detroit Tigers,6.0,5.0,656288.0,681857.0,Lance Barrett,Mark Ripperger,"77 degrees, Clear.","7 mph, R To L.",7:08 PM.,"39,559.",10,0.0,1.0,2,3
745239,2024-06-29,R,2024,T-Mobile Park,Seattle Mariners,Minnesota Twins,1.0,5.0,682243.0,641154.0,Adrian Johnson,Quinn Wolcott,"67 degrees, Roof Closed.","0 mph, Calm.",7:12 PM.,"35,551.",9,0.0,0.0,1,2
747101,2024-06-30,R,2024,Truist Park,Atlanta Braves,Pittsburgh Pirates,2.0,4.0,680885.0,663559.0,David Rackley,Chris Segal,"88 degrees, Partly Cloudy.","7 mph, Out To LF.",11:36 AM.,"36,679.",9,0.0,0.0,1,4
746938,2024-06-30,R,2024,Fenway Park,Boston Red Sox,San Diego Padres,4.0,1.0,670174.0,663362.0,Jonathan Parra,John Libka,"86 degrees, Cloudy.","8 mph, Out To LF.",1:35 PM.,"30,665.",9,2.0,0.0,4,0
745555,2024-06-30,R,2024,Citizens Bank Park,Philadelphia Phillies,Miami Marlins,7.0,6.0,624133.0,630023.0,Nic Lentz,Emil Jimenez,"81 degrees, Cloudy.","9 mph, Out To CF.",1:36 PM.,"43,222.",9,2.0,1.0,3,6
744916,2024-06-30,R,2024,Rogers Centre,Toronto Blue Jays,New York Yankees,1.0,8.0,592332.0,543037.0,Tom Hanahan,Jeremie Rehak,"64 degrees, Cloudy.","16 mph, L To R.",1:39 PM.,"38,534.",9,0.0,2.0,1,7
745802,2024-06-30,R,2024,Citi Field,New York Mets,Houston Astros,5.0,10.0,622663.0,681869.0,James Jean,Ryan Blakney,"82 degrees, Cloudy.","10 mph, Out To CF.",1:40 PM.,"26,853.",11,0.0,0.0,0,4
745072,2024-06-30,R,2024,Tropicana Field,Tampa Bay Rays,Washington Nationals,5.0,0.0,671737.0,571578.0,Dan Bellino,Phil Cuzzi,"72 degrees, Dome.","0 mph, None.",1:40 PM.,"18,259.",9,0.0,0.0,4,0
746290,2024-06-30,R,2024,Kauffman Stadium,Kansas City Royals,Cleveland Guardians,6.0,2.0,607625.0,671106.0,John Bacon,Tripp Gibson,"78 degrees, Sunny.","8 mph, R To L.",1:11 PM.,"27,691.",9,1.0,0.0,4,0
746779,2024-06-30,R,2024,Guaranteed Rate Field,Chicago White Sox,Colorado Rockies,4.0,5.0,676979.0,607536.0,Mark Carlson,Alex MacKay,"66 degrees, Sunny.","14 mph, L To R.",1:10 PM.,"19,334.",14,0.0,0.0,1,2
745971,2024-06-30,R,2024,American Family Field,Milwaukee Brewers,Chicago Cubs,7.0,1.0,642547.0,543294.0,Stu Scheurwater,Chad Fairchild,"67 degrees, Sunny.","6 mph, L To R.",1:11 PM.,"42,658.",9,0.0,1.0,7,1
745154,2024-06-30,R,2024,Busch Stadium,St. Louis Cardinals,Cincinnati Reds,2.0,0.0,458681.0,668881.0,Hunter Wendelstedt,Gabe Morales,"81 degrees, Sunny.","9 mph, In From LF.",1:14 PM.,"40,951.",9,0.0,0.0,1,0
745320,2024-06-30,R,2024,Oracle Park,San Francisco Giants,Los Angeles Dodgers,10.0,4.0,702352.0,572020.0,Jansen Visconti,Mike Muchlinski,"71 degrees, Sunny.","15 mph, Varies.",1:05 PM.,"40,428.",9,1.0,0.0,9,1
746209,2024-06-30,R,2024,Angel Stadium,Los Angeles Angels,Detroit Tigers,6.0,7.0,542881.0,663554.0,Mark Ripperger,Roberto Ortiz,"87 degrees, Partly Cloudy.","6 mph, Out To CF.",1:08 PM.,"35,061.",9,0.0,1.0,0,7
747182,2024-06-30,R,2024,Chase Field,Arizona Diamondbacks,Oakland Athletics,5.0,1.0,694297.0,665622.0,Brian Walsh,Edwin Moscoso,"78 degrees, Roof Closed.","0 mph, None.",1:10 PM.,"26,413.",9,0.0,0.0,1,1
745243,2024-06-30,R,2024,T-Mobile Park,Seattle Mariners,Minnesota Twins,3.0,5.0,622491.0,657746.0,Quinn Wolcott,Junior Valentine,"68 degrees, Partly Cloudy.","4 mph, Out To RF.",1:12 PM.,"33,367.",9,0.0,1.0,2,3
747016,2024-06-30,R,2024,Oriole Park at Camden Yards,Baltimore Orioles,Texas Rangers,2.0,11.0,608344.0,571760.0,Derek Thomas,Nestor Ceja,"93 degrees, Partly Cloudy.","4 mph, Out To CF.",7:10 PM.,"23,439.",9,0.0,0.0,2,8
744914,2024-07-01,R,2024,Rogers Centre,Toronto Blue Jays,Houston Astros,1.0,3.0,684320.0,686613.0,CB Bucknor,Adam Beck,"69 degrees, Sunny.","8 mph, Out To CF.",3:28 PM.,"39,265.",9,0.0,0.0,0,1
744840,2024-07-01,R,2024,Nationals Park,Washington Nationals,New York Mets,7.0,9.0,669022.0,656849.0,Chris Segal,Larry Vanover,"80 degrees, Partly Cloudy.","8 mph, In From LF.",6:45 PM.,"26,719.",10,0.0,0.0,2,0
746535,2024-07-01,R,2024,Coors Field,Colorado Rockies,Milwaukee Brewers,8.0,7.0,596295.0,642239.0,Brennan Miller,Brian O'Nora,"84 degrees, Partly Cloudy.","10 mph, In From CF.",6:40 PM.,"26,204.",10,0.0,0.0,5,4
745482,2024-07-02,R,2024,PNC Park,Pittsburgh Pirates,St. Louis Cardinals,4.0,7.0,656605.0,502043.0,Tripp Gibson,Mike Estabrook,"87 degrees, Clear.","10 mph, Out To RF.",6:42 PM.,"17,701.",9,0.0,0.0,4,6
746623,2024-07-02,R,2024,Progressive Field,Cleveland Guardians,Chicago White Sox,7.0,6.0,471911.0,623167.0,Emil Jimenez,Lance Barksdale,"83 degrees, Partly Cloudy.","5 mph, R To L.",6:40 PM.,"25,654.",9,0.0,1.0,3,1
746047,2024-07-02,R,2024,loanDepot park,Miami Marlins,Boston Red Sox,3.0,8.0,678368.0,676710.0,John Tumpane,Nick Mahrley,"72 degrees, Roof Closed.","0 mph, None.",6:40 PM.,"14,676.",9,0.0,2.0,1,5
744838,2024-07-02,R,2024,Nationals Park,Washington Nationals,New York Mets,2.0,7.0,687792.0,640455.0,Larry Vanover,David Rackley,"83 degrees, Clear.","7 mph, R To L.",6:45 PM.,"19,844.",10,0.0,0.0,2,0
745730,2024-07-02,R,2024,Yankee Stadium,New York Yankees,Cincinnati Reds,4.0,5.0,661563.0,668933.0,Ryan Blakney,Jim Wolf,"79 degrees, Partly Cloudy.","9 mph, R To L.",7:10 PM.,"41,219.",9,0.0,0.0,0,5
744913,2024-07-02,R,2024,Rogers Centre,Toronto Blue Jays,Houston Astros,7.0,6.0,621244.0,681293.0,Adam Beck,Dan Iassogna,"68 degrees, Cloudy.","11 mph, R To L.",7:08 PM.,"26,308.",9,1.0,0.0,7,5
747102,2024-07-02,R,2024,Truist Park,Atlanta Braves,San Francisco Giants,3.0,5.0,625643.0,806185.0,Doug Eddings,Ryan Additon,"89 degrees, Clear.","10 mph, L To R.",7:21 PM.,"34,047.",9,0.0,0.0,2,2
745886,2024-07-02,R,2024,Target Field,Minnesota Twins,Detroit Tigers,5.0,3.0,680573.0,669373.0,Bill Miller,Alex MacKay,"72 degrees, Overcast.","4 mph, R To L.",6:41 PM.,"19,609.",9,0.0,0.0,3,3
744999,2024-07-02,R,2024,Globe Life Field,Texas Rangers,San Diego Padres,7.0,0.0,543135.0,656302.0,Alfonso Márquez,John Bacon,"74 degrees, Roof Closed.","0 mph, None.",7:08 PM.,"33,965.",9,2.0,0.0,6,0
746860,2024-07-02,R,2024,Wrigley Field,Chicago Cubs,Philadelphia Phillies,4.0,6.0,669713.0,675650.0,Bruce Dreckman,Clint Vondrak,"83 degrees, Partly Cloudy.","15 mph, Out To LF.",7:08 PM.,"38,670.",9,0.0,0.0,1,5
746282,2024-07-02,R,2024,Kauffman Stadium,Kansas City Royals,Tampa Bay Rays,1.0,5.0,663903.0,641793.0,Ramon De Jesus,Jeremy Riggs,"92 degrees, Cloudy.","13 mph, R To L.",7:10 PM.,"16,865.",9,0.0,0.0,0,1
746537,2024-07-02,R,2024,Coors Field,Colorado Rockies,Milwaukee Brewers,3.0,4.0,663372.0,572971.0,Brian O'Nora,Mark Ripperger,"87 degrees, Partly Cloudy.","7 mph, In From CF.",6:41 PM.,"25,669.",9,0.0,0.0,2,1
745647,2024-07-02,R,2024,Oakland Coliseum,Oakland Athletics,Los Angeles Angels,7.0,5.0,687765.0,667755.0,Junior Valentine,Mike Muchlinski,"85 degrees, Clear.","11 mph, Out To RF.",6:41 PM.,"5,447.",9,0.0,0.0,4,1
745240,2024-07-02,R,2024,T-Mobile Park,Seattle Mariners,Baltimore Orioles,0.0,2.0,669923.0,680570.0,Edwin Moscoso,Vic Carapazza,"69 degrees, Partly Cloudy.","4 mph, L To R.",6:42 PM.,"36,173.",9,0.0,0.0,0,1
746133,2024-07-02,R,2024,Dodger Stadium,Los Angeles Dodgers,Arizona Diamondbacks,6.0,5.0,676272.0,573009.0,Dan Merzel,Jordan Baker,"75 degrees, Clear.","8 mph, Out To RF.",7:10 PM.,"52,931.",9,1.0,0.0,2,2
745487,2024-07-03,R,2024,PNC Park,Pittsburgh Pirates,St. Louis Cardinals,5.0,4.0,683003.0,571945.0,Mike Estabrook,Erich Bacchus,"91 degrees, Partly Cloudy.","13 mph, Out To LF.",6:41 PM.,"20,237.",10,0.0,0.0,2,1
746617,2024-07-03,R,2024,Progressive Field,Cleveland Guardians,Chicago White Sox,2.0,8.0,668909.0,607200.0,Lance Barksdale,Will Little,"85 degrees, Partly Cloudy.","3 mph, L To R.",6:40 PM.,"37,151.",9,0.0,1.0,1,5
746045,2024-07-03,R,2024,loanDepot park,Miami Marlins,Boston Red Sox,2.0,7.0,669432.0,678394.0,Nick Mahrley,Marvin Hudson,"72 degrees, Roof Closed.","0 mph, None.",6:40 PM.,"20,285.",9,1.0,0.0,1,2
744837,2024-07-03,R,2024,Nationals Park,Washington Nationals,New York Mets,7.0,5.0,680730.0,681035.0,David Rackley,Nate Tomlinson,"86 degrees, Partly Cloudy.","4 mph, Out To LF.",6:45 PM.,"32,391.",9,0.0,0.0,1,5
745728,2024-07-03,R,2024,Yankee Stadium,New York Yankees,Cincinnati Reds,2.0,3.0,607074.0,671096.0,Jim Wolf,Alan Porter,"77 degrees, Clear.","13 mph, R To L.",7:09 PM.,"47,646.",9,0.0,0.0,0,3
744915,2024-07-03,R,2024,Rogers Centre,Toronto Blue Jays,Houston Astros,2.0,9.0,579328.0,669854.0,Dan Iassogna,Ben May,"79 degrees, Cloudy.","10 mph, Out To RF.",7:08 PM.,"28,570.",9,1.0,0.0,1,1
747100,2024-07-03,R,2024,Truist Park,Atlanta Braves,San Francisco Giants,3.0,1.0,519242.0,663855.0,Ryan Additon,Sean Barber,"90 degrees, Partly Cloudy.","8 mph, L To R.",7:22 PM.,"38,834.",9,0.0,0.0,3,0
744998,2024-07-03,R,2024,Globe Life Field,Texas Rangers,San Diego Padres,4.0,6.0,592351.0,800049.0,John Bacon,Lance Barrett,"74 degrees, Roof Closed.","0 mph, None.",7:07 PM.,"37,859.",9,0.0,0.0,4,3
746858,2024-07-03,R,2024,Wrigley Field,Chicago Cubs,Philadelphia Phillies,3.0,5.0,684007.0,554430.0,Clint Vondrak,Mark Wegner,"84 degrees, Partly Cloudy.","4 mph, R To L.",7:05 PM.,"36,692.",9,0.0,0.0,2,1
746283,2024-07-03,R,2024,Kauffman Stadium,Kansas City Royals,Tampa Bay Rays,4.0,2.0,608379.0,686752.0,Jeremy Riggs,Adrian Johnson,"76 degrees, Rain.","7 mph, R To L.",7:11 PM.,"23,268.",9,0.0,1.0,2,1
745888,2024-07-03,R,2024,Target Field,Minnesota Twins,Detroit Tigers,2.0,9.0,701581.0,672456.0,Alex MacKay,Malachi Moore,"83 degrees, Partly Cloudy.","8 mph, Out To CF.",7:11 PM.,"25,053.",9,0.0,0.0,1,7
746534,2024-07-03,R,2024,Coors Field,Colorado Rockies,Milwaukee Brewers,0.0,3.0,641712.0,607067.0,Mark Ripperger,Derek Thomas,"91 degrees, Clear.","10 mph, In From LF.",6:40 PM.,"34,177.",9,0.0,1.0,0,3
745643,2024-07-03,R,2024,Oakland Coliseum,Oakland Athletics,Los Angeles Angels,5.0,0.0,683155.0,669721.0,Mike Muchlinski,Edwin Jimenez,"84 degrees, Clear.","9 mph, Out To RF.",6:41 PM.,"14,837.",9,0.0,0.0,3,0
746128,2024-07-03,R,2024,Dodger Stadium,Los Angeles Dodgers,Arizona Diamondbacks,4.0,12.0,694813.0,691441.0,Jordan Baker,Stu Scheurwater,"74 degrees, Clear.","9 mph, Out To RF.",7:10 PM.,"47,965.",9,4.0,1.0,4,6
745234,2024-07-03,R,2024,T-Mobile Park,Seattle Mariners,Baltimore Orioles,1.0,4.0,669302.0,665152.0,Vic Carapazza,Adam Hamari,"71 degrees, Clear.","1 mph, In From LF.",7:10 PM.,"37,998.",9,0.0,0.0,0,4
744834,2024-07-04,R,2024,Nationals Park,Washington Nationals,New York Mets,1.0,0.0,663623.0,500779.0,Nate Tomlinson,Chris Segal,"87 degrees, Partly Cloudy.","3 mph, Out To LF.",11:05 AM.,"34,394.",9,0.0,0.0,0,0
745484,2024-07-04,R,2024,PNC Park,Pittsburgh Pirates,St. Louis Cardinals,2.0,3.0,527048.0,669467.0,Erich Bacchus,Laz Diaz,"82 degrees, Cloudy.","4 mph, Out To LF.",12:37 PM.,"20,990.",10,0.0,0.0,1,1
745726,2024-07-04,R,2024,Yankee Stadium,New York Yankees,Cincinnati Reds,4.0,8.0,573186.0,593423.0,Alan Porter,Jonathan Parra,"83 degrees, Partly Cloudy.","8 mph, L To R.",1:13 PM.,"43,154.",9,0.0,0.0,2,5
744912,2024-07-04,R,2024,Rogers Centre,Toronto Blue Jays,Houston Astros,3.0,5.0,605135.0,664285.0,Ben May,CB Bucknor,"79 degrees, Sunny.","6 mph, Out To RF.",1:09 PM.,"38,234.",9,3.0,3.0,3,4
745890,2024-07-04,R,2024,Target Field,Minnesota Twins,Detroit Tigers,12.0,3.0,641927.0,628317.0,Malachi Moore,Chad Whitson,"69 degrees, Drizzle.","6 mph, L To R.",12:11 PM.,"20,893.",7,0.0,1.0,9,3
746619,2024-07-04,R,2024,Progressive Field,Cleveland Guardians,Chicago White Sox,8.0,4.0,594902.0,694363.0,Will Little,Nic Lentz,"80 degrees, Cloudy.","3 mph, Calm.",1:10 PM.,"29,404.",9,1.0,0.0,7,1
746043,2024-07-04,R,2024,loanDepot park,Miami Marlins,Boston Red Sox,5.0,6.0,667725.0,601713.0,Marvin Hudson,Hunter Wendelstedt,"72 degrees, Roof Closed.","0 mph, None.",1:10 PM.,"20,539.",12,0.0,1.0,0,1
746857,2024-07-04,R,2024,Wrigley Field,Chicago Cubs,Philadelphia Phillies,10.0,2.0,592791.0,650911.0,Mark Wegner,Tom Hanahan,"80 degrees, Cloudy.","1 mph, In From RF.",1:20 PM.,"40,143.",9,0.0,1.0,8,2
744996,2024-07-04,R,2024,Globe Life Field,Texas Rangers,San Diego Padres,1.0,3.0,453286.0,650633.0,Lance Barrett,Roberto Ortiz,"74 degrees, Roof Closed.","0 mph, None.",1:37 PM.,"38,607.",9,0.0,0.0,0,1
745641,2024-07-04,R,2024,Oakland Coliseum,Oakland Athletics,Los Angeles Angels,5.0,0.0,676664.0,672710.0,Edwin Jimenez,Andy Fletcher,"81 degrees, Sunny.","8 mph, Out To RF.",1:07 PM.,"11,956.",9,0.0,0.0,3,0
745236,2024-07-04,R,2024,T-Mobile Park,Seattle Mariners,Baltimore Orioles,7.0,3.0,682243.0,669203.0,Adam Hamari,Brian Walsh,"70 degrees, Sunny.","3 mph, Out To RF.",1:12 PM.,"32,347.",9,0.0,0.0,2,2
747103,2024-07-04,R,2024,Truist Park,Atlanta Braves,San Francisco Giants,2.0,4.0,450203.0,657277.0,Sean Barber,Charlie Ramos,"89 degrees, Cloudy.","6 mph, In From LF.",7:21 PM.,"40,672.",9,2.0,0.0,2,3
746285,2024-07-04,R,2024,Kauffman Stadium,Kansas City Royals,Tampa Bay Rays,8.0,10.0,679525.0,621107.0,Adrian Johnson,Quinn Wolcott,"83 degrees, Clear.","9 mph, L To R.",7:10 PM.,"28,358.",9,0.0,2.0,4,8
746532,2024-07-04,R,2024,Coors Field,Colorado Rockies,Milwaukee Brewers,4.0,3.0,615698.0,668964.0,Derek Thomas,Brennan Miller,"82 degrees, Partly Cloudy.","4 mph, R To L.",6:10 PM.,"48,705.",9,1.0,0.0,3,2
746126,2024-07-04,R,2024,Dodger Stadium,Los Angeles Dodgers,Arizona Diamondbacks,3.0,9.0,689017.0,668678.0,Stu Scheurwater,Mark Carlson,"76 degrees, Clear.","8 mph, Out To CF.",6:10 PM.,"52,320.",9,0.0,2.0,3,5
746859,2024-07-05,R,2024,Wrigley Field,Chicago Cubs,Los Angeles Angels,5.0,1.0,657006.0,656288.0,Nic Lentz,Emil Jimenez,"85 degrees, Partly Cloudy.","15 mph, Out To CF.",1:20 PM.,"36,948.",9,2.0,0.0,4,1
745479,2024-07-05,R,2024,PNC Park,Pittsburgh Pirates,New York Mets,14.0,2.0,694973.0,622663.0,Hunter Wendelstedt,John Tumpane,"84 degrees, Cloudy.","10 mph, Out To LF.",6:43 PM.,"37,037.",9,0.0,0.0,4,2
744836,2024-07-05,R,2024,Nationals Park,Washington Nationals,St. Louis Cardinals,6.0,7.0,571578.0,543243.0,Tom Hanahan,Bruce Dreckman,"96 degrees, Partly Cloudy.","4 mph, Out To LF.",6:45 PM.,"24,072.",11,2.0,0.0,5,3
745725,2024-07-05,R,2024,Yankee Stadium,New York Yankees,Boston Red Sox,3.0,5.0,641482.0,656557.0,Roberto Ortiz,Alfonso Márquez,"83 degrees, Partly Cloudy.","12 mph, R To L.",7:08 PM.,"47,158.",10,0.0,0.0,3,1
746693,2024-07-05,R,2024,Great American Ball Park,Cincinnati Reds,Detroit Tigers,4.0,5.0,686730.0,681857.0,CB Bucknor,Adam Beck,"80 degrees, Partly Cloudy.","6 mph, Out To LF.",7:17 PM.,"40,663.",9,0.0,0.0,1,4
746620,2024-07-05,R,2024,Progressive Field,Cleveland Guardians,San Francisco Giants,2.0,4.0,676440.0,669062.0,Jonathan Parra,Ryan Blakney,"74 degrees, Partly Cloudy.","2 mph, R To L.",7:36 PM.,"36,769.",9,0.0,3.0,1,4
746046,2024-07-05,R,2024,loanDepot park,Miami Marlins,Chicago White Sox,2.0,3.0,663773.0,689672.0,Quinn Wolcott,Ramon De Jesus,"72 degrees, Roof Closed.","0 mph, None.",7:10 PM.,"10,136.",9,0.0,0.0,0,3
747097,2024-07-05,R,2024,Truist Park,Atlanta Braves,Philadelphia Phillies,6.0,8.0,608331.0,605400.0,Laz Diaz,Tripp Gibson,"79 degrees, Cloudy.","2 mph, Calm.",7:21 PM.,"40,942.",9,0.0,0.0,2,3
744992,2024-07-05,R,2024,Globe Life Field,Texas Rangers,Tampa Bay Rays,3.0,0.0,547179.0,669358.0,David Arrieta,Andy Fletcher,"74 degrees, Roof Closed.","0 mph, None.",7:07 PM.,"32,175.",9,0.0,0.0,3,0
746533,2024-07-05,R,2024,Coors Field,Colorado Rockies,Kansas City Royals,4.0,2.0,607536.0,666142.0,Chris Segal,Larry Vanover,"79 degrees, Partly Cloudy.","6 mph, R To L.",6:10 PM.,"48,321.",9,0.0,1.0,1,2
745884,2024-07-05,R,2024,Target Field,Minnesota Twins,Houston Astros,12.0,13.0,641154.0,681869.0,Charlie Ramos,Doug Eddings,"75 degrees, Clear.","7 mph, L To R.",7:11 PM.,"28,129.",9,0.0,0.0,4,3
745639,2024-07-05,R,2024,Oakland Coliseum,Oakland Athletics,Baltimore Orioles,2.0,3.0,663687.0,544150.0,Brennan Miller,Brian O'Nora,"76 degrees, Clear.","11 mph, Out To RF.",6:40 PM.,"9,654.",9,1.0,1.0,1,3
745398,2024-07-05,R,2024,Petco Park,San Diego Padres,Arizona Diamondbacks,10.0,8.0,681190.0,677944.0,Chad Whitson,Bill Miller,"70 degrees, Clear.","7 mph, L To R.",6:41 PM.,"47,171.",9,0.0,2.0,5,2
745237,2024-07-05,R,2024,T-Mobile Park,Seattle Mariners,Toronto Blue Jays,2.0,1.0,622491.0,592332.0,Mark Carlson,Dan Merzel,"78 degrees, Clear.","3 mph, L To R.",6:42 PM.,"34,493.",9,0.0,0.0,2,0
746127,2024-07-05,R,2024,Dodger Stadium,Los Angeles Dodgers,Milwaukee Brewers,8.0,5.0,607192.0,650644.0,Brian Walsh,Edwin Moscoso,"82 degrees, Clear.","5 mph, L To R.",7:10 PM.,"49,885.",9,1.0,0.0,4,5
745724,2024-07-06,R,2024,Yankee Stadium,New York Yankees,Boston Red Sox,14.0,4.0,543037.0,670174.0,Alfonso Márquez,Lance Barrett,"86 degrees, Partly Cloudy.","5 mph, R To L.",1:08 PM.,"45,504.",9,1.0,0.0,10,4
745885,2024-07-06,R,2024,Target Field,Minnesota Twins,Houston Astros,9.0,3.0,657746.0,686613.0,Doug Eddings,Ryan Additon,"78 degrees, Partly Cloudy.","6 mph, Out To LF.",1:11 PM.,"31,431.",9,2.0,0.0,7,3
746856,2024-07-06,R,2024,Wrigley Field,Chicago Cubs,Los Angeles Angels,0.0,7.0,543294.0,542881.0,Emil Jimenez,Lance Barksdale,"76 degrees, Sunny.","6 mph, In From RF.",1:20 PM.,"36,420.",9,0.0,1.0,0,7
745476,2024-07-06,R,2024,PNC Park,Pittsburgh Pirates,New York Mets,2.0,5.0,663559.0,656849.0,John Tumpane,Nick Mahrley,"86 degrees, Partly Cloudy.","13 mph, Out To CF.",4:08 PM.,"36,009.",9,0.0,0.0,2,3
744835,2024-07-06,R,2024,Nationals Park,Washington Nationals,St. Louis Cardinals,14.0,6.0,669022.0,458681.0,Bruce Dreckman,Clint Vondrak,"97 degrees, Partly Cloudy.","2 mph, R To L.",4:05 PM.,"21,838.",9,4.0,0.0,13,5
744995,2024-07-06,R,2024,Globe Life Field,Texas Rangers,Tampa Bay Rays,4.0,3.0,571760.0,671737.0,Andy Fletcher,Junior Valentine,"74 degrees, Roof Closed.","0 mph, None.",3:07 PM.,"31,560.",9,0.0,0.0,2,0
745642,2024-07-06,R,2024,Oakland Coliseum,Oakland Athletics,Baltimore Orioles,19.0,8.0,665622.0,700249.0,Brian O'Nora,Mark Ripperger,"82 degrees, Sunny.","6 mph, Varies.",1:07 PM.,"8,526.",9,3.0,0.0,14,1
746694,2024-07-06,R,2024,Great American Ball Park,Cincinnati Reds,Detroit Tigers,3.0,5.0,668881.0,656412.0,Adam Beck,Dan Iassogna,"85 degrees, Partly Cloudy.","9 mph, Out To LF.",4:11 PM.,"31,464.",9,0.0,0.0,2,0
746615,2024-07-06,R,2024,Progressive Field,Cleveland Guardians,San Francisco Giants,5.0,4.0,671106.0,690986.0,Ryan Blakney,Jim Wolf,"79 degrees, Partly Cloudy.","3 mph, In From CF.",4:11 PM.,"36,081.",9,3.0,0.0,4,3
745235,2024-07-06,R,2024,T-Mobile Park,Seattle Mariners,Toronto Blue Jays,4.0,5.0,676106.0,684320.0,Dan Merzel,Jordan Baker,"78 degrees, Sunny.","4 mph, Out To RF.",1:11 PM.,"38,264.",9,0.0,0.0,0,2
746044,2024-07-06,R,2024,loanDepot park,Miami Marlins,Chicago White Sox,4.0,3.0,630023.0,676979.0,Ramon De Jesus,Jeremy Riggs,"72 degrees, Roof Closed.","0 mph, None.",4:10 PM.,"13,409.",9,0.0,1.0,2,3
747099,2024-07-06,R,2024,Truist Park,Atlanta Braves,Philadelphia Phillies,5.0,1.0,680885.0,624133.0,Tripp Gibson,Mike Estabrook,"75 degrees, Cloudy.","4 mph, In From CF.",7:46 PM.,"41,006.",9,3.0,0.0,5,1
746129,2024-07-06,R,2024,Dodger Stadium,Los Angeles Dodgers,Milwaukee Brewers,5.0,3.0,572020.0,642547.0,Edwin Moscoso,Vic Carapazza,"85 degrees, Sunny.","7 mph, Out To RF.",4:18 PM.,"50,086.",9,3.0,1.0,3,2
746529,2024-07-06,R,2024,Coors Field,Colorado Rockies,Kansas City Royals,3.0,1.0,596295.0,607625.0,Larry Vanover,David Rackley,"89 degrees, Partly Cloudy.","12 mph, L To R.",7:09 PM.,"33,748.",9,0.0,0.0,3,0
745395,2024-07-06,R,2024,Petco Park,San Diego Padres,Arizona Diamondbacks,5.0,7.0,663362.0,694297.0,Bill Miller,Alex MacKay,"73 degrees, Clear.","7 mph, L To R.",6:41 PM.,"44,761.",10,1.0,0.0,1,2
745477,2024-07-07,R,2024,PNC Park,Pittsburgh Pirates,New York Mets,2.0,3.0,682847.0,640455.0,Nick Mahrley,Marvin Hudson,"87 degrees, Clear.","3 mph, Out To LF.",1:36 PM.,"23,147.",9,0.0,0.0,0,0
744832,2024-07-07,R,2024,Nationals Park,Washington Nationals,St. Louis Cardinals,3.0,8.0,687792.0,502043.0,Clint Vondrak,Mark Wegner,"93 degrees, Partly Cloudy.","1 mph, L To R.",1:35 PM.,"19,782.",9,0.0,0.0,2,6
747098,2024-07-07,R,2024,Truist Park,Atlanta Braves,Philadelphia Phillies,6.0,0.0,625643.0,675650.0,Mike Estabrook,Erich Bacchus,"88 degrees, Partly Cloudy.","4 mph, L To R.",1:37 PM.,"36,808.",9,0.0,0.0,5,0
746691,2024-07-07,R,2024,Great American Ball Park,Cincinnati Reds,Detroit Tigers,1.0,5.0,668933.0,669373.0,Dan Iassogna,Ben May,"86 degrees, Partly Cloudy.","3 mph, Out To LF.",1:41 PM.,"25,451.",9,0.0,0.0,0,1
746616,2024-07-07,R,2024,Progressive Field,Cleveland Guardians,San Francisco Giants,5.0,4.0,471911.0,806185.0,Jim Wolf,Alan Porter,"80 degrees, Sunny.","9 mph, L To R.",1:40 PM.,"32,012.",9,0.0,0.0,2,3
746039,2024-07-07,R,2024,loanDepot park,Miami Marlins,Chicago White Sox,7.0,4.0,665795.0,686563.0,Jeremy Riggs,Adrian Johnson,"72 degrees, Roof Closed.","0 mph, None.",1:40 PM.,"12,268.",9,0.0,0.0,1,2
745883,2024-07-07,R,2024,Target Field,Minnesota Twins,Houston Astros,3.0,2.0,680573.0,681293.0,Ryan Additon,Sean Barber,"77 degrees, Partly Cloudy.","6 mph, Out To CF.",1:11 PM.,"28,056.",9,0.0,0.0,2,2
746855,2024-07-07,R,2024,Wrigley Field,Chicago Cubs,Los Angeles Angels,5.0,0.0,669713.0,667755.0,Lance Barksdale,Will Little,"87 degrees, Cloudy.","4 mph, Out To CF.",1:20 PM.,"34,355.",9,0.0,0.0,3,0
744993,2024-07-07,R,2024,Globe Life Field,Texas Rangers,Tampa Bay Rays,13.0,2.0,543135.0,641793.0,Junior Valentine,Mike Muchlinski,"74 degrees, Roof Closed.","0 mph, None.",1:37 PM.,"32,113.",9,1.0,0.0,10,2
746530,2024-07-07,R,2024,Coors Field,Colorado Rockies,Kansas City Royals,1.0,10.0,685299.0,663903.0,David Rackley,Nate Tomlinson,"76 degrees, Partly Cloudy.","9 mph, R To L.",1:09 PM.,"32,180.",9,0.0,0.0,0,4
745637,2024-07-07,R,2024,Oakland Coliseum,Oakland Athletics,Baltimore Orioles,3.0,6.0,687765.0,680570.0,Mark Ripperger,Derek Thomas,"76 degrees, Sunny.","10 mph, Varies.",1:07 PM.,"14,524.",9,0.0,4.0,0,5
745391,2024-07-07,R,2024,Petco Park,San Diego Padres,Arizona Diamondbacks,1.0,9.0,656302.0,669194.0,Alex MacKay,Malachi Moore,"75 degrees, Sunny.","8 mph, L To R.",1:10 PM.,"41,112.",9,1.0,1.0,1,1
745233,2024-07-07,R,2024,T-Mobile Park,Seattle Mariners,Toronto Blue Jays,4.0,5.0,669923.0,621244.0,Jordan Baker,Stu Scheurwater,"74 degrees, Sunny.","5 mph, In From LF.",1:12 PM.,"34,885.",10,0.0,0.0,4,1
746122,2024-07-07,R,2024,Dodger Stadium,Los Angeles Dodgers,Milwaukee Brewers,2.0,9.0,680736.0,572971.0,Vic Carapazza,Adam Hamari,"82 degrees, Sunny.","6 mph, Out To CF.",1:10 PM.,"43,528.",9,0.0,0.0,0,4
745723,2024-07-07,R,2024,Yankee Stadium,New York Yankees,Boston Red Sox,0.0,3.0,661563.0,676710.0,Lance Barrett,John Bacon,"88 degrees, Partly Cloudy.","8 mph, R To L.",7:10 PM.,"45,250.",9,0.0,0.0,0,0
745480,2024-07-08,R,2024,PNC Park,Pittsburgh Pirates,New York Mets,8.0,2.0,656605.0,681035.0,Marvin Hudson,Edwin Jimenez,"88 degrees, Sunny.","3 mph, Out To LF.",12:37 PM.,"16,158.",9,0.0,0.0,2,0
744833,2024-07-08,R,2024,Nationals Park,Washington Nationals,St. Louis Cardinals,0.0,6.0,680730.0,571945.0,Jeremie Rehak,Tom Hanahan,"96 degrees, Partly Cloudy.","5 mph, Out To LF.",4:05 PM.,"16,454.",9,0.0,0.0,0,2
746455,2024-07-08,R,2024,Comerica Park,Detroit Tigers,Cleveland Guardians,1.0,0.0,672456.0,668909.0,James Hoye,Mike Muchlinski,"88 degrees, Partly Cloudy.","12 mph, In From CF.",6:40 PM.,"17,677.",9,0.0,0.0,0,0
746692,2024-07-08,R,2024,Great American Ball Park,Cincinnati Reds,Colorado Rockies,6.0,0.0,671096.0,663372.0,Will Little,Nic Lentz,"87 degrees, Partly Cloudy.","7 mph, R To L.",7:11 PM.,"15,873.",9,0.0,0.0,2,0
746771,2024-07-08,R,2024,Guaranteed Rate Field,Chicago White Sox,Minnesota Twins,6.0,8.0,623167.0,663978.0,John Libka,Rob Drake,"84 degrees, Partly Cloudy.","9 mph, Out To CF.",7:11 PM.,"10,881.",11,0.0,1.0,2,2
746208,2024-07-08,R,2024,Angel Stadium,Los Angeles Angels,Texas Rangers,4.0,9.0,669721.0,592351.0,Phil Cuzzi,Tony Randazzo,"78 degrees, Clear.","10 mph, R To L.",6:38 PM.,"25,193.",9,0.0,2.0,3,7
747181,2024-07-08,R,2024,Chase Field,Arizona Diamondbacks,Atlanta Braves,4.0,5.0,700270.0,693821.0,Todd Tichenor,Paul Clemons,"78 degrees, Roof Closed.","0 mph, None.",6:40 PM.,"20,594.",11,0.0,1.0,0,1
747014,2024-07-09,R,2024,Oriole Park at Camden Yards,Baltimore Orioles,Chicago Cubs,2.0,9.0,665152.0,592791.0,Stu Scheurwater,Mark Carlson,"91 degrees, Cloudy.","7 mph, Out To LF.",6:36 PM.,"30,373.",9,0.0,1.0,2,7
746451,2024-07-09,R,2024,Comerica Park,Detroit Tigers,Cleveland Guardians,8.0,9.0,628317.0,594902.0,Mike Muchlinski,Jansen Visconti,"83 degrees, Cloudy.","6 mph, R To L.",6:40 PM.,"17,111.",10,0.0,3.0,3,6
745557,2024-07-09,R,2024,Citizens Bank Park,Philadelphia Phillies,Los Angeles Dodgers,10.0,1.0,554430.0,676272.0,Derek Thomas,Brennan Miller,"93 degrees, Cloudy.","11 mph, Out To CF.",6:41 PM.,"43,065.",9,0.0,0.0,9,1
745074,2024-07-09,R,2024,Tropicana Field,Tampa Bay Rays,New York Yankees,5.0,3.0,686752.0,607074.0,Adam Hamari,Brian Walsh,"72 degrees, Dome.","0 mph, None.",6:50 PM.,"20,436.",9,4.0,1.0,4,1
746690,2024-07-09,R,2024,Great American Ball Park,Cincinnati Reds,Colorado Rockies,12.0,6.0,666157.0,615698.0,Nic Lentz,Emil Jimenez,"85 degrees, Overcast.","6 mph, In From LF.",7:11 PM.,"17,542.",9,0.0,0.0,7,4
745803,2024-07-09,R,2024,Citi Field,New York Mets,Washington Nationals,7.0,5.0,500779.0,663623.0,Nestor Ceja,Carlos Torres,"83 degrees, Cloudy.","10 mph, Out To LF.",7:11 PM.,"31,243.",9,0.0,0.0,4,0
746937,2024-07-09,R,2024,Fenway Park,Boston Red Sox,Oakland Athletics,12.0,9.0,678394.0,683155.0,Ben May,CB Bucknor,"86 degrees, Clear.","11 mph, Out To RF.",7:12 PM.,"31,826.",9,3.0,2.0,11,2
746368,2024-07-09,R,2024,Minute Maid Park,Houston Astros,Miami Marlins,4.0,3.0,669854.0,669432.0,Nate Tomlinson,Chris Segal,"73 degrees, Roof Closed.","0 mph, None.",7:10 PM.,"34,776.",9,0.0,1.0,2,1
745968,2024-07-09,R,2024,American Family Field,Milwaukee Brewers,Pittsburgh Pirates,2.0,12.0,607067.0,676596.0,Tom Hanahan,Clint Vondrak,"73 degrees, Cloudy.","5 mph, In From RF.",7:10 PM.,"26,422.",9,0.0,0.0,2,2
746206,2024-07-09,R,2024,Angel Stadium,Los Angeles Angels,Texas Rangers,4.0,5.0,672710.0,453286.0,Tony Randazzo,Alex Tosi,"81 degrees, Clear.","8 mph, Out To CF.",6:38 PM.,"23,791.",9,0.0,1.0,4,4
745393,2024-07-09,R,2024,Petco Park,San Diego Padres,Seattle Mariners,3.0,8.0,800049.0,669302.0,Gabe Morales,Charlie Ramos,"72 degrees, Clear.","8 mph, L To R.",6:40 PM.,"43,123.",9,0.0,1.0,0,5
747180,2024-07-09,R,2024,Chase Field,Arizona Diamondbacks,Atlanta Braves,2.0,6.0,668678.0,519242.0,Paul Clemons,Cory Blaser,"78 degrees, Dome.","0 mph, None.",6:40 PM.,"21,652.",9,0.0,0.0,0,2
745316,2024-07-09,R,2024,Oracle Park,San Francisco Giants,Toronto Blue Jays,4.0,3.0,605483.0,579328.0,Malachi Moore,Chad Whitson,"64 degrees, Partly Cloudy.","9 mph, Varies.",6:45 PM.,"32,924.",9,0.0,0.0,1,0
745155,2024-07-09,R,2024,Busch Stadium,St. Louis Cardinals,Kansas City Royals,,,669467.0,679525.0,Edwin Jimenez,Jonathan Parra,"83 degrees, Sunny.","8 mph, In From CF.",12:47 PM.,"32,108.",9,0.0,0.0,3,3
746773,2024-07-09,R,2024,Guaranteed Rate Field,Chicago White Sox,Minnesota Twins,,,689672.0,641154.0,Rob Drake,D.J. Reyburn,"79 degrees, Partly Cloudy.","8 mph, L To R.",4:06 PM.,"13,607.",9,0.0,0.0,2,0
745155,2024-07-10,R,2024,Busch Stadium,St. Louis Cardinals,Kansas City Royals,4.0,6.0,669467.0,679525.0,Edwin Jimenez,Jonathan Parra,"83 degrees, Sunny.","8 mph, In From CF.",12:47 PM.,"32,108.",9,0.0,0.0,3,3
745156,2024-07-10,R,2024,Busch Stadium,St. Louis Cardinals,Kansas City Royals,5.0,8.0,700669.0,608379.0,John Tumpane,Nick Mahrley,"84 degrees, Partly Cloudy.","6 mph, Out To RF.",6:48 PM.,"37,898.",9,0.0,0.0,4,5
746772,2024-07-10,R,2024,Guaranteed Rate Field,Chicago White Sox,Minnesota Twins,3.0,1.0,607200.0,641927.0,Jacob Metz,Jeremy Riggs,"76 degrees, Sunny.","9 mph, L To R.",1:10 PM.,,9,0.0,0.0,1,0
746773,2024-07-10,R,2024,Guaranteed Rate Field,Chicago White Sox,Minnesota Twins,2.0,3.0,689672.0,641154.0,Rob Drake,D.J. Reyburn,"79 degrees, Partly Cloudy.","8 mph, L To R.",4:06 PM.,"13,607.",9,0.0,0.0,2,0
747015,2024-07-10,R,2024,Oriole Park at Camden Yards,Baltimore Orioles,Chicago Cubs,0.0,4.0,669203.0,684007.0,Mark Carlson,John Bacon,"90 degrees, Partly Cloudy.","12 mph, Out To LF.",6:35 PM.,"20,694.",9,0.0,0.0,0,3
746453,2024-07-10,R,2024,Comerica Park,Detroit Tigers,Cleveland Guardians,5.0,4.0,681857.0,676440.0,Jansen Visconti,David Arrieta,"67 degrees, Overcast.","15 mph, Out To CF.",6:40 PM.,"16,862.",9,2.0,0.0,4,3
745394,2024-07-10,R,2024,Petco Park,San Diego Padres,Seattle Mariners,0.0,2.0,650633.0,682243.0,Charlie Ramos,Doug Eddings,"74 degrees, Partly Cloudy.","9 mph, L To R.",3:40 PM.,"39,611.",9,0.0,0.0,0,2
745069,2024-07-10,R,2024,Tropicana Field,Tampa Bay Rays,New York Yankees,1.0,2.0,621107.0,573186.0,Brian Walsh,Edwin Moscoso,"72 degrees, Dome.","0 mph, None.",6:50 PM.,"19,246.",9,0.0,0.0,1,2
745556,2024-07-10,R,2024,Citizens Bank Park,Philadelphia Phillies,Los Angeles Dodgers,4.0,3.0,650911.0,694813.0,Brennan Miller,Brian O'Nora,"88 degrees, Partly Cloudy.","15 mph, Out To CF.",7:08 PM.,"42,912.",9,1.0,0.0,4,2
746689,2024-07-10,R,2024,Great American Ball Park,Cincinnati Reds,Colorado Rockies,5.0,6.0,593423.0,607536.0,Emil Jimenez,Lance Barksdale,"79 degrees, Clear.","10 mph, R To L.",7:14 PM.,"16,836.",9,0.0,0.0,1,4
745796,2024-07-10,R,2024,Citi Field,New York Mets,Washington Nationals,6.0,2.0,622663.0,571578.0,Carlos Torres,Chad Fairchild,"81 degrees, Partly Cloudy.","18 mph, Out To LF.",7:11 PM.,"24,887.",9,1.0,0.0,1,2
746934,2024-07-10,R,2024,Fenway Park,Boston Red Sox,Oakland Athletics,2.0,5.0,601713.0,676664.0,CB Bucknor,Adam Beck,"83 degrees, Partly Cloudy.","5 mph, In From LF.",7:11 PM.,"32,935.",9,0.0,0.0,0,3
746366,2024-07-10,R,2024,Minute Maid Park,Houston Astros,Miami Marlins,9.0,1.0,664285.0,663773.0,Chris Segal,Larry Vanover,"73 degrees, Roof Closed.","0 mph, None.",7:12 PM.,"32,715.",9,1.0,0.0,6,1
745969,2024-07-10,R,2024,American Family Field,Milwaukee Brewers,Pittsburgh Pirates,9.0,0.0,668964.0,527048.0,Clint Vondrak,Jordan Baker,"74 degrees, Clear.","5 mph, L To R.",7:10 PM.,"27,294.",9,2.0,0.0,5,0
746205,2024-07-10,R,2024,Angel Stadium,Los Angeles Angels,Texas Rangers,7.0,2.0,656288.0,547179.0,Alex Tosi,Dan Bellino,"81 degrees, Clear.","8 mph, R To L.",6:38 PM.,"23,230.",9,0.0,0.0,5,2
747179,2024-07-10,R,2024,Chase Field,Arizona Diamondbacks,Atlanta Braves,7.0,5.0,677944.0,450203.0,Cory Blaser,Manny Gonzalez,"78 degrees, Roof Closed.","0 mph, None.",6:40 PM.,"18,020.",9,0.0,0.0,3,3
745318,2024-07-10,R,2024,Oracle Park,San Francisco Giants,Toronto Blue Jays,6.0,10.0,657277.0,605135.0,Chad Whitson,Bill Miller,"68 degrees, Clear.","13 mph, Out To CF.",6:45 PM.,"32,014.",9,2.0,0.0,3,3
746688,2024-07-11,R,2024,Great American Ball Park,Cincinnati Reds,Colorado Rockies,8.0,1.0,668881.0,596295.0,Lance Barksdale,Will Little,"84 degrees, Partly Cloudy.","2 mph, Out To RF.",1:11 PM.,"20,766.",9,0.0,0.0,4,1
746452,2024-07-11,R,2024,Comerica Park,Detroit Tigers,Cleveland Guardians,10.0,1.0,656427.0,675921.0,James Hoye,Edwin Jimenez,"83 degrees, Sunny.","5 mph, Out To RF.",1:09 PM.,"22,399.",9,1.0,0.0,6,1
745799,2024-07-11,R,2024,Citi Field,New York Mets,Washington Nationals,7.0,0.0,656849.0,669022.0,Chad Fairchild,Ryan Wills,"87 degrees, Sunny.","12 mph, Out To CF.",1:10 PM.,"25,710.",9,0.0,0.0,5,0
745967,2024-07-11,R,2024,American Family Field,Milwaukee Brewers,Pittsburgh Pirates,0.0,1.0,650644.0,694973.0,Jordan Baker,Jeremie Rehak,"77 degrees, Cloudy.","7 mph, In From LF.",1:11 PM.,"36,743.",9,0.0,0.0,0,0
745313,2024-07-11,R,2024,Oracle Park,San Francisco Giants,Toronto Blue Jays,3.0,5.0,663855.0,592332.0,Bill Miller,Alex MacKay,"78 degrees, Partly Cloudy.","7 mph, Out To CF.",12:45 PM.,"30,064.",9,2.0,3.0,2,5
745558,2024-07-11,R,2024,Citizens Bank Park,Philadelphia Phillies,Los Angeles Dodgers,5.0,1.0,605400.0,607455.0,Brian O'Nora,Chris Conroy,"89 degrees, Partly Cloudy.","11 mph, Out To RF.",6:06 PM.,"44,020.",9,1.0,0.0,2,1
747011,2024-07-11,R,2024,Oriole Park at Camden Yards,Baltimore Orioles,Chicago Cubs,0.0,8.0,544150.0,657006.0,John Bacon,Dan Merzel,"89 degrees, Cloudy.","4 mph, Out To RF.",6:37 PM.,"22,685.",9,0.0,0.0,0,4
745065,2024-07-11,R,2024,Tropicana Field,Tampa Bay Rays,New York Yankees,5.0,4.0,669358.0,641482.0,Edwin Moscoso,Vic Carapazza,"72 degrees, Dome.","0 mph, None.",6:50 PM.,"23,438.",9,2.0,0.0,5,3
746935,2024-07-11,R,2024,Fenway Park,Boston Red Sox,Oakland Athletics,7.0,0.0,656557.0,665622.0,Adam Beck,Dan Iassogna,"85 degrees, Clear.","6 mph, Out To CF.",7:10 PM.,"33,512.",9,3.0,0.0,5,0
746367,2024-07-11,R,2024,Minute Maid Park,Houston Astros,Miami Marlins,6.0,3.0,814005.0,682610.0,Larry Vanover,David Rackley,"73 degrees, Roof Closed.","0 mph, None.",7:10 PM.,"38,818.",9,2.0,1.0,6,3
746204,2024-07-11,R,2024,Angel Stadium,Los Angeles Angels,Seattle Mariners,0.0,11.0,686799.0,622491.0,Nick Mahrley,D.J. Reyburn,"77 degrees, Clear.","8 mph, R To L.",6:38 PM.,"26,747.",9,0.0,4.0,0,7
747178,2024-07-11,R,2024,Chase Field,Arizona Diamondbacks,Atlanta Braves,1.0,0.0,694297.0,608331.0,Manny Gonzalez,Todd Tichenor,"78 degrees, Roof Closed.","0 mph, None.",6:40 PM.,"27,101.",9,0.0,0.0,1,0
746450,2024-07-12,R,2024,Comerica Park,Detroit Tigers,Los Angeles Dodgers,3.0,4.0,669373.0,572020.0,John Libka,Marvin Hudson,"83 degrees, Partly Cloudy.","6 mph, In From LF.",6:40 PM.,"42,060.",9,2.0,0.0,3,2
745552,2024-07-12,R,2024,Citizens Bank Park,Philadelphia Phillies,Oakland Athletics,2.0,6.0,624133.0,663687.0,David Rackley,Nate Tomlinson,"78 degrees, Drizzle.","3 mph, Out To LF.",6:42 PM.,"42,570.",9,0.0,0.0,2,4
745064,2024-07-12,R,2024,Tropicana Field,Tampa Bay Rays,Cleveland Guardians,2.0,0.0,671737.0,471911.0,Dan Merzel,Stu Scheurwater,"72 degrees, Dome.","0 mph, None.",6:50 PM.,"17,290.",9,0.0,0.0,2,0
747012,2024-07-12,R,2024,Oriole Park at Camden Yards,Baltimore Orioles,New York Yankees,1.0,4.0,700249.0,543037.0,Will Little,Nic Lentz,"81 degrees, Cloudy.","2 mph, Out To LF.",7:06 PM.,"39,566.",9,0.0,0.0,1,3
746936,2024-07-12,R,2024,Fenway Park,Boston Red Sox,Kansas City Royals,1.0,6.0,681867.0,666142.0,Vic Carapazza,Adam Hamari,"82 degrees, Partly Cloudy.","7 mph, Out To LF.",7:10 PM.,"34,894.",9,0.0,1.0,1,5
745800,2024-07-12,R,2024,Citi Field,New York Mets,Colorado Rockies,7.0,6.0,640455.0,685299.0,Jeremie Rehak,Bruce Dreckman,"79 degrees, Cloudy.","8 mph, Out To LF.",7:10 PM.,"28,852.",9,0.0,0.0,7,2
746685,2024-07-12,R,2024,Great American Ball Park,Cincinnati Reds,Miami Marlins,7.0,4.0,686730.0,630023.0,Chris Conroy,Derek Thomas,"84 degrees, Partly Cloudy.","2 mph, Out To RF.",7:11 PM.,"31,326.",9,2.0,0.0,7,3
746371,2024-07-12,R,2024,Minute Maid Park,Houston Astros,Texas Rangers,6.0,3.0,686613.0,571760.0,Ryan Wills,Nestor Ceja,"73 degrees, Roof Closed.","0 mph, None.",7:10 PM.,"39,666.",9,0.0,0.0,3,0
746774,2024-07-12,R,2024,Guaranteed Rate Field,Chicago White Sox,Pittsburgh Pirates,1.0,4.0,676979.0,594835.0,Alex MacKay,Malachi Moore,"78 degrees, Clear.","8 mph, L To R.",7:10 PM.,"19,548.",9,0.0,0.0,1,2
745965,2024-07-12,R,2024,American Family Field,Milwaukee Brewers,Washington Nationals,2.0,5.0,642547.0,671131.0,Dan Iassogna,Ben May,"82 degrees, Clear.","6 mph, In From CF.",7:10 PM.,"31,967.",9,0.0,1.0,2,4
745153,2024-07-12,R,2024,Busch Stadium,St. Louis Cardinals,Chicago Cubs,1.0,5.0,543243.0,543294.0,Jansen Visconti,Mike Muchlinski,"83 degrees, Cloudy.","6 mph, Out To LF.",7:16 PM.,"40,667.",9,0.0,0.0,0,2
746207,2024-07-12,R,2024,Angel Stadium,Los Angeles Angels,Seattle Mariners,6.0,5.0,542881.0,693433.0,D.J. Reyburn,Rob Drake,"75 degrees, Partly Cloudy.","6 mph, Out To CF.",6:38 PM.,"31,243.",10,2.0,2.0,4,4
747175,2024-07-12,R,2024,Chase Field,Arizona Diamondbacks,Toronto Blue Jays,5.0,4.0,669194.0,684320.0,Doug Eddings,Ryan Additon,"78 degrees, Roof Closed.","0 mph, None.",6:40 PM.,"24,441.",9,0.0,0.0,2,1
745390,2024-07-12,R,2024,Petco Park,San Diego Padres,Atlanta Braves,1.0,6.0,663362.0,680885.0,Dan Bellino,Phil Cuzzi,"69 degrees, Partly Cloudy.","8 mph, L To R.",6:41 PM.,"44,390.",9,0.0,0.0,1,4
745312,2024-07-12,R,2024,Oracle Park,San Francisco Giants,Minnesota Twins,7.0,1.0,690986.0,657746.0,Todd Tichenor,Paul Clemons,"64 degrees, Partly Cloudy.","15 mph, Out To CF.",7:15 PM.,"34,106.",9,1.0,0.0,4,0
746447,2024-07-13,R,2024,Comerica Park,Detroit Tigers,Los Angeles Dodgers,11.0,9.0,672456.0,680736.0,Marvin Hudson,Edwin Jimenez,"86 degrees, Sunny.","4 mph, In From CF.",1:10 PM.,"40,196.",10,0.0,1.0,4,5
746766,2024-07-13,R,2024,Guaranteed Rate Field,Chicago White Sox,Pittsburgh Pirates,2.0,6.0,623167.0,682847.0,Malachi Moore,Chad Whitson,"85 degrees, Partly Cloudy.","10 mph, R To L.",1:11 PM.,"20,437.",9,0.0,1.0,0,1
745152,2024-07-13,R,2024,Busch Stadium,St. Louis Cardinals,Chicago Cubs,11.0,3.0,458681.0,669713.0,Mike Muchlinski,Jonathan Parra,"88 degrees, Sunny.","10 mph, Out To CF.",1:15 PM.,"39,129.",9,9.0,1.0,11,2
745175,2024-07-13,R,2024,Busch Stadium,St. Louis Cardinals,Chicago Cubs,5.0,4.0,502043.0,665871.0,David Arrieta,James Hoye,"89 degrees, Clear.","7 mph, In From RF.",7:16 PM.,"43,827.",9,2.0,0.0,3,4
745549,2024-07-13,R,2024,Citizens Bank Park,Philadelphia Phillies,Oakland Athletics,11.0,5.0,663969.0,687765.0,Nate Tomlinson,Chris Segal,"88 degrees, Partly Cloudy.","5 mph, Out To CF.",4:06 PM.,"44,231.",9,0.0,0.0,6,2
747013,2024-07-13,R,2024,Oriole Park at Camden Yards,Baltimore Orioles,New York Yankees,1.0,6.0,680570.0,661563.0,Nic Lentz,Emil Jimenez,"90 degrees, Partly Cloudy.","2 mph, R To L.",4:07 PM.,"44,018.",9,0.0,4.0,1,6
746930,2024-07-13,R,2024,Fenway Park,Boston Red Sox,Kansas City Royals,5.0,0.0,676710.0,607625.0,Adam Hamari,Brian Walsh,"80 degrees, Partly Cloudy.","11 mph, Out To LF.",4:13 PM.,"32,378.",9,0.0,0.0,5,0
745798,2024-07-13,R,2024,Citi Field,New York Mets,Colorado Rockies,7.0,3.0,681035.0,663372.0,Bruce Dreckman,Tom Hanahan,"85 degrees, Sunny.","7 mph, Out To LF.",4:10 PM.,"31,029.",9,0.0,0.0,4,3
745067,2024-07-13,R,2024,Tropicana Field,Tampa Bay Rays,Cleveland Guardians,2.0,4.0,641793.0,668909.0,Stu Scheurwater,Mark Carlson,"72 degrees, Dome.","0 mph, None.",4:10 PM.,"19,946.",9,0.0,0.0,2,2
746369,2024-07-13,R,2024,Minute Maid Park,Houston Astros,Texas Rangers,1.0,2.0,681293.0,543135.0,Nestor Ceja,Carlos Torres,"73 degrees, Roof Closed.","0 mph, None.",3:10 PM.,"42,094.",10,1.0,1.0,1,1
746687,2024-07-13,R,2024,Great American Ball Park,Cincinnati Reds,Miami Marlins,10.0,6.0,671096.0,665795.0,Derek Thomas,Brennan Miller,"91 degrees, Partly Cloudy.","7 mph, Out To LF.",4:11 PM.,"26,219.",9,0.0,0.0,7,5
745963,2024-07-13,R,2024,American Family Field,Milwaukee Brewers,Washington Nationals,5.0,6.0,572971.0,680730.0,Ben May,CB Bucknor,"86 degrees, Partly Cloudy.","10 mph, In From RF.",3:11 PM.,"34,169.",9,5.0,0.0,5,3
745311,2024-07-13,R,2024,Oracle Park,San Francisco Giants,Minnesota Twins,2.0,4.0,806185.0,680573.0,Paul Clemons,Cory Blaser,"64 degrees, Partly Cloudy.","16 mph, Out To CF.",4:15 PM.,"32,582.",9,0.0,0.0,2,2
745392,2024-07-13,R,2024,Petco Park,San Diego Padres,Atlanta Braves,4.0,0.0,656302.0,625643.0,Phil Cuzzi,Tony Randazzo,"74 degrees, Sunny.","8 mph, L To R.",4:16 PM.,"43,097.",9,0.0,0.0,2,0
746202,2024-07-13,R,2024,Angel Stadium,Los Angeles Angels,Seattle Mariners,2.0,1.0,667755.0,669923.0,Rob Drake,Jacob Metz,"77 degrees, Clear.","10 mph, Out To CF.",6:38 PM.,"43,273.",9,0.0,1.0,2,1
747177,2024-07-13,R,2024,Chase Field,Arizona Diamondbacks,Toronto Blue Jays,12.0,1.0,700270.0,621244.0,Ryan Additon,Gabe Morales,"78 degrees, Roof Closed.","0 mph, None.",7:10 PM.,"40,121.",9,1.0,0.0,5,1
747009,2024-07-14,R,2024,Oriole Park at Camden Yards,Baltimore Orioles,New York Yankees,6.0,5.0,665152.0,607074.0,Emil Jimenez,Lance Barksdale,"93 degrees, Cloudy.","4 mph, Out To RF.",11:37 AM.,"39,031.",9,0.0,0.0,3,2
746932,2024-07-14,R,2024,Fenway Park,Boston Red Sox,Kansas City Royals,5.0,4.0,678394.0,663903.0,Brian Walsh,Edwin Moscoso,"91 degrees, Partly Cloudy.","2 mph, Out To LF.",1:37 PM.,"35,351.",9,2.0,1.0,4,2
745551,2024-07-14,R,2024,Citizens Bank Park,Philadelphia Phillies,Oakland Athletics,3.0,18.0,689147.0,683155.0,Chris Segal,Larry Vanover,"94 degrees, Partly Cloudy.","5 mph, Out To RF.",1:36 PM.,"43,025.",9,1.0,0.0,1,4
746449,2024-07-14,R,2024,Comerica Park,Detroit Tigers,Los Angeles Dodgers,4.0,3.0,689225.0,641703.0,Edwin Jimenez,John Tumpane,"85 degrees, Partly Cloudy.","13 mph, R To L.",1:41 PM.,"35,159.",9,0.0,3.0,1,3
745797,2024-07-14,R,2024,Citi Field,New York Mets,Colorado Rockies,5.0,8.0,500779.0,608566.0,Tom Hanahan,Clint Vondrak,"92 degrees, Sunny.","5 mph, Out To LF.",1:42 PM.,"24,970.",9,0.0,2.0,3,3
745066,2024-07-14,R,2024,Tropicana Field,Tampa Bay Rays,Cleveland Guardians,2.0,0.0,686752.0,594902.0,Mark Carlson,Jordan Baker,"72 degrees, Dome.","0 mph, None.",1:40 PM.,"21,875.",9,0.0,0.0,1,0
746686,2024-07-14,R,2024,Great American Ball Park,Cincinnati Reds,Miami Marlins,2.0,3.0,666157.0,669432.0,Brennan Miller,Brian O'Nora,"90 degrees, Sunny.","9 mph, Out To LF.",1:40 PM.,"28,514.",9,0.0,0.0,0,2
746370,2024-07-14,R,2024,Minute Maid Park,Houston Astros,Texas Rangers,2.0,4.0,669854.0,453286.0,Carlos Torres,John Bacon,"73 degrees, Roof Closed.","0 mph, None.",1:10 PM.,"38,622.",9,0.0,2.0,1,2
746769,2024-07-14,R,2024,Guaranteed Rate Field,Chicago White Sox,Pittsburgh Pirates,4.0,9.0,694363.0,656605.0,Chad Whitson,Bill Miller,"83 degrees, Sunny.","5 mph, R To L.",1:10 PM.,"16,501.",9,1.0,0.0,3,4
745962,2024-07-14,R,2024,American Family Field,Milwaukee Brewers,Washington Nationals,9.0,3.0,642239.0,663623.0,CB Bucknor,Adam Beck,"82 degrees, Partly Cloudy.","11 mph, Varies.",1:10 PM.,"35,040.",9,1.0,0.0,7,2
745151,2024-07-14,R,2024,Busch Stadium,St. Louis Cardinals,Chicago Cubs,3.0,8.0,571945.0,592791.0,Jonathan Parra,Jansen Visconti,"93 degrees, Sunny.","8 mph, Out To LF.",1:16 PM.,"39,314.",9,0.0,0.0,2,4
745314,2024-07-14,R,2024,Oracle Park,San Francisco Giants,Minnesota Twins,3.0,2.0,605483.0,663978.0,Cory Blaser,Manny Gonzalez,"67 degrees, Partly Cloudy.","10 mph, Varies.",1:05 PM.,"34,115.",9,0.0,0.0,2,0
746201,2024-07-14,R,2024,Angel Stadium,Los Angeles Angels,Seattle Mariners,3.0,2.0,608334.0,669302.0,Jacob Metz,Nick Mahrley,"81 degrees, Partly Cloudy.","7 mph, Out To CF.",1:08 PM.,"26,015.",9,0.0,0.0,0,0
747176,2024-07-14,R,2024,Chase Field,Arizona Diamondbacks,Toronto Blue Jays,7.0,8.0,668678.0,579328.0,Gabe Morales,Charlie Ramos,"77 degrees, Roof Closed.","0 mph, None.",1:12 PM.,"24,732.",9,0.0,0.0,7,7
745385,2024-07-14,R,2024,Petco Park,San Diego Padres,Atlanta Braves,3.0,6.0,681190.0,519242.0,Tony Randazzo,Alex Tosi,"75 degrees, Sunny.","8 mph, L To R.",1:12 PM.,"42,132.",9,1.0,0.0,1,2
746854,2024-07-19,R,2024,Wrigley Field,Chicago Cubs,Arizona Diamondbacks,2.0,5.0,657006.0,669194.0,Roberto Ortiz,Alfonso Márquez,"76 degrees, Sunny.","7 mph, In From RF.",1:20 PM.,"40,691.",9,0.0,0.0,0,5
745481,2024-07-19,R,2024,PNC Park,Pittsburgh Pirates,Philadelphia Phillies,8.0,7.0,527048.0,605400.0,Doug Eddings,Ryan Additon,"84 degrees, Clear.","5 mph, Calm.",6:42 PM.,"39,530.",9,3.0,3.0,4,7
744829,2024-07-19,R,2024,Nationals Park,Washington Nationals,Cincinnati Reds,8.0,5.0,571578.0,593423.0,Andy Fletcher,Jansen Visconti,"85 degrees, Partly Cloudy.","3 mph, Out To CF.",6:45 PM.,"38,402.",9,0.0,0.0,7,1
745721,2024-07-19,R,2024,Yankee Stadium,New York Yankees,Tampa Bay Rays,6.0,1.0,543037.0,621107.0,Quinn Wolcott,Manny Gonzalez,"82 degrees, Partly Cloudy.","7 mph, L To R.",7:08 PM.,"47,036.",9,0.0,0.0,5,0
744911,2024-07-19,R,2024,Rogers Centre,Toronto Blue Jays,Detroit Tigers,4.0,5.0,605135.0,656427.0,Todd Tichenor,Nestor Ceja,"73 degrees, Clear.","9 mph, Out To CF.",7:09 PM.,"39,697.",9,0.0,0.0,0,3
746618,2024-07-19,R,2024,Progressive Field,Cleveland Guardians,San Diego Padres,7.0,0.0,676440.0,663362.0,Marvin Hudson,James Jean,"74 degrees, Clear.","6 mph, In From RF.",7:11 PM.,"37,242.",9,0.0,0.0,1,0
746040,2024-07-19,R,2024,loanDepot park,Miami Marlins,New York Mets,6.0,4.0,665795.0,640455.0,John Libka,D.J. Reyburn,"72 degrees, Roof Closed.","0 mph, None.",7:10 PM.,"16,542.",9,0.0,0.0,5,2
744990,2024-07-19,R,2024,Globe Life Field,Texas Rangers,Baltimore Orioles,1.0,9.0,543135.0,669203.0,Bill Miller,Scott Barry,"74 degrees, Roof Closed.","0 mph, None.",7:09 PM.,"36,336.",9,0.0,4.0,1,6
746284,2024-07-19,R,2024,Kauffman Stadium,Kansas City Royals,Chicago White Sox,7.0,1.0,608379.0,623167.0,Adam Beck,Dan Iassogna,"82 degrees, Clear.","12 mph, R To L.",7:10 PM.,"26,693.",9,1.0,0.0,7,0
746531,2024-07-19,R,2024,Coors Field,Colorado Rockies,San Francisco Giants,7.0,3.0,615698.0,690986.0,Brian O'Nora,Chris Conroy,"81 degrees, Cloudy.","12 mph, R To L.",6:40 PM.,"40,115.",9,0.0,0.0,0,3
745640,2024-07-19,R,2024,Oakland Coliseum,Oakland Athletics,Los Angeles Angels,13.0,3.0,676664.0,656288.0,Ryan Wills,Nate Tomlinson,"80 degrees, Clear.","12 mph, Out To RF.",6:40 PM.,"11,596.",9,0.0,0.0,6,2
746123,2024-07-19,R,2024,Dodger Stadium,Los Angeles Dodgers,Boston Red Sox,4.0,1.0,694813.0,601713.0,Erich Bacchus,Laz Diaz,"78 degrees, Clear.","8 mph, Out To RF.",7:10 PM.,"51,562.",9,0.0,0.0,0,1
745228,2024-07-19,R,2024,T-Mobile Park,Seattle Mariners,Houston Astros,0.0,3.0,622491.0,686613.0,Clint Vondrak,Jeremie Rehak,"78 degrees, Clear.","0 mph, Calm.",7:10 PM.,"40,948.",9,0.0,0.0,0,3
747093,2024-07-19,R,2024,Truist Park,Atlanta Braves,St. Louis Cardinals,,,450203.0,502043.0,David Rackley,David Arrieta,"77 degrees, Cloudy.","1 mph, Calm.",1:20 PM.,"37,042.",10,0.0,0.0,0,0
745720,2024-07-20,R,2024,Yankee Stadium,New York Yankees,Tampa Bay Rays,1.0,9.0,641482.0,671737.0,Manny Gonzalez,Edwin Jimenez,"82 degrees, Cloudy.","8 mph, In From RF.",1:08 PM.,"43,173.",9,0.0,0.0,0,6
747093,2024-07-20,R,2024,Truist Park,Atlanta Braves,St. Louis Cardinals,3.0,2.0,450203.0,502043.0,David Rackley,David Arrieta,"77 degrees, Cloudy.","1 mph, Calm.",1:20 PM.,"37,042.",10,0.0,0.0,0,0
747096,2024-07-20,R,2024,Truist Park,Atlanta Braves,St. Louis Cardinals,5.0,9.0,693821.0,543243.0,Larry Vanover,Derek Thomas,"78 degrees, Cloudy.","1 mph, Calm.",4:20 PM.,"42,168.",9,1.0,1.0,2,6
744910,2024-07-20,R,2024,Rogers Centre,Toronto Blue Jays,Detroit Tigers,3.0,7.0,579328.0,681857.0,Nestor Ceja,Jeremy Riggs,"75 degrees, Partly Cloudy.","11 mph, Out To CF.",3:07 PM.,"38,583.",9,0.0,0.0,0,1
745638,2024-07-20,R,2024,Oakland Coliseum,Oakland Athletics,Los Angeles Angels,8.0,2.0,687765.0,686799.0,Nate Tomlinson,Carlos Torres,"75 degrees, Sunny.","9 mph, Out To RF.",1:07 PM.,"14,574.",9,3.0,0.0,7,1
746041,2024-07-20,R,2024,loanDepot park,Miami Marlins,New York Mets,0.0,1.0,682610.0,622663.0,D.J. Reyburn,James Hoye,"72 degrees, Roof Closed.","0 mph, None.",4:11 PM.,"21,902.",9,0.0,0.0,0,1
745478,2024-07-20,R,2024,PNC Park,Pittsburgh Pirates,Philadelphia Phillies,4.0,1.0,682847.0,650911.0,Ryan Additon,Emil Jimenez,"85 degrees, Partly Cloudy.","5 mph, Out To CF.",6:42 PM.,"39,114.",9,0.0,0.0,0,0
744830,2024-07-20,R,2024,Nationals Park,Washington Nationals,Cincinnati Reds,5.0,4.0,669022.0,666157.0,Jansen Visconti,Mike Muchlinski,"78 degrees, Cloudy.","4 mph, Out To LF.",6:45 PM.,"32,734.",9,2.0,2.0,3,4
744994,2024-07-20,R,2024,Globe Life Field,Texas Rangers,Baltimore Orioles,4.0,8.0,453286.0,680570.0,Scott Barry,Malachi Moore,"74 degrees, Roof Closed.","0 mph, Calm.",6:07 PM.,"38,410.",9,0.0,0.0,2,5
746613,2024-07-20,R,2024,Progressive Field,Cleveland Guardians,San Diego Padres,0.0,7.0,668909.0,656302.0,Hunter Wendelstedt,Tom Hanahan,"77 degrees, Partly Cloudy.","4 mph, Calm.",7:11 PM.,"37,485.",9,0.0,0.0,0,3
746286,2024-07-20,R,2024,Kauffman Stadium,Kansas City Royals,Chicago White Sox,6.0,1.0,663903.0,686563.0,Dan Iassogna,Paul Clemons,"76 degrees, Partly Cloudy.","5 mph, In From RF.",6:10 PM.,"27,545.",9,3.0,0.0,4,0
745880,2024-07-20,R,2024,Target Field,Minnesota Twins,Milwaukee Brewers,4.0,8.0,641154.0,642547.0,Charlie Ramos,Sean Barber,"83 degrees, Cloudy.","5 mph, Out To LF.",6:24 PM.,"41,679.",12,0.0,0.0,0,1
746852,2024-07-20,R,2024,Wrigley Field,Chicago Cubs,Arizona Diamondbacks,0.0,3.0,543294.0,668678.0,Alfonso Márquez,Lance Barrett,"80 degrees, Partly Cloudy.","3 mph, In From RF.",6:15 PM.,"39,595.",9,0.0,0.0,0,3
746121,2024-07-20,R,2024,Dodger Stadium,Los Angeles Dodgers,Boston Red Sox,7.0,6.0,680736.0,678394.0,Laz Diaz,Tripp Gibson,"86 degrees, Sunny.","9 mph, Out To CF.",4:15 PM.,"48,129.",11,0.0,0.0,1,2
746527,2024-07-20,R,2024,Coors Field,Colorado Rockies,San Francisco Giants,4.0,3.0,607536.0,657277.0,Chris Conroy,Alex MacKay,"85 degrees, Clear.","10 mph, In From LF.",6:10 PM.,"44,178.",9,2.0,0.0,4,2
745229,2024-07-20,R,2024,T-Mobile Park,Seattle Mariners,Houston Astros,2.0,4.0,669923.0,664285.0,Jeremie Rehak,Brian Walsh,"81 degrees, Clear.","2 mph, L To R.",6:42 PM.,"38,017.",9,0.0,0.0,0,1
745882,2024-07-21,R,2024,Target Field,Minnesota Twins,Milwaukee Brewers,7.0,8.0,657746.0,650644.0,Sean Barber,Ryan Blakney,"79 degrees, Partly Cloudy.","2 mph, In From CF.",12:54 PM.,"36,327.",9,0.0,0.0,5,4
744831,2024-07-21,R,2024,Nationals Park,Washington Nationals,Cincinnati Reds,5.0,2.0,663623.0,671096.0,Mike Muchlinski,John Bacon,"88 degrees, Partly Cloudy.","4 mph, Out To CF.",1:35 PM.,"23,967.",9,0.0,0.0,2,2
745470,2024-07-21,R,2024,PNC Park,Pittsburgh Pirates,Philadelphia Phillies,0.0,6.0,594835.0,663969.0,Emil Jimenez,Gabe Morales,"83 degrees, Sunny.","3 mph, In From CF.",1:37 PM.,"38,291.",9,0.0,0.0,0,2
747094,2024-07-21,R,2024,Truist Park,Atlanta Braves,St. Louis Cardinals,2.0,6.0,680885.0,571945.0,Derek Thomas,Chris Segal,"82 degrees, Partly Cloudy.","4 mph, Calm.",1:36 PM.,"36,348.",9,0.0,0.0,2,4
745722,2024-07-21,R,2024,Yankee Stadium,New York Yankees,Tampa Bay Rays,4.0,6.0,573186.0,669358.0,Edwin Jimenez,Junior Valentine,"84 degrees, Cloudy.","6 mph, Out To CF.",1:39 PM.,"45,178.",9,0.0,1.0,0,3
744909,2024-07-21,R,2024,Rogers Centre,Toronto Blue Jays,Detroit Tigers,5.0,4.0,592332.0,672456.0,Jeremy Riggs,Cory Blaser,"74 degrees, Partly Cloudy.","6 mph, Out To CF.",1:39 PM.,"38,766.",9,1.0,0.0,4,4
746610,2024-07-21,R,2024,Progressive Field,Cleveland Guardians,San Diego Padres,1.0,2.0,594902.0,650633.0,Tom Hanahan,Nick Mahrley,"80 degrees, Partly Cloudy.","6 mph, In From CF.",1:40 PM.,"30,491.",9,0.0,0.0,0,2
746042,2024-07-21,R,2024,loanDepot park,Miami Marlins,New York Mets,4.0,2.0,669432.0,681035.0,James Hoye,Rob Drake,"72 degrees, Roof Closed.","0 mph, None.",1:40 PM.,"19,418.",9,0.0,0.0,3,2
746287,2024-07-21,R,2024,Kauffman Stadium,Kansas City Royals,Chicago White Sox,4.0,1.0,607625.0,689672.0,Paul Clemons,CB Bucknor,"77 degrees, Partly Cloudy.","7 mph, In From RF.",1:11 PM.,"22,226.",9,0.0,0.0,0,0
746853,2024-07-21,R,2024,Wrigley Field,Chicago Cubs,Arizona Diamondbacks,2.0,1.0,684007.0,694297.0,Lance Barrett,Mark Ripperger,"83 degrees, Partly Cloudy.","2 mph, In From RF.",1:20 PM.,"39,162.",10,0.0,0.0,0,0
744991,2024-07-21,R,2024,Globe Life Field,Texas Rangers,Baltimore Orioles,3.0,2.0,571760.0,665152.0,Malachi Moore,Chad Whitson,"74 degrees, Roof Closed.","0 mph, None.",1:39 PM.,"31,808.",9,0.0,0.0,3,0
746528,2024-07-21,R,2024,Coors Field,Colorado Rockies,San Francisco Giants,2.0,3.0,663372.0,806185.0,Alex MacKay,Brennan Miller,"78 degrees, Cloudy.","4 mph, R To L.",1:11 PM.,"30,507.",9,0.0,1.0,2,3
745633,2024-07-21,R,2024,Oakland Coliseum,Oakland Athletics,Los Angeles Angels,5.0,8.0,683155.0,608334.0,Carlos Torres,Jacob Metz,"63 degrees, Partly Cloudy.","10 mph, Varies.",1:07 PM.,"10,380.",9,0.0,0.0,3,2
745230,2024-07-21,R,2024,T-Mobile Park,Seattle Mariners,Houston Astros,6.0,4.0,693433.0,669854.0,Brian Walsh,Mark Wegner,"64 degrees, Overcast.","3 mph, In From LF.",1:11 PM.,"35,038.",9,0.0,0.0,3,1
746125,2024-07-21,R,2024,Dodger Stadium,Los Angeles Dodgers,Boston Red Sox,9.0,6.0,572020.0,676710.0,Tripp Gibson,Mike Estabrook,"86 degrees, Partly Cloudy.","10 mph, Out To CF.",4:11 PM.,"50,824.",9,2.0,2.0,6,2
745717,2024-07-22,R,2024,Yankee Stadium,New York Yankees,Tampa Bay Rays,9.0,1.0,607074.0,641793.0,Junior Valentine,Quinn Wolcott,"82 degrees, Cloudy.","10 mph, Out To LF.",1:10 PM.,"40,824.",9,0.0,0.0,5,1
746612,2024-07-22,R,2024,Progressive Field,Cleveland Guardians,Detroit Tigers,2.0,8.0,471911.0,669373.0,Alex Tosi,Dan Bellino,"76 degrees, Cloudy.","5 mph, R To L.",6:40 PM.,"22,451.",9,0.0,2.0,1,4
745473,2024-07-22,R,2024,PNC Park,Pittsburgh Pirates,St. Louis Cardinals,2.0,1.0,656605.0,669467.0,Ryan Blakney,Jim Wolf,"70 degrees, Cloudy.","3 mph, Out To CF.",6:41 PM.,"18,970.",9,0.0,0.0,1,1
746034,2024-07-22,R,2024,loanDepot park,Miami Marlins,New York Mets,4.0,6.0,630023.0,656849.0,Rob Drake,John Libka,"72 degrees, Roof Closed.","0 mph, None.",6:41 PM.,"13,068.",9,0.0,0.0,2,5
747095,2024-07-22,R,2024,Truist Park,Atlanta Braves,Cincinnati Reds,1.0,4.0,625643.0,668881.0,Nick Mahrley,Marvin Hudson,"86 degrees, Partly Cloudy.","8 mph, In From RF.",7:21 PM.,"38,779.",9,0.0,1.0,0,4
745881,2024-07-22,R,2024,Target Field,Minnesota Twins,Philadelphia Phillies,7.0,2.0,641927.0,624133.0,Lance Barksdale,Will Little,"75 degrees, Overcast.","4 mph, Out To RF.",8:11 PM.,"29,904.",9,0.0,2.0,3,2
744988,2024-07-22,R,2024,Globe Life Field,Texas Rangers,Chicago White Sox,4.0,3.0,547179.0,607200.0,Edwin Moscoso,Vic Carapazza,"74 degrees, Roof Closed.","0 mph, None.",7:08 PM.,"30,832.",10,0.0,1.0,2,2
746850,2024-07-22,R,2024,Wrigley Field,Chicago Cubs,Milwaukee Brewers,3.0,1.0,665871.0,668964.0,Gabe Morales,Doug Eddings,"74 degrees, Partly Cloudy.","8 mph, In From RF.",7:05 PM.,"35,741.",9,0.0,0.0,2,0
746280,2024-07-22,R,2024,Kauffman Stadium,Kansas City Royals,Arizona Diamondbacks,10.0,4.0,666142.0,700270.0,Jordan Baker,Brennan Miller,"82 degrees, Partly Cloudy.","5 mph, In From RF.",7:10 PM.,"16,275.",9,0.0,0.0,9,3
746526,2024-07-22,R,2024,Coors Field,Colorado Rockies,Boston Red Sox,9.0,8.0,596295.0,656557.0,Mark Wegner,Clint Vondrak,"83 degrees, Partly Cloudy.","8 mph, In From CF.",6:40 PM.,"35,261.",12,0.0,0.0,4,4
745635,2024-07-22,R,2024,Oakland Coliseum,Oakland Athletics,Houston Astros,4.0,0.0,663687.0,681293.0,CB Bucknor,Adam Beck,"75 degrees, Clear.","13 mph, Out To RF.",6:40 PM.,"4,517.",9,0.0,0.0,4,0
745232,2024-07-22,R,2024,T-Mobile Park,Seattle Mariners,Los Angeles Angels,1.0,3.0,682243.0,542881.0,Mike Estabrook,Erich Bacchus,"63 degrees, Cloudy.","2 mph, In From LF.",6:42 PM.,"22,528.",9,1.0,0.0,1,0
746124,2024-07-22,R,2024,Dodger Stadium,Los Angeles Dodgers,San Francisco Giants,3.0,2.0,689981.0,605483.0,Dan Merzel,Stu Scheurwater,"77 degrees, Clear.","8 mph, Out To RF.",7:11 PM.,"49,576.",9,0.0,0.0,1,1
746614,2024-07-23,R,2024,Progressive Field,Cleveland Guardians,Detroit Tigers,5.0,4.0,675540.0,663947.0,Dan Bellino,Phil Cuzzi,"78 degrees, Partly Cloudy.","0 mph, Calm.",6:41 PM.,"23,277.",9,0.0,0.0,3,2
745475,2024-07-23,R,2024,PNC Park,Pittsburgh Pirates,St. Louis Cardinals,1.0,2.0,694973.0,458681.0,Jim Wolf,Alan Porter,"84 degrees, Partly Cloudy.","8 mph, Out To LF.",6:42 PM.,"32,422.",9,0.0,0.0,0,1
746036,2024-07-23,R,2024,loanDepot park,Miami Marlins,Baltimore Orioles,6.0,3.0,667725.0,544150.0,Mark Ripperger,Roberto Ortiz,"72 degrees, Roof Closed.","0 mph, None.",6:42 PM.,"10,410.",9,0.0,1.0,6,3
744828,2024-07-23,R,2024,Nationals Park,Washington Nationals,San Diego Padres,0.0,4.0,687792.0,681190.0,Adrian Johnson,Quinn Wolcott,"88 degrees, Cloudy.","3 mph, Out To CF.",6:45 PM.,"20,749.",9,0.0,0.0,0,2
745715,2024-07-23,R,2024,Yankee Stadium,New York Yankees,New York Mets,2.0,3.0,661563.0,500779.0,John Bacon,Andy Fletcher,"76 degrees, Cloudy.","11 mph, Out To RF.",7:09 PM.,"47,453.",9,0.0,0.0,1,1
744904,2024-07-23,R,2024,Rogers Centre,Toronto Blue Jays,Tampa Bay Rays,2.0,4.0,621244.0,542888.0,Charlie Ramos,John Libka,"78 degrees, Partly Cloudy.","11 mph, R To L.",7:07 PM.,"38,575.",9,0.0,0.0,0,3
745878,2024-07-23,R,2024,Target Field,Minnesota Twins,Philadelphia Phillies,0.0,3.0,680573.0,554430.0,Will Little,Nic Lentz,"75 degrees, Partly Cloudy.","6 mph, In From CF.",6:41 PM.,"31,272.",9,0.0,0.0,0,0
744985,2024-07-23,R,2024,Globe Life Field,Texas Rangers,Chicago White Sox,3.0,2.0,592351.0,676979.0,Vic Carapazza,Adam Hamari,"74 degrees, Roof Closed.","0 mph, None.",7:07 PM.,"39,240.",9,2.0,0.0,2,1
746848,2024-07-23,R,2024,Wrigley Field,Chicago Cubs,Milwaukee Brewers,0.0,1.0,592791.0,607067.0,Doug Eddings,Ryan Additon,"70 degrees, Cloudy.","5 mph, L To R.",8:29 PM.,"37,651.",9,0.0,0.0,0,0
746281,2024-07-23,R,2024,Kauffman Stadium,Kansas City Royals,Arizona Diamondbacks,2.0,6.0,679525.0,656756.0,Brennan Miller,Brian O'Nora,"86 degrees, Cloudy.","8 mph, In From RF.",7:10 PM.,"21,993.",9,1.0,3.0,1,5
746524,2024-07-23,R,2024,Coors Field,Colorado Rockies,Boston Red Sox,0.0,6.0,621389.0,681867.0,Clint Vondrak,Jeremie Rehak,"89 degrees, Clear.","5 mph, In From CF.",6:41 PM.,"36,553.",9,0.0,3.0,0,6
745632,2024-07-23,R,2024,Oakland Coliseum,Oakland Athletics,Houston Astros,8.0,2.0,674370.0,814005.0,Adam Beck,Dan Iassogna,"82 degrees, Partly Cloudy.","10 mph, Out To RF.",6:40 PM.,"5,896.",9,2.0,0.0,6,1
745227,2024-07-23,R,2024,T-Mobile Park,Seattle Mariners,Los Angeles Angels,1.0,5.0,669302.0,667755.0,Erich Bacchus,Laz Diaz,"73 degrees, Clear.","2 mph, In From CF.",6:40 PM.,"26,496.",9,0.0,0.0,1,5
746118,2024-07-23,R,2024,Dodger Stadium,Los Angeles Dodgers,San Francisco Giants,5.0,2.0,689017.0,663855.0,Stu Scheurwater,Mark Carlson,"75 degrees, Partly Cloudy.","9 mph, L To R.",7:10 PM.,"52,627.",9,2.0,0.0,4,1
747090,2024-07-23,R,2024,Truist Park,Atlanta Braves,Cincinnati Reds,,,450203.0,607259.0,David Rackley,Larry Vanover,"83 degrees, Clear.","8 mph, Out To RF.",6:41 PM.,"34,883.",9,0.0,0.0,0,1
747091,2024-07-24,R,2024,Truist Park,Atlanta Braves,Cincinnati Reds,4.0,9.0,642216.0,593423.0,Marvin Hudson,Derek Thomas,"78 degrees, Cloudy.","2 mph, L To R.",12:22 PM.,"34,407.",9,1.0,4.0,4,9
745472,2024-07-24,R,2024,PNC Park,Pittsburgh Pirates,St. Louis Cardinals,5.0,0.0,527048.0,669461.0,Alan Porter,Sean Barber,"83 degrees, Cloudy.","4 mph, R To L.",12:40 PM.,"20,091.",9,0.0,0.0,5,0
745877,2024-07-24,R,2024,Target Field,Minnesota Twins,Philadelphia Phillies,5.0,4.0,595345.0,605400.0,Nic Lentz,James Jean,"71 degrees, Partly Cloudy.","6 mph, In From LF.",12:11 PM.,"33,813.",9,0.0,0.0,1,1
746851,2024-07-24,R,2024,Wrigley Field,Chicago Cubs,Milwaukee Brewers,2.0,3.0,657006.0,642239.0,Ryan Additon,Emil Jimenez,"74 degrees, Partly Cloudy.","8 mph, In From RF.",1:20 PM.,"37,679.",9,1.0,1.0,2,1
746525,2024-07-24,R,2024,Coors Field,Colorado Rockies,Boston Red Sox,20.0,7.0,615698.0,601713.0,Jeremie Rehak,Bruce Dreckman,"93 degrees, Sunny.","7 mph, Out To LF.",1:11 PM.,"36,579.",9,3.0,0.0,13,3
745634,2024-07-24,R,2024,Oakland Coliseum,Oakland Athletics,Houston Astros,1.0,8.0,676664.0,686613.0,Dan Iassogna,Ben May,"80 degrees, Partly Cloudy.","12 mph, Out To RF.",12:37 PM.,"14,978.",9,1.0,1.0,1,3
745231,2024-07-24,R,2024,T-Mobile Park,Seattle Mariners,Los Angeles Angels,1.0,2.0,622491.0,656288.0,Laz Diaz,Tripp Gibson,"65 degrees, Sunny.","2 mph, L To R.",12:40 PM.,"39,953.",9,0.0,0.0,1,0
746611,2024-07-24,R,2024,Progressive Field,Cleveland Guardians,Detroit Tigers,2.0,1.0,676440.0,656427.0,Phil Cuzzi,Tony Randazzo,"77 degrees, Cloudy.","8 mph, In From CF.",6:42 PM.,"24,633.",9,0.0,1.0,1,1
746035,2024-07-24,R,2024,loanDepot park,Miami Marlins,Baltimore Orioles,6.0,3.0,665795.0,694646.0,Roberto Ortiz,Alfonso Márquez,"72 degrees, Roof Closed.","0 mph, None.",6:40 PM.,"12,127.",9,0.0,0.0,3,0
744824,2024-07-24,R,2024,Nationals Park,Washington Nationals,San Diego Padres,3.0,12.0,680730.0,663362.0,Quinn Wolcott,Ramon De Jesus,"84 degrees, Cloudy.","3 mph, L To R.",6:45 PM.,"23,323.",9,3.0,0.0,3,12
745716,2024-07-24,R,2024,Yankee Stadium,New York Yankees,New York Mets,3.0,12.0,543037.0,640455.0,Andy Fletcher,Jansen Visconti,"76 degrees, Partly Cloudy.","7 mph, Varies.",7:08 PM.,"48,760.",9,1.0,0.0,2,5
744905,2024-07-24,R,2024,Rogers Centre,Toronto Blue Jays,Tampa Bay Rays,6.0,3.0,684320.0,621107.0,John Libka,D.J. Reyburn,"78 degrees, Partly Cloudy.","14 mph, L To R.",7:09 PM.,"32,276.",9,1.0,0.0,2,1
744989,2024-07-24,R,2024,Globe Life Field,Texas Rangers,Chicago White Sox,10.0,2.0,543135.0,623167.0,Adam Hamari,Austin Jones,"74 degrees, Roof Closed.","0 mph, None.",7:09 PM.,"36,989.",9,1.0,0.0,3,2
746279,2024-07-24,R,2024,Kauffman Stadium,Kansas City Royals,Arizona Diamondbacks,6.0,8.0,608379.0,669194.0,Brian O'Nora,Alex MacKay,"90 degrees, Partly Cloudy.","5 mph, R To L.",7:11 PM.,"15,931.",9,0.0,0.0,4,3
746119,2024-07-24,R,2024,Dodger Stadium,Los Angeles Dodgers,San Francisco Giants,3.0,8.0,607192.0,592662.0,Mark Carlson,Jacob Metz,"79 degrees, Clear.","7 mph, Out To CF.",7:10 PM.,"54,070.",9,1.0,0.0,1,2
747090,2024-07-24,R,2024,Truist Park,Atlanta Braves,Cincinnati Reds,,,450203.0,607259.0,David Rackley,Larry Vanover,"83 degrees, Clear.","8 mph, Out To RF.",6:41 PM.,"34,883.",9,0.0,0.0,0,1
744827,2024-07-25,R,2024,Nationals Park,Washington Nationals,San Diego Padres,0.0,3.0,571578.0,656302.0,Ramon De Jesus,Junior Valentine,"83 degrees, Partly Cloudy.","5 mph, Out To LF.",12:05 PM.,"20,755.",9,0.0,3.0,0,3
746037,2024-07-25,R,2024,loanDepot park,Miami Marlins,Baltimore Orioles,6.0,7.0,682610.0,669203.0,Alfonso Márquez,Lance Barrett,"72 degrees, Roof Closed.","0 mph, None.",12:10 PM.,"17,989.",10,0.0,1.0,0,6
746609,2024-07-25,R,2024,Progressive Field,Cleveland Guardians,Detroit Tigers,0.0,3.0,668909.0,663947.0,Tony Randazzo,Alex Tosi,"75 degrees, Cloudy.","9 mph, In From CF.",1:11 PM.,"32,867.",9,0.0,0.0,0,3
744984,2024-07-25,R,2024,Globe Life Field,Texas Rangers,Chicago White Sox,2.0,1.0,453286.0,686563.0,Austin Jones,Edwin Moscoso,"74 degrees, Roof Closed.","0 mph, None.",1:37 PM.,"32,913.",9,0.0,0.0,2,1
744907,2024-07-25,R,2024,Rogers Centre,Toronto Blue Jays,Tampa Bay Rays,0.0,13.0,605135.0,671737.0,D.J. Reyburn,Rob Drake,"76 degrees, Partly Cloudy.","11 mph, In From LF.",3:09 PM.,"41,148.",9,0.0,1.0,0,3
746117,2024-07-25,R,2024,Dodger Stadium,Los Angeles Dodgers,San Francisco Giants,6.0,4.0,477132.0,657277.0,Jacob Metz,Dan Merzel,"89 degrees, Sunny.","7 mph, Out To RF.",1:10 PM.,"52,291.",9,0.0,0.0,4,2
745794,2024-07-25,R,2024,Citi Field,New York Mets,Atlanta Braves,3.0,2.0,622663.0,519242.0,Emil Jimenez,Gabe Morales,"83 degrees, Cloudy.","8 mph, L To R.",7:10 PM.,"34,807.",10,0.0,0.0,2,1
746199,2024-07-25,R,2024,Angel Stadium,Los Angeles Angels,Oakland Athletics,5.0,6.0,670046.0,548389.0,Bruce Dreckman,Mark Wegner,"88 degrees, Clear.","7 mph, R To L.",6:39 PM.,"25,752.",9,0.0,2.0,5,6
746448,2024-07-26,R,2024,Comerica Park,Detroit Tigers,Minnesota Twins,3.0,9.0,672456.0,641154.0,Jansen Visconti,Mike Muchlinski,"79 degrees, Clear.","7 mph, In From LF.",6:40 PM.,"27,778.",9,0.0,2.0,2,6
745554,2024-07-26,R,2024,Citizens Bank Park,Philadelphia Phillies,Cleveland Guardians,1.0,3.0,650911.0,594902.0,Rob Drake,Charlie Ramos,"83 degrees, Partly Cloudy.","7 mph, In From LF.",6:42 PM.,"44,448.",9,0.0,1.0,1,3
745068,2024-07-26,R,2024,Tropicana Field,Tampa Bay Rays,Cincinnati Reds,2.0,3.0,669358.0,666157.0,Edwin Moscoso,Vic Carapazza,"72 degrees, Dome.","0 mph, None.",6:50 PM.,"20,441.",10,0.0,2.0,2,2
747010,2024-07-26,R,2024,Oriole Park at Camden Yards,Baltimore Orioles,San Diego Padres,4.0,6.0,680570.0,800049.0,Sean Barber,Ryan Blakney,"83 degrees, Cloudy.","3 mph, Out To RF.",7:07 PM.,"43,692.",9,0.0,0.0,2,0
744906,2024-07-26,R,2024,Rogers Centre,Toronto Blue Jays,Texas Rangers,6.0,5.0,579328.0,571760.0,Lance Barrett,Mark Ripperger,"75 degrees, Clear.","5 mph, Out To LF.",7:07 PM.,"35,065.",9,3.0,1.0,4,5
745792,2024-07-26,R,2024,Citi Field,New York Mets,Atlanta Braves,8.0,4.0,673540.0,450203.0,Gabe Morales,Doug Eddings,"83 degrees, Cloudy.","5 mph, In From LF.",7:10 PM.,"34,673.",9,0.0,0.0,8,2
746933,2024-07-26,R,2024,Fenway Park,Boston Red Sox,New York Yankees,9.0,7.0,678394.0,641482.0,Hunter Wendelstedt,John Tumpane,"84 degrees, Clear.","5 mph, In From LF.",7:12 PM.,"36,661.",9,1.0,0.0,4,3
746277,2024-07-26,R,2024,Kauffman Stadium,Kansas City Royals,Chicago Cubs,6.0,0.0,663903.0,543294.0,Junior Valentine,Adrian Johnson,"88 degrees, Clear.","8 mph, R To L.",7:10 PM.,"36,351.",9,0.0,0.0,6,0
746361,2024-07-26,R,2024,Minute Maid Park,Houston Astros,Los Angeles Dodgers,5.0,0.0,664285.0,694813.0,Alex MacKay,David Rackley,"73 degrees, Roof Closed.","0 mph, None.",7:11 PM.,"41,452.",9,0.0,0.0,4,0
746767,2024-07-26,R,2024,Guaranteed Rate Field,Chicago White Sox,Seattle Mariners,0.0,10.0,689672.0,669923.0,Dan Merzel,Jordan Baker,"76 degrees, Clear.","10 mph, L To R.",7:10 PM.,"20,170.",9,0.0,8.0,0,10
745964,2024-07-26,R,2024,American Family Field,Milwaukee Brewers,Miami Marlins,2.0,6.0,642547.0,669432.0,Alex Tosi,Dan Bellino,"76 degrees, Clear.","8 mph, In From RF.",7:11 PM.,"30,128.",9,0.0,3.0,2,5
745146,2024-07-26,R,2024,Busch Stadium,St. Louis Cardinals,Washington Nationals,8.0,10.0,543243.0,669022.0,James Jean,Lance Barksdale,"84 degrees, Partly Cloudy.","9 mph, In From LF.",7:16 PM.,"41,382.",10,0.0,0.0,6,5
746200,2024-07-26,R,2024,Angel Stadium,Los Angeles Angels,Oakland Athletics,4.0,5.0,608334.0,621112.0,Mark Wegner,Brian Walsh,"77 degrees, Clear.","9 mph, Out To CF.",6:38 PM.,"28,722.",9,4.0,0.0,4,2
747174,2024-07-26,R,2024,Chase Field,Arizona Diamondbacks,Pittsburgh Pirates,4.0,3.0,668678.0,682847.0,Ben May,CB Bucknor,"78 degrees, Roof Closed.","0 mph, None.",6:40 PM.,"31,255.",9,0.0,2.0,1,3
745315,2024-07-26,R,2024,Oracle Park,San Francisco Giants,Colorado Rockies,11.0,4.0,690986.0,607536.0,Tripp Gibson,Mike Estabrook,"60 degrees, Overcast.","17 mph, In From CF.",7:15 PM.,"32,861.",9,1.0,0.0,6,1
744908,2024-07-27,R,2024,Rogers Centre,Toronto Blue Jays,Texas Rangers,7.0,3.0,592332.0,547179.0,Mark Ripperger,Roberto Ortiz,"76 degrees, Sunny.","9 mph, Out To CF.",3:09 PM.,"35,917.",9,4.0,1.0,5,3
747006,2024-07-27,R,2024,Oriole Park at Camden Yards,Baltimore Orioles,San Diego Padres,4.0,9.0,665152.0,650633.0,Ryan Blakney,Jim Wolf,"90 degrees, Partly Cloudy.","3 mph, In From RF.",4:06 PM.,"30,008.",9,0.0,0.0,0,4
745059,2024-07-27,R,2024,Tropicana Field,Tampa Bay Rays,Cincinnati Reds,4.0,0.0,641793.0,671096.0,Vic Carapazza,Adam Hamari,"72 degrees, Dome.","0 mph, None.",4:10 PM.,"23,464.",9,0.0,0.0,4,0
745793,2024-07-27,R,2024,Citi Field,New York Mets,Atlanta Braves,0.0,4.0,656731.0,680885.0,Doug Eddings,Ryan Additon,"85 degrees, Partly Cloudy.","3 mph, In From RF.",4:13 PM.,"35,149.",9,0.0,0.0,0,3
745553,2024-07-27,R,2024,Citizens Bank Park,Philadelphia Phillies,Cleveland Guardians,8.0,0.0,663969.0,471911.0,Charlie Ramos,John Libka,"85 degrees, Partly Cloudy.","6 mph, Out To CF.",6:06 PM.,"44,356.",9,0.0,0.0,7,0
746446,2024-07-27,R,2024,Comerica Park,Detroit Tigers,Minnesota Twins,7.0,2.0,669373.0,657746.0,Mike Muchlinski,John Bacon,"82 degrees, Clear.","7 mph, L To R.",6:10 PM.,"35,138.",9,1.0,2.0,1,2
745307,2024-07-27,R,2024,Oracle Park,San Francisco Giants,Colorado Rockies,4.0,1.0,605483.0,663372.0,Mike Estabrook,Brock Ballou,"62 degrees, Overcast.","15 mph, Varies.",4:06 PM.,,9,0.0,0.0,1,0
745310,2024-07-27,R,2024,Oracle Park,San Francisco Giants,Colorado Rockies,5.0,0.0,806185.0,685299.0,Erich Bacchus,Laz Diaz,"60 degrees, Overcast.","12 mph, Varies.",7:18 PM.,"34,543.",9,1.0,0.0,4,0
746278,2024-07-27,R,2024,Kauffman Stadium,Kansas City Royals,Chicago Cubs,4.0,9.0,607625.0,684007.0,Adrian Johnson,Quinn Wolcott,"73 degrees, Cloudy.","5 mph, Varies.",6:10 PM.,"31,784.",9,0.0,2.0,1,3
746362,2024-07-27,R,2024,Minute Maid Park,Houston Astros,Los Angeles Dodgers,7.0,6.0,669854.0,680736.0,David Rackley,Brennan Miller,"73 degrees, Roof Closed.","0 mph, None.",6:10 PM.,"41,819.",9,0.0,0.0,0,4
745966,2024-07-27,R,2024,American Family Field,Milwaukee Brewers,Miami Marlins,3.0,7.0,650644.0,676974.0,Dan Bellino,Phil Cuzzi,"81 degrees, Clear.","10 mph, In From RF.",6:10 PM.,"36,171.",9,0.0,0.0,3,2
745150,2024-07-27,R,2024,Busch Stadium,St. Louis Cardinals,Washington Nationals,3.0,14.0,502043.0,663623.0,Lance Barksdale,Clint Vondrak,"76 degrees, Overcast.","8 mph, Out To LF.",8:19 PM.,"39,372.",9,0.0,0.0,0,2
746768,2024-07-27,R,2024,Guaranteed Rate Field,Chicago White Sox,Seattle Mariners,3.0,6.0,607200.0,693433.0,Jordan Baker,Stu Scheurwater,"84 degrees, Partly Cloudy.","9 mph, In From CF.",6:15 PM.,"21,037.",9,0.0,0.0,1,5
746931,2024-07-27,R,2024,Fenway Park,Boston Red Sox,New York Yankees,8.0,11.0,676710.0,573186.0,John Tumpane,Nick Mahrley,"81 degrees, Clear.","8 mph, Out To LF.",7:18 PM.,"36,711.",10,3.0,3.0,6,5
747171,2024-07-27,R,2024,Chase Field,Arizona Diamondbacks,Pittsburgh Pirates,9.0,5.0,694297.0,594835.0,CB Bucknor,Adam Beck,"78 degrees, Roof Closed.","0 mph, None.",5:30 PM.,"35,905.",9,1.0,1.0,6,4
746203,2024-07-27,R,2024,Angel Stadium,Los Angeles Angels,Oakland Athletics,1.0,3.0,542881.0,687765.0,Brian Walsh,Jeremie Rehak,"80 degrees, Clear.","8 mph, Out To CF.",6:38 PM.,"33,755.",9,0.0,3.0,1,3
745063,2024-07-28,R,2024,Tropicana Field,Tampa Bay Rays,Cincinnati Reds,2.0,1.0,542888.0,668881.0,Adam Hamari,Austin Jones,"72 degrees, Dome.","0 mph, None.",11:35 AM.,"19,873.",9,0.0,0.0,0,1
747008,2024-07-28,R,2024,Oriole Park at Camden Yards,Baltimore Orioles,San Diego Padres,8.0,6.0,544150.0,681190.0,Jim Wolf,Alan Porter,"89 degrees, Partly Cloudy.","3 mph, Out To LF.",1:37 PM.,"38,411.",9,0.0,0.0,6,3
745550,2024-07-28,R,2024,Citizens Bank Park,Philadelphia Phillies,Cleveland Guardians,3.0,4.0,663465.0,676282.0,John Libka,D.J. Reyburn,"87 degrees, Partly Cloudy.","5 mph, In From RF.",1:36 PM.,"43,845.",9,1.0,0.0,3,3
744902,2024-07-28,R,2024,Rogers Centre,Toronto Blue Jays,Texas Rangers,7.0,3.0,621244.0,592351.0,Roberto Ortiz,Alfonso Márquez,"81 degrees, Sunny.","6 mph, Out To LF.",1:39 PM.,"40,052.",9,3.0,0.0,6,0
746445,2024-07-28,R,2024,Comerica Park,Detroit Tigers,Minnesota Twins,0.0,5.0,656412.0,641927.0,John Bacon,Andy Fletcher,"86 degrees, Sunny.","8 mph, In From CF.",1:40 PM.,"24,624.",9,0.0,0.0,0,2
745795,2024-07-28,R,2024,Citi Field,New York Mets,Atlanta Braves,2.0,9.0,656849.0,625643.0,Ryan Additon,Will Little,"86 degrees, Sunny.","6 mph, In From RF.",1:41 PM.,"26,916.",9,0.0,0.0,0,4
746274,2024-07-28,R,2024,Kauffman Stadium,Kansas City Royals,Chicago Cubs,3.0,7.0,666142.0,665871.0,Quinn Wolcott,Ramon De Jesus,"88 degrees, Partly Cloudy.","12 mph, R To L.",1:10 PM.,"24,839.",9,2.0,0.0,3,2
746364,2024-07-28,R,2024,Minute Maid Park,Houston Astros,Los Angeles Dodgers,2.0,6.0,681293.0,689981.0,Brennan Miller,Brian O'Nora,"73 degrees, Roof Closed.","0 mph, None.",1:10 PM.,"41,418.",9,0.0,0.0,0,1
746770,2024-07-28,R,2024,Guaranteed Rate Field,Chicago White Sox,Seattle Mariners,3.0,6.0,676979.0,682243.0,Stu Scheurwater,Mark Carlson,"81 degrees, Cloudy.","5 mph, In From RF.",1:10 PM.,"17,100.",9,0.0,2.0,1,6
745961,2024-07-28,R,2024,American Family Field,Milwaukee Brewers,Miami Marlins,6.0,2.0,668964.0,667725.0,Phil Cuzzi,Alex Tosi,"80 degrees, Roof Closed.","9 mph, In From RF.",1:36 PM.,"32,946.",9,2.0,1.0,6,1
745145,2024-07-28,R,2024,Busch Stadium,St. Louis Cardinals,Washington Nationals,4.0,3.0,571945.0,687792.0,Clint Vondrak,Nic Lentz,"86 degrees, Partly Cloudy.","6 mph, Out To LF.",1:17 PM.,"37,693.",9,1.0,0.0,2,2
745305,2024-07-28,R,2024,Oracle Park,San Francisco Giants,Colorado Rockies,5.0,4.0,669062.0,596295.0,Laz Diaz,Tripp Gibson,"64 degrees, Sunny.","11 mph, Out To CF.",1:05 PM.,"37,178.",9,1.0,0.0,3,1
746195,2024-07-28,R,2024,Angel Stadium,Los Angeles Angels,Oakland Athletics,8.0,6.0,667755.0,674370.0,Jeremie Rehak,Bruce Dreckman,"80 degrees, Sunny.","9 mph, Out To CF.",1:08 PM.,"27,016.",9,0.0,0.0,8,6
747173,2024-07-28,R,2024,Chase Field,Arizona Diamondbacks,Pittsburgh Pirates,5.0,6.0,700270.0,656605.0,Adam Beck,Dan Iassogna,"78 degrees, Roof Closed.","0 mph, None.",1:10 PM.,"27,162.",10,0.0,0.0,2,0
746929,2024-07-28,R,2024,Fenway Park,Boston Red Sox,New York Yankees,2.0,8.0,656557.0,607074.0,Nick Mahrley,Marvin Hudson,"74 degrees, Partly Cloudy.","2 mph, In From RF.",7:10 PM.,"36,410.",9,0.0,3.0,2,4
747007,2024-07-29,R,2024,Oriole Park at Camden Yards,Baltimore Orioles,Toronto Blue Jays,11.0,5.0,621107.0,684320.0,Ramon De Jesus,Paul Clemons,"90 degrees, Partly Cloudy.","7 mph, Out To LF.",3:06 PM.,,9,4.0,0.0,10,3
747039,2024-07-29,R,2024,Oriole Park at Camden Yards,Baltimore Orioles,Toronto Blue Jays,4.0,8.0,700249.0,670102.0,Junior Valentine,Jonathan Parra,"83 degrees, Partly Cloudy.","6 mph, Out To LF.",8:31 PM.,"22,272.",9,1.0,1.0,3,6
746444,2024-07-29,R,2024,Comerica Park,Detroit Tigers,Cleveland Guardians,4.0,8.0,689225.0,676440.0,Emil Jimenez,Gabe Morales,"83 degrees, Partly Cloudy.","10 mph, In From CF.",6:40 PM.,"18,387.",9,0.0,3.0,0,4
745547,2024-07-29,R,2024,Citizens Bank Park,Philadelphia Phillies,New York Yankees,4.0,14.0,554430.0,661563.0,Alan Porter,Sean Barber,"86 degrees, Partly Cloudy.","8 mph, Out To CF.",6:41 PM.,"44,289.",9,0.0,1.0,2,7
746684,2024-07-29,R,2024,Great American Ball Park,Cincinnati Reds,Chicago Cubs,7.0,1.0,686730.0,592791.0,D.J. Reyburn,James Hoye,"84 degrees, Clear.","7 mph, R To L.",7:11 PM.,"21,837.",9,0.0,0.0,6,0
746928,2024-07-29,R,2024,Fenway Park,Boston Red Sox,Seattle Mariners,14.0,7.0,601713.0,669302.0,Andy Fletcher,Jansen Visconti,"72 degrees, Partly Cloudy.","4 mph, Out To RF.",7:11 PM.,"35,007.",9,0.0,0.0,12,1
745791,2024-07-29,R,2024,Citi Field,New York Mets,Minnesota Twins,15.0,2.0,500779.0,680573.0,Chad Whitson,Bill Miller,"80 degrees, Partly Cloudy.","10 mph, Out To LF.",7:11 PM.,"28,507.",9,0.0,1.0,6,1
745147,2024-07-29,R,2024,Busch Stadium,St. Louis Cardinals,Texas Rangers,3.0,6.0,669467.0,543135.0,Chris Conroy,Alex MacKay,"91 degrees, Partly Cloudy.","7 mph, Out To CF.",6:46 PM.,"34,281.",9,0.0,0.0,2,3
746360,2024-07-29,R,2024,Minute Maid Park,Houston Astros,Pittsburgh Pirates,3.0,5.0,605463.0,694973.0,Todd Tichenor,Austin Jones,"73 degrees, Roof Closed.","0 mph, None.",7:10 PM.,"40,522.",9,0.0,0.0,2,0
746765,2024-07-29,R,2024,Guaranteed Rate Field,Chicago White Sox,Kansas City Royals,5.0,8.0,623167.0,679525.0,Bruce Dreckman,Mark Wegner,"79 degrees, Cloudy.","9 mph, Out To LF.",7:11 PM.,"12,179.",9,1.0,0.0,2,2
745959,2024-07-29,R,2024,American Family Field,Milwaukee Brewers,Atlanta Braves,8.0,3.0,607067.0,656550.0,Alfonso Márquez,Lance Barrett,"80 degrees, Roof Closed.","0 mph, Calm.",7:10 PM.,"28,698.",9,0.0,0.0,1,2
747172,2024-07-29,R,2024,Chase Field,Arizona Diamondbacks,Washington Nationals,9.0,8.0,656756.0,680730.0,Ryan Wills,Chad Fairchild,"78 degrees, Roof Closed.","0 mph, None.",6:41 PM.,"18,790.",9,0.0,5.0,2,6
746441,2024-07-30,R,2024,Comerica Park,Detroit Tigers,Cleveland Guardians,0.0,5.0,663947.0,668909.0,Gabe Morales,Doug Eddings,"80 degrees, Cloudy.","7 mph, Out To LF.",1:10 PM.,"23,239.",9,0.0,0.0,0,2
747005,2024-07-30,R,2024,Oriole Park at Camden Yards,Baltimore Orioles,Toronto Blue Jays,6.0,2.0,669203.0,605135.0,Jonathan Parra,Adrian Johnson,"79 degrees, Overcast.","13 mph, Out To LF.",6:36 PM.,"21,710.",9,1.0,0.0,6,1
745546,2024-07-30,R,2024,Citizens Bank Park,Philadelphia Phillies,New York Yankees,6.0,7.0,605400.0,701542.0,Sean Barber,Ryan Blakney,"83 degrees, Partly Cloudy.","13 mph, Out To CF.",6:42 PM.,"44,502.",12,1.0,1.0,4,1
745060,2024-07-30,R,2024,Tropicana Field,Tampa Bay Rays,Miami Marlins,9.0,3.0,605488.0,665795.0,Tripp Gibson,Mike Estabrook,"72 degrees, Dome.","0 mph, None.",6:50 PM.,"17,931.",9,0.0,2.0,1,3
746683,2024-07-30,R,2024,Great American Ball Park,Cincinnati Reds,Chicago Cubs,6.0,3.0,663574.0,657006.0,James Hoye,Charlie Ramos,"87 degrees, Clear.","6 mph, Out To LF.",7:11 PM.,"25,678.",9,2.0,0.0,5,0
746926,2024-07-30,R,2024,Fenway Park,Boston Red Sox,Seattle Mariners,6.0,10.0,572020.0,622491.0,Jansen Visconti,Cory Blaser,"84 degrees, Clear.","5 mph, Out To CF.",7:11 PM.,"36,592.",9,0.0,1.0,3,7
745787,2024-07-30,R,2024,Citi Field,New York Mets,Minnesota Twins,2.0,0.0,640455.0,701581.0,Bill Miller,Scott Barry,"80 degrees, Clear.","15 mph, Out To LF.",7:10 PM.,"27,767.",9,0.0,0.0,2,0
745149,2024-07-30,R,2024,Busch Stadium,St. Louis Cardinals,Texas Rangers,8.0,1.0,458681.0,453286.0,Alex MacKay,Shane Livensparger,"82 degrees, Cloudy.","6 mph, Out To RF.",7:15 PM.,"32,395.",9,1.0,0.0,8,1
746365,2024-07-30,R,2024,Minute Maid Park,Houston Astros,Pittsburgh Pirates,2.0,6.0,686613.0,663559.0,Austin Jones,Nestor Ceja,"73 degrees, Roof Closed.","0 mph, None.",7:10 PM.,"37,518.",9,0.0,0.0,1,3
746763,2024-07-30,R,2024,Guaranteed Rate Field,Chicago White Sox,Kansas City Royals,3.0,4.0,686563.0,608379.0,Mark Wegner,Clint Vondrak,"84 degrees, Partly Cloudy.","6 mph, L To R.",7:10 PM.,"15,360.",9,1.0,0.0,2,1
745958,2024-07-30,R,2024,American Family Field,Milwaukee Brewers,Atlanta Braves,1.0,5.0,605452.0,693821.0,Lance Barrett,Mark Ripperger,"84 degrees, Clear.","8 mph, R To L.",7:10 PM.,"28,810.",9,0.0,0.0,0,5
746197,2024-07-30,R,2024,Angel Stadium,Los Angeles Angels,Colorado Rockies,10.0,7.0,656288.0,615698.0,Dan Bellino,Tony Randazzo,"79 degrees, Clear.","6 mph, Out To CF.",6:39 PM.,"25,241.",9,2.0,2.0,7,6
747167,2024-07-30,R,2024,Chase Field,Arizona Diamondbacks,Washington Nationals,17.0,0.0,669194.0,571578.0,Chad Fairchild,Carlos Torres,"78 degrees, Roof Closed.","0 mph, None.",6:40 PM.,"19,758.",9,2.0,0.0,11,0
745389,2024-07-30,R,2024,Petco Park,San Diego Padres,Los Angeles Dodgers,6.0,5.0,663362.0,607192.0,Dan Iassogna,Ben May,"73 degrees, Clear.","8 mph, L To R.",6:41 PM.,"47,559.",10,0.0,5.0,3,5
745309,2024-07-30,R,2024,Oracle Park,San Francisco Giants,Oakland Athletics,2.0,5.0,592662.0,676664.0,Chris Segal,David Rackley,"63 degrees, Partly Cloudy.","16 mph, Out To CF.",6:45 PM.,"37,885.",9,0.0,0.0,0,4
745061,2024-07-31,R,2024,Tropicana Field,Tampa Bay Rays,Miami Marlins,2.0,6.0,671737.0,682610.0,Mike Estabrook,Erich Bacchus,"72 degrees, Dome.","0 mph, None.",12:10 PM.,"14,484.",9,1.0,0.0,2,4
747003,2024-07-31,R,2024,Oriole Park at Camden Yards,Baltimore Orioles,Toronto Blue Jays,10.0,4.0,680570.0,502179.0,Adrian Johnson,Ramon De Jesus,"90 degrees, Partly Cloudy.","2 mph, Out To LF.",12:37 PM.,"25,528.",9,2.0,0.0,9,3
745543,2024-07-31,R,2024,Citizens Bank Park,Philadelphia Phillies,New York Yankees,5.0,6.0,650911.0,641482.0,Ryan Blakney,Jim Wolf,"87 degrees, Partly Cloudy.","9 mph, Out To RF.",12:38 PM.,"44,543.",9,0.0,0.0,3,4
745789,2024-07-31,R,2024,Citi Field,New York Mets,Minnesota Twins,3.0,8.0,622663.0,641154.0,Scott Barry,Malachi Moore,"83 degrees, Partly Cloudy.","9 mph, Out To LF.",1:10 PM.,"28,875.",9,0.0,0.0,2,7
746764,2024-07-31,R,2024,Guaranteed Rate Field,Chicago White Sox,Kansas City Royals,3.0,10.0,689672.0,663903.0,Clint Vondrak,Jeremie Rehak,"86 degrees, Cloudy.","7 mph, R To L.",1:10 PM.,"14,112.",9,0.0,1.0,3,6
745960,2024-07-31,R,2024,American Family Field,Milwaukee Brewers,Atlanta Braves,2.0,6.0,642547.0,519242.0,Mark Ripperger,James Jean,"86 degrees, Sunny.","5 mph, In From RF.",1:10 PM.,"37,111.",9,2.0,0.0,2,2
745148,2024-07-31,R,2024,Busch Stadium,St. Louis Cardinals,Texas Rangers,10.0,1.0,700241.0,571760.0,Shane Livensparger,Brennan Miller,"94 degrees, Sunny.","6 mph, R To L.",1:16 PM.,"31,365.",9,0.0,0.0,8,0
747170,2024-07-31,R,2024,Chase Field,Arizona Diamondbacks,Washington Nationals,5.0,4.0,668678.0,669022.0,Carlos Torres,Brian Walsh,"78 degrees, Roof Closed.","0 mph, None.",12:41 PM.,"18,294.",9,0.0,0.0,1,1
746925,2024-07-31,R,2024,Fenway Park,Boston Red Sox,Seattle Mariners,3.0,2.0,678394.0,669923.0,Cory Blaser,John Bacon,"80 degrees, Cloudy.","12 mph, Out To LF.",4:11 PM.,"34,643.",10,1.0,0.0,1,2
746678,2024-07-31,R,2024,Great American Ball Park,Cincinnati Reds,Chicago Cubs,4.0,13.0,666157.0,543294.0,Charlie Ramos,John Libka,"85 degrees, Overcast.","7 mph, R To L.",7:21 PM.,"20,733.",9,0.0,0.0,3,6
746363,2024-07-31,R,2024,Minute Maid Park,Houston Astros,Pittsburgh Pirates,5.0,4.0,664285.0,663765.0,Nestor Ceja,Manny Gonzalez,"73 degrees, Roof Closed.","0 mph, None.",7:12 PM.,"30,038.",9,0.0,0.0,3,4
745386,2024-07-31,R,2024,Petco Park,San Diego Padres,Los Angeles Dodgers,8.0,1.0,656302.0,477132.0,Ben May,CB Bucknor,"73 degrees, Clear.","8 mph, L To R.",5:40 PM.,"46,997.",9,0.0,0.0,7,1
746198,2024-07-31,R,2024,Angel Stadium,Los Angeles Angels,Colorado Rockies,1.0,2.0,669721.0,607536.0,Tony Randazzo,Jacob Metz,"80 degrees, Clear.","8 mph, R To L.",6:38 PM.,"23,658.",9,0.0,1.0,1,1
745306,2024-07-31,R,2024,Oracle Park,San Francisco Giants,Oakland Athletics,1.0,0.0,657277.0,548389.0,David Rackley,Larry Vanover,"62 degrees, Partly Cloudy.","11 mph, Varies.",6:45 PM.,"38,668.",9,0.0,0.0,1,0
746607,2024-08-01,R,2024,Progressive Field,Cleveland Guardians,Baltimore Orioles,10.0,3.0,594902.0,669432.0,John Bacon,Andy Fletcher,"84 degrees, Partly Cloudy.","4 mph, In From RF.",6:40 PM.,"26,194.",9,2.0,1.0,5,2
746442,2024-08-01,R,2024,Comerica Park,Detroit Tigers,Kansas City Royals,1.0,7.0,672456.0,607625.0,Jim Wolf,Alan Porter,"87 degrees, Partly Cloudy.","11 mph, In From CF.",6:40 PM.,"15,743.",9,0.0,3.0,1,3
747092,2024-08-01,R,2024,Truist Park,Atlanta Braves,Miami Marlins,4.0,2.0,450203.0,676974.0,Manny Gonzalez,Todd Tichenor,"89 degrees, Partly Cloudy.","7 mph, R To L.",7:20 PM.,"34,401.",9,3.0,0.0,4,1
746849,2024-08-01,R,2024,Wrigley Field,Chicago Cubs,St. Louis Cardinals,5.0,4.0,684007.0,543243.0,Jeremie Rehak,Bruce Dreckman,"84 degrees, Cloudy.","5 mph, In From RF.",7:05 PM.,"37,969.",9,0.0,1.0,1,1
746196,2024-08-01,R,2024,Angel Stadium,Los Angeles Angels,Colorado Rockies,4.0,5.0,608334.0,663372.0,Jacob Metz,Phil Cuzzi,"79 degrees, Clear.","6 mph, Out To RF.",6:38 PM.,"27,335.",10,0.0,0.0,2,2
746845,2024-08-02,R,2024,Wrigley Field,Chicago Cubs,St. Louis Cardinals,6.0,3.0,665871.0,607200.0,Bruce Dreckman,Mark Wegner,"77 degrees, Partly Cloudy.","10 mph, In From LF.",1:20 PM.,"37,613.",9,0.0,0.0,5,1
746443,2024-08-02,R,2024,Comerica Park,Detroit Tigers,Kansas City Royals,2.0,9.0,669373.0,666142.0,Alan Porter,Sean Barber,"80 degrees, Partly Cloudy.","8 mph, Varies.",6:40 PM.,"21,035.",9,2.0,0.0,2,3
745471,2024-08-02,R,2024,PNC Park,Pittsburgh Pirates,Arizona Diamondbacks,8.0,9.0,682847.0,694297.0,Ramon De Jesus,Junior Valentine,"86 degrees, Partly Cloudy.","7 mph, Out To CF.",6:42 PM.,"22,834.",9,0.0,5.0,3,5
744825,2024-08-02,R,2024,Nationals Park,Washington Nationals,Milwaukee Brewers,3.0,8.0,663623.0,593423.0,CB Bucknor,Adam Beck,"95 degrees, Cloudy.","5 mph, L To R.",6:45 PM.,"22,132.",9,0.0,0.0,3,3
745719,2024-08-02,R,2024,Yankee Stadium,New York Yankees,Toronto Blue Jays,5.0,8.0,573186.0,592332.0,Erich Bacchus,Laz Diaz,"76 degrees, Cloudy.","5 mph, In From CF.",8:31 PM.,"44,883.",9,2.0,3.0,5,7
746605,2024-08-02,R,2024,Progressive Field,Cleveland Guardians,Baltimore Orioles,8.0,4.0,471911.0,665152.0,Andy Fletcher,Jansen Visconti,"80 degrees, Partly Cloudy.","4 mph, In From CF.",7:10 PM.,"35,137.",9,0.0,0.0,4,1
746679,2024-08-02,R,2024,Great American Ball Park,Cincinnati Reds,San Francisco Giants,0.0,3.0,671096.0,605483.0,Malachi Moore,Chad Whitson,"76 degrees, Overcast.","6 mph, Out To LF.",8:10 PM.,"28,075.",9,0.0,0.0,0,2
747089,2024-08-02,R,2024,Truist Park,Atlanta Braves,Miami Marlins,5.0,3.0,680885.0,678368.0,Todd Tichenor,Austin Jones,"81 degrees, Partly Cloudy.","7 mph, Out To LF.",7:21 PM.,"37,726.",9,0.0,2.0,1,3
744986,2024-08-02,R,2024,Globe Life Field,Texas Rangers,Boston Red Sox,6.0,11.0,570632.0,676710.0,John Libka,D.J. Reyburn,"74 degrees, Roof Closed.","0 mph, None.",7:07 PM.,"35,669.",9,1.0,0.0,3,7
746354,2024-08-02,R,2024,Minute Maid Park,Houston Astros,Tampa Bay Rays,3.0,2.0,579328.0,669358.0,Doug Eddings,Ryan Additon,"73 degrees, Roof Closed.","0 mph, None.",7:10 PM.,"33,430.",9,0.0,2.0,2,2
745875,2024-08-02,R,2024,Target Field,Minnesota Twins,Chicago White Sox,10.0,2.0,657746.0,663436.0,James Jean,Alfonso Márquez,"87 degrees, Clear.","8 mph, Out To CF.",7:11 PM.,"30,801.",9,2.0,0.0,4,2
746193,2024-08-02,R,2024,Angel Stadium,Los Angeles Angels,New York Mets,1.0,5.0,542881.0,621112.0,Brennan Miller,Chris Conroy,"84 degrees, Partly Cloudy.","11 mph, Out To CF.",6:38 PM.,"37,012.",9,0.0,0.0,1,3
745631,2024-08-02,R,2024,Oakland Coliseum,Oakland Athletics,Los Angeles Dodgers,6.0,5.0,683155.0,694813.0,Phil Cuzzi,Alex Tosi,"72 degrees, Cloudy.","8 mph, Out To RF.",6:40 PM.,"21,060.",9,0.0,2.0,6,2
745387,2024-08-02,R,2024,Petco Park,San Diego Padres,Colorado Rockies,2.0,5.0,681190.0,596295.0,Larry Vanover,Nate Tomlinson,"78 degrees, Clear.","9 mph, L To R.",6:41 PM.,"44,393.",9,0.0,0.0,2,1
745224,2024-08-02,R,2024,T-Mobile Park,Seattle Mariners,Philadelphia Phillies,10.0,2.0,693433.0,663969.0,Brian Walsh,Ryan Wills,"77 degrees, Clear.","2 mph, Out To RF.",6:41 PM.,"40,739.",9,1.0,0.0,9,0
745714,2024-08-03,R,2024,Yankee Stadium,New York Yankees,Toronto Blue Jays,8.0,3.0,607074.0,621244.0,Laz Diaz,Tripp Gibson,"90 degrees, Partly Cloudy.","8 mph, Varies.",1:10 PM.,"40,218.",9,2.0,1.0,6,1
746846,2024-08-03,R,2024,Wrigley Field,Chicago Cubs,St. Louis Cardinals,4.0,5.0,592791.0,502043.0,Mark Wegner,Clint Vondrak,"85 degrees, Sunny.","6 mph, In From CF.",1:20 PM.,"40,073.",9,2.0,1.0,4,1
744823,2024-08-03,R,2024,Nationals Park,Washington Nationals,Milwaukee Brewers,6.0,4.0,687792.0,650644.0,Adam Beck,Dan Iassogna,"95 degrees, Partly Cloudy.","3 mph, R To L.",4:04 PM.,"30,577.",9,4.0,0.0,6,1
746440,2024-08-03,R,2024,Comerica Park,Detroit Tigers,Kansas City Royals,6.0,5.0,663947.0,547179.0,Sean Barber,Ryan Blakney,"90 degrees, Clear.","9 mph, Out To CF.",6:35 PM.,"35,210.",11,0.0,0.0,0,0
745474,2024-08-03,R,2024,PNC Park,Pittsburgh Pirates,Arizona Diamondbacks,4.0,2.0,656605.0,656756.0,Junior Valentine,Jonathan Parra,"77 degrees, Cloudy.","6 mph, Out To CF.",6:43 PM.,"35,515.",9,0.0,0.0,1,1
744987,2024-08-03,R,2024,Globe Life Field,Texas Rangers,Boston Red Sox,7.0,4.0,674003.0,656557.0,D.J. Reyburn,James Hoye,"74 degrees, Roof Closed.","0 mph, None.",6:07 PM.,"39,414.",9,0.0,1.0,4,3
745876,2024-08-03,R,2024,Target Field,Minnesota Twins,Chicago White Sox,6.0,2.0,641927.0,676979.0,Alfonso Márquez,Lance Barrett,"87 degrees, Partly Cloudy.","7 mph, R To L.",6:21 PM.,"38,289.",9,0.0,0.0,2,1
746608,2024-08-03,R,2024,Progressive Field,Cleveland Guardians,Baltimore Orioles,4.0,7.0,676282.0,621107.0,Jansen Visconti,Cory Blaser,"80 degrees, Partly Cloudy.","7 mph, In From CF.",7:15 PM.,"37,251.",9,0.0,0.0,2,3
746681,2024-08-03,R,2024,Great American Ball Park,Cincinnati Reds,San Francisco Giants,6.0,4.0,668881.0,690986.0,Chad Whitson,Bill Miller,"83 degrees, Partly Cloudy.","8 mph, Out To CF.",7:15 PM.,"32,602.",9,0.0,0.0,6,0
746358,2024-08-03,R,2024,Minute Maid Park,Houston Astros,Tampa Bay Rays,1.0,6.0,669854.0,641793.0,Ryan Additon,Emil Jimenez,"73 degrees, Roof Closed.","0 mph, None.",6:15 PM.,"37,328.",9,0.0,0.0,1,2
747087,2024-08-03,R,2024,Truist Park,Atlanta Braves,Miami Marlins,3.0,4.0,656550.0,667725.0,Austin Jones,Nestor Ceja,"88 degrees, Partly Cloudy.","7 mph, Out To LF.",7:20 PM.,"40,749.",9,1.0,0.0,3,3
745388,2024-08-03,R,2024,Petco Park,San Diego Padres,Colorado Rockies,3.0,2.0,527048.0,685299.0,Nate Tomlinson,Chris Segal,"78 degrees, Clear.","11 mph, L To R.",5:43 PM.,"44,029.",9,0.0,0.0,1,1
745636,2024-08-03,R,2024,Oakland Coliseum,Oakland Athletics,Los Angeles Dodgers,0.0,10.0,687765.0,656427.0,Alex Tosi,Dan Bellino,"72 degrees, Clear.","14 mph, Varies.",6:07 PM.,"35,207.",9,0.0,0.0,0,2
746194,2024-08-03,R,2024,Angel Stadium,Los Angeles Angels,New York Mets,5.0,4.0,667755.0,656849.0,Chris Conroy,Alex MacKay,"88 degrees, Clear.","8 mph, R To L.",6:38 PM.,"36,377.",9,1.0,0.0,2,0
745225,2024-08-03,R,2024,T-Mobile Park,Seattle Mariners,Philadelphia Phillies,6.0,5.0,682243.0,689147.0,Ryan Wills,Chad Fairchild,"72 degrees, Partly Cloudy.","3 mph, In From LF.",6:42 PM.,"36,629.",10,0.0,1.0,1,5
746680,2024-08-04,R,2024,Great American Ball Park,Cincinnati Reds,San Francisco Giants,2.0,8.0,686730.0,592662.0,Bill Miller,Scott Barry,"85 degrees, Partly Cloudy.","2 mph, Out To LF.",12:06 PM.,"27,692.",9,0.0,0.0,2,2
745468,2024-08-04,R,2024,PNC Park,Pittsburgh Pirates,Arizona Diamondbacks,5.0,6.0,694973.0,669194.0,Jonathan Parra,Adrian Johnson,"84 degrees, Partly Cloudy.","7 mph, Out To LF.",1:36 PM.,"32,624.",9,1.0,0.0,4,0
747088,2024-08-04,R,2024,Truist Park,Atlanta Braves,Miami Marlins,0.0,7.0,608331.0,665795.0,Nestor Ceja,Manny Gonzalez,"89 degrees, Partly Cloudy.","3 mph, In From LF.",1:35 PM.,"33,146.",9,0.0,0.0,0,6
745718,2024-08-04,R,2024,Yankee Stadium,New York Yankees,Toronto Blue Jays,4.0,3.0,543037.0,684320.0,Tripp Gibson,Mike Estabrook,"79 degrees, Cloudy.","10 mph, Out To CF.",1:39 PM.,"44,237.",10,0.0,0.0,0,2
744826,2024-08-04,R,2024,Nationals Park,Washington Nationals,Milwaukee Brewers,4.0,3.0,680730.0,668964.0,Dan Iassogna,Ben May,"83 degrees, Cloudy.","0 mph, Calm.",1:35 PM.,"18,748.",9,1.0,0.0,1,0
746606,2024-08-04,R,2024,Progressive Field,Cleveland Guardians,Baltimore Orioles,5.0,9.0,668909.0,669203.0,Cory Blaser,John Bacon,"83 degrees, Sunny.","2 mph, In From LF.",1:41 PM.,"33,628.",9,0.0,1.0,5,6
746439,2024-08-04,R,2024,Comerica Park,Detroit Tigers,Kansas City Royals,2.0,3.0,656412.0,608379.0,Ryan Blakney,Jim Wolf,"86 degrees, Sunny.","5 mph, In From RF.",1:40 PM.,"25,990.",9,0.0,0.0,2,0
746356,2024-08-04,R,2024,Minute Maid Park,Houston Astros,Tampa Bay Rays,0.0,1.0,681293.0,685801.0,Emil Jimenez,Gabe Morales,"73 degrees, Roof Closed.","0 mph, None.",1:11 PM.,"35,205.",9,0.0,0.0,0,1
745879,2024-08-04,R,2024,Target Field,Minnesota Twins,Chicago White Sox,13.0,7.0,680573.0,623167.0,Lance Barrett,Mark Ripperger,"78 degrees, Partly Cloudy.","8 mph, Out To RF.",1:11 PM.,"28,302.",9,2.0,0.0,8,3
744979,2024-08-04,R,2024,Globe Life Field,Texas Rangers,Boston Red Sox,2.0,7.0,543135.0,601713.0,James Hoye,Charlie Ramos,"74 degrees, Roof Closed.","0 mph, Calm.",1:37 PM.,"34,532.",9,1.0,0.0,2,3
746191,2024-08-04,R,2024,Angel Stadium,Los Angeles Angels,New York Mets,3.0,2.0,656288.0,500779.0,Alex MacKay,Shane Livensparger,"87 degrees, Sunny.","7 mph, Out To CF.",1:08 PM.,"37,811.",9,0.0,0.0,3,2
745627,2024-08-04,R,2024,Oakland Coliseum,Oakland Athletics,Los Angeles Dodgers,2.0,3.0,674370.0,689981.0,Dan Bellino,Tony Randazzo,"68 degrees, Sunny.","9 mph, Out To RF.",1:07 PM.,"25,544.",9,2.0,2.0,2,3
745384,2024-08-04,R,2024,Petco Park,San Diego Padres,Colorado Rockies,10.0,2.0,663362.0,615698.0,Chris Segal,David Rackley,"77 degrees, Sunny.","11 mph, L To R.",1:12 PM.,"41,828.",9,0.0,0.0,3,1
745222,2024-08-04,R,2024,T-Mobile Park,Seattle Mariners,Philadelphia Phillies,0.0,6.0,669302.0,554430.0,Chad Fairchild,Carlos Torres,"71 degrees, Sunny.","3 mph, Out To CF.",1:11 PM.,"39,588.",9,0.0,1.0,0,1
746844,2024-08-04,R,2024,Wrigley Field,Chicago Cubs,St. Louis Cardinals,6.0,2.0,657006.0,571945.0,Clint Vondrak,Jeremie Rehak,"87 degrees, Partly Cloudy.","4 mph, In From RF.",6:10 PM.,"34,593.",9,0.0,0.0,4,2
745184,2024-08-05,R,2024,Busch Stadium,St. Louis Cardinals,New York Mets,0.0,6.0,669467.0,640455.0,Manny Gonzalez,Todd Tichenor,"94 degrees, Partly Cloudy.","3 mph, R To L.",4:17 PM.,"34,881.",9,0.0,0.0,0,5
746600,2024-08-05,R,2024,Progressive Field,Cleveland Guardians,Arizona Diamondbacks,6.0,7.0,671106.0,668678.0,Charlie Ramos,John Tumpane,"81 degrees, Partly Cloudy.","6 mph, L To R.",6:40 PM.,"19,570.",10,2.0,2.0,3,2
746038,2024-08-05,R,2024,loanDepot park,Miami Marlins,Cincinnati Reds,3.0,10.0,682610.0,607259.0,Jim Wolf,Alan Porter,"72 degrees, Roof Closed.","0 mph, None.",6:41 PM.,"9,460.",9,0.0,2.0,0,7
744821,2024-08-05,R,2024,Nationals Park,Washington Nationals,San Francisco Giants,1.0,4.0,571578.0,657277.0,Mark Carlson,Dan Merzel,"90 degrees, Clear.","6 mph, Out To LF.",6:45 PM.,"14,674.",9,0.0,1.0,0,4
744982,2024-08-05,R,2024,Globe Life Field,Texas Rangers,Houston Astros,4.0,3.0,571760.0,686613.0,Will Little,Nic Lentz,"74 degrees, Roof Closed.","0 mph, None.",7:07 PM.,"31,605.",10,0.0,0.0,1,1
746847,2024-08-05,R,2024,Wrigley Field,Chicago Cubs,Minnesota Twins,0.0,3.0,543294.0,701581.0,Tony Randazzo,Phil Cuzzi,"76 degrees, Cloudy.","13 mph, In From CF.",7:05 PM.,"35,382.",9,0.0,0.0,0,2
746276,2024-08-05,R,2024,Kauffman Stadium,Kansas City Royals,Boston Red Sox,5.0,9.0,663903.0,572020.0,Scott Barry,Malachi Moore,"95 degrees, Clear.","11 mph, R To L.",7:10 PM.,"20,087.",9,0.0,0.0,2,2
745628,2024-08-05,R,2024,Oakland Coliseum,Oakland Athletics,Chicago White Sox,5.0,1.0,676664.0,681066.0,Edwin Moscoso,Vic Carapazza,"66 degrees, Partly Cloudy.","11 mph, Out To RF.",6:40 PM.,"4,971.",9,1.0,0.0,3,1
746116,2024-08-05,R,2024,Dodger Stadium,Los Angeles Dodgers,Philadelphia Phillies,5.0,3.0,607192.0,605400.0,Marvin Hudson,Hunter Wendelstedt,"82 degrees, Clear.","7 mph, Out To LF.",7:10 PM.,"48,178.",9,0.0,0.0,4,2
745467,2024-08-06,R,2024,PNC Park,Pittsburgh Pirates,San Diego Padres,0.0,6.0,663559.0,656302.0,John Bacon,Andy Fletcher,"77 degrees, Cloudy.","9 mph, In From LF.",6:44 PM.,"17,814.",9,0.0,0.0,0,4
746033,2024-08-06,R,2024,loanDepot park,Miami Marlins,Cincinnati Reds,2.0,8.0,676974.0,666157.0,Alan Porter,Sean Barber,"72 degrees, Roof Closed.","0 mph, None.",6:43 PM.,"7,948.",9,0.0,0.0,2,7
744817,2024-08-06,R,2024,Nationals Park,Washington Nationals,San Francisco Giants,11.0,5.0,669022.0,806185.0,Dan Merzel,Jordan Baker,"87 degrees, Cloudy.","10 mph, Out To LF.",6:45 PM.,"17,044.",9,0.0,4.0,8,5
744901,2024-08-06,R,2024,Rogers Centre,Toronto Blue Jays,Baltimore Orioles,5.0,2.0,605135.0,544150.0,David Rackley,Larry Vanover,"71 degrees, Roof Closed.","11 mph, Out To RF.",7:09 PM.,"35,051.",9,0.0,0.0,0,0
747086,2024-08-06,R,2024,Truist Park,Atlanta Braves,Milwaukee Brewers,0.0,10.0,693821.0,607067.0,Carlos Torres,Brian Walsh,"89 degrees, Partly Cloudy.","11 mph, R To L.",7:21 PM.,"38,701.",9,0.0,3.0,0,7
745141,2024-08-06,R,2024,Busch Stadium,St. Louis Cardinals,Tampa Bay Rays,4.0,3.0,543243.0,605488.0,Todd Tichenor,Cory Blaser,"81 degrees, Cloudy.","18 mph, Out To RF.",6:46 PM.,"32,922.",9,0.0,2.0,4,2
744983,2024-08-06,R,2024,Globe Life Field,Texas Rangers,Houston Astros,2.0,4.0,641816.0,664285.0,Nic Lentz,Lance Barksdale,"74 degrees, Roof Closed.","0 mph, Calm.",7:07 PM.,"34,458.",9,0.0,0.0,0,1
746840,2024-08-06,R,2024,Wrigley Field,Chicago Cubs,Minnesota Twins,7.0,3.0,684007.0,641154.0,Phil Cuzzi,Alex Tosi,"70 degrees, Overcast.","19 mph, In From CF.",7:05 PM.,"36,653.",9,3.0,0.0,4,2
746273,2024-08-06,R,2024,Kauffman Stadium,Kansas City Royals,Boston Red Sox,5.0,6.0,607625.0,678394.0,Malachi Moore,Edwin Jimenez,"77 degrees, Partly Cloudy.","12 mph, L To R.",7:10 PM.,"21,386.",9,1.0,0.0,3,3
746519,2024-08-06,R,2024,Coors Field,Colorado Rockies,New York Mets,6.0,3.0,607536.0,622663.0,Roberto Ortiz,James Jean,"87 degrees, Partly Cloudy.","7 mph, In From CF.",6:41 PM.,"30,392.",9,0.0,0.0,5,3
745221,2024-08-06,R,2024,T-Mobile Park,Seattle Mariners,Detroit Tigers,2.0,4.0,622491.0,672456.0,Brian O'Nora,Shane Livensparger,"68 degrees, Clear.","4 mph, Out To RF.",6:42 PM.,"27,119.",9,0.0,0.0,1,3
745629,2024-08-06,R,2024,Oakland Coliseum,Oakland Athletics,Chicago White Sox,1.0,5.0,548389.0,686563.0,Vic Carapazza,Tom Hanahan,"76 degrees, Clear.","9 mph, Out To RF.",6:40 PM.,"5,867.",9,0.0,0.0,1,2
746120,2024-08-06,R,2024,Dodger Stadium,Los Angeles Dodgers,Philadelphia Phillies,2.0,6.0,477132.0,650911.0,Hunter Wendelstedt,Brock Ballou,"80 degrees, Clear.","8 mph, Out To RF.",7:10 PM.,"47,150.",9,0.0,0.0,0,1
746602,2024-08-06,R,2024,Progressive Field,Cleveland Guardians,Arizona Diamondbacks,,,471911.0,593958.0,D.J. Reyburn,James Hoye,"75 degrees, Cloudy.","11 mph, In From RF.",4:30 PM.,"26,739.",9,0.0,0.0,2,4
745713,2024-08-06,R,2024,Yankee Stadium,New York Yankees,Los Angeles Angels,,,701542.0,608334.0,Junior Valentine,Quinn Wolcott,"67 degrees, Cloudy.","5 mph, Out To CF.",7:37 PM.,"40,744.",9,0.0,0.0,2,8
746604,2024-08-07,R,2024,Progressive Field,Cleveland Guardians,Arizona Diamondbacks,3.0,7.0,594902.0,694297.0,John Tumpane,Austin Jones,"76 degrees, Partly Cloudy.","4 mph, In From RF.",1:11 PM.,,9,0.0,0.0,2,4
746602,2024-08-07,R,2024,Progressive Field,Cleveland Guardians,Arizona Diamondbacks,3.0,5.0,471911.0,593958.0,D.J. Reyburn,James Hoye,"75 degrees, Cloudy.","11 mph, In From RF.",4:30 PM.,"26,739.",9,0.0,0.0,2,4
746842,2024-08-07,R,2024,Wrigley Field,Chicago Cubs,Minnesota Twins,8.0,2.0,665871.0,657746.0,Alex Tosi,Dan Bellino,"75 degrees, Sunny.","14 mph, In From RF.",1:20 PM.,"35,059.",9,1.0,1.0,6,2
744981,2024-08-07,R,2024,Globe Life Field,Texas Rangers,Houston Astros,4.0,6.0,570632.0,579328.0,Lance Barksdale,Derek Thomas,"74 degrees, Roof Closed.","0 mph, None.",1:38 PM.,"33,181.",9,0.0,1.0,0,2
745630,2024-08-07,R,2024,Oakland Coliseum,Oakland Athletics,Chicago White Sox,3.0,2.0,683155.0,663436.0,Tom Hanahan,Adam Hamari,"75 degrees, Sunny.","10 mph, Varies.",12:37 PM.,"6,964.",9,0.0,0.0,0,2
745709,2024-08-07,R,2024,Yankee Stadium,New York Yankees,Los Angeles Angels,5.0,2.0,661563.0,669721.0,Ramon De Jesus,David Arrieta,"65 degrees, Rain.","12 mph, In From LF.",4:09 PM.,,9,2.0,0.0,5,0
745713,2024-08-07,R,2024,Yankee Stadium,New York Yankees,Los Angeles Angels,2.0,8.0,701542.0,608334.0,Junior Valentine,Quinn Wolcott,"67 degrees, Cloudy.","5 mph, Out To CF.",7:37 PM.,"40,744.",9,0.0,0.0,2,8
745469,2024-08-07,R,2024,PNC Park,Pittsburgh Pirates,San Diego Padres,8.0,9.0,594835.0,650633.0,Andy Fletcher,Jansen Visconti,"78 degrees, Overcast.","10 mph, In From CF.",6:42 PM.,"21,528.",10,2.0,0.0,4,5
746031,2024-08-07,R,2024,loanDepot park,Miami Marlins,Cincinnati Reds,6.0,4.0,678368.0,671096.0,Sean Barber,Ryan Blakney,"72 degrees, Roof Closed.","0 mph, None.",6:40 PM.,"8,657.",9,5.0,0.0,6,0
744822,2024-08-07,R,2024,Nationals Park,Washington Nationals,San Francisco Giants,4.0,7.0,663623.0,605483.0,Jordan Baker,Stu Scheurwater,"84 degrees, Overcast.","8 mph, In From RF.",6:45 PM.,"13,310.",9,0.0,0.0,3,5
744903,2024-08-07,R,2024,Rogers Centre,Toronto Blue Jays,Baltimore Orioles,3.0,7.0,670102.0,669432.0,Larry Vanover,Nate Tomlinson,"74 degrees, Clear.","11 mph, R To L.",7:08 PM.,"37,547.",9,1.0,2.0,3,2
747085,2024-08-07,R,2024,Truist Park,Atlanta Braves,Milwaukee Brewers,5.0,8.0,519242.0,642547.0,Brian Walsh,Ryan Wills,"92 degrees, Clear.","8 mph, Out To LF.",7:23 PM.,"33,281.",9,2.0,0.0,4,3
745142,2024-08-07,R,2024,Busch Stadium,St. Louis Cardinals,Tampa Bay Rays,5.0,2.0,607200.0,671737.0,Cory Blaser,Nestor Ceja,"75 degrees, Overcast.","8 mph, L To R.",6:45 PM.,"31,401.",9,1.0,0.0,5,1
746272,2024-08-07,R,2024,Kauffman Stadium,Kansas City Royals,Boston Red Sox,8.0,4.0,666142.0,676710.0,Edwin Jimenez,Bill Miller,"83 degrees, Clear.","8 mph, R To L.",7:10 PM.,"16,550.",9,1.0,0.0,7,4
746521,2024-08-07,R,2024,Coors Field,Colorado Rockies,New York Mets,3.0,5.0,663372.0,621112.0,James Jean,Alfonso Márquez,"73 degrees, Partly Cloudy.","6 mph, R To L.",6:41 PM.,"30,673.",9,1.0,1.0,2,2
745223,2024-08-07,R,2024,T-Mobile Park,Seattle Mariners,Detroit Tigers,2.0,6.0,669923.0,669373.0,Shane Livensparger,Chris Conroy,"73 degrees, Clear.","2 mph, In From LF.",6:42 PM.,"26,033.",9,0.0,1.0,2,3
746115,2024-08-07,R,2024,Dodger Stadium,Los Angeles Dodgers,Philadelphia Phillies,4.0,9.0,694813.0,663969.0,Brock Ballou,Nick Mahrley,"76 degrees, Clear.","8 mph, Out To RF.",7:10 PM.,"45,003.",9,2.0,1.0,4,3
744819,2024-08-08,R,2024,Nationals Park,Washington Nationals,San Francisco Giants,5.0,9.0,687792.0,690986.0,Stu Scheurwater,Mark Carlson,"77 degrees, Drizzle.","10 mph, R To L.",12:05 PM.,"12,423.",10,1.0,1.0,2,2
747081,2024-08-08,R,2024,Truist Park,Atlanta Braves,Milwaukee Brewers,7.0,16.0,450203.0,593423.0,Ryan Wills,Chad Fairchild,"88 degrees, Sunny.","10 mph, R To L.",12:22 PM.,"29,935.",9,0.0,3.0,3,13
745466,2024-08-08,R,2024,PNC Park,Pittsburgh Pirates,San Diego Padres,6.0,7.0,682847.0,681190.0,Jansen Visconti,Mike Muchlinski,"82 degrees, Cloudy.","10 mph, In From CF.",12:36 PM.,"19,952.",9,0.0,2.0,0,4
746522,2024-08-08,R,2024,Coors Field,Colorado Rockies,New York Mets,1.0,9.0,596295.0,656849.0,Alfonso Márquez,Lance Barrett,"67 degrees, Cloudy.","5 mph, In From CF.",1:10 PM.,"26,379.",9,0.0,4.0,1,7
746030,2024-08-08,R,2024,loanDepot park,Miami Marlins,Cincinnati Reds,4.0,10.0,667725.0,668881.0,Bill Miller,Scott Barry,"72 degrees, Roof Closed.","0 mph, None.",6:10 PM.,"8,728.",10,0.0,2.0,3,3
745710,2024-08-08,R,2024,Yankee Stadium,New York Yankees,Los Angeles Angels,4.0,9.0,641482.0,542881.0,Quinn Wolcott,Jonathan Parra,"69 degrees, Rain.","11 mph, In From CF.",7:08 PM.,"40,681.",9,0.0,1.0,1,8
744899,2024-08-08,R,2024,Rogers Centre,Toronto Blue Jays,Baltimore Orioles,7.0,6.0,592332.0,665152.0,Nate Tomlinson,Chris Segal,"68 degrees, Roof Closed.","0 mph, None.",7:08 PM.,"27,910.",9,3.0,0.0,5,2
745143,2024-08-08,R,2024,Busch Stadium,St. Louis Cardinals,Tampa Bay Rays,4.0,6.0,502043.0,669358.0,Nestor Ceja,Manny Gonzalez,"81 degrees, Cloudy.","9 mph, L To R.",6:15 PM.,"35,217.",9,3.0,2.0,4,2
745226,2024-08-08,R,2024,T-Mobile Park,Seattle Mariners,Detroit Tigers,4.0,3.0,693433.0,669724.0,Chris Conroy,Alex MacKay,"80 degrees, Partly Cloudy.","2 mph, In From LF.",6:41 PM.,"27,927.",9,0.0,0.0,0,3
747169,2024-08-08,R,2024,Chase Field,Arizona Diamondbacks,Philadelphia Phillies,4.0,6.0,656756.0,663465.0,Derek Thomas,Will Little,"78 degrees, Roof Closed.","0 mph, None.",6:40 PM.,"25,239.",9,0.0,0.0,1,0
745927,2024-08-09,R,2024,Target Field,Minnesota Twins,Cleveland Guardians,4.0,2.0,641927.0,676282.0,Ryan Blakney,Edwin Jimenez,"67 degrees, Partly Cloudy.","13 mph, Out To RF.",1:11 PM.,"23,217.",9,1.0,0.0,3,0
745871,2024-08-09,R,2024,Target Field,Minnesota Twins,Cleveland Guardians,6.0,3.0,686973.0,502171.0,Jim Wolf,Alan Porter,"65 degrees, Partly Cloudy.","10 mph, Out To CF.",7:10 PM.,"28,605.",9,1.0,0.0,5,3
744818,2024-08-09,R,2024,Nationals Park,Washington Nationals,Los Angeles Angels,3.0,2.0,680730.0,667755.0,Nick Mahrley,Marvin Hudson,"82 degrees, Cloudy.","5 mph, Out To CF.",6:45 PM.,"22,333.",10,1.0,0.0,1,2
745062,2024-08-09,R,2024,Tropicana Field,Tampa Bay Rays,Baltimore Orioles,1.0,4.0,641793.0,621107.0,Chad Fairchild,Carlos Torres,"72 degrees, Dome.","0 mph, None.",6:51 PM.,"20,673.",9,0.0,1.0,0,3
744900,2024-08-09,R,2024,Rogers Centre,Toronto Blue Jays,Oakland Athletics,3.0,1.0,621244.0,687765.0,Mike Muchlinski,John Bacon,"79 degrees, Clear.","10 mph, Out To RF.",7:07 PM.,"39,894.",9,1.0,0.0,1,1
746927,2024-08-09,R,2024,Fenway Park,Boston Red Sox,Houston Astros,4.0,8.0,656557.0,669854.0,Mark Carlson,Dan Merzel,"82 degrees, Cloudy.","12 mph, Out To RF.",7:12 PM.,"32,898.",9,0.0,1.0,3,1
746032,2024-08-09,R,2024,loanDepot park,Miami Marlins,San Diego Padres,2.0,6.0,665795.0,527048.0,Scott Barry,Malachi Moore,"72 degrees, Roof Closed.","0 mph, None.",7:10 PM.,"12,721.",10,0.0,0.0,2,0
746275,2024-08-09,R,2024,Kauffman Stadium,Kansas City Royals,St. Louis Cardinals,5.0,8.0,547179.0,571945.0,Lance Barrett,Roberto Ortiz,"73 degrees, Partly Cloudy.","7 mph, L To R.",7:10 PM.,"34,066.",9,0.0,2.0,5,3
746760,2024-08-09,R,2024,Guaranteed Rate Field,Chicago White Sox,Chicago Cubs,6.0,7.0,676979.0,592791.0,Chris Segal,David Rackley,"69 degrees, Overcast.","13 mph, L To R.",7:10 PM.,"38,127.",9,0.0,3.0,5,7
745957,2024-08-09,R,2024,American Family Field,Milwaukee Brewers,Cincinnati Reds,8.0,3.0,650644.0,686730.0,Dan Bellino,Tony Randazzo,"65 degrees, Cloudy.","11 mph, In From RF.",7:11 PM.,"37,742.",9,3.0,0.0,8,0
746523,2024-08-09,R,2024,Coors Field,Colorado Rockies,Atlanta Braves,6.0,5.0,685299.0,656550.0,Jonathan Parra,Ramon De Jesus,"69 degrees, Overcast.","3 mph, Out To CF.",6:40 PM.,"33,028.",9,0.0,1.0,5,2
747168,2024-08-09,R,2024,Chase Field,Arizona Diamondbacks,Philadelphia Phillies,3.0,2.0,669194.0,554430.0,Will Little,Nic Lentz,"78 degrees, Roof Closed.","0 mph, None.",6:40 PM.,"37,952.",9,1.0,0.0,2,0
746113,2024-08-09,R,2024,Dodger Stadium,Los Angeles Dodgers,Pittsburgh Pirates,9.0,5.0,656427.0,656605.0,Alex MacKay,Brian O'Nora,"72 degrees, Clear.","10 mph, L To R.",7:10 PM.,"48,664.",9,1.0,0.0,9,4
745220,2024-08-09,R,2024,T-Mobile Park,Seattle Mariners,New York Mets,6.0,0.0,682243.0,500779.0,Manny Gonzalez,Todd Tichenor,"73 degrees, Clear.","4 mph, Out To CF.",7:12 PM.,"34,889.",9,0.0,0.0,2,0
745308,2024-08-09,R,2024,Oracle Park,San Francisco Giants,Detroit Tigers,3.0,2.0,592662.0,689225.0,Rob Drake,James Hoye,"61 degrees, Cloudy.","10 mph, Varies.",7:15 PM.,"33,037.",9,0.0,0.0,0,2
745708,2024-08-09,R,2024,Yankee Stadium,New York Yankees,Texas Rangers,,,543037.0,674003.0,Edwin Moscoso,Vic Carapazza,"85 degrees, Sunny.","11 mph, L To R.",4:42 PM.,"41,996.",9,0.0,0.0,1,1
745712,2024-08-10,R,2024,Yankee Stadium,New York Yankees,Texas Rangers,8.0,0.0,607074.0,543135.0,Adam Hamari,David Arrieta,"84 degrees, Sunny.","8 mph, R To L.",1:09 PM.,,9,1.0,0.0,7,0
745708,2024-08-10,R,2024,Yankee Stadium,New York Yankees,Texas Rangers,4.0,9.0,543037.0,674003.0,Edwin Moscoso,Vic Carapazza,"85 degrees, Sunny.","11 mph, L To R.",4:42 PM.,"41,996.",9,0.0,0.0,1,1
744897,2024-08-10,R,2024,Rogers Centre,Toronto Blue Jays,Oakland Athletics,0.0,1.0,684320.0,674370.0,John Bacon,Andy Fletcher,"73 degrees, Partly Cloudy.","20 mph, L To R.",3:07 PM.,"34,312.",9,0.0,0.0,0,0
745304,2024-08-10,R,2024,Oracle Park,San Francisco Giants,Detroit Tigers,3.0,1.0,657277.0,656412.0,James Hoye,Charlie Ramos,"66 degrees, Partly Cloudy.","12 mph, Out To CF.",1:06 PM.,"40,030.",9,0.0,0.0,3,1
746922,2024-08-10,R,2024,Fenway Park,Boston Red Sox,Houston Astros,4.0,5.0,670174.0,681293.0,Dan Merzel,Jordan Baker,"87 degrees, Partly Cloudy.","6 mph, In From LF.",4:10 PM.,"35,443.",9,0.0,1.0,1,1
746026,2024-08-10,R,2024,loanDepot park,Miami Marlins,San Diego Padres,8.0,9.0,682610.0,663362.0,Malachi Moore,Chad Whitson,"72 degrees, Roof Closed.","0 mph, None.",4:11 PM.,"20,223.",10,0.0,1.0,7,3
744820,2024-08-10,R,2024,Nationals Park,Washington Nationals,Los Angeles Angels,5.0,4.0,571578.0,656288.0,Marvin Hudson,Hunter Wendelstedt,"88 degrees, Cloudy.","3 mph, R To L.",6:45 PM.,"22,183.",10,0.0,0.0,2,4
746269,2024-08-10,R,2024,Kauffman Stadium,Kansas City Royals,St. Louis Cardinals,8.0,3.0,608379.0,669467.0,Roberto Ortiz,James Jean,"77 degrees, Clear.","3 mph, R To L.",6:11 PM.,"36,799.",9,0.0,0.0,1,2
745873,2024-08-10,R,2024,Target Field,Minnesota Twins,Cleveland Guardians,1.0,2.0,680573.0,668909.0,Alan Porter,Sean Barber,"72 degrees, Partly Cloudy.","9 mph, Out To RF.",6:50 PM.,"30,314.",9,0.0,1.0,0,1
745955,2024-08-10,R,2024,American Family Field,Milwaukee Brewers,Cincinnati Reds,1.0,0.0,668964.0,607259.0,Tony Randazzo,Phil Cuzzi,"73 degrees, Partly Cloudy.","14 mph, Out To LF.",6:11 PM.,"38,639.",9,0.0,0.0,0,0
745056,2024-08-10,R,2024,Tropicana Field,Tampa Bay Rays,Baltimore Orioles,5.0,7.0,656876.0,669203.0,Carlos Torres,Brian Walsh,"72 degrees, Dome.","0 mph, None.",7:16 PM.,"23,898.",9,0.0,3.0,3,4
746761,2024-08-10,R,2024,Guaranteed Rate Field,Chicago White Sox,Chicago Cubs,1.0,3.0,623167.0,657006.0,David Rackley,Larry Vanover,"76 degrees, Partly Cloudy.","15 mph, Out To LF.",6:15 PM.,"38,341.",9,0.0,0.0,1,1
747164,2024-08-10,R,2024,Chase Field,Arizona Diamondbacks,Philadelphia Phillies,11.0,1.0,668678.0,605400.0,Nic Lentz,Lance Barksdale,"79 degrees, Roof Closed.","0 mph, None.",5:11 PM.,"46,183.",9,1.0,0.0,4,1
746520,2024-08-10,R,2024,Coors Field,Colorado Rockies,Atlanta Braves,8.0,11.0,641712.0,608331.0,Ramon De Jesus,Junior Valentine,"71 degrees, Cloudy.","7 mph, L To R.",6:10 PM.,"46,169.",9,0.0,0.0,5,6
746112,2024-08-10,R,2024,Dodger Stadium,Los Angeles Dodgers,Pittsburgh Pirates,4.0,1.0,689981.0,694973.0,Brian O'Nora,Shane Livensparger,"81 degrees, Clear.","9 mph, Out To RF.",6:11 PM.,"50,697.",9,1.0,0.0,4,0
745219,2024-08-10,R,2024,T-Mobile Park,Seattle Mariners,New York Mets,4.0,0.0,669302.0,640455.0,Todd Tichenor,Cory Blaser,"75 degrees, Clear.","4 mph, Out To CF.",6:40 PM.,"31,407.",9,3.0,0.0,3,0
744816,2024-08-11,R,2024,Nationals Park,Washington Nationals,Los Angeles Angels,4.0,6.0,669022.0,686799.0,Hunter Wendelstedt,John Tumpane,"77 degrees, Cloudy.","5 mph, In From LF.",11:35 AM.,"25,456.",9,0.0,0.0,0,5
746923,2024-08-11,R,2024,Fenway Park,Boston Red Sox,Houston Astros,2.0,10.0,572020.0,686613.0,Jordan Baker,Stu Scheurwater,"81 degrees, Partly Cloudy.","4 mph, R To L.",1:37 PM.,"31,762.",9,0.0,0.0,0,6
745711,2024-08-11,R,2024,Yankee Stadium,New York Yankees,Texas Rangers,8.0,7.0,573186.0,571760.0,Vic Carapazza,Tom Hanahan,"77 degrees, Partly Cloudy.","7 mph, Varies.",1:38 PM.,"45,318.",9,1.0,0.0,5,0
744895,2024-08-11,R,2024,Rogers Centre,Toronto Blue Jays,Oakland Athletics,4.0,8.0,605135.0,676664.0,Andy Fletcher,Jansen Visconti,"68 degrees, Roof Closed.","0 mph, None.",1:40 PM.,"38,797.",9,0.0,6.0,1,7
745057,2024-08-11,R,2024,Tropicana Field,Tampa Bay Rays,Baltimore Orioles,2.0,1.0,605488.0,544150.0,Brian Walsh,Ryan Wills,"72 degrees, Dome.","0 mph, None.",1:41 PM.,"16,848.",9,0.0,0.0,0,1
746025,2024-08-11,R,2024,loanDepot park,Miami Marlins,San Diego Padres,7.0,6.0,676974.0,656302.0,Chad Whitson,Bill Miller,"72 degrees, Roof Closed.","0 mph, None.",1:40 PM.,"15,699.",9,2.0,0.0,5,1
745872,2024-08-11,R,2024,Target Field,Minnesota Twins,Cleveland Guardians,3.0,5.0,701581.0,676440.0,Sean Barber,Ryan Blakney,"70 degrees, Sunny.","2 mph, Out To RF.",1:10 PM.,"30,084.",9,0.0,0.0,1,1
745956,2024-08-11,R,2024,American Family Field,Milwaukee Brewers,Cincinnati Reds,3.0,4.0,669084.0,666157.0,Phil Cuzzi,Alex Tosi,"76 degrees, Partly Cloudy.","13 mph, Varies.",1:10 PM.,"40,049.",9,0.0,0.0,2,3
746517,2024-08-11,R,2024,Coors Field,Colorado Rockies,Atlanta Braves,9.0,8.0,607536.0,680885.0,Junior Valentine,Quinn Wolcott,"77 degrees, Cloudy.","2 mph, In From LF.",1:09 PM.,"40,365.",9,0.0,1.0,2,3
745303,2024-08-11,R,2024,Oracle Park,San Francisco Giants,Detroit Tigers,4.0,5.0,806185.0,672456.0,Charlie Ramos,D.J. Reyburn,"62 degrees, Partly Cloudy.","14 mph, Out To CF.",1:06 PM.,"40,447.",9,2.0,1.0,2,5
746114,2024-08-11,R,2024,Dodger Stadium,Los Angeles Dodgers,Pittsburgh Pirates,6.0,5.0,607192.0,663559.0,Shane Livensparger,Chris Conroy,"88 degrees, Sunny.","6 mph, Out To CF.",1:09 PM.,"50,389.",10,2.0,0.0,4,2
747166,2024-08-11,R,2024,Chase Field,Arizona Diamondbacks,Philadelphia Phillies,12.0,5.0,518876.0,650911.0,Lance Barksdale,Derek Thomas,"78 degrees, Roof Closed.","0 mph, None.",1:10 PM.,"29,071.",9,1.0,2.0,8,2
745216,2024-08-11,R,2024,T-Mobile Park,Seattle Mariners,New York Mets,12.0,1.0,622491.0,622663.0,Cory Blaser,Nestor Ceja,"69 degrees, Partly Cloudy.","0 mph, Calm.",4:11 PM.,"35,460.",9,0.0,0.0,4,0
746603,2024-08-12,R,2024,Progressive Field,Cleveland Guardians,Chicago Cubs,9.0,8.0,594902.0,684007.0,Mark Ripperger,Alfonso Márquez,"74 degrees, Clear.","5 mph, In From CF.",6:41 PM.,"25,619.",9,0.0,0.0,7,3
746682,2024-08-12,R,2024,Great American Ball Park,Cincinnati Reds,St. Louis Cardinals,6.0,1.0,671096.0,543243.0,Stu Scheurwater,Mark Carlson,"79 degrees, Partly Cloudy.","4 mph, Out To CF.",6:40 PM.,"21,682.",9,0.0,0.0,6,1
745058,2024-08-12,R,2024,Tropicana Field,Tampa Bay Rays,Houston Astros,1.0,6.0,671737.0,664285.0,Ryan Blakney,Jim Wolf,"72 degrees, Dome.","0 mph, None.",6:50 PM.,"10,540.",9,0.0,1.0,1,6
746921,2024-08-12,R,2024,Fenway Park,Boston Red Sox,Texas Rangers,5.0,4.0,678394.0,641816.0,Mike Estabrook,Erich Bacchus,"71 degrees, Cloudy.","3 mph, R To L.",7:12 PM.,"35,715.",10,0.0,0.0,3,1
745874,2024-08-12,R,2024,Target Field,Minnesota Twins,Kansas City Royals,8.0,3.0,641154.0,663903.0,Ryan Wills,Ben May,"81 degrees, Clear.","5 mph, In From CF.",6:42 PM.,"22,173.",9,0.0,1.0,6,2
746762,2024-08-12,R,2024,Guaranteed Rate Field,Chicago White Sox,New York Yankees,12.0,2.0,681066.0,661563.0,Doug Eddings,Gabe Morales,"77 degrees, Cloudy.","8 mph, In From CF.",7:10 PM.,"22,815.",9,2.0,1.0,5,2
745953,2024-08-12,R,2024,American Family Field,Milwaukee Brewers,Los Angeles Dodgers,2.0,5.0,642547.0,477132.0,Nate Tomlinson,Chris Segal,"78 degrees, Clear.","5 mph, L To R.",7:10 PM.,"33,618.",9,0.0,0.0,0,4
746192,2024-08-12,R,2024,Angel Stadium,Los Angeles Angels,Toronto Blue Jays,2.0,4.0,669721.0,670102.0,Nestor Ceja,Manny Gonzalez,"82 degrees, Clear.","8 mph, Out To CF.",6:38 PM.,"29,676.",9,0.0,0.0,1,4
747165,2024-08-12,R,2024,Chase Field,Arizona Diamondbacks,Colorado Rockies,5.0,4.0,694297.0,687134.0,Jeremie Rehak,Bruce Dreckman,"78 degrees, Roof Closed.","0 mph, None.",6:40 PM.,"15,525.",9,0.0,0.0,1,3
745383,2024-08-12,R,2024,Petco Park,San Diego Padres,Pittsburgh Pirates,2.0,1.0,605397.0,663765.0,John Libka,Rob Drake,"77 degrees, Clear.","8 mph, L To R.",6:41 PM.,"45,393.",9,0.0,0.0,0,0
745300,2024-08-12,R,2024,Oracle Park,San Francisco Giants,Atlanta Braves,0.0,1.0,605483.0,519242.0,CB Bucknor,Jeremy Riggs,"62 degrees, Partly Cloudy.","14 mph, Varies.",6:46 PM.,"30,184.",10,0.0,0.0,0,0
747004,2024-08-13,R,2024,Oriole Park at Camden Yards,Baltimore Orioles,Washington Nationals,3.0,9.0,669432.0,663623.0,Alex Tosi,David Arrieta,"85 degrees, Clear.","8 mph, In From RF.",6:36 PM.,"28,058.",9,0.0,2.0,2,4
746601,2024-08-13,R,2024,Progressive Field,Cleveland Guardians,Chicago Cubs,2.0,1.0,571510.0,665871.0,Alfonso Márquez,Austin Jones,"77 degrees, Clear.","8 mph, R To L.",6:41 PM.,"29,090.",9,0.0,0.0,1,1
746435,2024-08-13,R,2024,Comerica Park,Detroit Tigers,Seattle Mariners,15.0,1.0,669373.0,669923.0,Tom Hanahan,Adam Hamari,"81 degrees, Clear.","7 mph, In From LF.",6:40 PM.,"20,170.",9,1.0,0.0,11,1
746673,2024-08-13,R,2024,Great American Ball Park,Cincinnati Reds,St. Louis Cardinals,4.0,1.0,668881.0,607200.0,Mark Carlson,Emil Jimenez,"82 degrees, Partly Cloudy.","5 mph, L To R.",6:40 PM.,"19,107.",9,1.0,0.0,2,0
745548,2024-08-13,R,2024,Citizens Bank Park,Philadelphia Phillies,Miami Marlins,0.0,5.0,592836.0,678368.0,Brennan Miller,Edwin Jimenez,"82 degrees, Partly Cloudy.","11 mph, In From LF.",6:40 PM.,"42,846.",9,0.0,2.0,0,3
745055,2024-08-13,R,2024,Tropicana Field,Tampa Bay Rays,Houston Astros,2.0,3.0,669358.0,579328.0,Jim Wolf,Alan Porter,"72 degrees, Dome.","0 mph, None.",6:51 PM.,"12,275.",9,0.0,0.0,1,2
745788,2024-08-13,R,2024,Citi Field,New York Mets,Oakland Athletics,4.0,9.0,621112.0,671212.0,Derek Thomas,Will Little,"79 degrees, Clear.","3 mph, In From LF.",7:11 PM.,"31,923.",9,0.0,3.0,4,7
746924,2024-08-13,R,2024,Fenway Park,Boston Red Sox,Texas Rangers,9.0,4.0,676710.0,570632.0,Erich Bacchus,Laz Diaz,"81 degrees, Partly Cloudy.","4 mph, In From LF.",7:12 PM.,"34,522.",9,1.0,0.0,6,0
745867,2024-08-13,R,2024,Target Field,Minnesota Twins,Kansas City Royals,13.0,3.0,805673.0,607625.0,Ben May,Carlos Torres,"81 degrees, Partly Cloudy.","8 mph, Out To LF.",6:41 PM.,"25,885.",9,3.0,0.0,8,2
746757,2024-08-13,R,2024,Guaranteed Rate Field,Chicago White Sox,New York Yankees,1.0,4.0,686563.0,641482.0,Gabe Morales,Ryan Additon,"80 degrees, Clear.","7 mph, In From LF.",7:10 PM.,"21,199.",9,0.0,0.0,0,3
745954,2024-08-13,R,2024,American Family Field,Milwaukee Brewers,Los Angeles Dodgers,2.0,7.0,607067.0,694813.0,Chris Segal,David Rackley,"80 degrees, Clear.","3 mph, L To R.",7:10 PM.,"29,174.",9,0.0,0.0,1,7
746187,2024-08-13,R,2024,Angel Stadium,Los Angeles Angels,Toronto Blue Jays,1.0,6.0,608334.0,592332.0,Manny Gonzalez,Todd Tichenor,"81 degrees, Clear.","9 mph, R To L.",6:39 PM.,"30,982.",9,0.0,3.0,0,5
747160,2024-08-13,R,2024,Chase Field,Arizona Diamondbacks,Colorado Rockies,4.0,3.0,593958.0,596295.0,Bruce Dreckman,Mark Wegner,"78 degrees, Roof Closed.","0 mph, None.",6:40 PM.,"19,731.",9,0.0,0.0,2,3
745382,2024-08-13,R,2024,Petco Park,San Diego Padres,Pittsburgh Pirates,3.0,0.0,650633.0,682847.0,Rob Drake,James Hoye,"77 degrees, Clear.","7 mph, L To R.",6:42 PM.,"42,949.",9,1.0,0.0,2,0
745302,2024-08-13,R,2024,Oracle Park,San Francisco Giants,Atlanta Braves,3.0,4.0,690986.0,450203.0,Jeremy Riggs,Adam Beck,"65 degrees, Clear.","14 mph, Out To CF.",6:45 PM.,"30,468.",10,0.0,0.0,2,3
745869,2024-08-14,R,2024,Target Field,Minnesota Twins,Kansas City Royals,1.0,4.0,686973.0,666142.0,Carlos Torres,Brian Walsh,"77 degrees, Partly Cloudy.","10 mph, R To L.",12:10 PM.,"27,560.",9,0.0,0.0,1,2
747163,2024-08-14,R,2024,Chase Field,Arizona Diamondbacks,Colorado Rockies,11.0,4.0,656756.0,685299.0,Mark Wegner,Clint Vondrak,"76 degrees, Roof Closed.","0 mph, None.",12:40 PM.,"16,464.",9,4.0,0.0,6,1
745381,2024-08-14,R,2024,Petco Park,San Diego Padres,Pittsburgh Pirates,8.0,2.0,527048.0,656605.0,James Hoye,Charlie Ramos,"76 degrees, Sunny.","9 mph, Out To RF.",1:13 PM.,"39,770.",9,3.0,0.0,8,0
746919,2024-08-14,R,2024,Fenway Park,Boston Red Sox,Texas Rangers,7.0,9.0,656557.0,641540.0,Laz Diaz,Tripp Gibson,"77 degrees, Cloudy.","4 mph, Out To LF.",6:11 PM.,"35,366.",10,0.0,0.0,2,1
747000,2024-08-14,R,2024,Oriole Park at Camden Yards,Baltimore Orioles,Washington Nationals,4.0,1.0,665152.0,687792.0,Dan Bellino,Tony Randazzo,"83 degrees, Partly Cloudy.","4 mph, In From LF.",6:37 PM.,"26,479.",9,2.0,0.0,2,1
746598,2024-08-14,R,2024,Progressive Field,Cleveland Guardians,Chicago Cubs,6.0,1.0,502171.0,592791.0,Austin Jones,Roberto Ortiz,"78 degrees, Clear.","12 mph, R To L.",6:40 PM.,"30,243.",9,0.0,0.0,4,1
746436,2024-08-14,R,2024,Comerica Park,Detroit Tigers,Seattle Mariners,3.0,2.0,689225.0,693433.0,Adam Hamari,Edwin Moscoso,"82 degrees, Clear.","6 mph, L To R.",6:40 PM.,"18,714.",10,0.0,0.0,0,1
746677,2024-08-14,R,2024,Great American Ball Park,Cincinnati Reds,St. Louis Cardinals,9.0,2.0,641941.0,502043.0,Emil Jimenez,Jordan Baker,"85 degrees, Partly Cloudy.","5 mph, L To R.",6:41 PM.,"15,967.",9,0.0,0.0,7,0
745544,2024-08-14,R,2024,Citizens Bank Park,Philadelphia Phillies,Miami Marlins,9.0,5.0,663969.0,665795.0,Chris Conroy,Alex MacKay,"84 degrees, Partly Cloudy.","8 mph, In From CF.",6:41 PM.,"42,577.",9,0.0,3.0,6,5
745053,2024-08-14,R,2024,Tropicana Field,Tampa Bay Rays,Houston Astros,1.0,2.0,641793.0,669854.0,Alan Porter,Sean Barber,"72 degrees, Dome.","0 mph, None.",6:50 PM.,"12,493.",10,0.0,0.0,0,1
745790,2024-08-14,R,2024,Citi Field,New York Mets,Oakland Athletics,9.0,1.0,656849.0,683155.0,Will Little,Scott Barry,"82 degrees, Clear.","4 mph, In From LF.",7:11 PM.,"28,288.",9,0.0,0.0,3,0
746759,2024-08-14,R,2024,Guaranteed Rate Field,Chicago White Sox,New York Yankees,2.0,10.0,663436.0,701542.0,Ryan Additon,Paul Clemons,"79 degrees, Partly Cloudy.","8 mph, In From LF.",7:10 PM.,"22,675.",9,0.0,1.0,2,1
745951,2024-08-14,R,2024,American Family Field,Milwaukee Brewers,Los Angeles Dodgers,5.0,4.0,593423.0,621111.0,David Rackley,John Bacon,"74 degrees, Partly Cloudy.","8 mph, L To R.",7:11 PM.,"31,084.",9,0.0,3.0,4,3
746188,2024-08-14,R,2024,Angel Stadium,Los Angeles Angels,Toronto Blue Jays,2.0,9.0,542881.0,621244.0,Todd Tichenor,Cory Blaser,"82 degrees, Clear.","8 mph, Out To CF.",6:38 PM.,"28,356.",9,0.0,0.0,1,6
745301,2024-08-14,R,2024,Oracle Park,San Francisco Giants,Atlanta Braves,2.0,13.0,592662.0,656550.0,Adam Beck,Dan Iassogna,"65 degrees, Clear.","11 mph, Varies.",6:45 PM.,"27,460.",9,1.0,5.0,1,7
745783,2024-08-15,R,2024,Citi Field,New York Mets,Oakland Athletics,6.0,7.0,500779.0,687765.0,Scott Barry,Lance Barksdale,"85 degrees, Sunny.","4 mph, L To R.",1:11 PM.,"28,461.",9,0.0,0.0,6,5
746437,2024-08-15,R,2024,Comerica Park,Detroit Tigers,Seattle Mariners,2.0,1.0,656412.0,682243.0,Edwin Moscoso,Vic Carapazza,"80 degrees, Sunny.","8 mph, In From CF.",1:10 PM.,"20,429.",9,0.0,1.0,0,1
745950,2024-08-15,R,2024,American Family Field,Milwaukee Brewers,Los Angeles Dodgers,6.0,4.0,668964.0,656427.0,John Bacon,Nate Tomlinson,"77 degrees, Roof Closed.","0 mph, None.",1:11 PM.,"40,447.",9,3.0,0.0,3,3
745298,2024-08-15,R,2024,Oracle Park,San Francisco Giants,Atlanta Braves,6.0,0.0,657277.0,608331.0,Dan Iassogna,CB Bucknor,"67 degrees, Sunny.","14 mph, Out To CF.",12:45 PM.,"29,319.",9,0.0,0.0,2,0
747002,2024-08-15,R,2024,Oriole Park at Camden Yards,Baltimore Orioles,Boston Red Sox,5.0,1.0,621107.0,601713.0,Brian Walsh,Ryan Wills,"86 degrees, Clear.","3 mph, In From CF.",6:36 PM.,"25,445.",9,0.0,0.0,3,1
745545,2024-08-15,R,2024,Citizens Bank Park,Philadelphia Phillies,Washington Nationals,13.0,3.0,554430.0,680730.0,Roberto Ortiz,Mark Ripperger,"84 degrees, Partly Cloudy.","6 mph, In From LF.",6:41 PM.,"43,722.",9,4.0,0.0,9,1
744980,2024-08-15,R,2024,Globe Life Field,Texas Rangers,Minnesota Twins,2.0,3.0,674003.0,641927.0,Paul Clemons,Doug Eddings,"74 degrees, Roof Closed.","0 mph, None.",7:07 PM.,"29,558.",9,2.0,0.0,2,2
746843,2024-08-16,R,2024,Wrigley Field,Chicago Cubs,Toronto Blue Jays,6.0,5.0,543294.0,684320.0,Sean Barber,Ryan Blakney,"81 degrees, Partly Cloudy.","8 mph, Out To CF.",1:20 PM.,"39,614.",10,2.0,0.0,4,2
746674,2024-08-16,R,2024,Great American Ball Park,Cincinnati Reds,Kansas City Royals,1.0,7.0,607259.0,547179.0,Lance Barksdale,Derek Thomas,"80 degrees, Partly Cloudy.","9 mph, R To L.",7:12 PM.,"32,500.",9,0.0,0.0,0,1
745462,2024-08-16,R,2024,PNC Park,Pittsburgh Pirates,Seattle Mariners,5.0,3.0,694973.0,669302.0,Dan Merzel,Jordan Baker,"79 degrees, Partly Cloudy.","9 mph, Out To LF.",6:43 PM.,"27,058.",9,0.0,0.0,3,2
745542,2024-08-16,R,2024,Citizens Bank Park,Philadelphia Phillies,Washington Nationals,3.0,2.0,605400.0,571578.0,Mark Ripperger,Alfonso Márquez,"87 degrees, Partly Cloudy.","8 mph, Out To CF.",6:43 PM.,"41,067.",9,0.0,0.0,2,0
746438,2024-08-16,R,2024,Comerica Park,Detroit Tigers,New York Yankees,0.0,3.0,689225.0,543037.0,Cory Blaser,Nestor Ceja,"80 degrees, Partly Cloudy.","10 mph, In From RF.",6:41 PM.,"36,244.",9,0.0,1.0,0,2
745054,2024-08-16,R,2024,Tropicana Field,Tampa Bay Rays,Arizona Diamondbacks,5.0,4.0,686752.0,669194.0,Tony Randazzo,Phil Cuzzi,"72 degrees, Dome.","0 mph, None.",6:51 PM.,"21,613.",9,0.0,2.0,1,2
747001,2024-08-16,R,2024,Oriole Park at Camden Yards,Baltimore Orioles,Boston Red Sox,10.0,12.0,669203.0,657514.0,Ryan Wills,Ben May,"83 degrees, Partly Cloudy.","9 mph, Out To LF.",7:07 PM.,"34,541.",9,0.0,2.0,6,8
745784,2024-08-16,R,2024,Citi Field,New York Mets,Miami Marlins,7.0,3.0,640455.0,682610.0,Clint Vondrak,Jeremie Rehak,"79 degrees, Clear.","9 mph, Out To LF.",7:11 PM.,"32,311.",9,1.0,0.0,7,3
744974,2024-08-16,R,2024,Globe Life Field,Texas Rangers,Minnesota Twins,3.0,4.0,571760.0,680573.0,Doug Eddings,Gabe Morales,"74 degrees, Roof Closed.","0 mph, None.",7:07 PM.,"28,705.",9,0.0,0.0,2,4
746357,2024-08-16,R,2024,Minute Maid Park,Houston Astros,Chicago White Sox,4.0,5.0,681293.0,676979.0,Tripp Gibson,Mike Estabrook,"73 degrees, Roof Closed.","0 mph, None.",7:10 PM.,"37,307.",9,0.0,0.0,1,4
745949,2024-08-16,R,2024,American Family Field,Milwaukee Brewers,Cleveland Guardians,5.0,3.0,650644.0,668909.0,Alex MacKay,Brian O'Nora,"79 degrees, Roof Closed.","0 mph, None.",7:11 PM.,"30,346.",9,3.0,0.0,5,0
745144,2024-08-16,R,2024,Busch Stadium,St. Louis Cardinals,Los Angeles Dodgers,6.0,7.0,571945.0,680736.0,Vic Carapazza,Tom Hanahan,"86 degrees, Clear.","8 mph, Out To RF.",7:15 PM.,"38,485.",9,0.0,0.0,4,2
746518,2024-08-16,R,2024,Coors Field,Colorado Rockies,San Diego Padres,7.0,3.0,615698.0,663362.0,CB Bucknor,Jeremy Riggs,"91 degrees, Clear.","5 mph, Out To CF.",6:40 PM.,"33,054.",9,4.0,0.0,6,3
746189,2024-08-16,R,2024,Angel Stadium,Los Angeles Angels,Atlanta Braves,3.0,2.0,667755.0,680885.0,Charlie Ramos,John Libka,"81 degrees, Partly Cloudy.","9 mph, R To L.",6:38 PM.,"37,736.",9,0.0,0.0,2,2
745463,2024-08-17,R,2024,PNC Park,Pittsburgh Pirates,Seattle Mariners,7.0,2.0,663559.0,622491.0,Jordan Baker,Stu Scheurwater,"83 degrees, Cloudy.","9 mph, Out To LF.",1:07 PM.,"23,326.",9,1.0,0.0,3,2
746434,2024-08-17,R,2024,Comerica Park,Detroit Tigers,New York Yankees,4.0,0.0,672456.0,607074.0,Nestor Ceja,Manny Gonzalez,"76 degrees, Cloudy.","10 mph, R To L.",1:10 PM.,"38,110.",9,1.0,0.0,4,0
746841,2024-08-17,R,2024,Wrigley Field,Chicago Cubs,Toronto Blue Jays,3.0,2.0,657006.0,605135.0,Ryan Blakney,Jim Wolf,"78 degrees, Cloudy.","9 mph, In From CF.",1:20 PM.,"38,755.",9,1.0,0.0,3,0
745049,2024-08-17,R,2024,Tropicana Field,Tampa Bay Rays,Arizona Diamondbacks,6.0,1.0,605488.0,668678.0,Phil Cuzzi,Dan Bellino,"72 degrees, Dome.","0 mph, None.",4:10 PM.,"17,708.",9,2.0,0.0,4,1
745785,2024-08-17,R,2024,Citi Field,New York Mets,Miami Marlins,4.0,0.0,622663.0,676974.0,Jeremie Rehak,David Arrieta,"79 degrees, Cloudy.","10 mph, Out To LF.",4:11 PM.,"34,744.",9,1.0,0.0,4,0
745537,2024-08-17,R,2024,Citizens Bank Park,Philadelphia Phillies,Washington Nationals,5.0,1.0,650911.0,669022.0,Alfonso Márquez,Austin Jones,"78 degrees, Cloudy.","9 mph, Out To CF.",6:35 PM.,"43,356.",9,0.0,0.0,1,1
746675,2024-08-17,R,2024,Great American Ball Park,Cincinnati Reds,Kansas City Royals,1.0,13.0,666157.0,608379.0,Derek Thomas,Will Little,"84 degrees, Overcast.","11 mph, Out To LF.",6:42 PM.,"35,430.",9,0.0,1.0,0,13
746997,2024-08-17,R,2024,Oriole Park at Camden Yards,Baltimore Orioles,Boston Red Sox,1.0,5.0,700249.0,678394.0,Ben May,Quinn Wolcott,"75 degrees, Overcast.","5 mph, Out To LF.",8:21 PM.,"38,921.",9,0.0,0.0,0,0
744977,2024-08-17,R,2024,Globe Life Field,Texas Rangers,Minnesota Twins,2.0,5.0,543135.0,701581.0,Gabe Morales,Ryan Additon,"74 degrees, Roof Closed.","0 mph, None.",6:07 PM.,"31,192.",9,0.0,0.0,2,1
745626,2024-08-17,R,2024,Oakland Coliseum,Oakland Athletics,San Francisco Giants,2.0,0.0,674370.0,806185.0,Alex Tosi,Emil Jimenez,"73 degrees, Partly Cloudy.","14 mph, Out To RF.",4:09 PM.,"37,551.",9,0.0,0.0,1,0
746355,2024-08-17,R,2024,Minute Maid Park,Houston Astros,Chicago White Sox,6.0,1.0,686613.0,623167.0,Mike Estabrook,Erich Bacchus,"73 degrees, Roof Closed.","0 mph, None.",6:10 PM.,"37,008.",9,0.0,1.0,4,1
745140,2024-08-17,R,2024,Busch Stadium,St. Louis Cardinals,Los Angeles Dodgers,5.0,2.0,669467.0,676272.0,Tom Hanahan,Adam Hamari,"86 degrees, Clear.","13 mph, Out To RF.",6:17 PM.,"41,929.",9,1.0,1.0,4,2
745952,2024-08-17,R,2024,American Family Field,Milwaukee Brewers,Cleveland Guardians,2.0,1.0,642547.0,676440.0,Brennan Miller,Chris Conroy,"79 degrees, Roof Closed.","0 mph, None.",6:15 PM.,"37,518.",9,1.0,0.0,2,1
746515,2024-08-17,R,2024,Coors Field,Colorado Rockies,San Diego Padres,3.0,8.0,607536.0,656302.0,Jeremy Riggs,Adam Beck,"95 degrees, Partly Cloudy.","2 mph, Out To LF.",6:35 PM.,"47,483.",9,0.0,0.0,0,5
746190,2024-08-17,R,2024,Angel Stadium,Los Angeles Angels,Atlanta Braves,3.0,11.0,656288.0,519242.0,John Libka,Rob Drake,"76 degrees, Clear.","8 mph, R To L.",6:38 PM.,"37,268.",9,0.0,3.0,0,9
745786,2024-08-18,R,2024,Citi Field,New York Mets,Miami Marlins,2.0,3.0,621112.0,678368.0,David Arrieta,Mark Wegner,"76 degrees, Cloudy.","12 mph, Out To LF.",12:06 PM.,"30,596.",9,0.0,0.0,1,1
746999,2024-08-18,R,2024,Oriole Park at Camden Yards,Baltimore Orioles,Boston Red Sox,4.0,2.0,544150.0,676710.0,Quinn Wolcott,Brian Walsh,"81 degrees, Cloudy.","4 mph, Out To LF.",1:38 PM.,"27,104.",9,0.0,0.0,1,0
745464,2024-08-18,R,2024,PNC Park,Pittsburgh Pirates,Seattle Mariners,3.0,10.0,663765.0,669923.0,Stu Scheurwater,Mark Carlson,"78 degrees, Partly Cloudy.","9 mph, Out To LF.",1:37 PM.,"24,903.",9,0.0,2.0,0,8
745539,2024-08-18,R,2024,Citizens Bank Park,Philadelphia Phillies,Washington Nationals,4.0,6.0,592836.0,663623.0,Austin Jones,Roberto Ortiz,"83 degrees, Partly Cloudy.","6 mph, Out To CF.",1:36 PM.,"40,677.",9,1.0,0.0,2,3
746676,2024-08-18,R,2024,Great American Ball Park,Cincinnati Reds,Kansas City Royals,1.0,8.0,671096.0,663903.0,Will Little,Scott Barry,"79 degrees, Partly Cloudy.","6 mph, Out To LF.",1:41 PM.,"30,388.",9,0.0,0.0,0,4
745051,2024-08-18,R,2024,Tropicana Field,Tampa Bay Rays,Arizona Diamondbacks,8.0,7.0,656876.0,518876.0,Dan Bellino,John Bacon,"72 degrees, Dome.","0 mph, None.",1:40 PM.,"18,636.",12,0.0,0.0,5,0
746359,2024-08-18,R,2024,Minute Maid Park,Houston Astros,Chicago White Sox,2.0,0.0,664285.0,681066.0,Erich Bacchus,Laz Diaz,"73 degrees, Roof Closed.","0 mph, None.",1:12 PM.,"37,169.",9,0.0,0.0,0,0
745948,2024-08-18,R,2024,American Family Field,Milwaukee Brewers,Cleveland Guardians,2.0,0.0,607067.0,594902.0,Chris Conroy,Edwin Jimenez,"76 degrees, Roof Closed.","10 mph, In From LF.",1:11 PM.,"34,483.",9,1.0,0.0,2,0
745139,2024-08-18,R,2024,Busch Stadium,St. Louis Cardinals,Los Angeles Dodgers,1.0,2.0,543243.0,477132.0,Adam Hamari,Edwin Moscoso,"82 degrees, Partly Cloudy.","11 mph, Out To CF.",1:16 PM.,"40,246.",9,0.0,0.0,0,2
746838,2024-08-18,R,2024,Wrigley Field,Chicago Cubs,Toronto Blue Jays,0.0,1.0,684007.0,670102.0,Jim Wolf,Alan Porter,"74 degrees, Cloudy.","15 mph, L To R.",1:20 PM.,"36,117.",9,0.0,0.0,0,1
744975,2024-08-18,R,2024,Globe Life Field,Texas Rangers,Minnesota Twins,6.0,5.0,641816.0,641154.0,Ryan Additon,Paul Clemons,"74 degrees, Roof Closed.","0 mph, None.",1:38 PM.,"30,735.",10,0.0,3.0,0,4
746516,2024-08-18,R,2024,Coors Field,Colorado Rockies,San Diego Padres,3.0,2.0,687134.0,605397.0,Adam Beck,Dan Iassogna,"92 degrees, Sunny.","4 mph, R To L.",1:09 PM.,"26,027.",9,0.0,0.0,1,1
745621,2024-08-18,R,2024,Oakland Coliseum,Oakland Athletics,San Francisco Giants,2.0,4.0,676664.0,605483.0,Emil Jimenez,Chris Segal,"73 degrees, Partly Cloudy.","8 mph, Out To RF.",1:07 PM.,"32,727.",10,0.0,0.0,0,0
746186,2024-08-18,R,2024,Angel Stadium,Los Angeles Angels,Atlanta Braves,1.0,3.0,686799.0,450203.0,Rob Drake,James Hoye,"83 degrees, Sunny.","9 mph, Out To LF.",1:07 PM.,"36,102.",9,0.0,1.0,1,2
746431,2024-08-18,R,2024,Journey Bank Ballpark,Detroit Tigers,New York Yankees,3.0,2.0,669373.0,573186.0,Manny Gonzalez,Todd Tichenor,"73 degrees, Cloudy.","5 mph, Out To CF.",7:11 PM.,"2,532.",10,0.0,0.0,0,0
746027,2024-08-19,R,2024,loanDepot park,Miami Marlins,Arizona Diamondbacks,6.0,9.0,670124.0,694297.0,Paul Clemons,Doug Eddings,"72 degrees, Roof Closed.","0 mph, None.",6:40 PM.,"7,318.",9,0.0,0.0,2,5
744898,2024-08-19,R,2024,Rogers Centre,Toronto Blue Jays,Cincinnati Reds,3.0,6.0,592332.0,687924.0,Lance Barrett,Roberto Ortiz,"65 degrees, Clear.","11 mph, Out To LF.",7:08 PM.,"25,603.",9,1.0,0.0,2,2
745780,2024-08-19,R,2024,Citi Field,New York Mets,Baltimore Orioles,4.0,3.0,656849.0,669432.0,John Tumpane,Nick Mahrley,"76 degrees, Cloudy.","8 mph, L To R.",7:20 PM.,"26,874.",9,2.0,0.0,3,1
744976,2024-08-19,R,2024,Globe Life Field,Texas Rangers,Pittsburgh Pirates,4.0,3.0,641540.0,682847.0,John Bacon,Ramon De Jesus,"74 degrees, Roof Closed.","0 mph, Calm.",7:07 PM.,"28,229.",9,1.0,0.0,4,3
746351,2024-08-19,R,2024,Minute Maid Park,Houston Astros,Boston Red Sox,5.0,4.0,579328.0,656557.0,Chris Segal,Nate Tomlinson,"73 degrees, Roof Closed.","0 mph, None.",7:10 PM.,"33,409.",9,0.0,2.0,2,2
746270,2024-08-19,R,2024,Kauffman Stadium,Kansas City Royals,Los Angeles Angels,5.0,3.0,607625.0,608334.0,Vic Carapazza,Tom Hanahan,"84 degrees, Clear.","12 mph, In From LF.",7:10 PM.,"15,091.",9,0.0,0.0,3,0
745620,2024-08-19,R,2024,Oakland Coliseum,Oakland Athletics,Tampa Bay Rays,3.0,0.0,671212.0,671737.0,Laz Diaz,Tripp Gibson,"70 degrees, Clear.","11 mph, Varies.",6:40 PM.,"3,938.",9,2.0,0.0,3,0
745380,2024-08-19,R,2024,Petco Park,San Diego Padres,Minnesota Twins,5.0,3.0,650633.0,805673.0,Bill Miller,Malachi Moore,"77 degrees, Clear.","10 mph, L To R.",6:42 PM.,"40,220.",9,2.0,1.0,5,2
745294,2024-08-19,R,2024,Oracle Park,San Francisco Giants,Chicago White Sox,5.0,3.0,690986.0,686563.0,Jansen Visconti,Mike Muchlinski,"68 degrees, Clear.","18 mph, Out To CF.",6:45 PM.,"29,209.",9,0.0,0.0,4,1
746109,2024-08-19,R,2024,Dodger Stadium,Los Angeles Dodgers,Seattle Mariners,3.0,0.0,694813.0,693433.0,Dan Iassogna,CB Bucknor,"80 degrees, Clear.","5 mph, Out To RF.",7:10 PM.,"51,348.",9,0.0,0.0,0,0
746029,2024-08-20,R,2024,loanDepot park,Miami Marlins,Arizona Diamondbacks,1.0,3.0,665795.0,593958.0,Doug Eddings,Gabe Morales,"72 degrees, Roof Closed.","0 mph, None.",6:40 PM.,"6,794.",9,0.0,1.0,1,2
744814,2024-08-20,R,2024,Nationals Park,Washington Nationals,Colorado Rockies,1.0,3.0,687792.0,596295.0,Mark Carlson,Dan Merzel,"71 degrees, Partly Cloudy.","10 mph, In From LF.",6:45 PM.,"16,433.",9,0.0,1.0,0,1
745707,2024-08-20,R,2024,Yankee Stadium,New York Yankees,Cleveland Guardians,5.0,9.0,661563.0,571510.0,Scott Barry,Lance Barksdale,"69 degrees, Partly Cloudy.","10 mph, Out To RF.",7:08 PM.,"41,426.",12,2.0,0.0,3,3
744896,2024-08-20,R,2024,Rogers Centre,Toronto Blue Jays,Cincinnati Reds,10.0,3.0,621244.0,686730.0,Roberto Ortiz,Mark Ripperger,"68 degrees, Roof Closed.","0 mph, None.",7:08 PM.,"34,662.",9,1.0,0.0,10,1
745782,2024-08-20,R,2024,Citi Field,New York Mets,Baltimore Orioles,5.0,9.0,500779.0,665152.0,Nick Mahrley,Marvin Hudson,"70 degrees, Clear.","10 mph, L To R.",7:11 PM.,"34,225.",9,0.0,2.0,1,7
747083,2024-08-20,R,2024,Truist Park,Atlanta Braves,Philadelphia Phillies,3.0,1.0,625643.0,554430.0,Todd Tichenor,Cory Blaser,"81 degrees, Clear.","9 mph, Out To CF.",7:21 PM.,"34,245.",9,0.0,0.0,1,1
745136,2024-08-20,R,2024,Busch Stadium,St. Louis Cardinals,Milwaukee Brewers,2.0,3.0,607200.0,593423.0,Chad Fairchild,Brian Walsh,"76 degrees, Partly Cloudy.","11 mph, In From LF.",6:46 PM.,"30,022.",9,0.0,0.0,0,2
746839,2024-08-20,R,2024,Wrigley Field,Chicago Cubs,Detroit Tigers,3.0,1.0,665871.0,656412.0,D.J. Reyburn,Charlie Ramos,"66 degrees, Clear.","10 mph, In From CF.",7:05 PM.,"31,119.",9,0.0,0.0,2,1
744978,2024-08-20,R,2024,Globe Life Field,Texas Rangers,Pittsburgh Pirates,0.0,4.0,674003.0,656605.0,Ramon De Jesus,Quinn Wolcott,"74 degrees, Roof Closed.","0 mph, None.",7:08 PM.,"25,074.",9,0.0,0.0,0,3
746349,2024-08-20,R,2024,Minute Maid Park,Houston Astros,Boston Red Sox,5.0,6.0,669854.0,601713.0,Nate Tomlinson,David Rackley,"73 degrees, Roof Closed.","0 mph, None.",7:10 PM.,"34,436.",9,3.0,3.0,5,5
746266,2024-08-20,R,2024,Kauffman Stadium,Kansas City Royals,Los Angeles Angels,5.0,9.0,666142.0,542881.0,Tom Hanahan,Mike Estabrook,"74 degrees, Clear.","10 mph, R To L.",7:10 PM.,"16,310.",9,0.0,0.0,2,2
745624,2024-08-20,R,2024,Oakland Coliseum,Oakland Athletics,Tampa Bay Rays,0.0,1.0,683155.0,669358.0,Tripp Gibson,Brock Ballou,"75 degrees, Clear.","10 mph, Varies.",6:40 PM.,"4,377.",9,0.0,0.0,0,0
745374,2024-08-20,R,2024,Petco Park,San Diego Padres,Minnesota Twins,7.0,5.0,527048.0,641927.0,Malachi Moore,Chad Whitson,"81 degrees, Clear.","13 mph, L To R.",6:41 PM.,"39,143.",9,0.0,0.0,1,3
745295,2024-08-20,R,2024,Oracle Park,San Francisco Giants,Chicago White Sox,4.0,1.0,592662.0,663436.0,Mike Muchlinski,Andy Fletcher,"69 degrees, Clear.","16 mph, Out To CF.",6:45 PM.,"28,766.",9,0.0,0.0,3,1
746107,2024-08-20,R,2024,Dodger Stadium,Los Angeles Dodgers,Seattle Mariners,6.0,3.0,621111.0,682243.0,CB Bucknor,Jeremy Riggs,"82 degrees, Clear.","4 mph, Out To RF.",7:10 PM.,"48,395.",9,0.0,2.0,2,3
745781,2024-08-21,R,2024,Citi Field,New York Mets,Baltimore Orioles,4.0,3.0,640455.0,608344.0,Marvin Hudson,Hunter Wendelstedt,"71 degrees, Sunny.","8 mph, L To R.",1:10 PM.,"32,871.",9,0.0,0.0,2,0
746350,2024-08-21,R,2024,Minute Maid Park,Houston Astros,Boston Red Sox,1.0,4.0,434378.0,681867.0,David Rackley,Larry Vanover,"73 degrees, Roof Closed.","0 mph, None.",1:10 PM.,"31,954.",9,1.0,1.0,1,2
744973,2024-08-21,R,2024,Globe Life Field,Texas Rangers,Pittsburgh Pirates,1.0,0.0,571760.0,593334.0,Quinn Wolcott,Adrian Johnson,"74 degrees, Roof Closed.","0 mph, None.",1:38 PM.,"28,707.",9,0.0,0.0,0,0
745297,2024-08-21,R,2024,Oracle Park,San Francisco Giants,Chicago White Sox,2.0,6.0,657277.0,676979.0,Andy Fletcher,Austin Jones,"66 degrees, Sunny.","11 mph, Out To CF.",12:45 PM.,"28,375.",9,0.0,1.0,2,2
745375,2024-08-21,R,2024,Petco Park,San Diego Padres,Minnesota Twins,4.0,11.0,663362.0,680573.0,Chad Whitson,Emil Jimenez,"78 degrees, Partly Cloudy.","10 mph, L To R.",3:41 PM.,"36,589.",9,0.0,0.0,1,10
746028,2024-08-21,R,2024,loanDepot park,Miami Marlins,Arizona Diamondbacks,8.0,10.0,682610.0,656756.0,Gabe Morales,Ryan Additon,"72 degrees, Roof Closed.","0 mph, None.",6:40 PM.,"8,248.",9,2.0,1.0,6,3
744812,2024-08-21,R,2024,Nationals Park,Washington Nationals,Colorado Rockies,6.0,1.0,680730.0,685299.0,Dan Merzel,Jordan Baker,"73 degrees, Clear.","4 mph, Out To RF.",6:45 PM.,"18,847.",9,0.0,0.0,5,0
745704,2024-08-21,R,2024,Yankee Stadium,New York Yankees,Cleveland Guardians,8.0,1.0,641482.0,676282.0,Lance Barksdale,Derek Thomas,"70 degrees, Clear.","6 mph, R To L.",7:09 PM.,"41,263.",9,2.0,0.0,7,0
744893,2024-08-21,R,2024,Rogers Centre,Toronto Blue Jays,Cincinnati Reds,7.0,11.0,684320.0,607259.0,Mark Ripperger,Alex MacKay,"70 degrees, Partly Cloudy.","11 mph, Out To LF.",7:08 PM.,"27,057.",9,3.0,0.0,6,7
747084,2024-08-21,R,2024,Truist Park,Atlanta Braves,Philadelphia Phillies,2.0,3.0,608331.0,605400.0,Cory Blaser,Nestor Ceja,"80 degrees, Partly Cloudy.","8 mph, Out To RF.",7:20 PM.,"33,221.",9,0.0,0.0,2,0
745138,2024-08-21,R,2024,Busch Stadium,St. Louis Cardinals,Milwaukee Brewers,10.0,6.0,502043.0,668964.0,Brian Walsh,Ben May,"73 degrees, Clear.","8 mph, In From RF.",6:45 PM.,"29,580.",10,0.0,0.0,2,1
746837,2024-08-21,R,2024,Wrigley Field,Chicago Cubs,Detroit Tigers,2.0,8.0,592791.0,689225.0,Charlie Ramos,John Libka,"69 degrees, Clear.","7 mph, In From CF.",7:05 PM.,"31,940.",9,0.0,0.0,2,4
746267,2024-08-21,R,2024,Kauffman Stadium,Kansas City Royals,Los Angeles Angels,3.0,0.0,547179.0,456501.0,Mike Estabrook,Adam Hamari,"76 degrees, Clear.","11 mph, In From RF.",7:10 PM.,"13,009.",9,0.0,0.0,2,0
745622,2024-08-21,R,2024,Oakland Coliseum,Oakland Athletics,Tampa Bay Rays,2.0,4.0,687765.0,686752.0,Brock Ballou,Erich Bacchus,"68 degrees, Clear.","9 mph, Varies.",6:40 PM.,"10,339.",9,1.0,0.0,1,2
746110,2024-08-21,R,2024,Dodger Stadium,Los Angeles Dodgers,Seattle Mariners,8.0,4.0,656427.0,669302.0,Jeremy Riggs,Adam Beck,"79 degrees, Clear.","8 mph, Out To RF.",7:11 PM.,"45,295.",9,0.0,0.0,8,1
744815,2024-08-22,R,2024,Nationals Park,Washington Nationals,Colorado Rockies,8.0,3.0,571578.0,615698.0,Jordan Baker,Stu Scheurwater,"77 degrees, Partly Cloudy.","3 mph, In From LF.",1:05 PM.,"18,349.",9,0.0,0.0,2,0
745705,2024-08-22,R,2024,Yankee Stadium,New York Yankees,Cleveland Guardians,6.0,0.0,543037.0,668909.0,Derek Thomas,Nic Lentz,"74 degrees, Partly Cloudy.","12 mph, Varies.",1:08 PM.,"38,105.",9,0.0,0.0,5,0
745137,2024-08-22,R,2024,Busch Stadium,St. Louis Cardinals,Milwaukee Brewers,3.0,0.0,571945.0,642547.0,Ben May,Carlos Torres,"77 degrees, Sunny.","7 mph, L To R.",1:15 PM.,"28,630.",9,0.0,0.0,0,0
746836,2024-08-22,R,2024,Wrigley Field,Chicago Cubs,Detroit Tigers,10.0,2.0,657006.0,663947.0,John Libka,Rob Drake,"75 degrees, Partly Cloudy.","4 mph, R To L.",1:20 PM.,"33,536.",9,0.0,0.0,6,0
745623,2024-08-22,R,2024,Oakland Coliseum,Oakland Athletics,Tampa Bay Rays,3.0,1.0,674370.0,605488.0,Erich Bacchus,Laz Diaz,"68 degrees, Partly Cloudy.","13 mph, Varies.",12:37 PM.,"5,142.",9,0.0,0.0,3,1
745465,2024-08-22,R,2024,PNC Park,Pittsburgh Pirates,Cincinnati Reds,7.0,0.0,694973.0,666157.0,Larry Vanover,Chris Segal,"76 degrees, Clear.","4 mph, Calm.",6:43 PM.,"16,635.",9,0.0,0.0,6,0
744894,2024-08-22,R,2024,Rogers Centre,Toronto Blue Jays,Los Angeles Angels,5.0,3.0,621114.0,656271.0,Edwin Jimenez,Ryan Additon,"75 degrees, Partly Cloudy.","4 mph, L To R.",7:07 PM.,"25,900.",9,0.0,0.0,5,0
746998,2024-08-22,R,2024,Oriole Park at Camden Yards,Baltimore Orioles,Houston Astros,0.0,6.0,669203.0,681293.0,Alex MacKay,Lance Barrett,"75 degrees, Clear.","3 mph, L To R.",7:09 PM.,"22,212.",9,0.0,0.0,0,2
747082,2024-08-22,R,2024,Truist Park,Atlanta Braves,Philadelphia Phillies,3.0,2.0,680885.0,650911.0,Nestor Ceja,Manny Gonzalez,"79 degrees, Partly Cloudy.","6 mph, L To R.",7:08 PM.,"34,704.",9,0.0,1.0,2,1
745379,2024-08-22,R,2024,Petco Park,San Diego Padres,New York Mets,3.0,8.0,656302.0,622663.0,Austin Jones,Jansen Visconti,"74 degrees, Clear.","8 mph, L To R.",6:40 PM.,"41,673.",9,0.0,1.0,1,3
745460,2024-08-23,R,2024,PNC Park,Pittsburgh Pirates,Cincinnati Reds,6.0,5.0,663559.0,571656.0,Chris Segal,Nate Tomlinson,"82 degrees, Clear.","2 mph, Out To RF.",6:43 PM.,"19,941.",9,0.0,1.0,4,5
746995,2024-08-23,R,2024,Oriole Park at Camden Yards,Baltimore Orioles,Houston Astros,7.0,5.0,700249.0,686613.0,Lance Barrett,Roberto Ortiz,"77 degrees, Clear.","2 mph, Out To LF.",7:06 PM.,"39,578.",9,0.0,0.0,2,4
745702,2024-08-23,R,2024,Yankee Stadium,New York Yankees,Colorado Rockies,3.0,0.0,607074.0,607536.0,Hunter Wendelstedt,John Tumpane,"78 degrees, Clear.","6 mph, R To L.",7:09 PM.,"38,910.",9,0.0,0.0,2,0
744889,2024-08-23,R,2024,Rogers Centre,Toronto Blue Jays,Los Angeles Angels,5.0,4.0,605135.0,686799.0,Ryan Additon,Doug Eddings,"76 degrees, Clear.","8 mph, Out To RF.",7:10 PM.,"25,431.",9,0.0,0.0,2,4
746920,2024-08-23,R,2024,Fenway Park,Boston Red Sox,Arizona Diamondbacks,2.0,12.0,678394.0,669194.0,Nic Lentz,Scott Barry,"78 degrees, Partly Cloudy.","3 mph, In From LF.",7:13 PM.,"32,016.",9,1.0,2.0,1,2
746597,2024-08-23,R,2024,Progressive Field,Cleveland Guardians,Texas Rangers,3.0,5.0,676440.0,543135.0,Adam Hamari,Vic Carapazza,"76 degrees, Partly Cloudy.","6 mph, In From RF.",7:11 PM.,"33,786.",9,0.0,0.0,3,4
746024,2024-08-23,R,2024,loanDepot park,Miami Marlins,Chicago Cubs,3.0,6.0,676974.0,543294.0,Manny Gonzalez,Todd Tichenor,"72 degrees, Roof Closed.","0 mph, None.",7:11 PM.,"13,992.",9,0.0,0.0,3,3
747080,2024-08-23,R,2024,Truist Park,Atlanta Braves,Washington Nationals,3.0,2.0,519242.0,669022.0,Adrian Johnson,John Bacon,"82 degrees, Clear.","8 mph, L To R.",7:22 PM.,"37,203.",10,1.0,0.0,1,2
745870,2024-08-23,R,2024,Target Field,Minnesota Twins,St. Louis Cardinals,1.0,6.0,701581.0,669467.0,James Hoye,Rob Drake,"79 degrees, Partly Cloudy.","5 mph, R To L.",7:11 PM.,"29,634.",9,0.0,0.0,1,3
746268,2024-08-23,R,2024,Kauffman Stadium,Kansas City Royals,Philadelphia Phillies,7.0,4.0,608379.0,592836.0,Stu Scheurwater,Mark Carlson,"80 degrees, Cloudy.","9 mph, In From RF.",7:10 PM.,"25,491.",9,1.0,0.0,7,2
746758,2024-08-23,R,2024,Guaranteed Rate Field,Chicago White Sox,Detroit Tigers,2.0,5.0,623167.0,672456.0,Ryan Wills,Carlos Torres,"80 degrees, Clear.","8 mph, In From RF.",7:11 PM.,"24,012.",9,0.0,1.0,2,2
745378,2024-08-23,R,2024,Petco Park,San Diego Padres,New York Mets,7.0,0.0,605397.0,621112.0,Jansen Visconti,Mike Muchlinski,"72 degrees, Clear.","8 mph, L To R.",6:40 PM.,"40,556.",9,1.0,0.0,6,0
745625,2024-08-23,R,2024,Oakland Coliseum,Oakland Athletics,Milwaukee Brewers,3.0,11.0,676664.0,650644.0,Adam Beck,Dan Iassogna,"69 degrees, Partly Cloudy.","12 mph, Out To RF.",6:40 PM.,"14,031.",9,1.0,0.0,3,7
745217,2024-08-23,R,2024,T-Mobile Park,Seattle Mariners,San Francisco Giants,6.0,5.0,622491.0,806185.0,Laz Diaz,Tripp Gibson,"57 degrees, Roof Closed.","0 mph, None.",7:10 PM.,"38,762.",10,0.0,1.0,1,3
746111,2024-08-23,R,2024,Dodger Stadium,Los Angeles Dodgers,Tampa Bay Rays,7.0,3.0,676272.0,641302.0,Emil Jimenez,Bill Miller,"73 degrees, Clear.","8 mph, Out To RF.",7:10 PM.,"45,556.",9,0.0,1.0,3,3
745703,2024-08-24,R,2024,Yankee Stadium,New York Yankees,Colorado Rockies,2.0,9.0,701542.0,687134.0,John Tumpane,Nick Mahrley,"82 degrees, Partly Cloudy.","6 mph, Out To LF.",2:09 PM.,"40,438.",9,0.0,1.0,2,7
744890,2024-08-24,R,2024,Rogers Centre,Toronto Blue Jays,Los Angeles Angels,3.0,1.0,670102.0,608334.0,Doug Eddings,Gabe Morales,"76 degrees, Sunny.","9 mph, Out To CF.",3:08 PM.,"34,011.",9,2.0,0.0,2,0
746996,2024-08-24,R,2024,Oriole Park at Camden Yards,Baltimore Orioles,Houston Astros,3.0,2.0,544150.0,664285.0,Roberto Ortiz,Mark Ripperger,"84 degrees, Partly Cloudy.","8 mph, R To L.",4:09 PM.,"35,302.",9,0.0,1.0,0,1
745617,2024-08-24,R,2024,Oakland Coliseum,Oakland Athletics,Milwaukee Brewers,5.0,9.0,671212.0,607067.0,Dan Iassogna,CB Bucknor,"73 degrees, Partly Cloudy.","9 mph, Out To RF.",1:07 PM.,"12,769.",9,1.0,0.0,1,5
746917,2024-08-24,R,2024,Fenway Park,Boston Red Sox,Arizona Diamondbacks,1.0,4.0,676710.0,668678.0,Scott Barry,Lance Barksdale,"83 degrees, Partly Cloudy.","6 mph, In From LF.",4:11 PM.,"35,528.",9,0.0,0.0,0,2
745218,2024-08-24,R,2024,T-Mobile Park,Seattle Mariners,San Francisco Giants,3.0,4.0,669923.0,605483.0,Tripp Gibson,Brock Ballou,"59 degrees, Roof Closed.","0 mph, Calm.",1:12 PM.,"38,027.",9,0.0,1.0,2,3
746022,2024-08-24,R,2024,loanDepot park,Miami Marlins,Chicago Cubs,2.0,14.0,678368.0,684007.0,Todd Tichenor,James Jean,"72 degrees, Roof Closed.","0 mph, None.",4:10 PM.,"18,138.",9,0.0,1.0,2,7
745457,2024-08-24,R,2024,PNC Park,Pittsburgh Pirates,Cincinnati Reds,2.0,10.0,663765.0,687924.0,Nate Tomlinson,David Rackley,"87 degrees, Clear.","4 mph, Calm.",6:41 PM.,"38,137.",9,0.0,4.0,2,8
746599,2024-08-24,R,2024,Progressive Field,Cleveland Guardians,Texas Rangers,13.0,5.0,594902.0,592351.0,Vic Carapazza,Tom Hanahan,"77 degrees, Partly Cloudy.","7 mph, In From CF.",7:10 PM.,"33,037.",9,1.0,1.0,9,1
745868,2024-08-24,R,2024,Target Field,Minnesota Twins,St. Louis Cardinals,6.0,0.0,641154.0,543243.0,Rob Drake,D.J. Reyburn,"84 degrees, Partly Cloudy.","9 mph, In From RF.",6:11 PM.,"35,183.",9,0.0,0.0,5,0
746271,2024-08-24,R,2024,Kauffman Stadium,Kansas City Royals,Philadelphia Phillies,2.0,11.0,663903.0,624133.0,Mark Carlson,Ben May,"91 degrees, Partly Cloudy.","13 mph, R To L.",6:10 PM.,"27,002.",9,0.0,0.0,1,2
746756,2024-08-24,R,2024,Guaranteed Rate Field,Chicago White Sox,Detroit Tigers,4.0,13.0,681066.0,669373.0,Carlos Torres,Chad Fairchild,"86 degrees, Cloudy.","9 mph, In From LF.",6:10 PM.,"23,570.",9,0.0,1.0,3,9
747077,2024-08-24,R,2024,Truist Park,Atlanta Braves,Washington Nationals,4.0,2.0,450203.0,663623.0,John Bacon,Ramon De Jesus,"84 degrees, Clear.","6 mph, R To L.",7:21 PM.,"40,230.",9,0.0,0.0,1,2
745377,2024-08-24,R,2024,Petco Park,San Diego Padres,New York Mets,1.0,7.0,650633.0,656849.0,Mike Muchlinski,Andy Fletcher,"71 degrees, Clear.","8 mph, L To R.",5:40 PM.,"42,284.",9,0.0,1.0,1,5
746108,2024-08-24,R,2024,Dodger Stadium,Los Angeles Dodgers,Tampa Bay Rays,8.0,9.0,477132.0,671737.0,Bill Miller,Malachi Moore,"76 degrees, Clear.","10 mph, L To R.",6:10 PM.,"48,488.",10,0.0,4.0,6,5
747078,2024-08-25,R,2024,Truist Park,Atlanta Braves,Washington Nationals,1.0,5.0,625643.0,687792.0,Ramon De Jesus,Quinn Wolcott,"82 degrees, Sunny.","6 mph, L To R.",12:06 PM.,"32,327.",9,0.0,1.0,0,1
746918,2024-08-25,R,2024,Fenway Park,Boston Red Sox,Arizona Diamondbacks,5.0,7.0,656557.0,518876.0,Lance Barksdale,Derek Thomas,"84 degrees, Cloudy.","3 mph, Out To CF.",1:36 PM.,"31,453.",9,1.0,0.0,4,3
745459,2024-08-25,R,2024,PNC Park,Pittsburgh Pirates,Cincinnati Reds,4.0,3.0,682847.0,607259.0,David Rackley,Jonathan Parra,"87 degrees, Partly Cloudy.","2 mph, Out To LF.",1:35 PM.,"18,653.",9,1.0,0.0,2,0
745706,2024-08-25,R,2024,Yankee Stadium,New York Yankees,Colorado Rockies,10.0,3.0,573186.0,596295.0,Nick Mahrley,Marvin Hudson,"83 degrees, Partly Cloudy.","7 mph, R To L.",1:38 PM.,"41,324.",9,2.0,1.0,4,3
744892,2024-08-25,R,2024,Rogers Centre,Toronto Blue Jays,Los Angeles Angels,8.0,2.0,592332.0,542881.0,Gabe Morales,Edwin Jimenez,"73 degrees, Partly Cloudy.","9 mph, Out To CF.",1:40 PM.,"37,036.",9,0.0,0.0,2,1
746595,2024-08-25,R,2024,Progressive Field,Cleveland Guardians,Texas Rangers,4.0,2.0,571510.0,674003.0,Tom Hanahan,Mike Estabrook,"80 degrees, Cloudy.","5 mph, L To R.",1:40 PM.,"28,970.",9,1.0,0.0,2,1
746023,2024-08-25,R,2024,loanDepot park,Miami Marlins,Chicago Cubs,7.0,2.0,670124.0,665871.0,James Jean,Cory Blaser,"72 degrees, Roof Closed.","0 mph, None.",1:41 PM.,"17,275.",9,2.0,0.0,3,1
745863,2024-08-25,R,2024,Target Field,Minnesota Twins,St. Louis Cardinals,2.0,3.0,805673.0,607200.0,D.J. Reyburn,John Libka,"82 degrees, Partly Cloudy.","9 mph, In From RF.",1:11 PM.,"28,018.",9,1.0,0.0,1,1
746263,2024-08-25,R,2024,Kauffman Stadium,Kansas City Royals,Philadelphia Phillies,3.0,11.0,607625.0,663465.0,Ben May,Jordan Baker,"93 degrees, Sunny.","14 mph, R To L.",1:11 PM.,"18,193.",9,0.0,0.0,2,3
746754,2024-08-25,R,2024,Guaranteed Rate Field,Chicago White Sox,Detroit Tigers,4.0,9.0,686563.0,689225.0,Chad Fairchild,Brian Walsh,"90 degrees, Sunny.","11 mph, R To L.",1:10 PM.,"16,928.",9,2.0,0.0,3,5
745618,2024-08-25,R,2024,Oakland Coliseum,Oakland Athletics,Milwaukee Brewers,4.0,3.0,683155.0,593423.0,CB Bucknor,Jeremy Riggs,"76 degrees, Sunny.","8 mph, Out To RF.",1:07 PM.,"15,961.",9,0.0,0.0,4,2
745376,2024-08-25,R,2024,Petco Park,San Diego Padres,New York Mets,3.0,2.0,527048.0,500779.0,Andy Fletcher,Austin Jones,"79 degrees, Sunny.","9 mph, L To R.",1:11 PM.,"41,870.",9,0.0,0.0,0,1
745212,2024-08-25,R,2024,T-Mobile Park,Seattle Mariners,San Francisco Giants,4.0,3.0,693433.0,592662.0,Brock Ballou,Erich Bacchus,"63 degrees, Partly Cloudy.","4 mph, L To R.",1:11 PM.,"35,062.",9,1.0,2.0,2,2
746106,2024-08-25,R,2024,Dodger Stadium,Los Angeles Dodgers,Tampa Bay Rays,3.0,1.0,694813.0,682052.0,Malachi Moore,Chad Whitson,"83 degrees, Sunny.","7 mph, Out To CF.",1:10 PM.,"52,464.",9,0.0,0.0,1,0
746994,2024-08-25,R,2024,Oriole Park at Camden Yards,Baltimore Orioles,Houston Astros,3.0,6.0,665152.0,579328.0,Mark Ripperger,Alex MacKay,"86 degrees, Partly Cloudy.","5 mph, R To L.",7:11 PM.,"21,654.",9,0.0,0.0,3,3
746628,2024-08-26,R,2024,Progressive Field,Cleveland Guardians,Kansas City Royals,3.0,4.0,680704.0,666142.0,Hunter Wendelstedt,Tom Hanahan,"84 degrees, Sunny.","8 mph, L To R.",1:10 PM.,"17,738.",9,0.0,0.0,2,3
746596,2024-08-26,R,2024,Progressive Field,Cleveland Guardians,Kansas City Royals,4.0,9.0,671106.0,679525.0,John Tumpane,Jonathan Parra,"85 degrees, Clear.","4 mph, In From CF.",6:40 PM.,"16,856.",9,3.0,0.0,4,5
746942,2024-08-26,R,2024,Fenway Park,Boston Red Sox,Toronto Blue Jays,1.0,4.0,676710.0,684320.0,Chad Fairchild,Ryan Wills,"81 degrees, Cloudy.","8 mph, Out To LF.",7:12 PM.,"34,756.",9,0.0,0.0,0,0
745458,2024-08-26,R,2024,PNC Park,Pittsburgh Pirates,Chicago Cubs,8.0,18.0,656605.0,592791.0,Scott Barry,Adam Hamari,"89 degrees, Partly Cloudy.","6 mph, In From LF.",6:42 PM.,"11,936.",9,0.0,0.0,2,3
745538,2024-08-26,R,2024,Citizens Bank Park,Philadelphia Phillies,Houston Astros,3.0,2.0,554430.0,669854.0,Derek Thomas,Nic Lentz,"84 degrees, Partly Cloudy.","6 mph, L To R.",6:41 PM.,"39,627.",10,0.0,0.0,1,2
744813,2024-08-26,R,2024,Nationals Park,Washington Nationals,New York Yankees,2.0,5.0,680730.0,641482.0,Dan Bellino,Phil Cuzzi,"82 degrees, Partly Cloudy.","3 mph, In From LF.",6:46 PM.,"32,812.",9,0.0,1.0,0,2
746915,2024-08-26,R,2024,Fenway Park,Boston Red Sox,Toronto Blue Jays,3.0,7.0,677161.0,621244.0,Paul Clemons,Brennan Miller,"75 degrees, Cloudy.","5 mph, Out To CF.",7:09 PM.,"29,097.",9,0.0,0.0,1,5
745865,2024-08-26,R,2024,Target Field,Minnesota Twins,Atlanta Braves,6.0,10.0,641927.0,608331.0,Mark Wegner,Clint Vondrak,"91 degrees, Partly Cloudy.","3 mph, Out To CF.",6:41 PM.,"18,974.",9,1.0,4.0,3,9
745133,2024-08-26,R,2024,Busch Stadium,St. Louis Cardinals,San Diego Padres,4.0,7.0,502043.0,681190.0,Quinn Wolcott,Adrian Johnson,"92 degrees, Clear.","7 mph, R To L.",6:45 PM.,"28,697.",9,0.0,2.0,2,7
746753,2024-08-26,R,2024,Guaranteed Rate Field,Chicago White Sox,Detroit Tigers,3.0,6.0,663436.0,680744.0,Brian Walsh,Ryan Wills,"91 degrees, Clear.","12 mph, R To L.",7:10 PM.,"10,975.",9,1.0,0.0,2,1
746513,2024-08-26,R,2024,Coors Field,Colorado Rockies,Miami Marlins,3.0,2.0,663372.0,665795.0,John Libka,James Hoye,"82 degrees, Partly Cloudy.","3 mph, R To L.",6:40 PM.,"20,338.",9,0.0,0.0,2,2
745215,2024-08-26,R,2024,T-Mobile Park,Seattle Mariners,Tampa Bay Rays,5.0,1.0,682243.0,686752.0,Alan Porter,Jacob Metz,"71 degrees, Partly Cloudy.","2 mph, Out To RF.",6:43 PM.,"29,755.",9,0.0,0.0,5,1
746429,2024-08-27,R,2024,Comerica Park,Detroit Tigers,Los Angeles Angels,6.0,2.0,676428.0,456501.0,Mike Estabrook,Laz Diaz,"75 degrees, Clear.","7 mph, Out To LF.",9:25 PM.,"18,258.",9,0.0,1.0,3,2
746594,2024-08-27,R,2024,Progressive Field,Cleveland Guardians,Kansas City Royals,1.0,6.0,668909.0,547179.0,Jonathan Parra,Marvin Hudson,"89 degrees, Clear.","6 mph, R To L.",6:41 PM.,"19,820.",9,0.0,0.0,1,2
746671,2024-08-27,R,2024,Great American Ball Park,Cincinnati Reds,Oakland Athletics,4.0,5.0,596001.0,687765.0,Ryan Wills,Carlos Torres,"93 degrees, Clear.","6 mph, Out To LF.",6:42 PM.,"15,794.",9,0.0,0.0,1,0
745461,2024-08-27,R,2024,PNC Park,Pittsburgh Pirates,Chicago Cubs,5.0,9.0,683003.0,657006.0,Adam Hamari,Edwin Moscoso,"92 degrees, Partly Cloudy.","7 mph, Out To LF.",6:41 PM.,"13,619.",9,2.0,0.0,2,9
745540,2024-08-27,R,2024,Citizens Bank Park,Philadelphia Phillies,Houston Astros,5.0,0.0,605400.0,434378.0,Nic Lentz,Will Little,"86 degrees, Partly Cloudy.","6 mph, Out To CF.",6:42 PM.,"39,373.",9,0.0,0.0,4,0
744811,2024-08-27,R,2024,Nationals Park,Washington Nationals,New York Yankees,4.0,2.0,571578.0,543037.0,Phil Cuzzi,Tony Randazzo,"88 degrees, Clear.","5 mph, Out To RF.",6:46 PM.,"34,334.",9,0.0,0.0,3,0
746916,2024-08-27,R,2024,Fenway Park,Boston Red Sox,Toronto Blue Jays,6.0,3.0,681867.0,684320.0,Brian O'Nora,Brennan Miller,"79 degrees, Clear.","3 mph, Out To CF.",7:11 PM.,"29,634.",9,3.0,0.0,6,1
745864,2024-08-27,R,2024,Target Field,Minnesota Twins,Atlanta Braves,6.0,8.0,680573.0,680885.0,Clint Vondrak,Jeremie Rehak,"75 degrees, Partly Cloudy.","5 mph, In From LF.",6:40 PM.,"20,200.",10,0.0,0.0,0,4
745132,2024-08-27,R,2024,Busch Stadium,St. Louis Cardinals,San Diego Padres,5.0,7.0,571945.0,656302.0,Adrian Johnson,Junior Valentine,"98 degrees, Clear.","6 mph, Out To LF.",6:45 PM.,"27,224.",9,2.0,0.0,5,4
746755,2024-08-27,R,2024,Guaranteed Rate Field,Chicago White Sox,Texas Rangers,1.0,3.0,676979.0,571760.0,Chad Whitson,Adam Beck,"77 degrees, Cloudy.","3 mph, L To R.",7:10 PM.,,9,0.0,1.0,1,1
745946,2024-08-27,R,2024,American Family Field,Milwaukee Brewers,San Francisco Giants,4.0,5.0,668964.0,657277.0,Jordan Baker,Stu Scheurwater,"85 degrees, Partly Cloudy.","9 mph, R To L.",7:10 PM.,"24,354.",9,0.0,0.0,2,3
746510,2024-08-27,R,2024,Coors Field,Colorado Rockies,Miami Marlins,8.0,9.0,615698.0,682610.0,James Hoye,Rob Drake,"84 degrees, Clear.","3 mph, Out To LF.",6:40 PM.,"20,284.",9,4.0,0.0,6,2
747162,2024-08-27,R,2024,Chase Field,Arizona Diamondbacks,New York Mets,3.0,8.0,694297.0,640455.0,Emil Jimenez,Sean Barber,"78 degrees, Roof Closed.","0 mph, None.",6:40 PM.,"22,575.",9,0.0,0.0,0,8
745213,2024-08-27,R,2024,T-Mobile Park,Seattle Mariners,Tampa Bay Rays,2.0,3.0,669302.0,605488.0,Jacob Metz,Ryan Blakney,"65 degrees, Partly Cloudy.","8 mph, In From CF.",6:40 PM.,"26,153.",9,0.0,0.0,0,0
746105,2024-08-27,R,2024,Dodger Stadium,Los Angeles Dodgers,Baltimore Orioles,2.0,3.0,656427.0,608344.0,Jansen Visconti,John Bacon,"75 degrees, Clear.","7 mph, Out To RF.",7:10 PM.,"52,382.",9,0.0,0.0,2,3
745452,2024-08-28,R,2024,PNC Park,Pittsburgh Pirates,Chicago Cubs,10.0,14.0,694973.0,543294.0,Edwin Moscoso,Vic Carapazza,"90 degrees, Sunny.","6 mph, Out To CF.",12:37 PM.,"12,660.",9,1.0,1.0,10,3
746589,2024-08-28,R,2024,Progressive Field,Cleveland Guardians,Kansas City Royals,7.0,5.0,676440.0,608379.0,Marvin Hudson,Hunter Wendelstedt,"83 degrees, Cloudy.","7 mph, L To R.",1:11 PM.,"19,722.",9,1.0,2.0,2,3
745541,2024-08-28,R,2024,Citizens Bank Park,Philadelphia Phillies,Houston Astros,0.0,10.0,592836.0,681293.0,Will Little,Lance Barksdale,"96 degrees, Sunny.","8 mph, In From LF.",4:07 PM.,"37,778.",9,0.0,1.0,0,6
745211,2024-08-28,R,2024,T-Mobile Park,Seattle Mariners,Tampa Bay Rays,6.0,2.0,622491.0,656876.0,Ryan Blakney,Jim Wolf,"61 degrees, Sunny.","4 mph, Out To RF.",1:11 PM.,"35,131.",9,0.0,0.0,5,1
746755,2024-08-28,R,2024,Guaranteed Rate Field,Chicago White Sox,Texas Rangers,1.0,3.0,676979.0,571760.0,Chad Whitson,Adam Beck,"77 degrees, Cloudy.","3 mph, L To R.",7:10 PM.,,9,0.0,1.0,1,1
746430,2024-08-28,R,2024,Comerica Park,Detroit Tigers,Los Angeles Angels,3.0,2.0,669438.0,656288.0,Laz Diaz,Charlie Ramos,"79 degrees, Cloudy.","9 mph, Out To RF.",8:30 PM.,"16,303.",9,0.0,0.0,3,0
746672,2024-08-28,R,2024,Great American Ball Park,Cincinnati Reds,Oakland Athletics,6.0,9.0,518585.0,674370.0,Carlos Torres,Chad Fairchild,"88 degrees, Partly Cloudy.","6 mph, Out To LF.",6:42 PM.,"12,065.",9,0.0,1.0,0,2
744809,2024-08-28,R,2024,Nationals Park,Washington Nationals,New York Yankees,5.0,2.0,669022.0,607074.0,Tony Randazzo,Alex Tosi,"98 degrees, Partly Cloudy.","5 mph, Out To RF.",6:46 PM.,"30,190.",9,2.0,0.0,5,2
746913,2024-08-28,R,2024,Fenway Park,Boston Red Sox,Toronto Blue Jays,3.0,0.0,678394.0,605135.0,Brennan Miller,Chris Conroy,"87 degrees, Clear.","7 mph, In From CF.",7:12 PM.,"32,809.",9,1.0,0.0,1,0
745866,2024-08-28,R,2024,Target Field,Minnesota Twins,Atlanta Braves,1.0,5.0,701581.0,519242.0,Jeremie Rehak,Bruce Dreckman,"75 degrees, Partly Cloudy.","7 mph, In From CF.",6:41 PM.,"19,142.",9,0.0,1.0,0,1
745134,2024-08-28,R,2024,Busch Stadium,St. Louis Cardinals,San Diego Padres,4.0,3.0,669467.0,605397.0,Junior Valentine,Ramon De Jesus,"87 degrees, Cloudy.","5 mph, In From LF.",6:46 PM.,"30,999.",9,0.0,2.0,3,2
746752,2024-08-28,R,2024,Guaranteed Rate Field,Chicago White Sox,Texas Rangers,3.0,4.0,641582.0,683004.0,Adam Beck,Dan Iassogna,"78 degrees, Partly Cloudy.","3 mph, Varies.",7:22 PM.,"11,285.",9,2.0,0.0,3,3
745943,2024-08-28,R,2024,American Family Field,Milwaukee Brewers,San Francisco Giants,5.0,3.0,642547.0,690986.0,Stu Scheurwater,Mark Carlson,"78 degrees, Roof Closed.","2 mph, Calm.",7:10 PM.,"23,247.",9,0.0,0.0,5,0
746512,2024-08-28,R,2024,Coors Field,Colorado Rockies,Miami Marlins,8.0,2.0,607536.0,676974.0,Rob Drake,D.J. Reyburn,"92 degrees, Partly Cloudy.","8 mph, Out To LF.",6:39 PM.,"20,526.",9,0.0,0.0,3,2
747161,2024-08-28,R,2024,Chase Field,Arizona Diamondbacks,New York Mets,8.0,5.0,593958.0,622663.0,Sean Barber,Bill Miller,"74 degrees, Roof Closed.","0 mph, None.",6:40 PM.,"27,059.",9,0.0,0.0,4,4
746103,2024-08-28,R,2024,Dodger Stadium,Los Angeles Dodgers,Baltimore Orioles,6.0,4.0,621111.0,669203.0,John Bacon,Mike Muchlinski,"70 degrees, Clear.","7 mph, Out To RF.",7:10 PM.,"53,290.",9,1.0,0.0,6,4
746432,2024-08-29,R,2024,Comerica Park,Detroit Tigers,Los Angeles Angels,0.0,3.0,672456.0,686799.0,Charlie Ramos,Tripp Gibson,"72 degrees, Overcast.","4 mph, R To L.",1:10 PM.,"16,119.",9,0.0,0.0,0,3
746748,2024-08-29,R,2024,Guaranteed Rate Field,Chicago White Sox,Texas Rangers,1.0,2.0,680897.0,543135.0,Dan Iassogna,CB Bucknor,"81 degrees, Sunny.","6 mph, Out To RF.",1:09 PM.,"10,402.",9,0.0,0.0,0,1
745945,2024-08-29,R,2024,American Family Field,Milwaukee Brewers,San Francisco Giants,6.0,0.0,650644.0,806185.0,Mark Carlson,Ben May,"74 degrees, Overcast.","6 mph, In From LF.",1:12 PM.,"30,920.",9,0.0,0.0,6,0
745135,2024-08-29,R,2024,Busch Stadium,St. Louis Cardinals,San Diego Padres,4.0,1.0,543243.0,650633.0,Ramon De Jesus,Quinn Wolcott,"92 degrees, Sunny.","5 mph, R To L.",1:17 PM.,"26,553.",9,0.0,0.0,2,1
746514,2024-08-29,R,2024,Coors Field,Colorado Rockies,Miami Marlins,8.0,12.0,687134.0,678368.0,D.J. Reyburn,John Libka,"82 degrees, Sunny.","4 mph, R To L.",1:11 PM.,"20,949.",9,0.0,0.0,6,8
747159,2024-08-29,R,2024,Chase Field,Arizona Diamondbacks,New York Mets,2.0,3.0,669194.0,656849.0,Bill Miller,Malachi Moore,"78 degrees, Roof Closed.","0 mph, None.",12:40 PM.,"18,425.",9,0.0,0.0,2,1
746670,2024-08-29,R,2024,Great American Ball Park,Cincinnati Reds,Oakland Athletics,10.0,9.0,687924.0,669372.0,Chad Fairchild,Brian Walsh,"92 degrees, Partly Cloudy.","5 mph, Out To CF.",5:12 PM.,"36,098.",9,0.0,2.0,4,6
745531,2024-08-29,R,2024,Citizens Bank Park,Philadelphia Phillies,Atlanta Braves,5.0,4.0,650911.0,450203.0,Vic Carapazza,Paul Clemons,"81 degrees, Cloudy.","13 mph, R To L.",6:42 PM.,"40,451.",9,0.0,0.0,0,3
746914,2024-08-29,R,2024,Fenway Park,Boston Red Sox,Toronto Blue Jays,0.0,2.0,676710.0,670102.0,Chris Conroy,Shane Livensparger,"66 degrees, Clear.","2 mph, Out To CF.",7:11 PM.,"31,712.",9,0.0,0.0,0,1
746352,2024-08-29,R,2024,Minute Maid Park,Houston Astros,Kansas City Royals,6.0,3.0,686613.0,663903.0,Alex Tosi,Dan Bellino,"73 degrees, Roof Closed.","0 mph, None.",7:10 PM.,"32,070.",9,0.0,0.0,2,0
746102,2024-08-29,R,2024,Dodger Stadium,Los Angeles Dodgers,Baltimore Orioles,6.0,3.0,676272.0,700249.0,Mike Muchlinski,Andy Fletcher,"71 degrees, Clear.","8 mph, Out To RF.",7:09 PM.,"53,203.",9,0.0,0.0,5,3
746730,2024-08-30,R,2024,Great American Ball Park,Cincinnati Reds,Milwaukee Brewers,4.0,5.0,607259.0,607067.0,Bruce Dreckman,Tom Hanahan,"92 degrees, Sunny.","5 mph, Varies.",12:41 PM.,"14,436.",10,1.0,0.0,4,4
746665,2024-08-30,R,2024,Great American Ball Park,Cincinnati Reds,Milwaukee Brewers,0.0,14.0,695076.0,669084.0,Mark Wegner,Clint Vondrak,"90 degrees, Partly Cloudy.","6 mph, R To L.",6:41 PM.,"22,488.",9,0.0,0.0,0,1
746433,2024-08-30,R,2024,Comerica Park,Detroit Tigers,Boston Red Sox,5.0,7.0,663554.0,656557.0,Dan Merzel,Jordan Baker,"91 degrees, Clear.","11 mph, In From RF.",6:40 PM.,"25,207.",10,0.0,1.0,0,3
745533,2024-08-30,R,2024,Citizens Bank Park,Philadelphia Phillies,Atlanta Braves,2.0,7.0,624133.0,625643.0,Paul Clemons,Adam Hamari,"74 degrees, Overcast.","8 mph, R To L.",6:41 PM.,"40,193.",9,0.0,0.0,1,4
744810,2024-08-30,R,2024,Nationals Park,Washington Nationals,Chicago Cubs,6.0,7.0,663623.0,684007.0,Mike Estabrook,Laz Diaz,"73 degrees, Overcast.","2 mph, R To L.",6:46 PM.,"28,792.",9,2.0,0.0,3,7
745052,2024-08-30,R,2024,Tropicana Field,Tampa Bay Rays,San Diego Padres,5.0,13.0,671737.0,527048.0,Hunter Wendelstedt,John Tumpane,"72 degrees, Dome.","0 mph, None.",6:50 PM.,"17,547.",9,0.0,3.0,4,10
745700,2024-08-30,R,2024,Yankee Stadium,New York Yankees,St. Louis Cardinals,6.0,3.0,573186.0,607200.0,CB Bucknor,Ben May,"71 degrees, Cloudy.","10 mph, In From CF.",7:09 PM.,"47,103.",9,0.0,0.0,4,2
746593,2024-08-30,R,2024,Progressive Field,Cleveland Guardians,Pittsburgh Pirates,10.0,8.0,594902.0,663559.0,Brian Walsh,Ryan Wills,"84 degrees, Partly Cloudy.","4 mph, L To R.",7:10 PM.,"32,132.",9,2.0,0.0,8,6
744969,2024-08-30,R,2024,Globe Life Field,Texas Rangers,Oakland Athletics,2.0,9.0,592351.0,676664.0,Shane Livensparger,Brian O'Nora,"74 degrees, Roof Closed.","0 mph, None.",7:07 PM.,"28,111.",9,0.0,1.0,1,4
746353,2024-08-30,R,2024,Minute Maid Park,Houston Astros,Kansas City Royals,3.0,2.0,664285.0,607625.0,Dan Bellino,Phil Cuzzi,"73 degrees, Roof Closed.","0 mph, None.",7:11 PM.,"37,279.",9,0.0,0.0,1,0
745862,2024-08-30,R,2024,Target Field,Minnesota Twins,Toronto Blue Jays,2.0,0.0,641154.0,592332.0,Lance Barksdale,Derek Thomas,"75 degrees, Clear.","7 mph, Out To CF.",7:11 PM.,"24,623.",9,0.0,0.0,2,0
746749,2024-08-30,R,2024,Guaranteed Rate Field,Chicago White Sox,New York Mets,1.0,5.0,686563.0,656731.0,John Libka,James Hoye,"80 degrees, Partly Cloudy.","8 mph, Out To CF.",7:10 PM.,"15,288.",9,1.0,0.0,1,4
746511,2024-08-30,R,2024,Coors Field,Colorado Rockies,Baltimore Orioles,3.0,5.0,596295.0,544150.0,Tripp Gibson,Emil Jimenez,"85 degrees, Clear.","10 mph, Out To LF.",6:40 PM.,"30,444.",9,0.0,0.0,2,3
746184,2024-08-30,R,2024,Angel Stadium,Los Angeles Angels,Seattle Mariners,5.0,9.0,691951.0,669923.0,Andy Fletcher,Jansen Visconti,"73 degrees, Clear.","10 mph, R To L.",6:39 PM.,"34,435.",9,2.0,5.0,4,7
747156,2024-08-30,R,2024,Chase Field,Arizona Diamondbacks,Los Angeles Dodgers,9.0,10.0,668678.0,477132.0,Quinn Wolcott,Adrian Johnson,"78 degrees, Roof Closed.","0 mph, None.",6:41 PM.,"46,606.",9,2.0,2.0,5,5
745299,2024-08-30,R,2024,Oracle Park,San Francisco Giants,Miami Marlins,3.0,1.0,605483.0,670124.0,Jim Wolf,Alan Porter,"63 degrees, Clear.","14 mph, Out To CF.",7:16 PM.,"33,606.",9,0.0,0.0,0,0
745699,2024-08-31,R,2024,Yankee Stadium,New York Yankees,St. Louis Cardinals,5.0,6.0,701542.0,502043.0,Ben May,Adam Beck,"74 degrees, Cloudy.","6 mph, R To L.",1:08 PM.,"41,454.",9,0.0,0.0,1,4
744808,2024-08-31,R,2024,Nationals Park,Washington Nationals,Chicago Cubs,3.0,5.0,687792.0,665871.0,Laz Diaz,Edwin Jimenez,"83 degrees, Cloudy.","5 mph, Out To CF.",4:05 PM.,"32,995.",9,0.0,0.0,3,4
745050,2024-08-31,R,2024,Tropicana Field,Tampa Bay Rays,San Diego Padres,11.0,4.0,669358.0,681190.0,John Tumpane,Jonathan Parra,"72 degrees, Dome.","0 mph, None.",4:12 PM.,"16,600.",9,1.0,2.0,9,2
746424,2024-08-31,R,2024,Comerica Park,Detroit Tigers,Boston Red Sox,2.0,1.0,669373.0,601713.0,Jordan Baker,Stu Scheurwater,"85 degrees, Partly Cloudy.","8 mph, Out To LF.",6:10 PM.,"34,355.",9,0.0,1.0,2,1
746590,2024-08-31,R,2024,Progressive Field,Cleveland Guardians,Pittsburgh Pirates,0.0,3.0,571510.0,682847.0,Ryan Wills,Carlos Torres,"76 degrees, Cloudy.","9 mph, In From CF.",6:10 PM.,"35,747.",9,0.0,0.0,0,1
744971,2024-08-31,R,2024,Globe Life Field,Texas Rangers,Oakland Athletics,3.0,2.0,674003.0,683155.0,Brian O'Nora,Brennan Miller,"74 degrees, Roof Closed.","0 mph, None.",6:08 PM.,"28,454.",9,0.0,0.0,2,1
746348,2024-08-31,R,2024,Minute Maid Park,Houston Astros,Kansas City Royals,5.0,2.0,579328.0,666142.0,Phil Cuzzi,Tony Randazzo,"73 degrees, Roof Closed.","0 mph, None.",6:10 PM.,"37,776.",9,0.0,0.0,0,0
745859,2024-08-31,R,2024,Target Field,Minnesota Twins,Toronto Blue Jays,0.0,15.0,805673.0,621244.0,Derek Thomas,Nic Lentz,"82 degrees, Clear.","13 mph, Out To LF.",6:11 PM.,"30,517.",9,0.0,7.0,0,11
746751,2024-08-31,R,2024,Guaranteed Rate Field,Chicago White Sox,New York Mets,3.0,5.0,663436.0,500779.0,James Hoye,Rob Drake,"82 degrees, Clear.","6 mph, In From CF.",6:10 PM.,"18,627.",9,0.0,3.0,2,4
745532,2024-08-31,R,2024,Citizens Bank Park,Philadelphia Phillies,Atlanta Braves,3.0,0.0,554430.0,608331.0,Adam Hamari,Edwin Moscoso,"80 degrees, Cloudy.","8 mph, Out To RF.",7:16 PM.,"42,730.",9,0.0,0.0,1,0
746667,2024-08-31,R,2024,Great American Ball Park,Cincinnati Reds,Milwaukee Brewers,4.0,5.0,518585.0,593423.0,Clint Vondrak,Jeremie Rehak,"79 degrees, Cloudy.","5 mph, Out To CF.",7:17 PM.,"27,881.",9,0.0,0.0,2,3
746507,2024-08-31,R,2024,Coors Field,Colorado Rockies,Baltimore Orioles,7.0,5.0,663372.0,665152.0,Emil Jimenez,Bill Miller,"89 degrees, Clear.","9 mph, In From CF.",6:11 PM.,"38,166.",9,0.0,0.0,5,5
747158,2024-08-31,R,2024,Chase Field,Arizona Diamondbacks,Los Angeles Dodgers,6.0,8.0,518876.0,694813.0,Adrian Johnson,Junior Valentine,"78 degrees, Roof Closed.","0 mph, None.",5:10 PM.,"50,041.",9,4.0,3.0,5,6
745296,2024-08-31,R,2024,Oracle Park,San Francisco Giants,Miami Marlins,3.0,4.0,696131.0,665795.0,Alan Porter,Jacob Metz,"66 degrees, Clear.","14 mph, Varies.",6:06 PM.,"36,087.",9,0.0,0.0,1,2
746182,2024-08-31,R,2024,Angel Stadium,Los Angeles Angels,Seattle Mariners,5.0,4.0,542881.0,693433.0,Jansen Visconti,John Bacon,"77 degrees, Clear.","7 mph, Out To LF.",6:38 PM.,"34,253.",9,0.0,0.0,1,4
746669,2024-09-01,R,2024,Great American Ball Park,Cincinnati Reds,Milwaukee Brewers,4.0,3.0,682227.0,668964.0,Jeremie Rehak,Bruce Dreckman,"81 degrees, Partly Cloudy.","6 mph, Out To CF.",12:12 PM.,"26,457.",11,0.0,0.0,3,3
744806,2024-09-01,R,2024,Nationals Park,Washington Nationals,Chicago Cubs,1.0,14.0,680730.0,696136.0,Edwin Jimenez,Erich Bacchus,"81 degrees, Cloudy.","5 mph, Out To LF.",1:35 PM.,"31,086.",9,0.0,0.0,1,4
745701,2024-09-01,R,2024,Yankee Stadium,New York Yankees,St. Louis Cardinals,7.0,14.0,641482.0,571945.0,Adam Beck,Dan Iassogna,"78 degrees, Cloudy.","8 mph, In From RF.",1:39 PM.,"42,768.",9,0.0,0.0,5,7
746426,2024-09-01,R,2024,Comerica Park,Detroit Tigers,Boston Red Sox,4.0,1.0,689225.0,681867.0,Stu Scheurwater,Chris Guccione,"80 degrees, Partly Cloudy.","9 mph, Out To CF.",1:41 PM.,"30,173.",9,0.0,0.0,2,1
746592,2024-09-01,R,2024,Progressive Field,Cleveland Guardians,Pittsburgh Pirates,6.0,1.0,502171.0,656605.0,Carlos Torres,Chad Fairchild,"78 degrees, Sunny.","8 mph, In From CF.",1:40 PM.,"33,750.",9,2.0,0.0,3,0
745048,2024-09-01,R,2024,Tropicana Field,Tampa Bay Rays,San Diego Padres,3.0,4.0,686752.0,656302.0,Jonathan Parra,Marvin Hudson,"72 degrees, Dome.","0 mph, None.",2:08 PM.,"17,494.",9,0.0,0.0,0,3
746347,2024-09-01,R,2024,Minute Maid Park,Houston Astros,Kansas City Royals,7.0,2.0,669854.0,679525.0,Tony Randazzo,Alex Tosi,"73 degrees, Roof Closed.","0 mph, None.",1:10 PM.,"40,229.",9,0.0,0.0,3,0
745861,2024-09-01,R,2024,Target Field,Minnesota Twins,Toronto Blue Jays,4.0,3.0,641927.0,684320.0,Nic Lentz,Will Little,"69 degrees, Sunny.","10 mph, L To R.",1:11 PM.,"32,774.",9,0.0,1.0,0,1
746750,2024-09-01,R,2024,Guaranteed Rate Field,Chicago White Sox,New York Mets,0.0,2.0,676979.0,640455.0,Rob Drake,D.J. Reyburn,"73 degrees, Sunny.","12 mph, L To R.",1:10 PM.,"16,887.",9,0.0,0.0,0,1
744970,2024-09-01,R,2024,Globe Life Field,Texas Rangers,Oakland Athletics,6.0,4.0,679156.0,687765.0,Brennan Miller,Chris Conroy,"74 degrees, Roof Closed.","0 mph, None.",1:36 PM.,"33,309.",10,1.0,0.0,2,1
746505,2024-09-01,R,2024,Coors Field,Colorado Rockies,Baltimore Orioles,1.0,6.0,621389.0,621107.0,Bill Miller,Malachi Moore,"82 degrees, Sunny.","4 mph, Out To LF.",1:10 PM.,"32,961.",9,0.0,1.0,0,5
745292,2024-09-01,R,2024,Oracle Park,San Francisco Giants,Miami Marlins,5.0,7.0,657277.0,670766.0,Jacob Metz,Ryan Blakney,"69 degrees, Sunny.","15 mph, Varies.",1:07 PM.,"41,187.",9,1.0,0.0,5,4
746183,2024-09-01,R,2024,Angel Stadium,Los Angeles Angels,Seattle Mariners,3.0,2.0,702674.0,682243.0,John Bacon,Mike Muchlinski,"83 degrees, Sunny.","5 mph, Out To LF.",1:08 PM.,"39,370.",9,1.0,0.0,3,2
747157,2024-09-01,R,2024,Chase Field,Arizona Diamondbacks,Los Angeles Dodgers,14.0,3.0,694297.0,680736.0,Junior Valentine,Ramon De Jesus,"78 degrees, Roof Closed.","0 mph, None.",1:10 PM.,"46,278.",9,0.0,0.0,9,1
745536,2024-09-01,R,2024,Citizens Bank Park,Philadelphia Phillies,Atlanta Braves,3.0,2.0,605400.0,680885.0,Edwin Moscoso,Vic Carapazza,"83 degrees, Partly Cloudy.","10 mph, Out To RF.",7:10 PM.,"43,249.",11,0.0,0.0,0,2
745947,2024-09-02,R,2024,American Family Field,Milwaukee Brewers,St. Louis Cardinals,9.0,3.0,642547.0,669467.0,Alfonso Márquez,Lance Barrett,"72 degrees, Partly Cloudy.","5 mph, In From LF.",1:10 PM.,"41,731.",9,3.0,0.0,5,2
746992,2024-09-02,R,2024,Oriole Park at Camden Yards,Baltimore Orioles,Chicago White Sox,13.0,3.0,669203.0,623167.0,Marvin Hudson,Hunter Wendelstedt,"81 degrees, Sunny.","8 mph, In From LF.",3:07 PM.,"35,906.",9,1.0,2.0,5,2
746668,2024-09-02,R,2024,Great American Ball Park,Cincinnati Reds,Houston Astros,5.0,3.0,687924.0,434378.0,Chris Conroy,Shane Livensparger,"79 degrees, Sunny.","11 mph, Out To CF.",4:12 PM.,"24,606.",9,2.0,0.0,5,2
746265,2024-09-02,R,2024,Kauffman Stadium,Kansas City Royals,Cleveland Guardians,2.0,4.0,608379.0,668909.0,Will Little,Nestor Ceja,"78 degrees, Sunny.","6 mph, L To R.",3:11 PM.,"30,612.",9,0.0,0.0,1,2
747155,2024-09-02,R,2024,Chase Field,Arizona Diamondbacks,Los Angeles Dodgers,6.0,11.0,593958.0,656427.0,Ramon De Jesus,Quinn Wolcott,"76 degrees, Roof Closed.","0 mph, None.",1:10 PM.,"43,747.",9,0.0,0.0,1,3
745373,2024-09-02,R,2024,Petco Park,San Diego Padres,Detroit Tigers,3.0,0.0,605397.0,663947.0,Alex Tosi,Dan Bellino,"77 degrees, Sunny.","8 mph, L To R.",3:42 PM.,"44,957.",9,0.0,0.0,1,0
745046,2024-09-02,R,2024,Tropicana Field,Tampa Bay Rays,Minnesota Twins,4.0,5.0,641793.0,680573.0,Vic Carapazza,Paul Clemons,"72 degrees, Dome.","0 mph, None.",6:50 PM.,"11,636.",9,2.0,1.0,3,4
745619,2024-09-02,R,2024,Oakland Coliseum,Oakland Athletics,Seattle Mariners,5.0,4.0,674370.0,669302.0,Cory Blaser,Manny Gonzalez,"73 degrees, Sunny.","14 mph, Out To RF.",4:07 PM.,"12,167.",9,0.0,2.0,4,3
745779,2024-09-02,R,2024,Citi Field,New York Mets,Boston Red Sox,4.0,1.0,622663.0,678394.0,Larry Vanover,Chris Segal,"75 degrees, Clear.","11 mph, L To R.",7:10 PM.,"35,064.",9,0.0,0.0,4,1
746833,2024-09-02,R,2024,Wrigley Field,Chicago Cubs,Pittsburgh Pirates,3.0,5.0,592791.0,683003.0,Malachi Moore,Doug Eddings,"70 degrees, Clear.","8 mph, In From RF.",6:40 PM.,"33,583.",9,0.0,0.0,3,0
744972,2024-09-02,R,2024,Globe Life Field,Texas Rangers,New York Yankees,4.0,8.0,683004.0,543037.0,Bruce Dreckman,Mark Wegner,"74 degrees, Roof Closed.","0 mph, None.",7:08 PM.,"36,815.",9,0.0,0.0,1,2
746991,2024-09-03,R,2024,Oriole Park at Camden Yards,Baltimore Orioles,Chicago White Sox,9.0,0.0,700249.0,680897.0,Hunter Wendelstedt,Charlie Ramos,"73 degrees, Clear.","6 mph, In From CF.",6:36 PM.,"15,108.",9,3.0,0.0,9,0
746020,2024-09-03,R,2024,loanDepot park,Miami Marlins,Washington Nationals,2.0,6.0,676974.0,571578.0,Mike Estabrook,Dan Merzel,"72 degrees, Roof Closed.","0 mph, None.",6:40 PM.,"6,854.",9,0.0,0.0,1,4
745047,2024-09-03,R,2024,Tropicana Field,Tampa Bay Rays,Minnesota Twins,2.0,1.0,605488.0,701581.0,Paul Clemons,Roberto Ortiz,"72 degrees, Dome.","0 mph, None.",6:50 PM.,"10,531.",9,0.0,0.0,2,1
744891,2024-09-03,R,2024,Rogers Centre,Toronto Blue Jays,Philadelphia Phillies,9.0,10.0,605135.0,663969.0,Sean Barber,Ryan Blakney,"69 degrees, Clear.","14 mph, Out To CF.",7:07 PM.,"23,796.",9,6.0,1.0,6,4
745778,2024-09-03,R,2024,Citi Field,New York Mets,Boston Red Sox,7.0,2.0,656849.0,676710.0,Chris Segal,Nate Tomlinson,"71 degrees, Clear.","2 mph, In From LF.",7:10 PM.,"29,400.",9,0.0,0.0,2,1
747079,2024-09-03,R,2024,Truist Park,Atlanta Braves,Colorado Rockies,3.0,0.0,519242.0,607536.0,Mike Muchlinski,Andy Fletcher,"82 degrees, Clear.","8 mph, L To R.",7:21 PM.,"32,672.",9,0.0,0.0,2,0
746264,2024-09-03,R,2024,Kauffman Stadium,Kansas City Royals,Cleveland Guardians,1.0,7.0,663903.0,676440.0,Nestor Ceja,Derek Thomas,"79 degrees, Clear.","4 mph, R To L.",6:40 PM.,"14,813.",9,0.0,0.0,0,2
746834,2024-09-03,R,2024,Wrigley Field,Chicago Cubs,Pittsburgh Pirates,0.0,5.0,543294.0,694973.0,Doug Eddings,Emil Jimenez,"72 degrees, Clear.","7 mph, In From RF.",6:40 PM.,"29,450.",9,0.0,0.0,0,2
745944,2024-09-03,R,2024,American Family Field,Milwaukee Brewers,St. Louis Cardinals,4.0,7.0,650644.0,571927.0,Lance Barrett,Jeremy Riggs,"73 degrees, Clear.","9 mph, In From RF.",6:41 PM.,"20,027.",12,0.0,2.0,3,3
744968,2024-09-03,R,2024,Globe Life Field,Texas Rangers,New York Yankees,7.0,4.0,571760.0,607074.0,Mark Wegner,Clint Vondrak,"74 degrees, Roof Closed.","0 mph, None.",7:07 PM.,"29,356.",9,0.0,0.0,1,0
746185,2024-09-03,R,2024,Angel Stadium,Los Angeles Angels,Los Angeles Dodgers,2.0,6.0,672282.0,621111.0,Brock Ballou,Adrian Johnson,"82 degrees, Clear.","6 mph, Out To CF.",6:39 PM.,"44,731.",10,0.0,0.0,2,2
745615,2024-09-03,R,2024,Oakland Coliseum,Oakland Athletics,Seattle Mariners,3.0,2.0,669372.0,622491.0,Manny Gonzalez,Tom Hanahan,"80 degrees, Clear.","6 mph, Varies.",6:40 PM.,"3,924.",9,1.0,2.0,2,2
745293,2024-09-03,R,2024,Oracle Park,San Francisco Giants,Arizona Diamondbacks,7.0,8.0,690986.0,669194.0,Chris Guccione,Quinn Wolcott,"74 degrees, Clear.","11 mph, Out To CF.",6:44 PM.,"23,545.",9,1.0,3.0,1,7
744887,2024-09-04,R,2024,Rogers Centre,Toronto Blue Jays,Philadelphia Phillies,2.0,4.0,670102.0,650911.0,Ryan Blakney,Jim Wolf,"74 degrees, Sunny.","9 mph, Out To RF.",3:08 PM.,"23,768.",9,2.0,1.0,2,3
746990,2024-09-04,R,2024,Oriole Park at Camden Yards,Baltimore Orioles,Chicago White Sox,1.0,8.0,544150.0,686563.0,Charlie Ramos,John Tumpane,"77 degrees, Partly Cloudy.","5 mph, R To L.",6:37 PM.,"17,843.",9,1.0,1.0,1,6
746666,2024-09-04,R,2024,Great American Ball Park,Cincinnati Reds,Houston Astros,12.0,5.0,607259.0,681293.0,Shane Livensparger,Brian O'Nora,"84 degrees, Partly Cloudy.","6 mph, In From LF.",6:42 PM.,"17,865.",9,9.0,0.0,12,1
746019,2024-09-04,R,2024,loanDepot park,Miami Marlins,Washington Nationals,4.0,3.0,678368.0,669022.0,Dan Merzel,Jordan Baker,"72 degrees, Roof Closed.","0 mph, None.",6:40 PM.,"6,156.",10,0.0,0.0,0,0
745045,2024-09-04,R,2024,Tropicana Field,Tampa Bay Rays,Minnesota Twins,9.0,4.0,642121.0,678692.0,Roberto Ortiz,Edwin Moscoso,"72 degrees, Dome.","0 mph, None.",6:51 PM.,"11,513.",9,0.0,0.0,8,0
745776,2024-09-04,R,2024,Citi Field,New York Mets,Boston Red Sox,8.0,3.0,656731.0,656557.0,Nate Tomlinson,David Rackley,"72 degrees, Clear.","6 mph, Out To LF.",7:13 PM.,"26,270.",9,4.0,0.0,4,3
747075,2024-09-04,R,2024,Truist Park,Atlanta Braves,Colorado Rockies,5.0,2.0,450203.0,687134.0,Andy Fletcher,Jansen Visconti,"80 degrees, Partly Cloudy.","9 mph, Out To RF.",7:21 PM.,"36,859.",9,4.0,0.0,4,2
746262,2024-09-04,R,2024,Kauffman Stadium,Kansas City Royals,Cleveland Guardians,4.0,1.0,607625.0,594902.0,Derek Thomas,Nic Lentz,"82 degrees, Clear.","1 mph, Calm.",6:40 PM.,"14,094.",9,0.0,0.0,4,1
746835,2024-09-04,R,2024,Wrigley Field,Chicago Cubs,Pittsburgh Pirates,12.0,0.0,684007.0,593334.0,Emil Jimenez,Bill Miller,"73 degrees, Clear.","3 mph, L To R.",6:40 PM.,"30,369.",9,1.0,0.0,9,0
745938,2024-09-04,R,2024,American Family Field,Milwaukee Brewers,St. Louis Cardinals,2.0,3.0,607067.0,543243.0,Jeremy Riggs,Mark Ripperger,"76 degrees, Clear.","6 mph, In From RF.",6:40 PM.,"20,027.",10,0.0,2.0,0,2
744964,2024-09-04,R,2024,Globe Life Field,Texas Rangers,New York Yankees,10.0,6.0,543135.0,573186.0,Clint Vondrak,Alex MacKay,"74 degrees, Roof Closed.","0 mph, None.",7:09 PM.,"32,223.",9,1.0,0.0,5,2
746178,2024-09-04,R,2024,Angel Stadium,Los Angeles Angels,Los Angeles Dodgers,10.0,1.0,656288.0,676272.0,Adrian Johnson,Junior Valentine,"93 degrees, Clear.","6 mph, Out To CF.",6:40 PM.,"44,822.",9,5.0,0.0,7,0
745370,2024-09-04,R,2024,Petco Park,San Diego Padres,Detroit Tigers,6.0,5.0,506433.0,672456.0,Dan Bellino,Phil Cuzzi,"80 degrees, Clear.","8 mph, L To R.",6:42 PM.,"41,669.",10,0.0,1.0,5,5
745614,2024-09-04,R,2024,Oakland Coliseum,Oakland Athletics,Seattle Mariners,3.0,16.0,676664.0,669923.0,Tom Hanahan,Todd Tichenor,"72 degrees, Clear.","16 mph, Out To RF.",6:40 PM.,"4,390.",9,1.0,0.0,1,5
745290,2024-09-04,R,2024,Oracle Park,San Francisco Giants,Arizona Diamondbacks,4.0,6.0,806185.0,668678.0,Quinn Wolcott,Ryan Additon,"71 degrees, Partly Cloudy.","13 mph, Out To CF.",6:45 PM.,"22,855.",9,0.0,1.0,0,3
746664,2024-09-05,R,2024,Great American Ball Park,Cincinnati Reds,Houston Astros,1.0,0.0,695076.0,686613.0,Brian O'Nora,Brennan Miller,"85 degrees, Sunny.","2 mph, In From RF.",1:10 PM.,"16,126.",9,0.0,0.0,0,0
745042,2024-09-05,R,2024,Tropicana Field,Tampa Bay Rays,Minnesota Twins,3.0,4.0,671737.0,641154.0,Edwin Moscoso,Vic Carapazza,"72 degrees, Dome.","0 mph, None.",1:10 PM.,"10,584.",9,0.0,0.0,2,4
745612,2024-09-05,R,2024,Oakland Coliseum,Oakland Athletics,Seattle Mariners,4.0,6.0,683155.0,693433.0,Todd Tichenor,Cory Blaser,"76 degrees, Sunny.","9 mph, Varies.",12:37 PM.,"5,581.",9,0.0,2.0,2,4
745289,2024-09-05,R,2024,Oracle Park,San Francisco Giants,Arizona Diamondbacks,3.0,2.0,605483.0,518876.0,Ryan Additon,Gabe Morales,"70 degrees, Sunny.","5 mph, Out To CF.",12:45 PM.,"27,871.",9,0.0,2.0,2,2
745451,2024-09-05,R,2024,PNC Park,Pittsburgh Pirates,Washington Nationals,9.0,4.0,663559.0,663623.0,John Tumpane,Marvin Hudson,"81 degrees, Clear.","7 mph, Out To RF.",6:42 PM.,"10,155.",9,0.0,3.0,6,3
746021,2024-09-05,R,2024,loanDepot park,Miami Marlins,Philadelphia Phillies,2.0,5.0,670124.0,624133.0,David Rackley,Larry Vanover,"72 degrees, Roof Closed.","0 mph, None.",6:41 PM.,"9,355.",9,0.0,1.0,0,1
747073,2024-09-05,R,2024,Truist Park,Atlanta Braves,Colorado Rockies,1.0,3.0,625643.0,596295.0,Jansen Visconti,John Bacon,"81 degrees, Partly Cloudy.","8 mph, L To R.",7:21 PM.,"32,811.",9,1.0,0.0,1,1
744966,2024-09-05,R,2024,Globe Life Field,Texas Rangers,Los Angeles Angels,3.0,1.0,674003.0,686799.0,Jim Wolf,Alan Porter,"74 degrees, Roof Closed.","0 mph, None.",7:08 PM.,"22,926.",9,3.0,0.0,3,1
745369,2024-09-05,R,2024,Petco Park,San Diego Padres,Detroit Tigers,3.0,4.0,527048.0,663554.0,Phil Cuzzi,Tony Randazzo,"85 degrees, Clear.","7 mph, L To R.",5:43 PM.,"40,221.",9,1.0,0.0,3,0
746832,2024-09-06,R,2024,Wrigley Field,Chicago Cubs,New York Yankees,0.0,3.0,696136.0,661563.0,Jordan Baker,Mark Carlson,"68 degrees, Partly Cloudy.","16 mph, L To R.",1:20 PM.,"40,101.",9,0.0,0.0,0,3
745941,2024-09-06,R,2024,American Family Field,Milwaukee Brewers,Colorado Rockies,2.0,3.0,593423.0,663372.0,Vic Carapazza,Paul Clemons,"72 degrees, Roof Closed.","2 mph, L To R.",5:12 PM.,"26,582.",9,0.0,0.0,1,0
746993,2024-09-06,R,2024,Oriole Park at Camden Yards,Baltimore Orioles,Tampa Bay Rays,2.0,0.0,665152.0,669358.0,Alex MacKay,Bruce Dreckman,"76 degrees, Partly Cloudy.","6 mph, Out To LF.",7:07 PM.,"25,439.",9,0.0,0.0,1,0
745777,2024-09-06,R,2024,Citi Field,New York Mets,Cincinnati Reds,6.0,4.0,640455.0,518585.0,Junior Valentine,Ramon De Jesus,"74 degrees, Clear.","6 mph, Out To LF.",7:10 PM.,"25,335.",10,2.0,0.0,2,2
746912,2024-09-06,R,2024,Fenway Park,Boston Red Sox,Chicago White Sox,3.0,1.0,601713.0,663436.0,John Bacon,Mike Muchlinski,"71 degrees, Partly Cloudy.","4 mph, Out To LF.",7:11 PM.,"32,625.",9,0.0,0.0,1,1
746016,2024-09-06,R,2024,loanDepot park,Miami Marlins,Philadelphia Phillies,2.0,16.0,685116.0,554430.0,Larry Vanover,Chris Segal,"72 degrees, Roof Closed.","0 mph, None.",7:10 PM.,"15,963.",9,0.0,3.0,1,10
747074,2024-09-06,R,2024,Truist Park,Atlanta Braves,Toronto Blue Jays,3.0,1.0,608331.0,592332.0,Bill Miller,Malachi Moore,"72 degrees, Overcast.","1 mph, L To R.",7:20 PM.,"37,230.",9,0.0,0.0,3,1
744967,2024-09-06,R,2024,Globe Life Field,Texas Rangers,Los Angeles Angels,1.0,5.0,642520.0,691951.0,Alan Porter,Sean Barber,"74 degrees, Roof Closed.","0 mph, None.",7:07 PM.,"31,014.",9,0.0,0.0,0,2
746343,2024-09-06,R,2024,Minute Maid Park,Houston Astros,Arizona Diamondbacks,8.0,0.0,664285.0,694297.0,Mark Ripperger,Alfonso Márquez,"73 degrees, Roof Closed.","0 mph, None.",7:12 PM.,"34,218.",9,0.0,0.0,4,0
746257,2024-09-06,R,2024,Kauffman Stadium,Kansas City Royals,Minnesota Twins,5.0,0.0,666142.0,805673.0,Brennan Miller,Chris Conroy,"76 degrees, Clear.","16 mph, L To R.",7:10 PM.,"19,484.",9,0.0,0.0,4,0
745131,2024-09-06,R,2024,Busch Stadium,St. Louis Cardinals,Seattle Mariners,1.0,6.0,607200.0,682243.0,Nic Lentz,Will Little,"76 degrees, Partly Cloudy.","15 mph, In From LF.",7:15 PM.,"37,476.",9,0.0,0.0,0,1
745611,2024-09-06,R,2024,Oakland Coliseum,Oakland Athletics,Detroit Tigers,7.0,6.0,687765.0,669373.0,Gabe Morales,Chris Guccione,"73 degrees, Clear.","7 mph, Varies.",6:41 PM.,"14,669.",13,0.0,0.0,1,1
745371,2024-09-06,R,2024,Petco Park,San Diego Padres,San Francisco Giants,5.0,1.0,650633.0,696131.0,Cory Blaser,Manny Gonzalez,"79 degrees, Partly Cloudy.","8 mph, L To R.",6:41 PM.,"42,595.",9,3.0,0.0,4,0
746104,2024-09-06,R,2024,Dodger Stadium,Los Angeles Dodgers,Cleveland Guardians,1.0,3.0,689017.0,571510.0,Tony Randazzo,Alex Tosi,"87 degrees, Clear.","8 mph, Out To CF.",7:10 PM.,"45,318.",9,0.0,0.0,0,0
745455,2024-09-06,R,2024,PNC Park,Pittsburgh Pirates,Washington Nationals,,,682847.0,687792.0,Hunter Wendelstedt,James Jean,"66 degrees, Partly Cloudy.","10 mph, L To R.",1:35 PM.,"13,687.",9,0.0,0.0,0,2
745455,2024-09-07,R,2024,PNC Park,Pittsburgh Pirates,Washington Nationals,3.0,5.0,682847.0,687792.0,Hunter Wendelstedt,James Jean,"66 degrees, Partly Cloudy.","10 mph, L To R.",1:35 PM.,"13,687.",9,0.0,0.0,0,2
745456,2024-09-07,R,2024,PNC Park,Pittsburgh Pirates,Washington Nationals,6.0,8.0,656605.0,680730.0,Charlie Ramos,Edwin Jimenez,"65 degrees, Partly Cloudy.","14 mph, Out To CF.",6:44 PM.,"18,937.",9,2.0,0.0,4,2
746829,2024-09-07,R,2024,Wrigley Field,Chicago Cubs,New York Yankees,0.0,2.0,665871.0,657376.0,Mark Carlson,Brian Walsh,"63 degrees, Partly Cloudy.","8 mph, In From LF.",1:20 PM.,"40,080.",9,0.0,1.0,0,1
746986,2024-09-07,R,2024,Oriole Park at Camden Yards,Baltimore Orioles,Tampa Bay Rays,1.0,7.0,621107.0,686752.0,Bruce Dreckman,Mark Wegner,"68 degrees, Overcast.","3 mph, L To R.",4:32 PM.,"34,256.",9,0.0,1.0,0,2
745613,2024-09-07,R,2024,Oakland Coliseum,Oakland Athletics,Detroit Tigers,1.0,2.0,669620.0,669724.0,Chris Guccione,Quinn Wolcott,"74 degrees, Sunny.","10 mph, Out To RF.",1:07 PM.,"14,694.",9,0.0,0.0,1,0
746344,2024-09-07,R,2024,Minute Maid Park,Houston Astros,Arizona Diamondbacks,11.0,5.0,579328.0,593958.0,Alfonso Márquez,Lance Barrett,"73 degrees, Roof Closed.","0 mph, None.",3:10 PM.,"35,739.",9,0.0,0.0,5,3
745775,2024-09-07,R,2024,Citi Field,New York Mets,Cincinnati Reds,4.0,0.0,500779.0,596001.0,Ramon De Jesus,Brock Ballou,"65 degrees, Cloudy.","10 mph, L To R.",5:16 PM.,"34,048.",9,0.0,0.0,0,0
746018,2024-09-07,R,2024,loanDepot park,Miami Marlins,Philadelphia Phillies,9.0,5.0,670766.0,605400.0,Chris Segal,Nate Tomlinson,"72 degrees, Roof Closed.","0 mph, None.",4:11 PM.,"23,189.",9,2.0,1.0,5,3
744963,2024-09-07,R,2024,Globe Life Field,Texas Rangers,Los Angeles Angels,6.0,4.0,683004.0,542881.0,Sean Barber,Ryan Blakney,"85 degrees, Clear.","14 mph, In From CF.",6:08 PM.,"31,501.",9,0.0,2.0,2,2
745942,2024-09-07,R,2024,American Family Field,Milwaukee Brewers,Colorado Rockies,5.0,2.0,668964.0,621389.0,Paul Clemons,Roberto Ortiz,"64 degrees, Roof Closed.","0 mph, None.",6:11 PM.,"33,603.",9,2.0,0.0,5,1
745125,2024-09-07,R,2024,Busch Stadium,St. Louis Cardinals,Seattle Mariners,2.0,0.0,502043.0,669302.0,Will Little,Nestor Ceja,"73 degrees, Clear.","11 mph, L To R.",6:17 PM.,"38,532.",9,0.0,0.0,0,0
746259,2024-09-07,R,2024,Kauffman Stadium,Kansas City Royals,Minnesota Twins,4.0,2.0,679525.0,641927.0,Chris Conroy,Shane Livensparger,"75 degrees, Clear.","9 mph, R To L.",6:15 PM.,"29,160.",9,0.0,0.0,0,2
746911,2024-09-07,R,2024,Fenway Park,Boston Red Sox,Chicago White Sox,7.0,5.0,681867.0,676979.0,Mike Muchlinski,Andy Fletcher,"71 degrees, Cloudy.","5 mph, In From LF.",7:15 PM.,"31,691.",9,4.0,2.0,7,2
747076,2024-09-07,R,2024,Truist Park,Atlanta Braves,Toronto Blue Jays,5.0,9.0,680885.0,621244.0,Malachi Moore,Doug Eddings,"78 degrees, Partly Cloudy.","11 mph, Out To LF.",7:21 PM.,"38,276.",9,0.0,0.0,1,6
745372,2024-09-07,R,2024,Petco Park,San Diego Padres,San Francisco Giants,3.0,6.0,656302.0,657277.0,Manny Gonzalez,Tom Hanahan,"88 degrees, Clear.","6 mph, L To R.",5:41 PM.,"43,318.",9,2.0,0.0,3,4
746099,2024-09-07,R,2024,Dodger Stadium,Los Angeles Dodgers,Cleveland Guardians,7.0,2.0,518489.0,668909.0,Alex Tosi,Dan Bellino,"92 degrees, Partly Cloudy.","4 mph, L To R.",6:09 PM.,"48,690.",9,6.0,0.0,7,2
746989,2024-09-08,R,2024,Oriole Park at Camden Yards,Baltimore Orioles,Tampa Bay Rays,0.0,2.0,669203.0,641793.0,Mark Wegner,Clint Vondrak,"66 degrees, Sunny.","6 mph, Out To RF.",12:06 PM.,"29,519.",9,0.0,0.0,0,0
745453,2024-09-08,R,2024,PNC Park,Pittsburgh Pirates,Washington Nationals,7.0,3.0,683003.0,571578.0,Edwin Jimenez,Marvin Hudson,"66 degrees, Sunny.","9 mph, Out To CF.",1:35 PM.,"12,369.",9,4.0,1.0,6,2
747072,2024-09-08,R,2024,Truist Park,Atlanta Braves,Toronto Blue Jays,4.0,3.0,519242.0,684320.0,Doug Eddings,Emil Jimenez,"76 degrees, Partly Cloudy.","12 mph, L To R.",1:37 PM.,"36,394.",11,0.0,0.0,1,0
746910,2024-09-08,R,2024,Fenway Park,Boston Red Sox,Chicago White Sox,2.0,7.0,690916.0,623167.0,Andy Fletcher,Jansen Visconti,"69 degrees, Sunny.","11 mph, Out To RF.",1:36 PM.,"29,110.",9,0.0,0.0,1,0
745774,2024-09-08,R,2024,Citi Field,New York Mets,Cincinnati Reds,1.0,3.0,622663.0,687924.0,Brock Ballou,Adrian Johnson,"68 degrees, Sunny.","10 mph, Out To RF.",1:41 PM.,"28,142.",9,0.0,0.0,0,0
746017,2024-09-08,R,2024,loanDepot park,Miami Marlins,Philadelphia Phillies,10.0,1.0,665795.0,686751.0,Nate Tomlinson,David Rackley,"72 degrees, Roof Closed.","0 mph, None.",1:40 PM.,"15,202.",9,2.0,0.0,10,0
746258,2024-09-08,R,2024,Kauffman Stadium,Kansas City Royals,Minnesota Twins,2.0,0.0,608379.0,680573.0,Shane Livensparger,Brian O'Nora,"73 degrees, Sunny.","6 mph, R To L.",1:13 PM.,"26,477.",9,0.0,0.0,2,0
745940,2024-09-08,R,2024,American Family Field,Milwaukee Brewers,Colorado Rockies,1.0,4.0,642547.0,607536.0,Roberto Ortiz,Edwin Moscoso,"70 degrees, Partly Cloudy.","11 mph, In From RF.",1:11 PM.,"42,015.",9,1.0,0.0,1,4
745128,2024-09-08,R,2024,Busch Stadium,St. Louis Cardinals,Seattle Mariners,4.0,10.0,571945.0,622491.0,Nestor Ceja,Derek Thomas,"72 degrees, Sunny.","1 mph, In From RF.",1:16 PM.,"41,302.",9,0.0,5.0,2,9
746827,2024-09-08,R,2024,Wrigley Field,Chicago Cubs,New York Yankees,2.0,1.0,592791.0,543037.0,Brian Walsh,Dan Merzel,"70 degrees, Sunny.","8 mph, Out To RF.",1:20 PM.,"39,364.",9,2.0,0.0,2,1
744965,2024-09-08,R,2024,Globe Life Field,Texas Rangers,Los Angeles Angels,7.0,4.0,571760.0,702674.0,Ryan Blakney,Jim Wolf,"81 degrees, Sunny.","11 mph, Varies.",1:37 PM.,"32,240.",9,3.0,0.0,5,3
745616,2024-09-08,R,2024,Oakland Coliseum,Oakland Athletics,Detroit Tigers,1.0,9.0,669372.0,689225.0,Quinn Wolcott,Ryan Additon,"76 degrees, Sunny.","9 mph, Out To RF.",1:08 PM.,"11,250.",9,0.0,0.0,0,3
746098,2024-09-08,R,2024,Dodger Stadium,Los Angeles Dodgers,Cleveland Guardians,4.0,0.0,656427.0,676440.0,Dan Bellino,Phil Cuzzi,"103 degrees, Sunny.","5 mph, L To R.",1:10 PM.,"44,207.",9,0.0,0.0,2,0
745368,2024-09-08,R,2024,Petco Park,San Diego Padres,San Francisco Giants,6.0,7.0,605397.0,702352.0,Tom Hanahan,Todd Tichenor,"91 degrees, Sunny.","9 mph, L To R.",1:11 PM.,"42,996.",9,0.0,0.0,1,6
746345,2024-09-08,R,2024,Minute Maid Park,Houston Astros,Arizona Diamondbacks,6.0,12.0,434378.0,669194.0,Lance Barrett,Jeremy Riggs,"0 degrees, Roof Closed.","0 mph, None.",6:11 PM.,"34,154.",9,0.0,0.0,5,9
745534,2024-09-09,R,2024,Citizens Bank Park,Philadelphia Phillies,Tampa Bay Rays,2.0,1.0,650911.0,642121.0,D.J. Reyburn,John Libka,"76 degrees, Partly Cloudy.","12 mph, Out To RF.",6:42 PM.,"39,511.",9,0.0,0.0,0,0
747090,2024-09-09,R,2024,Truist Park,Atlanta Braves,Cincinnati Reds,0.0,1.0,450203.0,607259.0,David Rackley,Larry Vanover,"83 degrees, Clear.","8 mph, Out To RF.",6:41 PM.,"34,883.",9,0.0,0.0,0,1
745454,2024-09-09,R,2024,PNC Park,Pittsburgh Pirates,Miami Marlins,3.0,2.0,694973.0,678368.0,Lance Barksdale,Derek Thomas,"75 degrees, Clear.","10 mph, Out To LF.",6:42 PM.,"10,311.",9,1.0,0.0,3,1
745698,2024-09-09,R,2024,Yankee Stadium,New York Yankees,Kansas City Royals,10.0,4.0,607074.0,663903.0,Jim Wolf,Chad Whitson,"74 degrees, Clear.","9 mph, R To L.",7:09 PM.,"35,308.",9,0.0,1.0,3,3
744888,2024-09-09,R,2024,Rogers Centre,Toronto Blue Jays,New York Mets,2.0,3.0,621114.0,656731.0,Stu Scheurwater,Dan Merzel,"68 degrees, Roof Closed.","0 mph, None.",7:07 PM.,"27,470.",9,0.0,0.0,0,1
746909,2024-09-09,R,2024,Fenway Park,Boston Red Sox,Baltimore Orioles,12.0,3.0,678394.0,700249.0,Chad Fairchild,Ryan Wills,"71 degrees, Partly Cloudy.","6 mph, Out To LF.",7:12 PM.,"30,600.",9,1.0,1.0,4,2
745860,2024-09-09,R,2024,Target Field,Minnesota Twins,Los Angeles Angels,2.0,6.0,701581.0,672282.0,John Tumpane,Marvin Hudson,"80 degrees, Clear.","7 mph, R To L.",6:41 PM.,"14,445.",9,0.0,2.0,2,4
746746,2024-09-09,R,2024,Guaranteed Rate Field,Chicago White Sox,Cleveland Guardians,3.0,5.0,694363.0,676282.0,Emil Jimenez,Bill Miller,"79 degrees, Clear.","9 mph, Out To LF.",6:39 PM.,"11,429.",9,0.0,2.0,0,5
746101,2024-09-09,R,2024,Dodger Stadium,Los Angeles Dodgers,Chicago Cubs,4.0,10.0,621111.0,543294.0,Todd Tichenor,Cory Blaser,"94 degrees, Clear.","7 mph, L To R.",7:10 PM.,"50,495.",9,0.0,3.0,2,4
746428,2024-09-10,R,2024,Comerica Park,Detroit Tigers,Colorado Rockies,11.0,0.0,672456.0,687134.0,Jeremy Riggs,Mark Ripperger,"77 degrees, Clear.","8 mph, In From CF.",6:40 PM.,"18,120.",9,1.0,0.0,5,0
745535,2024-09-10,R,2024,Citizens Bank Park,Philadelphia Phillies,Tampa Bay Rays,9.0,4.0,624133.0,671737.0,John Libka,John Bacon,"80 degrees, Clear.","7 mph, In From CF.",6:42 PM.,"40,088.",9,1.0,0.0,4,3
745446,2024-09-10,R,2024,PNC Park,Pittsburgh Pirates,Miami Marlins,6.0,4.0,669387.0,670124.0,Derek Thomas,James Jean,"79 degrees, Clear.","3 mph, Out To LF.",6:43 PM.,"10,391.",9,2.0,0.0,6,1
744807,2024-09-10,R,2024,Nationals Park,Washington Nationals,Atlanta Braves,0.0,12.0,669022.0,625643.0,Erich Bacchus,Ryan Additon,"82 degrees, Clear.","7 mph, In From LF.",6:45 PM.,"17,668.",9,0.0,0.0,0,8
745694,2024-09-10,R,2024,Yankee Stadium,New York Yankees,Kansas City Royals,0.0,5.0,573186.0,607625.0,Chad Whitson,Alan Porter,"76 degrees, Clear.","6 mph, Out To RF.",7:08 PM.,"34,485.",9,0.0,0.0,0,3
744886,2024-09-10,R,2024,Rogers Centre,Toronto Blue Jays,New York Mets,6.0,2.0,605135.0,656849.0,Dan Merzel,Mark Carlson,"71 degrees, Partly Cloudy.","5 mph, Out To CF.",7:09 PM.,"28,109.",9,0.0,1.0,5,1
746907,2024-09-10,R,2024,Fenway Park,Boston Red Sox,Baltimore Orioles,3.0,5.0,676710.0,544150.0,Ryan Wills,Paul Clemons,"74 degrees, Clear.","7 mph, In From LF.",7:12 PM.,"30,898.",9,0.0,1.0,1,3
745856,2024-09-10,R,2024,Target Field,Minnesota Twins,Los Angeles Angels,10.0,5.0,641154.0,656288.0,Marvin Hudson,Hunter Wendelstedt,"78 degrees, Partly Cloudy.","10 mph, R To L.",6:41 PM.,"18,311.",9,0.0,0.0,8,4
746747,2024-09-10,R,2024,Guaranteed Rate Field,Chicago White Sox,Cleveland Guardians,0.0,5.0,686563.0,594902.0,Bill Miller,Malachi Moore,"80 degrees, Clear.","3 mph, In From RF.",6:40 PM.,"12,246.",9,0.0,0.0,0,1
745126,2024-09-10,R,2024,Busch Stadium,St. Louis Cardinals,Cincinnati Reds,0.0,3.0,669467.0,695076.0,Larry Vanover,Chris Segal,"82 degrees, Clear.","6 mph, In From RF.",6:46 PM.,"30,350.",9,0.0,0.0,0,3
746346,2024-09-10,R,2024,Minute Maid Park,Houston Astros,Oakland Athletics,3.0,4.0,681293.0,676664.0,Clint Vondrak,Alex MacKay,"73 degrees, Roof Closed.","0 mph, None.",7:10 PM.,"36,234.",12,0.0,1.0,0,2
745210,2024-09-10,R,2024,T-Mobile Park,Seattle Mariners,San Diego Padres,3.0,7.0,669923.0,506433.0,Laz Diaz,David Arrieta,"67 degrees, Cloudy.","0 mph, Calm.",6:41 PM.,"25,012.",9,1.0,0.0,2,3
747152,2024-09-10,R,2024,Chase Field,Arizona Diamondbacks,Texas Rangers,6.0,0.0,668678.0,543135.0,Phil Cuzzi,Tony Randazzo,"78 degrees, Roof Closed.","0 mph, None.",6:41 PM.,"25,499.",9,2.0,0.0,4,0
745291,2024-09-10,R,2024,Oracle Park,San Francisco Giants,Milwaukee Brewers,2.0,3.0,694738.0,650644.0,Dan Iassogna,CB Bucknor,"60 degrees, Cloudy.","16 mph, Out To CF.",6:44 PM.,"25,096.",9,1.0,2.0,1,2
746097,2024-09-10,R,2024,Dodger Stadium,Los Angeles Dodgers,Chicago Cubs,3.0,6.0,808967.0,684007.0,Cory Blaser,Manny Gonzalez,"75 degrees, Clear.","6 mph, Out To CF.",7:10 PM.,"51,923.",9,0.0,0.0,3,1
745450,2024-09-11,R,2024,PNC Park,Pittsburgh Pirates,Miami Marlins,3.0,1.0,663559.0,642834.0,James Jean,Nestor Ceja,"80 degrees, Sunny.","0 mph, Calm.",12:38 PM.,"10,252.",9,2.0,0.0,3,0
746745,2024-09-11,R,2024,Guaranteed Rate Field,Chicago White Sox,Cleveland Guardians,4.0,6.0,663436.0,571510.0,Malachi Moore,Ryan Blakney,"81 degrees, Partly Cloudy.","6 mph, Out To CF.",1:11 PM.,"11,252.",9,0.0,2.0,4,5
744881,2024-09-11,R,2024,Rogers Centre,Toronto Blue Jays,New York Mets,2.0,6.0,670102.0,640455.0,Mark Carlson,Brian Walsh,"68 degrees, Sunny.","6 mph, R To L.",3:09 PM.,"29,399.",9,0.0,0.0,1,0
747154,2024-09-11,R,2024,Chase Field,Arizona Diamondbacks,Texas Rangers,14.0,4.0,518876.0,674003.0,Tony Randazzo,Alex Tosi,"78 degrees, Roof Closed.","0 mph, None.",12:41 PM.,"20,473.",9,3.0,0.0,11,4
746425,2024-09-11,R,2024,Comerica Park,Detroit Tigers,Colorado Rockies,7.0,4.0,663554.0,685299.0,Mark Ripperger,Alfonso Márquez,"82 degrees, Clear.","7 mph, In From RF.",6:40 PM.,"18,847.",9,6.0,0.0,7,4
745525,2024-09-11,R,2024,Citizens Bank Park,Philadelphia Phillies,Tampa Bay Rays,3.0,2.0,554430.0,669358.0,John Bacon,James Hoye,"79 degrees, Clear.","6 mph, R To L.",6:40 PM.,"40,715.",9,2.0,0.0,2,1
744804,2024-09-11,R,2024,Nationals Park,Washington Nationals,Atlanta Braves,5.0,1.0,663623.0,608331.0,Ryan Additon,Gabe Morales,"79 degrees, Clear.","4 mph, Out To LF.",6:45 PM.,"15,585.",9,0.0,0.0,4,0
745697,2024-09-11,R,2024,Yankee Stadium,New York Yankees,Kansas City Royals,4.0,3.0,661563.0,666142.0,Alan Porter,Sean Barber,"73 degrees, Clear.","8 mph, In From CF.",7:07 PM.,"40,080.",11,0.0,0.0,0,1
746908,2024-09-11,R,2024,Fenway Park,Boston Red Sox,Baltimore Orioles,5.0,3.0,601713.0,665152.0,Paul Clemons,Roberto Ortiz,"72 degrees, Clear.","3 mph, Out To CF.",7:11 PM.,"32,448.",10,0.0,0.0,2,1
745857,2024-09-11,R,2024,Target Field,Minnesota Twins,Los Angeles Angels,6.0,4.0,805673.0,686799.0,Hunter Wendelstedt,Charlie Ramos,"85 degrees, Clear.","6 mph, Out To LF.",6:10 PM.,"15,660.",9,1.0,1.0,4,2
745127,2024-09-11,R,2024,Busch Stadium,St. Louis Cardinals,Cincinnati Reds,2.0,1.0,458681.0,682227.0,Chris Segal,Tom Hanahan,"86 degrees, Partly Cloudy.","7 mph, In From RF.",6:45 PM.,"30,179.",9,0.0,0.0,1,1
746342,2024-09-11,R,2024,Minute Maid Park,Houston Astros,Oakland Athletics,4.0,5.0,686613.0,683155.0,Alex MacKay,Jeremie Rehak,"73 degrees, Roof Closed.","0 mph, None.",7:10 PM.,"32,327.",9,0.0,0.0,3,2
745214,2024-09-11,R,2024,T-Mobile Park,Seattle Mariners,San Diego Padres,5.0,2.0,693433.0,650633.0,David Arrieta,Mike Estabrook,"62 degrees, Partly Cloudy.","5 mph, L To R.",6:42 PM.,"21,129.",9,0.0,0.0,3,0
745285,2024-09-11,R,2024,Oracle Park,San Francisco Giants,Milwaukee Brewers,13.0,2.0,605483.0,607067.0,CB Bucknor,Ben May,"67 degrees, Clear.","21 mph, Out To CF.",6:46 PM.,"22,042.",9,4.0,0.0,10,1
746100,2024-09-11,R,2024,Dodger Stadium,Los Angeles Dodgers,Chicago Cubs,10.0,8.0,676272.0,696136.0,Manny Gonzalez,Rob Drake,"70 degrees, Clear.","7 mph, Out To CF.",7:10 PM.,"48,691.",9,5.0,2.0,7,7
746427,2024-09-12,R,2024,Comerica Park,Detroit Tigers,Colorado Rockies,2.0,4.0,669373.0,663372.0,Alfonso Márquez,Lance Barrett,"82 degrees, Sunny.","5 mph, Out To CF.",1:10 PM.,"19,538.",9,0.0,0.0,2,1
745129,2024-09-12,R,2024,Busch Stadium,St. Louis Cardinals,Cincinnati Reds,6.0,1.0,543243.0,596001.0,Tom Hanahan,Nate Tomlinson,"82 degrees, Cloudy.","6 mph, Out To LF.",12:15 PM.,"32,528.",9,0.0,0.0,1,0
746337,2024-09-12,R,2024,Minute Maid Park,Houston Astros,Oakland Athletics,6.0,3.0,664285.0,687765.0,Jeremie Rehak,Mark Wegner,"73 degrees, Roof Closed.","0 mph, None.",1:11 PM.,"30,720.",9,0.0,0.0,2,0
744805,2024-09-12,R,2024,Nationals Park,Washington Nationals,Miami Marlins,3.0,6.0,680730.0,670766.0,James Hoye,D.J. Reyburn,"79 degrees, Clear.","4 mph, Out To LF.",6:46 PM.,"13,299.",9,3.0,0.0,3,2
746591,2024-09-12,R,2024,Progressive Field,Cleveland Guardians,Tampa Bay Rays,2.0,5.0,668909.0,686752.0,Sean Barber,Austin Jones,"76 degrees, Clear.","8 mph, In From CF.",7:15 PM.,"19,188.",9,1.0,1.0,2,3
745695,2024-09-12,R,2024,Yankee Stadium,New York Yankees,Boston Red Sox,2.0,1.0,641482.0,681867.0,Charlie Ramos,John Tumpane,"72 degrees, Partly Cloudy.","8 mph, R To L.",7:16 PM.,"40,229.",10,1.0,0.0,1,1
745208,2024-09-12,R,2024,T-Mobile Park,Seattle Mariners,Texas Rangers,4.0,5.0,682243.0,677958.0,Rob Drake,Ryan Blakney,"69 degrees, Partly Cloudy.","1 mph, In From LF.",6:42 PM.,"22,212.",9,0.0,0.0,4,1
745288,2024-09-12,R,2024,Oracle Park,San Francisco Giants,Milwaukee Brewers,0.0,3.0,806185.0,593423.0,Ben May,Adam Beck,"65 degrees, Clear.","10 mph, Varies.",6:45 PM.,"22,184.",9,0.0,0.0,0,0
746423,2024-09-13,R,2024,Comerica Park,Detroit Tigers,Baltimore Orioles,1.0,0.0,689225.0,621107.0,Will Little,Lance Barksdale,"81 degrees, Clear.","13 mph, In From LF.",6:41 PM.,"25,253.",9,1.0,0.0,1,0
745447,2024-09-13,R,2024,PNC Park,Pittsburgh Pirates,Kansas City Royals,3.0,8.0,682847.0,679525.0,Roberto Ortiz,Chad Fairchild,"81 degrees, Clear.","9 mph, In From LF.",6:41 PM.,"24,748.",9,0.0,0.0,0,7
745529,2024-09-13,R,2024,Citizens Bank Park,Philadelphia Phillies,New York Mets,3.0,11.0,605400.0,500779.0,Lance Barrett,Todd Tichenor,"82 degrees, Partly Cloudy.","5 mph, R To L.",6:40 PM.,"44,607.",9,0.0,0.0,0,6
744800,2024-09-13,R,2024,Nationals Park,Washington Nationals,Miami Marlins,4.0,1.0,687792.0,665795.0,Jacob Metz,John Bacon,"79 degrees, Partly Cloudy.","11 mph, In From RF.",6:45 PM.,"20,584.",9,2.0,0.0,2,1
745696,2024-09-13,R,2024,Yankee Stadium,New York Yankees,Boston Red Sox,5.0,4.0,657376.0,690916.0,John Tumpane,Marvin Hudson,"74 degrees, Clear.","7 mph, In From RF.",7:09 PM.,"45,292.",9,0.0,0.0,0,0
744882,2024-09-13,R,2024,Rogers Centre,Toronto Blue Jays,St. Louis Cardinals,4.0,3.0,592332.0,607200.0,Alex Tosi,Dan Bellino,"67 degrees, Partly Cloudy.","9 mph, R To L.",7:10 PM.,"30,380.",11,0.0,2.0,3,2
746586,2024-09-13,R,2024,Progressive Field,Cleveland Guardians,Tampa Bay Rays,1.0,3.0,676440.0,641793.0,Austin Jones,Chad Whitson,"76 degrees, Clear.","10 mph, In From CF.",7:11 PM.,"24,160.",9,0.0,0.0,0,3
747069,2024-09-13,R,2024,Truist Park,Atlanta Braves,Los Angeles Dodgers,6.0,2.0,680885.0,689017.0,Stu Scheurwater,John Libka,"72 degrees, Overcast.","11 mph, L To R.",7:20 PM.,"40,339.",9,1.0,0.0,5,2
746744,2024-09-13,R,2024,Guaranteed Rate Field,Chicago White Sox,Oakland Athletics,0.0,2.0,676979.0,669620.0,Brian Walsh,Jeremy Riggs,"78 degrees, Partly Cloudy.","12 mph, L To R.",6:40 PM.,"26,513.",9,0.0,0.0,0,2
745855,2024-09-13,R,2024,Target Field,Minnesota Twins,Cincinnati Reds,4.0,8.0,641927.0,687924.0,Gabe Morales,Chris Guccione,"78 degrees, Partly Cloudy.","10 mph, R To L.",7:11 PM.,"27,170.",9,0.0,0.0,1,1
746509,2024-09-13,R,2024,Coors Field,Colorado Rockies,Chicago Cubs,9.0,5.0,596295.0,665871.0,Nate Tomlinson,Chris Segal,"80 degrees, Cloudy.","7 mph, R To L.",6:39 PM.,"38,406.",9,0.0,2.0,4,2
746181,2024-09-13,R,2024,Angel Stadium,Los Angeles Angels,Houston Astros,3.0,5.0,691951.0,579328.0,Adam Beck,Dan Iassogna,"73 degrees, Clear.","8 mph, Out To RF.",6:37 PM.,"36,226.",9,0.0,0.0,3,4
747153,2024-09-13,R,2024,Chase Field,Arizona Diamondbacks,Milwaukee Brewers,1.0,2.0,593958.0,642547.0,Mike Estabrook,Tripp Gibson,"78 degrees, Roof Closed.","0 mph, None.",6:40 PM.,"31,033.",9,1.0,0.0,1,2
745207,2024-09-13,R,2024,T-Mobile Park,Seattle Mariners,Texas Rangers,5.0,4.0,676106.0,594798.0,Ryan Blakney,Bill Miller,"61 degrees, Roof Closed.","0 mph, None.",7:11 PM.,"32,996.",9,0.0,2.0,0,3
745286,2024-09-13,R,2024,Oracle Park,San Francisco Giants,San Diego Padres,0.0,5.0,657277.0,656302.0,Mark Wegner,Clint Vondrak,"62 degrees, Clear.","14 mph, Out To CF.",7:15 PM.,"39,798.",9,0.0,3.0,0,4
745448,2024-09-14,R,2024,PNC Park,Pittsburgh Pirates,Kansas City Royals,1.0,5.0,656605.0,608379.0,Chad Fairchild,Ryan Wills,"82 degrees, Sunny.","7 mph, Out To LF.",1:07 PM.,"15,439.",9,0.0,1.0,1,3
745689,2024-09-14,R,2024,Yankee Stadium,New York Yankees,Boston Red Sox,1.0,7.0,543037.0,678394.0,Marvin Hudson,Hunter Wendelstedt,"77 degrees, Sunny.","10 mph, In From CF.",1:07 PM.,"46,378.",9,0.0,0.0,1,7
744884,2024-09-14,R,2024,Rogers Centre,Toronto Blue Jays,St. Louis Cardinals,7.0,2.0,621244.0,502043.0,Dan Bellino,Phil Cuzzi,"68 degrees, Sunny.","9 mph, L To R.",3:09 PM.,"33,999.",9,0.0,0.0,1,1
745528,2024-09-14,R,2024,Citizens Bank Park,Philadelphia Phillies,New York Mets,6.0,4.0,663465.0,622663.0,Todd Tichenor,Nestor Ceja,"86 degrees, Partly Cloudy.","11 mph, R To L.",4:05 PM.,"44,563.",9,0.0,1.0,1,4
744803,2024-09-14,R,2024,Nationals Park,Washington Nationals,Miami Marlins,4.0,1.0,571578.0,678368.0,John Bacon,James Jean,"81 degrees, Sunny.","11 mph, R To L.",4:05 PM.,"28,175.",9,0.0,0.0,2,1
746422,2024-09-14,R,2024,Comerica Park,Detroit Tigers,Baltimore Orioles,2.0,4.0,689225.0,669203.0,Lance Barksdale,Derek Thomas,"81 degrees, Clear.","9 mph, In From LF.",6:10 PM.,"33,513.",9,0.0,0.0,0,1
746584,2024-09-14,R,2024,Progressive Field,Cleveland Guardians,Tampa Bay Rays,6.0,1.0,676282.0,656876.0,Chad Whitson,Alan Porter,"80 degrees, Clear.","8 mph, In From CF.",6:10 PM.,"31,362.",9,0.0,0.0,1,0
745858,2024-09-14,R,2024,Target Field,Minnesota Twins,Cincinnati Reds,1.0,11.0,680573.0,607259.0,Chris Guccione,Ryan Additon,"76 degrees, Overcast.","6 mph, R To L.",6:13 PM.,"28,881.",9,1.0,0.0,1,10
746740,2024-09-14,R,2024,Guaranteed Rate Field,Chicago White Sox,Oakland Athletics,7.0,6.0,623167.0,669372.0,Jeremy Riggs,Mark Ripperger,"81 degrees, Partly Cloudy.","9 mph, L To R.",6:11 PM.,"21,478.",9,0.0,0.0,3,0
747070,2024-09-14,R,2024,Truist Park,Atlanta Braves,Los Angeles Dodgers,10.0,1.0,519242.0,656427.0,John Libka,Dan Merzel,"71 degrees, Cloudy.","10 mph, L To R.",7:22 PM.,"42,732.",9,1.0,0.0,4,1
746508,2024-09-14,R,2024,Coors Field,Colorado Rockies,Chicago Cubs,6.0,5.0,607536.0,592791.0,Chris Segal,David Rackley,"87 degrees, Clear.","9 mph, R To L.",6:09 PM.,"47,493.",10,0.0,1.0,0,2
747148,2024-09-14,R,2024,Chase Field,Arizona Diamondbacks,Milwaukee Brewers,8.0,15.0,694297.0,668964.0,Tripp Gibson,Erich Bacchus,"78 degrees, Roof Closed.","0 mph, None.",5:10 PM.,"44,886.",9,0.0,1.0,0,12
745284,2024-09-14,R,2024,Oracle Park,San Francisco Giants,San Diego Padres,0.0,8.0,696131.0,605397.0,Clint Vondrak,Alex MacKay,"59 degrees, Clear.","14 mph, Out To CF.",6:05 PM.,"31,243.",9,0.0,1.0,0,2
746177,2024-09-14,R,2024,Angel Stadium,Los Angeles Angels,Houston Astros,3.0,5.0,542881.0,434378.0,Dan Iassogna,CB Bucknor,"72 degrees, Clear.","8 mph, R To L.",6:37 PM.,"39,880.",9,1.0,1.0,2,4
745209,2024-09-14,R,2024,T-Mobile Park,Seattle Mariners,Texas Rangers,5.0,4.0,669302.0,453286.0,Bill Miller,Malachi Moore,"57 degrees, Roof Closed.","3 mph, In From CF.",6:40 PM.,"33,629.",9,0.0,0.0,4,4
746419,2024-09-15,R,2024,Comerica Park,Detroit Tigers,Baltimore Orioles,4.0,2.0,672456.0,700249.0,Derek Thomas,Nic Lentz,"81 degrees, Sunny.","7 mph, In From CF.",12:10 PM.,"20,643.",9,0.0,0.0,2,0
745852,2024-09-15,R,2024,Target Field,Minnesota Twins,Cincinnati Reds,9.0,2.0,701581.0,695076.0,Ryan Additon,Emil Jimenez,"81 degrees, Partly Cloudy.","10 mph, R To L.",12:06 PM.,"22,545.",9,0.0,0.0,1,2
745449,2024-09-15,R,2024,PNC Park,Pittsburgh Pirates,Kansas City Royals,4.0,3.0,683003.0,663903.0,Ryan Wills,Paul Clemons,"83 degrees, Sunny.","9 mph, In From CF.",1:36 PM.,"20,078.",9,1.0,0.0,4,2
745530,2024-09-15,R,2024,Citizens Bank Park,Philadelphia Phillies,New York Mets,2.0,1.0,650911.0,656849.0,Nestor Ceja,Manny Gonzalez,"83 degrees, Partly Cloudy.","10 mph, In From RF.",1:37 PM.,"44,786.",9,0.0,0.0,0,0
744801,2024-09-15,R,2024,Nationals Park,Washington Nationals,Miami Marlins,4.0,3.0,669022.0,670124.0,D.J. Reyburn,James Hoye,"79 degrees, Sunny.","8 mph, In From RF.",1:36 PM.,"18,265.",9,0.0,0.0,3,1
745693,2024-09-15,R,2024,Yankee Stadium,New York Yankees,Boston Red Sox,5.0,2.0,607074.0,676710.0,Hunter Wendelstedt,Charlie Ramos,"74 degrees, Sunny.","9 mph, In From LF.",1:39 PM.,"45,552.",9,0.0,0.0,4,2
744883,2024-09-15,R,2024,Rogers Centre,Toronto Blue Jays,St. Louis Cardinals,3.0,2.0,684320.0,571945.0,Phil Cuzzi,Tony Randazzo,"74 degrees, Sunny.","7 mph, Out To LF.",1:40 PM.,"34,793.",9,0.0,0.0,2,1
746585,2024-09-15,R,2024,Progressive Field,Cleveland Guardians,Tampa Bay Rays,2.0,0.0,594902.0,671737.0,Alan Porter,Sean Barber,"82 degrees, Sunny.","2 mph, Calm.",1:40 PM.,"21,144.",9,0.0,0.0,2,0
746741,2024-09-15,R,2024,Guaranteed Rate Field,Chicago White Sox,Oakland Athletics,4.0,3.0,680732.0,676664.0,Mark Ripperger,Alfonso Márquez,"90 degrees, Sunny.","3 mph, L To R.",1:10 PM.,"18,017.",9,3.0,0.0,3,2
746506,2024-09-15,R,2024,Coors Field,Colorado Rockies,Chicago Cubs,2.0,6.0,615698.0,543294.0,David Rackley,Larry Vanover,"83 degrees, Partly Cloudy.","3 mph, R To L.",1:11 PM.,"40,706.",9,0.0,0.0,1,2
745287,2024-09-15,R,2024,Oracle Park,San Francisco Giants,San Diego Padres,3.0,4.0,694738.0,527048.0,Alex MacKay,Jeremie Rehak,"61 degrees, Partly Cloudy.","20 mph, Out To CF.",1:35 PM.,"33,043.",10,0.0,0.0,0,0
746180,2024-09-15,R,2024,Angel Stadium,Los Angeles Angels,Houston Astros,4.0,6.0,702674.0,669854.0,CB Bucknor,Ben May,"76 degrees, Cloudy.","6 mph, Out To CF.",1:10 PM.,"41,005.",9,0.0,0.0,0,5
745206,2024-09-15,R,2024,T-Mobile Park,Seattle Mariners,Texas Rangers,7.0,0.0,669923.0,571760.0,Malachi Moore,Rob Drake,"58 degrees, Cloudy.","9 mph, Out To CF.",1:12 PM.,"36,137.",9,3.0,0.0,3,0
747151,2024-09-15,R,2024,Chase Field,Arizona Diamondbacks,Milwaukee Brewers,11.0,10.0,668678.0,669084.0,Erich Bacchus,Laz Diaz,"77 degrees, Roof Closed.","0 mph, None.",1:11 PM.,"33,708.",10,2.0,0.0,5,3
747071,2024-09-15,R,2024,Truist Park,Atlanta Braves,Los Angeles Dodgers,2.0,9.0,450203.0,621111.0,Dan Merzel,Mark Carlson,"78 degrees, Partly Cloudy.","11 mph, L To R.",7:11 PM.,"39,198.",9,0.0,0.0,2,1
746588,2024-09-16,R,2024,Progressive Field,Cleveland Guardians,Minnesota Twins,4.0,3.0,571510.0,641154.0,Carlos Torres,Junior Valentine,"77 degrees, Clear.","15 mph, R To L.",6:40 PM.,"17,559.",9,0.0,0.0,1,3
745773,2024-09-16,R,2024,Citi Field,New York Mets,Washington Nationals,2.0,1.0,640455.0,663623.0,Jansen Visconti,Charlie Ramos,"73 degrees, Cloudy.","6 mph, R To L.",7:10 PM.,"21,694.",10,0.0,0.0,0,1
747067,2024-09-16,R,2024,Truist Park,Atlanta Braves,Los Angeles Dodgers,0.0,9.0,608331.0,808967.0,Jordan Baker,Stu Scheurwater,"79 degrees, Clear.","8 mph, Out To RF.",7:20 PM.,"37,109.",9,0.0,0.0,0,3
746260,2024-09-16,R,2024,Kauffman Stadium,Kansas City Royals,Detroit Tigers,6.0,7.0,607625.0,681857.0,Larry Vanover,Nate Tomlinson,"86 degrees, Partly Cloudy.","10 mph, R To L.",6:40 PM.,"18,920.",9,0.0,0.0,6,4
746828,2024-09-16,R,2024,Wrigley Field,Chicago Cubs,Oakland Athletics,9.0,2.0,684007.0,683155.0,Edwin Moscoso,Vic Carapazza,"79 degrees, Partly Cloudy.","6 mph, In From RF.",6:40 PM.,"34,532.",9,1.0,0.0,9,2
745939,2024-09-16,R,2024,American Family Field,Milwaukee Brewers,Philadelphia Phillies,6.0,2.0,650644.0,624133.0,Emil Jimenez,Gabe Morales,"74 degrees, Partly Cloudy.","8 mph, In From CF.",6:41 PM.,"28,713.",9,0.0,0.0,3,1
745130,2024-09-16,R,2024,Busch Stadium,St. Louis Cardinals,Pittsburgh Pirates,4.0,0.0,669467.0,694973.0,James Hoye,Chad Whitson,"80 degrees, Partly Cloudy.","5 mph, In From LF.",6:45 PM.,"30,138.",9,0.0,0.0,1,0
746502,2024-09-16,R,2024,Coors Field,Colorado Rockies,Arizona Diamondbacks,3.0,2.0,622608.0,518876.0,Doug Eddings,Rob Drake,"80 degrees, Partly Cloudy.","8 mph, L To R.",6:41 PM.,"18,454.",9,0.0,2.0,1,2
746179,2024-09-16,R,2024,Angel Stadium,Los Angeles Angels,Chicago White Sox,4.0,8.0,672282.0,686563.0,Adrian Johnson,David Arrieta,"68 degrees, Partly Cloudy.","12 mph, Out To CF.",6:39 PM.,"35,587.",9,0.0,3.0,2,7
745367,2024-09-16,R,2024,Petco Park,San Diego Padres,Houston Astros,3.0,1.0,506433.0,681293.0,Brian O'Nora,Brennan Miller,"67 degrees, Partly Cloudy.","14 mph, L To R.",6:43 PM.,"44,443.",9,1.0,0.0,2,0
746987,2024-09-17,R,2024,Oriole Park at Camden Yards,Baltimore Orioles,San Francisco Giants,0.0,10.0,544150.0,605483.0,Stu Scheurwater,John Libka,"75 degrees, Overcast.","6 mph, In From RF.",6:37 PM.,"23,967.",9,0.0,1.0,0,4
746587,2024-09-17,R,2024,Progressive Field,Cleveland Guardians,Minnesota Twins,1.0,4.0,668909.0,805673.0,Junior Valentine,Chad Fairchild,"76 degrees, Partly Cloudy.","6 mph, In From CF.",6:41 PM.,"17,391.",9,0.0,0.0,1,2
746659,2024-09-17,R,2024,Great American Ball Park,Cincinnati Reds,Atlanta Braves,6.0,5.0,682227.0,656550.0,Sean Barber,Ryan Blakney,"76 degrees, Cloudy.","6 mph, L To R.",6:41 PM.,"20,955.",9,1.0,3.0,2,5
746015,2024-09-17,R,2024,loanDepot park,Miami Marlins,Los Angeles Dodgers,11.0,9.0,670766.0,676272.0,Ben May,Adam Beck,"72 degrees, Roof Closed.","0 mph, None.",6:40 PM.,"17,902.",9,2.0,0.0,7,6
745044,2024-09-17,R,2024,Tropicana Field,Tampa Bay Rays,Boston Red Sox,8.0,3.0,669358.0,601713.0,Manny Gonzalez,Cory Blaser,"72 degrees, Dome.","0 mph, None.",6:51 PM.,"12,169.",9,0.0,0.0,5,2
745772,2024-09-17,R,2024,Citi Field,New York Mets,Washington Nationals,10.0,1.0,656731.0,680730.0,Charlie Ramos,Mike Muchlinski,"74 degrees, Cloudy.","6 mph, R To L.",7:12 PM.,"24,932.",9,0.0,0.0,6,1
746261,2024-09-17,R,2024,Kauffman Stadium,Kansas City Royals,Detroit Tigers,1.0,3.0,666142.0,663554.0,Nate Tomlinson,Chris Segal,"86 degrees, Clear.","9 mph, R To L.",6:40 PM.,"21,086.",10,0.0,1.0,1,1
746830,2024-09-17,R,2024,Wrigley Field,Chicago Cubs,Oakland Athletics,3.0,4.0,696136.0,687765.0,Vic Carapazza,Paul Clemons,"74 degrees, Clear.","6 mph, In From CF.",6:40 PM.,"32,718.",9,0.0,2.0,2,4
745935,2024-09-17,R,2024,American Family Field,Milwaukee Brewers,Philadelphia Phillies,1.0,5.0,593423.0,554430.0,Gabe Morales,Chris Guccione,"76 degrees, Clear.","4 mph, L To R.",6:42 PM.,"30,059.",9,0.0,0.0,1,1
745122,2024-09-17,R,2024,Busch Stadium,St. Louis Cardinals,Pittsburgh Pirates,3.0,1.0,458681.0,663559.0,Chad Whitson,D.J. Reyburn,"85 degrees, Clear.","5 mph, R To L.",6:45 PM.,"30,562.",9,0.0,0.0,2,1
744961,2024-09-17,R,2024,Globe Life Field,Texas Rangers,Toronto Blue Jays,13.0,8.0,543135.0,605135.0,Laz Diaz,Jacob Metz,"74 degrees, Roof Closed.","0 mph, None.",7:09 PM.,"29,906.",9,0.0,2.0,7,7
746503,2024-09-17,R,2024,Coors Field,Colorado Rockies,Arizona Diamondbacks,8.0,2.0,663372.0,656756.0,Rob Drake,Brian Walsh,"74 degrees, Clear.","5 mph, In From LF.",6:40 PM.,"20,421.",9,0.0,0.0,3,1
746176,2024-09-17,R,2024,Angel Stadium,Los Angeles Angels,Chicago White Sox,5.0,0.0,656288.0,663436.0,David Arrieta,Ramon De Jesus,"71 degrees, Partly Cloudy.","7 mph, Out To CF.",6:39 PM.,"36,254.",9,0.0,0.0,3,0
745366,2024-09-17,R,2024,Petco Park,San Diego Padres,Houston Astros,3.0,4.0,650633.0,686613.0,Brennan Miller,Chris Conroy,"70 degrees, Clear.","8 mph, L To R.",6:41 PM.,"44,553.",10,0.0,0.0,0,2
745205,2024-09-17,R,2024,T-Mobile Park,Seattle Mariners,New York Yankees,2.0,11.0,693433.0,661563.0,Jeremie Rehak,Jim Wolf,"62 degrees, Cloudy.","3 mph, In From LF.",6:41 PM.,"31,668.",9,0.0,2.0,1,7
746831,2024-09-18,R,2024,Wrigley Field,Chicago Cubs,Oakland Athletics,3.0,5.0,657006.0,669620.0,Paul Clemons,Adam Hamari,"81 degrees, Sunny.","7 mph, In From RF.",1:20 PM.,"27,806.",9,0.0,0.0,3,1
746500,2024-09-18,R,2024,Coors Field,Colorado Rockies,Arizona Diamondbacks,4.0,9.0,596295.0,593958.0,Brian Walsh,Malachi Moore,"82 degrees, Sunny.","5 mph, R To L.",1:10 PM.,"20,805.",9,0.0,3.0,2,6
746172,2024-09-18,R,2024,Angel Stadium,Los Angeles Angels,Chicago White Sox,4.0,3.0,686799.0,694363.0,Ramon De Jesus,Alex MacKay,"75 degrees, Partly Cloudy.","8 mph, Out To CF.",1:08 PM.,"22,757.",13,0.0,0.0,0,1
746988,2024-09-18,R,2024,Oriole Park at Camden Yards,Baltimore Orioles,San Francisco Giants,3.0,5.0,665152.0,806185.0,John Libka,Dan Merzel,"75 degrees, Cloudy.","6 mph, In From CF.",6:37 PM.,"23,856.",9,0.0,1.0,2,4
745365,2024-09-18,R,2024,Petco Park,San Diego Padres,Houston Astros,4.0,0.0,656302.0,664285.0,Chris Conroy,Shane Livensparger,"71 degrees, Partly Cloudy.","11 mph, L To R.",3:40 PM.,"42,883.",9,0.0,0.0,0,0
746582,2024-09-18,R,2024,Progressive Field,Cleveland Guardians,Minnesota Twins,5.0,4.0,676440.0,641927.0,Chad Fairchild,Ryan Wills,"75 degrees, Partly Cloudy.","2 mph, In From CF.",6:41 PM.,"19,391.",10,0.0,1.0,1,2
746662,2024-09-18,R,2024,Great American Ball Park,Cincinnati Reds,Atlanta Braves,1.0,7.0,596001.0,680885.0,Ryan Blakney,Derek Thomas,"83 degrees, Partly Cloudy.","7 mph, In From LF.",6:43 PM.,"18,959.",9,0.0,0.0,0,1
746014,2024-09-18,R,2024,loanDepot park,Miami Marlins,Los Angeles Dodgers,4.0,8.0,677960.0,689017.0,Adam Beck,Dan Iassogna,"72 degrees, Roof Closed.","0 mph, None.",6:40 PM.,"17,138.",9,0.0,0.0,0,6
745040,2024-09-18,R,2024,Tropicana Field,Tampa Bay Rays,Boston Red Sox,1.0,2.0,686752.0,656557.0,Cory Blaser,Todd Tichenor,"72 degrees, Dome.","0 mph, None.",6:50 PM.,"12,153.",9,0.0,0.0,1,0
745771,2024-09-18,R,2024,Citi Field,New York Mets,Washington Nationals,10.0,0.0,500779.0,687792.0,Mike Muchlinski,Andy Fletcher,"72 degrees, Cloudy.","7 mph, In From CF.",7:10 PM.,"34,196.",9,0.0,0.0,9,0
746254,2024-09-18,R,2024,Kauffman Stadium,Kansas City Royals,Detroit Tigers,2.0,4.0,679525.0,669373.0,Chris Segal,David Rackley,"86 degrees, Clear.","11 mph, R To L.",6:40 PM.,"16,279.",9,1.0,0.0,1,4
745933,2024-09-18,R,2024,American Family Field,Milwaukee Brewers,Philadelphia Phillies,2.0,1.0,642547.0,605400.0,Chris Guccione,Tripp Gibson,"73 degrees, Clear.","8 mph, In From LF.",6:41 PM.,"30,048.",9,0.0,0.0,1,1
745121,2024-09-18,R,2024,Busch Stadium,St. Louis Cardinals,Pittsburgh Pirates,10.0,5.0,543243.0,663765.0,D.J. Reyburn,John Bacon,"80 degrees, Partly Cloudy.","5 mph, Out To LF.",6:45 PM.,"30,061.",9,0.0,0.0,4,2
744959,2024-09-18,R,2024,Globe Life Field,Texas Rangers,Toronto Blue Jays,2.0,0.0,674003.0,670102.0,Jacob Metz,Mike Estabrook,"74 degrees, Roof Closed.","0 mph, None.",7:08 PM.,"34,625.",9,0.0,0.0,0,0
745199,2024-09-18,R,2024,T-Mobile Park,Seattle Mariners,New York Yankees,1.0,2.0,682243.0,641482.0,Jim Wolf,Clint Vondrak,"65 degrees, Clear.","2 mph, Out To RF.",6:42 PM.,"31,674.",10,0.0,0.0,0,1
746985,2024-09-19,R,2024,Oriole Park at Camden Yards,Baltimore Orioles,San Francisco Giants,5.0,3.0,621107.0,657277.0,Dan Merzel,Jordan Baker,"79 degrees, Partly Cloudy.","7 mph, In From LF.",1:06 PM.,"23,181.",9,0.0,0.0,3,2
746579,2024-09-19,R,2024,Progressive Field,Cleveland Guardians,Minnesota Twins,3.0,2.0,676282.0,680573.0,Ryan Wills,Carlos Torres,"76 degrees, Sunny.","4 mph, L To R.",1:10 PM.,"21,707.",10,1.0,0.0,1,2
746663,2024-09-19,R,2024,Great American Ball Park,Cincinnati Reds,Atlanta Braves,3.0,15.0,687924.0,519242.0,Derek Thomas,Alan Porter,"85 degrees, Sunny.","4 mph, L To R.",1:11 PM.,"20,071.",9,0.0,0.0,2,8
744962,2024-09-19,R,2024,Globe Life Field,Texas Rangers,Toronto Blue Jays,0.0,4.0,677958.0,592332.0,Mike Estabrook,Erich Bacchus,"74 degrees, Roof Closed.","0 mph, None.",1:37 PM.,"30,384.",9,0.0,0.0,0,2
745204,2024-09-19,R,2024,T-Mobile Park,Seattle Mariners,New York Yankees,3.0,2.0,669302.0,657376.0,Clint Vondrak,Bruce Dreckman,"57 degrees, Partly Cloudy.","4 mph, Out To CF.",1:11 PM.,"34,255.",9,3.0,0.0,3,2
746011,2024-09-19,R,2024,loanDepot park,Miami Marlins,Los Angeles Dodgers,4.0,20.0,665795.0,656427.0,Dan Iassogna,Tom Hanahan,"72 degrees, Roof Closed.","0 mph, None.",4:40 PM.,"17,560.",9,0.0,1.0,3,7
745041,2024-09-19,R,2024,Tropicana Field,Tampa Bay Rays,Boston Red Sox,2.0,0.0,641793.0,678394.0,Todd Tichenor,Nestor Ceja,"72 degrees, Dome.","0 mph, None.",6:50 PM.,"13,120.",9,0.0,0.0,1,0
745120,2024-09-19,R,2024,Busch Stadium,St. Louis Cardinals,Pittsburgh Pirates,2.0,3.0,607200.0,682847.0,John Bacon,James Hoye,"84 degrees, Clear.","7 mph, Out To LF.",6:16 PM.,"32,194.",9,0.0,0.0,1,1
745769,2024-09-19,R,2024,Citi Field,New York Mets,Philadelphia Phillies,10.0,6.0,622663.0,592836.0,Adam Hamari,Edwin Moscoso,"78 degrees, Cloudy.","5 mph, R To L.",7:16 PM.,"35,982.",9,2.0,0.0,9,3
745937,2024-09-19,R,2024,American Family Field,Milwaukee Brewers,Arizona Diamondbacks,1.0,5.0,668964.0,694297.0,Andy Fletcher,Jansen Visconti,"78 degrees, Partly Cloudy.","11 mph, In From RF.",6:16 PM.,"25,093.",9,0.0,0.0,0,3
746823,2024-09-19,R,2024,Wrigley Field,Chicago Cubs,Washington Nationals,7.0,6.0,665871.0,571578.0,Tripp Gibson,Adrian Johnson,"78 degrees, Partly Cloudy.","9 mph, R To L.",6:40 PM.,"31,479.",9,1.0,1.0,5,3
746341,2024-09-19,R,2024,Minute Maid Park,Houston Astros,Los Angeles Angels,3.0,1.0,579328.0,660761.0,Malachi Moore,Doug Eddings,"73 degrees, Roof Closed.","0 mph, None.",7:10 PM.,"33,107.",9,0.0,1.0,1,1
746824,2024-09-20,R,2024,Wrigley Field,Chicago Cubs,Washington Nationals,3.0,1.0,592791.0,592866.0,Adrian Johnson,David Arrieta,"82 degrees, Partly Cloudy.","9 mph, Out To RF.",1:20 PM.,"29,590.",9,1.0,0.0,1,0
746661,2024-09-20,R,2024,Great American Ball Park,Cincinnati Reds,Pittsburgh Pirates,8.0,3.0,607259.0,656605.0,Jordan Baker,Charlie Ramos,"87 degrees, Partly Cloudy.","6 mph, R To L.",6:42 PM.,"40,541.",9,1.0,0.0,8,0
745043,2024-09-20,R,2024,Tropicana Field,Tampa Bay Rays,Toronto Blue Jays,1.0,0.0,641302.0,621244.0,Larry Vanover,David Rackley,"72 degrees, Dome.","0 mph, None.",6:51 PM.,"14,372.",9,0.0,0.0,0,0
746984,2024-09-20,R,2024,Oriole Park at Camden Yards,Baltimore Orioles,Detroit Tigers,7.0,1.0,669203.0,663947.0,CB Bucknor,Ben May,"81 degrees, Clear.","3 mph, Out To LF.",7:07 PM.,"33,629.",9,2.0,0.0,5,0
746905,2024-09-20,R,2024,Fenway Park,Boston Red Sox,Minnesota Twins,2.0,4.0,690916.0,701581.0,Alan Porter,Sean Barber,"64 degrees, Cloudy.","9 mph, Out To CF.",7:11 PM.,"33,052.",12,0.0,0.0,1,0
745770,2024-09-20,R,2024,Citi Field,New York Mets,Philadelphia Phillies,2.0,12.0,656849.0,650911.0,Edwin Moscoso,Vic Carapazza,"73 degrees, Clear.","9 mph, In From RF.",7:10 PM.,"41,474.",9,2.0,0.0,2,8
746013,2024-09-20,R,2024,loanDepot park,Miami Marlins,Atlanta Braves,4.0,3.0,678368.0,450203.0,Carlos Torres,Junior Valentine,"72 degrees, Roof Closed.","0 mph, None.",7:12 PM.,"17,139.",9,3.0,0.0,4,2
744960,2024-09-20,R,2024,Globe Life Field,Texas Rangers,Seattle Mariners,2.0,8.0,594798.0,669923.0,Nestor Ceja,Manny Gonzalez,"74 degrees, Roof Closed.","0 mph, None.",7:07 PM.,"33,387.",9,0.0,0.0,2,4
746340,2024-09-20,R,2024,Minute Maid Park,Houston Astros,Los Angeles Angels,9.0,7.0,434378.0,542881.0,Doug Eddings,Rob Drake,"73 degrees, Roof Closed.","0 mph, None.",7:10 PM.,"39,666.",9,0.0,0.0,8,6
746256,2024-09-20,R,2024,Kauffman Stadium,Kansas City Royals,San Francisco Giants,1.0,2.0,608379.0,696131.0,James Hoye,Chad Whitson,"93 degrees, Clear.","9 mph, R To L.",7:11 PM.,"22,117.",9,0.0,1.0,0,1
745934,2024-09-20,R,2024,American Family Field,Milwaukee Brewers,Arizona Diamondbacks,4.0,7.0,607067.0,668678.0,Jansen Visconti,Chris Segal,"77 degrees, Clear.","5 mph, Calm.",7:10 PM.,"32,123.",9,0.0,1.0,4,4
745123,2024-09-20,R,2024,Busch Stadium,St. Louis Cardinals,Cleveland Guardians,1.0,5.0,502043.0,594902.0,Shane Livensparger,Brian O'Nora,"93 degrees, Partly Cloudy.","3 mph, R To L.",7:16 PM.,"33,967.",9,0.0,0.0,1,3
745364,2024-09-20,R,2024,Petco Park,San Diego Padres,Chicago White Sox,3.0,2.0,605397.0,676979.0,Emil Jimenez,Gabe Morales,"68 degrees, Partly Cloudy.","8 mph, L To R.",6:45 PM.,"45,790.",10,0.0,0.0,0,0
745606,2024-09-20,R,2024,Oakland Coliseum,Oakland Athletics,New York Yankees,2.0,4.0,669372.0,543037.0,Erich Bacchus,Laz Diaz,"62 degrees, Clear.","10 mph, Varies.",6:40 PM.,"23,426.",10,0.0,0.0,1,1
746094,2024-09-20,R,2024,Dodger Stadium,Los Angeles Dodgers,Colorado Rockies,6.0,4.0,518489.0,607536.0,Bruce Dreckman,Jeremie Rehak,"68 degrees, Clear.","4 mph, Out To RF.",7:10 PM.,"49,073.",9,0.0,0.0,3,2
746660,2024-09-21,R,2024,Great American Ball Park,Cincinnati Reds,Pittsburgh Pirates,7.0,1.0,695076.0,683003.0,Charlie Ramos,Paul Clemons,"84 degrees, Sunny.","3 mph, Out To CF.",1:11 PM.,"25,574.",9,0.0,0.0,6,0
746826,2024-09-21,R,2024,Wrigley Field,Chicago Cubs,Washington Nationals,1.0,5.0,543294.0,669022.0,David Arrieta,Ramon De Jesus,"84 degrees, Sunny.","8 mph, R To L.",1:20 PM.,"38,819.",9,0.0,0.0,0,1
746983,2024-09-21,R,2024,Oriole Park at Camden Yards,Baltimore Orioles,Detroit Tigers,4.0,6.0,700249.0,681857.0,Ben May,Adam Beck,"79 degrees, Partly Cloudy.","4 mph, R To L.",4:06 PM.,"39,647.",10,0.0,0.0,1,2
745038,2024-09-21,R,2024,Tropicana Field,Tampa Bay Rays,Toronto Blue Jays,3.0,2.0,671737.0,684320.0,David Rackley,Nate Tomlinson,"72 degrees, Dome.","0 mph, None.",4:10 PM.,"20,704.",9,0.0,0.0,3,1
745768,2024-09-21,R,2024,Citi Field,New York Mets,Philadelphia Phillies,6.0,3.0,640455.0,624133.0,Vic Carapazza,John Libka,"77 degrees, Partly Cloudy.","8 mph, In From CF.",4:11 PM.,"44,152.",9,0.0,1.0,2,2
746012,2024-09-21,R,2024,loanDepot park,Miami Marlins,Atlanta Braves,2.0,6.0,670124.0,608331.0,Junior Valentine,Chad Fairchild,"72 degrees, Roof Closed.","0 mph, None.",4:11 PM.,"25,227.",9,1.0,0.0,1,2
746255,2024-09-21,R,2024,Kauffman Stadium,Kansas City Royals,San Francisco Giants,0.0,9.0,663903.0,694738.0,Chad Whitson,D.J. Reyburn,"87 degrees, Partly Cloudy.","12 mph, R To L.",4:10 PM.,"24,189.",9,0.0,1.0,0,3
744958,2024-09-21,R,2024,Globe Life Field,Texas Rangers,Seattle Mariners,4.0,8.0,641540.0,676106.0,Manny Gonzalez,Cory Blaser,"74 degrees, Roof Closed.","0 mph, None.",6:07 PM.,"39,929.",9,0.0,2.0,2,2
746338,2024-09-21,R,2024,Minute Maid Park,Houston Astros,Los Angeles Angels,10.0,4.0,669854.0,672282.0,Rob Drake,Brian Walsh,"73 degrees, Roof Closed.","0 mph, None.",6:10 PM.,"40,502.",9,1.0,0.0,8,2
745936,2024-09-21,R,2024,American Family Field,Milwaukee Brewers,Arizona Diamondbacks,0.0,5.0,650644.0,518876.0,Chris Segal,Mike Muchlinski,"82 degrees, Roof Closed.","4 mph, In From RF.",6:11 PM.,"35,068.",9,0.0,2.0,0,3
745124,2024-09-21,R,2024,Busch Stadium,St. Louis Cardinals,Cleveland Guardians,6.0,5.0,571945.0,571510.0,Brian O'Nora,Brennan Miller,"85 degrees, Overcast.","4 mph, Out To CF.",6:15 PM.,"41,317.",9,0.0,0.0,2,1
745360,2024-09-21,R,2024,Petco Park,San Diego Padres,Chicago White Sox,6.0,2.0,527048.0,623167.0,Gabe Morales,Chris Guccione,"70 degrees, Partly Cloudy.","10 mph, Out To RF.",5:44 PM.,"45,360.",9,0.0,0.0,4,0
745610,2024-09-21,R,2024,Oakland Coliseum,Oakland Athletics,New York Yankees,0.0,10.0,676664.0,607074.0,Laz Diaz,Jacob Metz,"66 degrees, Clear.","14 mph, Out To RF.",6:07 PM.,"33,198.",9,0.0,2.0,0,6
746096,2024-09-21,R,2024,Dodger Stadium,Los Angeles Dodgers,Colorado Rockies,3.0,6.0,621111.0,615698.0,Jeremie Rehak,Alex MacKay,"69 degrees, Clear.","5 mph, L To R.",6:10 PM.,"52,267.",9,0.0,1.0,3,4
746906,2024-09-21,R,2024,Fenway Park,Boston Red Sox,Minnesota Twins,,,676710.0,805673.0,Ryan Blakney,Dan Merzel,"64 degrees, Cloudy.","9 mph, In From CF.",5:36 PM.,"31,941.",9,0.0,0.0,3,2
746903,2024-09-22,R,2024,Fenway Park,Boston Red Sox,Minnesota Twins,8.0,1.0,601713.0,641154.0,Sean Barber,Tom Hanahan,"66 degrees, Cloudy.","10 mph, In From RF.",12:36 PM.,"32,307.",9,3.0,0.0,8,1
746906,2024-09-22,R,2024,Fenway Park,Boston Red Sox,Minnesota Twins,9.0,3.0,676710.0,805673.0,Ryan Blakney,Dan Merzel,"64 degrees, Cloudy.","9 mph, In From CF.",5:36 PM.,"31,941.",9,0.0,0.0,3,2
746657,2024-09-22,R,2024,Great American Ball Park,Cincinnati Reds,Pittsburgh Pirates,0.0,2.0,668881.0,694973.0,Paul Clemons,Stu Scheurwater,"87 degrees, Partly Cloudy.","6 mph, R To L.",1:11 PM.,"34,750.",9,0.0,1.0,0,2
746982,2024-09-22,R,2024,Oriole Park at Camden Yards,Baltimore Orioles,Detroit Tigers,3.0,4.0,544150.0,663947.0,Adam Beck,Dan Iassogna,"75 degrees, Cloudy.","5 mph, Out To LF.",1:37 PM.,"44,040.",9,0.0,0.0,3,3
745036,2024-09-22,R,2024,Tropicana Field,Tampa Bay Rays,Toronto Blue Jays,4.0,3.0,669358.0,621114.0,Nate Tomlinson,Derek Thomas,"72 degrees, Dome.","0 mph, None.",1:40 PM.,"20,567.",9,0.0,0.0,0,1
746010,2024-09-22,R,2024,loanDepot park,Miami Marlins,Atlanta Braves,4.0,5.0,670766.0,656550.0,Chad Fairchild,Ryan Wills,"72 degrees, Roof Closed.","0 mph, None.",1:42 PM.,"20,490.",9,0.0,1.0,2,3
746339,2024-09-22,R,2024,Minute Maid Park,Houston Astros,Los Angeles Angels,8.0,9.0,681293.0,656288.0,Brian Walsh,Malachi Moore,"73 degrees, Roof Closed.","0 mph, None.",1:10 PM.,"39,631.",9,0.0,0.0,4,0
746253,2024-09-22,R,2024,Kauffman Stadium,Kansas City Royals,San Francisco Giants,0.0,2.0,607625.0,605483.0,D.J. Reyburn,John Bacon,"64 degrees, Drizzle.","10 mph, L To R.",1:11 PM.,"24,189.",9,0.0,0.0,0,2
745929,2024-09-22,R,2024,American Family Field,Milwaukee Brewers,Arizona Diamondbacks,10.0,9.0,593423.0,656756.0,Mike Muchlinski,Andy Fletcher,"76 degrees, Roof Closed.","0 mph, None.",1:12 PM.,"37,612.",9,0.0,1.0,3,8
745118,2024-09-22,R,2024,Busch Stadium,St. Louis Cardinals,Cleveland Guardians,2.0,1.0,669467.0,668909.0,Brennan Miller,Chris Conroy,"78 degrees, Overcast.","6 mph, R To L.",1:16 PM.,"39,100.",9,0.0,0.0,0,0
746825,2024-09-22,R,2024,Wrigley Field,Chicago Cubs,Washington Nationals,5.0,0.0,684007.0,663623.0,Ramon De Jesus,Tripp Gibson,"68 degrees, Rain.","2 mph, L To R.",3:40 PM.,"30,086.",9,2.0,0.0,5,0
744955,2024-09-22,R,2024,Globe Life Field,Texas Rangers,Seattle Mariners,6.0,5.0,571760.0,693433.0,Cory Blaser,Todd Tichenor,"74 degrees, Roof Closed.","0 mph, None.",1:37 PM.,"39,882.",9,0.0,0.0,0,2
745608,2024-09-22,R,2024,Oakland Coliseum,Oakland Athletics,New York Yankees,4.0,7.0,683155.0,661563.0,Jacob Metz,Mike Estabrook,"69 degrees, Sunny.","7 mph, Out To RF.",1:08 PM.,"24,663.",9,2.0,0.0,2,5
746092,2024-09-22,R,2024,Dodger Stadium,Los Angeles Dodgers,Colorado Rockies,6.0,5.0,808967.0,622608.0,Alex MacKay,Jim Wolf,"81 degrees, Sunny.","4 mph, L To R.",1:10 PM.,"50,730.",9,0.0,3.0,1,4
745358,2024-09-22,R,2024,Petco Park,San Diego Padres,Chicago White Sox,4.0,2.0,506433.0,680732.0,Chris Guccione,Clint Vondrak,"73 degrees, Sunny.","11 mph, L To R.",1:11 PM.,"45,197.",9,0.0,0.0,1,1
745767,2024-09-22,R,2024,Citi Field,New York Mets,Philadelphia Phillies,2.0,1.0,656731.0,554430.0,John Libka,Adam Hamari,"70 degrees, Cloudy.","6 mph, In From RF.",7:16 PM.,"43,139.",9,0.0,1.0,1,1
745527,2024-09-23,R,2024,Citizens Bank Park,Philadelphia Phillies,Chicago Cubs,6.0,2.0,605400.0,663878.0,Tony Randazzo,Alex Tosi,"63 degrees, Cloudy.","8 mph, R To L.",6:41 PM.,"42,386.",9,0.0,0.0,5,0
744885,2024-09-23,R,2024,Rogers Centre,Toronto Blue Jays,Boston Red Sox,1.0,4.0,605135.0,656557.0,Nic Lentz,Scott Barry,"68 degrees, Roof Closed.","0 mph, None.",7:08 PM.,"22,254.",9,0.0,0.0,0,3
746334,2024-09-23,R,2024,Minute Maid Park,Houston Astros,Seattle Mariners,1.0,6.0,686613.0,682243.0,John Tumpane,Marvin Hudson,"73 degrees, Roof Closed.","0 mph, None.",7:10 PM.,"34,554.",9,0.0,0.0,0,1
747150,2024-09-23,R,2024,Chase Field,Arizona Diamondbacks,San Francisco Giants,3.0,6.0,593958.0,806185.0,Alfonso Márquez,Lance Barrett,"78 degrees, Roof Closed.","0 mph, None.",6:40 PM.,"23,359.",9,1.0,0.0,2,5
746421,2024-09-24,R,2024,Comerica Park,Detroit Tigers,Tampa Bay Rays,2.0,1.0,669373.0,686752.0,Chris Conroy,Shane Livensparger,"68 degrees, Overcast.","5 mph, L To R.",1:59 PM.,"22,770.",9,0.0,0.0,2,0
746581,2024-09-24,R,2024,Progressive Field,Cleveland Guardians,Cincinnati Reds,6.0,1.0,676440.0,686730.0,Adrian Johnson,Junior Valentine,"73 degrees, Cloudy.","8 mph, Out To CF.",6:40 PM.,"19,752.",9,3.0,0.0,4,1
745526,2024-09-24,R,2024,Citizens Bank Park,Philadelphia Phillies,Chicago Cubs,4.0,10.0,621383.0,657006.0,Alex Tosi,Dan Bellino,"66 degrees, Cloudy.","10 mph, R To L.",6:41 PM.,"42,033.",9,1.0,0.0,2,6
745441,2024-09-24,R,2024,PNC Park,Pittsburgh Pirates,Milwaukee Brewers,2.0,7.0,663559.0,668964.0,Nestor Ceja,Todd Tichenor,"73 degrees, Overcast.","11 mph, Out To LF.",6:41 PM.,"14,020.",9,0.0,0.0,2,4
744802,2024-09-24,R,2024,Nationals Park,Washington Nationals,Kansas City Royals,0.0,1.0,680730.0,666142.0,Bill Miller,Doug Eddings,"66 degrees, Overcast.","0 mph, None.",7:25 PM.,"14,477.",10,0.0,0.0,0,0
745688,2024-09-24,R,2024,Yankee Stadium,New York Yankees,Baltimore Orioles,3.0,5.0,657376.0,665152.0,Ryan Wills,Carlos Torres,"65 degrees, Partly Cloudy.","9 mph, In From CF.",7:10 PM.,"41,149.",9,0.0,0.0,1,2
744876,2024-09-24,R,2024,Rogers Centre,Toronto Blue Jays,Boston Red Sox,5.0,6.0,670102.0,678394.0,Scott Barry,Tom Hanahan,"68 degrees, Roof Closed.","0 mph, None.",7:08 PM.,"29,178.",10,0.0,0.0,3,0
747068,2024-09-24,R,2024,Truist Park,Atlanta Braves,New York Mets,5.0,1.0,680885.0,622663.0,Mike Estabrook,Erich Bacchus,"87 degrees, Partly Cloudy.","8 mph, L To R.",7:22 PM.,"40,103.",9,0.0,0.0,5,0
746743,2024-09-24,R,2024,Guaranteed Rate Field,Chicago White Sox,Los Angeles Angels,3.0,2.0,686563.0,686799.0,Adam Hamari,Edwin Moscoso,"64 degrees, Cloudy.","10 mph, Out To CF.",7:45 PM.,"17,606.",9,0.0,0.0,0,0
745851,2024-09-24,R,2024,Target Field,Minnesota Twins,Miami Marlins,1.0,4.0,641927.0,677960.0,Stu Scheurwater,Bruce Dreckman,"72 degrees, Partly Cloudy.","5 mph, Out To RF.",6:42 PM.,"21,983.",9,0.0,0.0,1,4
746336,2024-09-24,R,2024,Minute Maid Park,Houston Astros,Seattle Mariners,4.0,3.0,664285.0,669302.0,Marvin Hudson,Hunter Wendelstedt,"73 degrees, Roof Closed.","0 mph, None.",7:12 PM.,"38,195.",9,1.0,0.0,4,3
746504,2024-09-24,R,2024,Coors Field,Colorado Rockies,St. Louis Cardinals,3.0,7.0,663372.0,700241.0,Emil Jimenez,Gabe Morales,"74 degrees, Clear.","3 mph, L To R.",6:41 PM.,"25,944.",9,0.0,0.0,3,2
747149,2024-09-24,R,2024,Chase Field,Arizona Diamondbacks,San Francisco Giants,0.0,11.0,694297.0,657277.0,Lance Barrett,Roberto Ortiz,"78 degrees, Roof Closed.","0 mph, None.",6:40 PM.,"22,355.",9,0.0,0.0,0,10
745605,2024-09-24,R,2024,Oakland Coliseum,Oakland Athletics,Texas Rangers,5.0,4.0,687765.0,543135.0,Mark Carlson,Charlie Ramos,"69 degrees, Partly Cloudy.","13 mph, Out To RF.",6:40 PM.,"30,402.",9,2.0,1.0,3,3
746093,2024-09-24,R,2024,Dodger Stadium,Los Angeles Dodgers,San Diego Padres,2.0,4.0,689017.0,650633.0,Tripp Gibson,Andy Fletcher,"69 degrees, Clear.","7 mph, Out To RF.",7:10 PM.,"50,369.",9,1.0,0.0,1,4
746331,2024-09-25,R,2024,Minute Maid Park,Houston Astros,Seattle Mariners,1.0,8.0,579328.0,669923.0,Hunter Wendelstedt,Nick Mahrley,"73 degrees, Roof Closed.","0 mph, None.",1:10 PM.,"32,219.",9,0.0,0.0,1,0
745521,2024-09-25,R,2024,Citizens Bank Park,Philadelphia Phillies,Chicago Cubs,9.0,6.0,650911.0,665871.0,Dan Bellino,Phil Cuzzi,"66 degrees, Cloudy.","9 mph, R To L.",6:06 PM.,"42,438.",9,3.0,0.0,8,4
746583,2024-09-25,R,2024,Progressive Field,Cleveland Guardians,Cincinnati Reds,5.0,2.0,689958.0,596001.0,Junior Valentine,Ramon De Jesus,"71 degrees, Overcast.","2 mph, Calm.",6:41 PM.,"25,860.",9,1.0,0.0,2,0
746420,2024-09-25,R,2024,Comerica Park,Detroit Tigers,Tampa Bay Rays,7.0,1.0,672456.0,641793.0,Shane Livensparger,Brian O'Nora,"75 degrees, Cloudy.","7 mph, In From RF.",6:40 PM.,"32,463.",9,2.0,0.0,3,1
745442,2024-09-25,R,2024,PNC Park,Pittsburgh Pirates,Milwaukee Brewers,2.0,1.0,682847.0,642547.0,Todd Tichenor,Manny Gonzalez,"76 degrees, Overcast.","7 mph, In From CF.",6:41 PM.,"15,965.",9,0.0,0.0,2,1
744795,2024-09-25,R,2024,Nationals Park,Washington Nationals,Kansas City Royals,0.0,3.0,687792.0,547179.0,Doug Eddings,Chad Whitson,"71 degrees, Overcast.","8 mph, Out To RF.",6:45 PM.,"16,670.",9,0.0,0.0,0,1
745690,2024-09-25,R,2024,Yankee Stadium,New York Yankees,Baltimore Orioles,7.0,9.0,573186.0,621107.0,Carlos Torres,David Rackley,"65 degrees, Overcast.","11 mph, In From CF.",7:08 PM.,"41,010.",9,0.0,3.0,3,8
744877,2024-09-25,R,2024,Rogers Centre,Toronto Blue Jays,Boston Red Sox,6.0,1.0,592332.0,690916.0,Tom Hanahan,Lance Barksdale,"72 degrees, Cloudy.","16 mph, Out To LF.",7:09 PM.,"27,694.",9,0.0,0.0,4,0
746742,2024-09-25,R,2024,Guaranteed Rate Field,Chicago White Sox,Los Angeles Angels,4.0,3.0,663436.0,660761.0,Edwin Moscoso,Alex MacKay,"70 degrees, Clear.","6 mph, In From LF.",6:40 PM.,"18,423.",10,0.0,0.0,3,2
745854,2024-09-25,R,2024,Target Field,Minnesota Twins,Miami Marlins,8.0,3.0,680573.0,665795.0,Bruce Dreckman,Jeremie Rehak,"76 degrees, Clear.","3 mph, Out To RF.",6:41 PM.,"18,162.",9,0.0,3.0,3,3
746501,2024-09-25,R,2024,Coors Field,Colorado Rockies,St. Louis Cardinals,2.0,5.0,596295.0,607200.0,Gabe Morales,Chris Guccione,"85 degrees, Clear.","5 mph, Out To LF.",6:39 PM.,"26,863.",9,0.0,0.0,1,4
747144,2024-09-25,R,2024,Chase Field,Arizona Diamondbacks,San Francisco Giants,8.0,2.0,668678.0,696131.0,Roberto Ortiz,Mark Ripperger,"78 degrees, Roof Closed.","0 mph, None.",6:41 PM.,"23,767.",9,0.0,0.0,5,1
745607,2024-09-25,R,2024,Oakland Coliseum,Oakland Athletics,Texas Rangers,1.0,5.0,669620.0,674003.0,Charlie Ramos,Paul Clemons,"64 degrees, Partly Cloudy.","14 mph, Out To RF.",6:40 PM.,"35,270.",9,0.0,3.0,1,5
746095,2024-09-25,R,2024,Dodger Stadium,Los Angeles Dodgers,San Diego Padres,4.0,3.0,656427.0,656302.0,Andy Fletcher,Jansen Visconti,"69 degrees, Clear.","9 mph, Varies.",7:11 PM.,"52,310.",9,1.0,0.0,3,3
747064,2024-09-25,R,2024,Truist Park,Atlanta Braves,New York Mets,,,656550.0,664192.0,Dan Bellino,Jim Wolf,"76 degrees, Cloudy.","7 mph, R To L.",4:50 PM.,"41,561.",9,0.0,0.0,1,0
745443,2024-09-26,R,2024,PNC Park,Pittsburgh Pirates,Milwaukee Brewers,2.0,5.0,656605.0,650644.0,Manny Gonzalez,Cory Blaser,"70 degrees, Overcast.","5 mph, Out To CF.",12:35 PM.,"16,797.",9,0.0,0.0,0,3
744796,2024-09-26,R,2024,Nationals Park,Washington Nationals,Kansas City Royals,4.0,7.0,571578.0,608379.0,Chad Whitson,Brian Walsh,"77 degrees, Cloudy.","5 mph, Out To CF.",1:05 PM.,"14,357.",9,1.0,0.0,4,4
746415,2024-09-26,R,2024,Comerica Park,Detroit Tigers,Tampa Bay Rays,4.0,3.0,681857.0,641302.0,Brian O'Nora,Brennan Miller,"72 degrees, Cloudy.","8 mph, L To R.",1:10 PM.,"27,867.",9,0.0,0.0,0,3
746738,2024-09-26,R,2024,Guaranteed Rate Field,Chicago White Sox,Los Angeles Angels,7.0,0.0,623167.0,542881.0,Alex MacKay,Jacob Metz,"73 degrees, Sunny.","8 mph, In From LF.",1:11 PM.,"15,678.",9,0.0,0.0,7,0
746495,2024-09-26,R,2024,Coors Field,Colorado Rockies,St. Louis Cardinals,10.0,8.0,607536.0,502043.0,Chris Guccione,Ryan Additon,"86 degrees, Sunny.","3 mph, R To L.",1:09 PM.,"25,344.",9,2.0,2.0,5,6
745609,2024-09-26,R,2024,Oakland Coliseum,Oakland Athletics,Texas Rangers,3.0,2.0,669372.0,677958.0,Paul Clemons,Jordan Baker,"67 degrees, Sunny.","4 mph, Out To RF.",12:37 PM.,"46,889.",9,0.0,0.0,3,0
745691,2024-09-26,R,2024,Yankee Stadium,New York Yankees,Baltimore Orioles,10.0,1.0,543037.0,669203.0,David Rackley,Chad Fairchild,"73 degrees, Cloudy.","4 mph, Calm.",7:09 PM.,"42,022.",9,0.0,0.0,1,0
745853,2024-09-26,R,2024,Target Field,Minnesota Twins,Miami Marlins,6.0,8.0,701581.0,678368.0,Jeremie Rehak,Mark Wegner,"82 degrees, Clear.","5 mph, Out To LF.",6:42 PM.,"17,341.",13,0.0,1.0,0,4
746088,2024-09-26,R,2024,Dodger Stadium,Los Angeles Dodgers,San Diego Padres,7.0,2.0,621111.0,605397.0,Jansen Visconti,Mike Muchlinski,"69 degrees, Clear.","7 mph, Out To RF.",7:10 PM.,"52,433.",9,0.0,0.0,0,1
747139,2024-09-26,R,2024,Truist Park,Atlanta Braves,New York Mets,,,680885.0,656731.0,Scott Barry,Lance Barksdale,"73 degrees, Overcast.","4 mph, R To L.",1:11 PM.,,9,0.0,0.0,2,0
746822,2024-09-27,R,2024,Wrigley Field,Chicago Cubs,Cincinnati Reds,1.0,0.0,592791.0,607259.0,Brennan Miller,Chris Conroy,"71 degrees, Overcast.","22 mph, In From RF.",1:20 PM.,"32,083.",9,0.0,0.0,1,0
746417,2024-09-27,R,2024,Comerica Park,Detroit Tigers,Chicago White Sox,4.0,1.0,669724.0,676979.0,Nick Mahrley,John Tumpane,"75 degrees, Cloudy.","22 mph, In From LF.",6:40 PM.,"44,435.",9,0.0,0.0,2,0
744797,2024-09-27,R,2024,Nationals Park,Washington Nationals,Philadelphia Phillies,9.0,1.0,592866.0,624133.0,Lance Barksdale,Nic Lentz,"76 degrees, Overcast.","10 mph, R To L.",6:45 PM.,"31,796.",9,4.0,0.0,7,0
745692,2024-09-27,R,2024,Yankee Stadium,New York Yankees,Pittsburgh Pirates,2.0,4.0,607074.0,683003.0,Tony Randazzo,Phil Cuzzi,"69 degrees, Partly Cloudy.","5 mph, In From CF.",7:09 PM.,"41,778.",9,0.0,0.0,2,0
744879,2024-09-27,R,2024,Rogers Centre,Toronto Blue Jays,Miami Marlins,5.0,15.0,621244.0,670124.0,Ryan Additon,David Arrieta,"68 degrees, Cloudy.","15 mph, Out To LF.",7:08 PM.,"31,597.",9,0.0,3.0,4,9
746580,2024-09-27,R,2024,Progressive Field,Cleveland Guardians,Houston Astros,2.0,5.0,676282.0,669854.0,Mark Wegner,Jim Wolf,"72 degrees, Cloudy.","12 mph, In From RF.",7:11 PM.,"34,149.",9,0.0,1.0,0,5
746904,2024-09-27,R,2024,Fenway Park,Boston Red Sox,Tampa Bay Rays,1.0,2.0,601713.0,671737.0,Brian Walsh,Bill Miller,"72 degrees, Partly Cloudy.","6 mph, Out To LF.",7:10 PM.,"33,694.",9,0.0,0.0,0,0
747065,2024-09-27,R,2024,Truist Park,Atlanta Braves,Kansas City Royals,3.0,0.0,608331.0,663903.0,Erich Bacchus,Will Little,"72 degrees, Cloudy.","9 mph, L To R.",7:21 PM.,"36,212.",9,0.0,0.0,2,0
746494,2024-09-27,R,2024,Coors Field,Colorado Rockies,Los Angeles Dodgers,4.0,11.0,615698.0,518489.0,Chad Fairchild,Ryan Wills,"83 degrees, Clear.","6 mph, In From CF.",6:11 PM.,"48,750.",9,1.0,2.0,2,6
745847,2024-09-27,R,2024,Target Field,Minnesota Twins,Baltimore Orioles,2.0,7.0,641154.0,700249.0,Cory Blaser,Nestor Ceja,"81 degrees, Clear.","5 mph, L To R.",7:10 PM.,"26,058.",9,0.0,0.0,0,2
745930,2024-09-27,R,2024,American Family Field,Milwaukee Brewers,New York Mets,8.0,4.0,593423.0,640455.0,Ramon De Jesus,Adrian Johnson,"68 degrees, Cloudy.","11 mph, L To R.",7:13 PM.,"33,996.",9,4.0,0.0,6,2
746173,2024-09-27,R,2024,Angel Stadium,Los Angeles Angels,Texas Rangers,2.0,5.0,672282.0,594798.0,Mark Ripperger,Alfonso Márquez,"69 degrees, Partly Cloudy.","6 mph, Out To CF.",6:40 PM.,"39,308.",9,1.0,3.0,2,4
747145,2024-09-27,R,2024,Chase Field,Arizona Diamondbacks,San Diego Padres,3.0,5.0,518876.0,506433.0,Alex Tosi,Jordan Baker,"77 degrees, Roof Closed.","0 mph, None.",6:40 PM.,"43,310.",9,2.0,4.0,2,5
745202,2024-09-27,R,2024,T-Mobile Park,Seattle Mariners,Oakland Athletics,2.0,0.0,693433.0,676664.0,Mike Muchlinski,Tripp Gibson,"60 degrees, Clear.","0 mph, Calm.",7:11 PM.,"41,429.",9,0.0,0.0,2,0
745280,2024-09-27,R,2024,Oracle Park,San Francisco Giants,St. Louis Cardinals,3.0,6.0,694738.0,571945.0,Jacob Metz,Adam Hamari,"77 degrees, Clear.","10 mph, Out To CF.",7:15 PM.,"35,101.",9,0.0,1.0,3,6
745685,2024-09-28,R,2024,Yankee Stadium,New York Yankees,Pittsburgh Pirates,4.0,9.0,661563.0,694973.0,Phil Cuzzi,Edwin Moscoso,"65 degrees, Overcast.","14 mph, In From CF.",1:08 PM.,"46,069.",9,0.0,0.0,1,4
746414,2024-09-28,R,2024,Comerica Park,Detroit Tigers,Chicago White Sox,0.0,4.0,689225.0,680732.0,John Tumpane,Marvin Hudson,"70 degrees, Drizzle.","9 mph, L To R.",3:30 PM.,"41,933.",9,0.0,0.0,0,1
746819,2024-09-28,R,2024,Wrigley Field,Chicago Cubs,Cincinnati Reds,3.0,0.0,543294.0,695076.0,Chris Conroy,Shane Livensparger,"68 degrees, Cloudy.","16 mph, In From LF.",1:20 PM.,"38,180.",9,0.0,0.0,0,0
744878,2024-09-28,R,2024,Rogers Centre,Toronto Blue Jays,Miami Marlins,1.0,8.0,684320.0,675540.0,David Arrieta,Gabe Morales,"68 degrees, Roof Closed.","0 mph, None.",3:08 PM.,"35,733.",9,1.0,2.0,1,2
745281,2024-09-28,R,2024,Oracle Park,San Francisco Giants,St. Louis Cardinals,6.0,5.0,663941.0,669467.0,Adam Hamari,Vic Carapazza,"65 degrees, Partly Cloudy.","14 mph, Out To CF.",1:05 PM.,"36,328.",9,2.0,1.0,4,2
744799,2024-09-28,R,2024,Nationals Park,Washington Nationals,Philadelphia Phillies,6.0,3.0,669022.0,554430.0,Nic Lentz,Brock Ballou,"84 degrees, Partly Cloudy.","6 mph, R To L.",4:05 PM.,"38,135.",9,0.0,0.0,0,0
746902,2024-09-28,R,2024,Fenway Park,Boston Red Sox,Tampa Bay Rays,2.0,7.0,676710.0,669358.0,Bill Miller,Doug Eddings,"71 degrees, Sunny.","8 mph, R To L.",4:11 PM.,"35,333.",9,1.0,0.0,1,6
746578,2024-09-28,R,2024,Progressive Field,Cleveland Guardians,Houston Astros,3.0,4.0,594902.0,434378.0,Jim Wolf,Bruce Dreckman,"73 degrees, Overcast.","7 mph, In From CF.",6:11 PM.,"33,609.",9,2.0,1.0,3,4
745849,2024-09-28,R,2024,Target Field,Minnesota Twins,Baltimore Orioles,2.0,9.0,805673.0,621199.0,Nestor Ceja,Todd Tichenor,"84 degrees, Clear.","6 mph, In From LF.",6:15 PM.,"30,558.",9,0.0,2.0,0,8
745931,2024-09-28,R,2024,American Family Field,Milwaukee Brewers,New York Mets,6.0,0.0,657649.0,500779.0,Adrian Johnson,Lance Barrett,"71 degrees, Clear.","16 mph, L To R.",6:16 PM.,"39,637.",9,0.0,0.0,2,0
747066,2024-09-28,R,2024,Truist Park,Atlanta Braves,Kansas City Royals,2.0,1.0,625643.0,607625.0,Will Little,Laz Diaz,"72 degrees, Cloudy.","7 mph, R To L.",7:20 PM.,"38,775.",9,0.0,0.0,1,1
746499,2024-09-28,R,2024,Coors Field,Colorado Rockies,Los Angeles Dodgers,2.0,13.0,622608.0,808967.0,Ryan Wills,Carlos Torres,"86 degrees, Clear.","8 mph, Out To LF.",6:12 PM.,"48,395.",9,1.0,0.0,2,8
747146,2024-09-28,R,2024,Chase Field,Arizona Diamondbacks,San Diego Padres,0.0,5.0,593958.0,681190.0,Jordan Baker,Stu Scheurwater,"78 degrees, Roof Closed.","0 mph, None.",5:10 PM.,"42,915.",9,0.0,0.0,0,0
746171,2024-09-28,R,2024,Angel Stadium,Los Angeles Angels,Texas Rangers,8.0,9.0,656288.0,571760.0,Alfonso Márquez,Edwin Jimenez,"71 degrees, Clear.","6 mph, R To L.",6:41 PM.,"41,560.",9,0.0,0.0,7,2
745203,2024-09-28,R,2024,T-Mobile Park,Seattle Mariners,Oakland Athletics,7.0,6.0,676106.0,683155.0,Tripp Gibson,Andy Fletcher,"55 degrees, Roof Closed.","0 mph, Calm.",6:41 PM.,"33,007.",10,0.0,0.0,3,2
745282,2024-09-29,R,2024,Oracle Park,San Francisco Giants,St. Louis Cardinals,1.0,6.0,806185.0,700241.0,Vic Carapazza,Alex MacKay,"62 degrees, Partly Cloudy.","8 mph, Out To CF.",12:05 PM.,"32,348.",9,0.0,0.0,0,3
746901,2024-09-29,R,2024,Fenway Park,Boston Red Sox,Tampa Bay Rays,3.0,1.0,682990.0,686752.0,Doug Eddings,Chad Whitson,"69 degrees, Cloudy.","6 mph, Out To LF.",3:06 PM.,"34,862.",9,0.0,0.0,3,1
744798,2024-09-29,R,2024,Nationals Park,Washington Nationals,Philadelphia Phillies,3.0,6.0,663623.0,605400.0,Brock Ballou,Scott Barry,"69 degrees, Overcast.","6 mph, In From RF.",3:05 PM.,"26,729.",9,1.0,2.0,3,6
745686,2024-09-29,R,2024,Yankee Stadium,New York Yankees,Pittsburgh Pirates,6.0,4.0,657376.0,663559.0,Edwin Moscoso,Dan Bellino,"61 degrees, Rain.","10 mph, In From LF.",4:36 PM.,"44,108.",9,2.0,0.0,4,4
746174,2024-09-29,R,2024,Angel Stadium,Los Angeles Angels,Texas Rangers,0.0,8.0,686799.0,543135.0,Edwin Jimenez,Emil Jimenez,"75 degrees, Sunny.","6 mph, Out To CF.",12:09 PM.,"35,145.",9,0.0,0.0,0,1
744880,2024-09-29,R,2024,Rogers Centre,Toronto Blue Jays,Miami Marlins,1.0,3.0,621114.0,677960.0,Gabe Morales,Chris Guccione,"69 degrees, Partly Cloudy.","15 mph, L To R.",3:08 PM.,"31,688.",9,0.0,2.0,0,2
746496,2024-09-29,R,2024,Coors Field,Colorado Rockies,Los Angeles Dodgers,1.0,2.0,663372.0,607455.0,Carlos Torres,Roberto Ortiz,"85 degrees, Partly Cloudy.","3 mph, R To L.",1:11 PM.,"48,320.",9,0.0,0.0,1,0
747147,2024-09-29,R,2024,Chase Field,Arizona Diamondbacks,San Diego Padres,11.0,2.0,694297.0,527048.0,Stu Scheurwater,Mark Carlson,"78 degrees, Roof Closed.","0 mph, None.",12:10 PM.,"38,892.",9,0.0,0.0,7,1
745201,2024-09-29,R,2024,T-Mobile Park,Seattle Mariners,Oakland Athletics,6.0,4.0,669302.0,687765.0,Andy Fletcher,Jansen Visconti,"56 degrees, Partly Cloudy.","1 mph, Calm.",12:11 PM.,"42,177.",9,0.0,0.0,6,0
745846,2024-09-29,R,2024,Target Field,Minnesota Twins,Baltimore Orioles,2.0,6.0,641927.0,544150.0,Todd Tichenor,Manny Gonzalez,"79 degrees, Sunny.","5 mph, R To L.",2:10 PM.,"26,041.",9,0.0,0.0,2,3
746416,2024-09-29,R,2024,Comerica Park,Detroit Tigers,Chicago White Sox,5.0,9.0,628317.0,686563.0,Marvin Hudson,Hunter Wendelstedt,"72 degrees, Overcast.","8 mph, In From LF.",3:12 PM.,"41,740.",9,0.0,0.0,4,5
745932,2024-09-29,R,2024,American Family Field,Milwaukee Brewers,New York Mets,0.0,5.0,607067.0,656849.0,Lance Barrett,Junior Valentine,"72 degrees, Sunny.","15 mph, L To R.",2:12 PM.,"33,754.",9,0.0,1.0,0,4
746820,2024-09-29,R,2024,Wrigley Field,Chicago Cubs,Cincinnati Reds,0.0,3.0,668873.0,668881.0,Shane Livensparger,Brian O'Nora,"71 degrees, Cloudy.","15 mph, In From CF.",2:20 PM.,"33,792.",10,0.0,0.0,0,0
747061,2024-09-29,R,2024,Truist Park,Atlanta Braves,Kansas City Royals,2.0,4.0,450203.0,679525.0,Laz Diaz,Mike Estabrook,"76 degrees, Partly Cloudy.","8 mph, Out To LF.",3:21 PM.,"39,043.",9,0.0,3.0,2,4
746577,2024-09-29,R,2024,Progressive Field,Cleveland Guardians,Houston Astros,,,,,,,,,,,0,,,0,0
747139,2024-09-30,R,2024,Truist Park,Atlanta Braves,New York Mets,7.0,8.0,680885.0,656731.0,Scott Barry,Lance Barksdale,"73 degrees, Overcast.","4 mph, R To L.",1:11 PM.,,9,0.0,0.0,2,0
747064,2024-09-30,R,2024,Truist Park,Atlanta Braves,New York Mets,3.0,0.0,656550.0,664192.0,Dan Bellino,Jim Wolf,"76 degrees, Cloudy.","7 mph, R To L.",4:50 PM.,"41,561.",9,0.0,0.0,1,0
775345,2024-10-01,F,2024,Minute Maid Park,Houston Astros,Detroit Tigers,1.0,3.0,664285.0,669373.0,Tony Randazzo,Jordan Baker,"73 degrees, Roof Closed.","0 mph, None.",1:34 PM.,"40,617.",9,0.0,0.0,0,3
775343,2024-10-01,F,2024,Oriole Park at Camden Yards,Baltimore Orioles,Kansas City Royals,0.0,1.0,669203.0,666142.0,Ryan Additon,Ben May,"66 degrees, Overcast.","2 mph, In From LF.",4:08 PM.,"41,506.",9,0.0,0.0,0,0
775340,2024-10-01,F,2024,American Family Field,Milwaukee Brewers,New York Mets,4.0,8.0,642547.0,622663.0,Alex Tosi,Chris Segal,"74 degrees, Roof Closed.","0 mph, None.",4:33 PM.,"40,022.",9,2.0,0.0,4,8
775333,2024-10-01,F,2024,Petco Park,San Diego Padres,Atlanta Braves,4.0,0.0,650633.0,700363.0,Nestor Ceja,Phil Cuzzi,"72 degrees, Clear.","10 mph, In From LF.",5:38 PM.,"47,647.",9,2.0,0.0,3,0
775344,2024-10-02,F,2024,Minute Maid Park,Houston Astros,Detroit Tigers,2.0,5.0,686613.0,663947.0,Jordan Baker,Will Little,"73 degrees, Roof Closed.","0 mph, None.",1:33 PM.,"40,824.",9,0.0,0.0,0,0
775341,2024-10-02,F,2024,Oriole Park at Camden Yards,Baltimore Orioles,Kansas City Royals,1.0,2.0,621107.0,607625.0,Ben May,Nic Lentz,"69 degrees, Cloudy.","3 mph, L To R.",4:38 PM.,"38,698.",9,0.0,1.0,1,1
775339,2024-10-02,F,2024,American Family Field,Milwaukee Brewers,New York Mets,5.0,3.0,593423.0,640455.0,Chris Segal,Vic Carapazza,"73 degrees, Roof Closed.","0 mph, None.",6:39 PM.,"40,350.",9,1.0,1.0,2,3
775336,2024-10-02,F,2024,Petco Park,San Diego Padres,Atlanta Braves,5.0,4.0,605397.0,608331.0,Phil Cuzzi,Jansen Visconti,"70 degrees, Clear.","6 mph, L To R.",5:38 PM.,"47,705.",9,0.0,1.0,5,2
775337,2024-10-03,F,2024,American Family Field,Milwaukee Brewers,New York Mets,2.0,4.0,668964.0,500779.0,Vic Carapazza,Alan Porter,"73 degrees, Roof Closed.","0 mph, None.",6:08 PM.,"41,594.",9,0.0,0.0,0,0
775324,2024-10-05,D,2024,Progressive Field,Cleveland Guardians,Detroit Tigers,7.0,0.0,676440.0,663947.0,Adam Beck,Ramon De Jesus,"68 degrees, Sunny.","9 mph, In From RF.",1:09 PM.,"33,548.",9,5.0,0.0,5,0
775318,2024-10-05,D,2024,Citizens Bank Park,Philadelphia Phillies,New York Mets,2.0,6.0,554430.0,673540.0,Andy Fletcher,Edwin Moscoso,"77 degrees, Sunny.","7 mph, L To R.",4:09 PM.,"45,751.",9,1.0,0.0,1,0
775334,2024-10-05,D,2024,Yankee Stadium,New York Yankees,Kansas City Royals,6.0,5.0,543037.0,608379.0,Adam Hamari,Ryan Blakney,"71 degrees, Clear.","6 mph, In From LF.",6:38 PM.,"48,790.",9,0.0,0.0,4,3
775323,2024-10-05,D,2024,Dodger Stadium,Los Angeles Dodgers,San Diego Padres,7.0,5.0,808967.0,656302.0,Mark Ripperger,John Libka,"77 degrees, Clear.","2 mph, Out To CF.",5:39 PM.,"53,028.",9,0.0,3.0,7,5
775319,2024-10-06,D,2024,Citizens Bank Park,Philadelphia Phillies,New York Mets,7.0,6.0,650911.0,622663.0,Edwin Moscoso,Doug Eddings,"76 degrees, Sunny.","4 mph, L To R.",4:09 PM.,"45,679.",9,0.0,0.0,0,2
775322,2024-10-06,D,2024,Dodger Stadium,Los Angeles Dodgers,San Diego Padres,2.0,10.0,656427.0,506433.0,John Libka,Cory Blaser,"79 degrees, Clear.","5 mph, L To R.",5:03 PM.,"54,119.",9,0.0,1.0,1,3
775325,2024-10-07,D,2024,Progressive Field,Cleveland Guardians,Detroit Tigers,0.0,3.0,571510.0,669373.0,Ramon De Jesus,Jim Wolf,"61 degrees, Partly Cloudy.","10 mph, L To R.",4:09 PM.,"33,650.",9,0.0,0.0,0,0
775332,2024-10-07,D,2024,Yankee Stadium,New York Yankees,Kansas City Royals,2.0,4.0,607074.0,666142.0,Ryan Blakney,Lance Barrett,"67 degrees, Partly Cloudy.","4 mph, Out To RF.",7:38 PM.,"48,034.",9,0.0,0.0,1,4
775316,2024-10-08,D,2024,Citi Field,New York Mets,Philadelphia Phillies,7.0,2.0,640455.0,605400.0,Doug Eddings,James Hoye,"68 degrees, Partly Cloudy.","8 mph, Out To RF.",5:09 PM.,"44,093.",9,0.0,0.0,2,0
775321,2024-10-08,D,2024,Petco Park,San Diego Padres,Los Angeles Dodgers,6.0,5.0,650633.0,621111.0,Cory Blaser,Dan Bellino,"68 degrees, Clear.","5 mph, R To L.",6:08 PM.,"47,744.",9,0.0,1.0,6,5
775328,2024-10-09,D,2024,Comerica Park,Detroit Tigers,Cleveland Guardians,3.0,0.0,672456.0,502171.0,Jim Wolf,Todd Tichenor,"65 degrees, Partly Cloudy.","9 mph, Out To CF.",3:08 PM.,"44,885.",9,1.0,0.0,2,0
775313,2024-10-09,D,2024,Citi Field,New York Mets,Philadelphia Phillies,4.0,1.0,500779.0,624133.0,James Hoye,Carlos Torres,"66 degrees, Clear.","11 mph, Out To RF.",5:09 PM.,"44,103.",9,0.0,0.0,0,1
775329,2024-10-09,D,2024,Kauffman Stadium,Kansas City Royals,New York Yankees,2.0,3.0,607625.0,657376.0,Lance Barrett,Mark Carlson,"81 degrees, Clear.","6 mph, Out To LF.",6:08 PM.,"40,312.",9,0.0,0.0,2,2
775320,2024-10-09,D,2024,Petco Park,San Diego Padres,Los Angeles Dodgers,0.0,8.0,656302.0,518489.0,Dan Bellino,Tripp Gibson,"67 degrees, Clear.","10 mph, L To R.",6:08 PM.,"47,773.",9,0.0,1.0,0,5
775327,2024-10-10,D,2024,Comerica Park,Detroit Tigers,Cleveland Guardians,4.0,5.0,681857.0,676440.0,Todd Tichenor,Chad Fairchild,"61 degrees, Clear.","2 mph, In From CF.",6:08 PM.,"44,923.",9,0.0,1.0,2,2
775331,2024-10-10,D,2024,Kauffman Stadium,Kansas City Royals,New York Yankees,1.0,3.0,608379.0,543037.0,Mark Carlson,Lance Barksdale,"78 degrees, Clear.","6 mph, R To L.",7:08 PM.,"39,012.",9,0.0,1.0,0,2
775317,2024-10-11,D,2024,Dodger Stadium,Los Angeles Dodgers,San Diego Padres,2.0,0.0,808967.0,506433.0,Tripp Gibson,Adrian Johnson,"80 degrees, Partly Cloudy.","2 mph, L To R.",5:09 PM.,"53,183.",9,0.0,0.0,1,0
775326,2024-10-12,D,2024,Progressive Field,Cleveland Guardians,Detroit Tigers,7.0,3.0,571510.0,669373.0,Chad Fairchild,Nick Mahrley,"65 degrees, Sunny.","7 mph, In From CF.",1:09 PM.,"34,105.",9,0.0,0.0,5,1
775307,2024-10-13,L,2024,Dodger Stadium,Los Angeles Dodgers,New York Mets,9.0,0.0,656427.0,673540.0,Jeremie Rehak,Marvin Hudson,"73 degrees, Clear.","5 mph, Out To CF.",5:15 PM.,"53,503.",9,2.0,0.0,6,0
775306,2024-10-14,L,2024,Dodger Stadium,Los Angeles Dodgers,New York Mets,3.0,7.0,518489.0,640455.0,Mike Muchlinski,Nic Lentz,"73 degrees, Partly Cloudy.","6 mph, Out To CF.",1:08 PM.,"52,926.",9,0.0,1.0,1,6
775314,2024-10-14,L,2024,Yankee Stadium,New York Yankees,Cleveland Guardians,5.0,2.0,607074.0,502171.0,Mike Estabrook,Dan Iassogna,"50 degrees, Cloudy.","15 mph, L To R.",7:39 PM.,"47,264.",9,0.0,0.0,4,0
775312,2024-10-15,L,2024,Yankee Stadium,New York Yankees,Cleveland Guardians,6.0,3.0,543037.0,676440.0,Gabe Morales,Chris Segal,"52 degrees, Partly Cloudy.","2 mph, L To R.",7:39 PM.,"47,054.",9,1.0,0.0,3,2
775305,2024-10-16,L,2024,Citi Field,New York Mets,Los Angeles Dodgers,0.0,8.0,622663.0,621111.0,Marvin Hudson,Bill Miller,"51 degrees, Clear.","8 mph, L To R.",8:09 PM.,"43,883.",9,0.0,0.0,0,2
775310,2024-10-17,L,2024,Progressive Field,Cleveland Guardians,New York Yankees,7.0,5.0,571510.0,657376.0,Dan Iassogna,Alan Porter,"57 degrees, Clear.","5 mph, In From CF.",5:08 PM.,"32,531.",10,0.0,0.0,2,1
775303,2024-10-17,L,2024,Citi Field,New York Mets,Los Angeles Dodgers,2.0,10.0,500779.0,808967.0,Nic Lentz,David Rackley,"53 degrees, Clear.","8 mph, In From LF.",8:09 PM.,"43,882.",9,1.0,1.0,2,5
775299,2024-10-18,L,2024,Citi Field,New York Mets,Los Angeles Dodgers,12.0,6.0,656849.0,656427.0,Bill Miller,Jordan Baker,"67 degrees, Clear.","7 mph, In From LF.",5:08 PM.,"43,841.",9,3.0,0.0,10,5
775311,2024-10-18,L,2024,Progressive Field,Cleveland Guardians,New York Yankees,6.0,8.0,668909.0,661563.0,Chris Segal,Jansen Visconti,"56 degrees, Clear.","5 mph, In From RF.",8:08 PM.,"35,263.",9,1.0,2.0,2,3
775309,2024-10-19,L,2024,Progressive Field,Cleveland Guardians,New York Yankees,2.0,5.0,676440.0,607074.0,Alan Porter,Vic Carapazza,"58 degrees, Clear.","5 mph, In From CF.",8:09 PM.,"32,545.",10,0.0,0.0,2,0
775302,2024-10-20,L,2024,Dodger Stadium,Los Angeles Dodgers,New York Mets,10.0,5.0,656629.0,640455.0,David Rackley,Jeremie Rehak,"78 degrees, Clear.","4 mph, Out To CF.",5:08 PM.,"52,674.",9,2.0,1.0,6,3
775300,2024-10-25,W,2024,Dodger Stadium,Los Angeles Dodgers,New York Yankees,6.0,3.0,656427.0,543037.0,Carlos Torres,Mark Carlson,"76 degrees, Clear.","5 mph, R To L.",5:11 PM.,"52,394.",10,0.0,0.0,1,0
775294,2024-10-26,W,2024,Dodger Stadium,Los Angeles Dodgers,New York Yankees,4.0,2.0,808967.0,607074.0,Andy Fletcher,Doug Eddings,"77 degrees, Partly Cloudy.","5 mph, L To R.",5:15 PM.,"52,725.",9,0.0,0.0,4,1
775298,2024-10-28,W,2024,Yankee Stadium,New York Yankees,Los Angeles Dodgers,2.0,4.0,657376.0,621111.0,Mark Carlson,Mark Ripperger,"52 degrees, Clear.","5 mph, In From LF.",8:17 PM.,"49,368.",9,0.0,2.0,0,3
775297,2024-10-29,W,2024,Yankee Stadium,New York Yankees,Los Angeles Dodgers,11.0,4.0,661563.0,676508.0,Doug Eddings,Chad Fairchild,"61 degrees, Cloudy.","10 mph, R To L.",8:08 PM.,"49,354.",9,0.0,2.0,5,4
775296,2024-10-30,W,2024,Yankee Stadium,New York Yankees,Los Angeles Dodgers,6.0,7.0,543037.0,656427.0,Mark Ripperger,Todd Tichenor,"67 degrees, Partly Cloudy.","5 mph, Out To LF.",8:09 PM.,"49,263.",9,3.0,0.0,5,5
