game_pk,date,game_type,season,venue,home,away,home_runs,away_runs,home_sp,away_sp,ump_hp,ump_1b,weather,wind,first_pitch,att,innings,f1_home,f1_away,f5_home,f5_away
778563,2025-03-18,R,2025,Tokyo Dome,Chicago Cubs,Los Angeles Dodgers,1.0,4.0,684007,808967,Bill Miller,Mike Estabrook,"72 degrees, Dome.","0 mph, None.",7:10 PM.,"42,365.",9,0,0,1,3
778564,2025-03-19,R,2025,Tokyo Dome,Chicago Cubs,Los Angeles Dodgers,3.0,6.0,657006,808963,Alan Porter,Lance Barrett,"72 degrees, Dome.","0 mph, None.",7:10 PM.,"42,367.",9,0,0,3,6
778557,2025-03-27,R,2025,Yankee Stadium,New York Yankees,Milwaukee Brewers,4.0,2.0,607074,642547,Marvin Hudson,Tripp Gibson,"48 degrees, Sunny.","17 mph, Out To LF.",3:13 PM.,"46,208.",9,1,0,2,1
778556,2025-03-27,R,2025,Rogers Centre,Toronto Blue Jays,Baltimore Orioles,2.0,12.0,621244,621107,Lance Barksdale,Will Little,"68 degrees, Roof Closed.","0 mph, None.",3:39 PM.,"40,734.",9,0,1,2,6
778553,2025-03-27,R,2025,Globe Life Field,Texas Rangers,Boston Red Sox,2.0,5.0,543135,676979,Todd Tichenor,Hunter Wendelstedt,"74 degrees, Roof Closed.","0 mph, None.",3:08 PM.,"37,585.",9,0,0,2,2
778555,2025-03-27,R,2025,Nationals Park,Washington Nationals,Philadelphia Phillies,3.0,7.0,669022,554430,Alfonso Márquez,Lance Barrett,"57 degrees, Sunny.","5 mph, L To R.",4:06 PM.,"41,231.",10,0,0,1,0
778558,2025-03-27,R,2025,Kauffman Stadium,Kansas City Royals,Cleveland Guardians,4.0,7.0,666142,594902,Doug Eddings,Mike Muchlinski,"76 degrees, Partly Cloudy.","12 mph, R To L.",3:10 PM.,"39,393.",10,0,0,3,2
778559,2025-03-27,R,2025,Daikin Park,Houston Astros,New York Mets,3.0,1.0,664285,605280,Andy Fletcher,Rob Drake,"73 degrees, Roof Closed.","0 mph, None.",3:12 PM.,"42,305.",9,0,0,3,0
778561,2025-03-27,R,2025,Great American Ball Park,Cincinnati Reds,San Francisco Giants,4.0,6.0,668881,657277,Ron Kulpa,Cory Blaser,"61 degrees, Partly Cloudy.","10 mph, R To L.",4:11 PM.,"43,876.",9,1,0,3,2
778545,2025-03-27,R,2025,Petco Park,San Diego Padres,Atlanta Braves,7.0,4.0,650633,519242,Adrian Johnson,Quinn Wolcott,"66 degrees, Partly Cloudy.","9 mph, L To R.",1:11 PM.,"45,568.",9,2,1,3,4
778554,2025-03-27,R,2025,Rate Field,Chicago White Sox,Los Angeles Angels,8.0,1.0,680732,579328,Alan Porter,Jim Wolf,"54 degrees, Cloudy.","11 mph, In From RF.",3:12 PM.,"31,403.",9,0,0,3,0
778562,2025-03-27,R,2025,loanDepot park,Miami Marlins,Pittsburgh Pirates,5.0,4.0,645261,694973,Bill Miller,Chad Fairchild,"76 degrees, Sunny.","7 mph, In From LF.",4:10 PM.,"31,693.",9,0,0,1,2
778551,2025-03-27,R,2025,Busch Stadium,St. Louis Cardinals,Minnesota Twins,5.0,3.0,543243,641154,Laz Diaz,Brian O'Nora,"63 degrees, Cloudy.","8 mph, In From RF.",4:53 PM.,"47,395.",9,1,0,4,2
778546,2025-03-27,R,2025,Dodger Stadium,Los Angeles Dodgers,Detroit Tigers,5.0,4.0,605483,669373,Chris Conroy,John Tumpane,"69 degrees, Partly Cloudy.","3 mph, Out To RF.",4:13 PM.,"53,595.",9,0,0,4,2
778552,2025-03-27,R,2025,Chase Field,Arizona Diamondbacks,Chicago Cubs,6.0,10.0,668678,657006,Dan Bellino,Phil Cuzzi,"87 degrees, Clear.","6 mph, L To R.",7:10 PM.,"49,070.",9,1,0,3,7
778547,2025-03-27,R,2025,T-Mobile Park,Seattle Mariners,Athletics,4.0,2.0,669302,622663,Mark Carlson,Jordan Baker,"55 degrees, Roof Closed.","0 mph, Calm.",7:10 PM.,"42,871.",9,0,0,0,1
778560,2025-03-28,R,2025,George M. Steinbrenner Field,Tampa Bay Rays,Colorado Rockies,3.0,2.0,686752,607536,Mark Wegner,Bruce Dreckman,"84 degrees, Partly Cloudy.","14 mph, R To L.",4:11 PM.,"10,046.",9,0,0,0,2
778549,2025-03-28,R,2025,Rogers Centre,Toronto Blue Jays,Baltimore Orioles,8.0,2.0,592332,450203,Will Little,Ryan Additon,"72 degrees, Roof Closed.","0 mph, None.",7:08 PM.,"26,289.",9,0,0,5,2
778548,2025-03-28,R,2025,loanDepot park,Miami Marlins,Pittsburgh Pirates,3.0,4.0,687362,656605,Chad Fairchild,Ben May,"77 degrees, Partly Cloudy.","15 mph, In From LF.",7:11 PM.,"9,838.",9,0,0,1,4
778550,2025-03-28,R,2025,Globe Life Field,Texas Rangers,Boston Red Sox,4.0,1.0,683004,656557,Hunter Wendelstedt,Adam Hamari,"74 degrees, Roof Closed.","0 mph, None.",7:09 PM.,"26,762.",9,0,0,2,1
778518,2025-03-28,R,2025,Daikin Park,Houston Astros,New York Mets,1.0,3.0,686613,656731,Rob Drake,Jansen Visconti,"73 degrees, Roof Closed.","0 mph, None.",7:11 PM.,"37,004.",9,0,0,1,3
778543,2025-03-28,R,2025,Chase Field,Arizona Diamondbacks,Chicago Cubs,8.0,1.0,518876,592791,Phil Cuzzi,Tony Randazzo,"80 degrees, Partly Cloudy.","7 mph, L To R.",6:40 PM.,"37,449.",9,0,0,6,1
778541,2025-03-28,R,2025,T-Mobile Park,Seattle Mariners,Athletics,0.0,7.0,622491,605488,Jordan Baker,Stu Scheurwater,"52 degrees, Roof Closed.","6 mph, Out To LF.",6:40 PM.,"25,061.",9,0,0,0,2
778542,2025-03-28,R,2025,Petco Park,San Diego Padres,Atlanta Braves,4.0,3.0,656302,625643,Quinn Wolcott,Ramon De Jesus,"59 degrees, Partly Cloudy.","8 mph, L To R.",6:41 PM.,"41,058.",9,1,0,3,3
778544,2025-03-28,R,2025,Dodger Stadium,Los Angeles Dodgers,Detroit Tigers,8.0,5.0,808967,656427,John Tumpane,Jeremie Rehak,"61 degrees, Cloudy.","7 mph, Out To CF.",7:10 PM.,"52,029.",10,0,0,0,2
778538,2025-03-29,R,2025,Yankee Stadium,New York Yankees,Milwaukee Brewers,20.0,9.0,608331,641482,Tripp Gibson,Ryan Blakney,"78 degrees, Partly Cloudy.","15 mph, Out To CF.",1:09 PM.,"46,683.",9,4,0,16,6
778534,2025-03-29,R,2025,Rate Field,Chicago White Sox,Los Angeles Angels,0.0,1.0,686563,667755,Jim Wolf,Chris Segal,"67 degrees, Partly Cloudy.","14 mph, In From RF.",1:10 PM.,"20,602.",9,0,0,0,0
778528,2025-03-29,R,2025,Busch Stadium,St. Louis Cardinals,Minnesota Twins,5.0,1.0,607200,657746,Brian O'Nora,Mike Estabrook,"68 degrees, Cloudy.","10 mph, Out To LF.",1:15 PM.,"30,712.",9,1,0,1,1
778536,2025-03-29,R,2025,Rogers Centre,Toronto Blue Jays,Baltimore Orioles,5.0,9.0,453286,665152,Ryan Additon,Ryan Wills,"68 degrees, Roof Closed.","0 mph, None.",3:07 PM.,"27,005.",9,2,2,5,8
778535,2025-03-29,R,2025,Nationals Park,Washington Nationals,Philadelphia Phillies,6.0,11.0,663623,666200,Lance Barrett,Carlos Torres,"81 degrees, Overcast.","7 mph, Out To RF.",4:05 PM.,"38,446.",9,0,0,2,2
778529,2025-03-29,R,2025,Kauffman Stadium,Kansas City Royals,Cleveland Guardians,4.0,3.0,607625,668909,Mike Muchlinski,Gabe Morales,"77 degrees, Partly Cloudy.","17 mph, R To L.",3:10 PM.,"22,019.",9,0,0,1,3
778540,2025-03-29,R,2025,Great American Ball Park,Cincinnati Reds,San Francisco Giants,3.0,2.0,666157,434378,Cory Blaser,Manny Gonzalez,"76 degrees, Partly Cloudy.","14 mph, In From RF.",4:11 PM.,"40,200.",9,0,0,2,2
778537,2025-03-29,R,2025,George M. Steinbrenner Field,Tampa Bay Rays,Colorado Rockies,1.0,2.0,641793,622608,Bruce Dreckman,Shane Livensparger,"84 degrees, Partly Cloudy.","7 mph, In From CF.",4:11 PM.,"10,046.",9,0,0,0,1
778539,2025-03-29,R,2025,loanDepot park,Miami Marlins,Pittsburgh Pirates,5.0,4.0,678368,663559,Ben May,Roberto Ortiz,"72 degrees, Roof Closed.","0 mph, None.",4:11 PM.,"10,207.",12,0,1,1,1
778531,2025-03-29,R,2025,Globe Life Field,Texas Rangers,Boston Red Sox,4.0,3.0,641816,621111,Adam Hamari,Nestor Ceja,"74 degrees, Roof Closed.","0 mph, None.",6:08 PM.,"32,251.",9,2,0,4,2
778530,2025-03-29,R,2025,Daikin Park,Houston Astros,New York Mets,2.0,1.0,681293,656288,Jansen Visconti,Malachi Moore,"73 degrees, Roof Closed.","0 mph, None.",6:15 PM.,"41,742.",9,0,0,1,0
778520,2025-03-29,R,2025,Petco Park,San Diego Padres,Atlanta Braves,1.0,0.0,681190,680885,Ramon De Jesus,Paul Clemons,"62 degrees, Partly Cloudy.","9 mph, L To R.",4:17 PM.,"40,587.",9,0,0,0,0
778532,2025-03-29,R,2025,Chase Field,Arizona Diamondbacks,Chicago Cubs,3.0,4.0,694297,684007,Tony Randazzo,Clint Vondrak,"79 degrees, Clear.","2 mph, In From CF.",5:10 PM.,"36,407.",9,0,0,1,3
778533,2025-03-29,R,2025,Dodger Stadium,Los Angeles Dodgers,Detroit Tigers,7.0,3.0,808963,681857,Jeremie Rehak,Brennan Miller,"63 degrees, Partly Cloudy.","1 mph, L To R.",6:10 PM.,"51,788.",9,1,2,4,2
778521,2025-03-29,R,2025,T-Mobile Park,Seattle Mariners,Athletics,2.0,4.0,682243,674370,Stu Scheurwater,John Bacon,"56 degrees, Partly Cloudy.","2 mph, Out To RF.",6:41 PM.,"35,264.",9,0,0,1,2
778526,2025-03-30,R,2025,Nationals Park,Washington Nationals,Philadelphia Phillies,5.0,1.0,680730,605400,Carlos Torres,Charlie Ramos,"79 degrees, Partly Cloudy.","16 mph, Out To CF.",1:35 PM.,"28,075.",9,0,0,3,0
778523,2025-03-30,R,2025,Yankee Stadium,New York Yankees,Milwaukee Brewers,12.0,3.0,573186,650644,Ryan Blakney,Junior Valentine,"44 degrees, Partly Cloudy.","10 mph, In From LF.",1:38 PM.,"41,803.",9,2,1,5,3
778525,2025-03-30,R,2025,Rogers Centre,Toronto Blue Jays,Baltimore Orioles,3.0,1.0,605135,608372,Ryan Wills,Lance Barksdale,"68 degrees, Roof Closed.","0 mph, None.",1:37 PM.,"21,069.",9,2,1,2,1
778522,2025-03-30,R,2025,Great American Ball Park,Cincinnati Reds,San Francisco Giants,3.0,6.0,607259,592662,Manny Gonzalez,Alex Tosi,"69 degrees, Cloudy.","12 mph, R To L.",1:41 PM.,"14,089.",9,0,0,0,1
778524,2025-03-30,R,2025,George M. Steinbrenner Field,Tampa Bay Rays,Colorado Rockies,6.0,4.0,671737,663372,Shane Livensparger,Nate Tomlinson,"80 degrees, Partly Cloudy.","12 mph, R To L.",1:39 PM.,"10,046.",9,2,0,2,1
778519,2025-03-30,R,2025,loanDepot park,Miami Marlins,Pittsburgh Pirates,3.0,2.0,676974,571760,Roberto Ortiz,Bill Miller,"72 degrees, Roof Closed.","0 mph, None.",1:42 PM.,"15,490.",9,0,0,1,2
778510,2025-03-30,R,2025,Kauffman Stadium,Kansas City Royals,Cleveland Guardians,2.0,6.0,608379,676440,Gabe Morales,Emil Jimenez,"45 degrees, Partly Cloudy.","14 mph, L To R.",1:10 PM.,"15,414.",9,0,0,0,3
778527,2025-03-30,R,2025,Rate Field,Chicago White Sox,Los Angeles Angels,2.0,3.0,663436,686799,Chris Segal,Alex MacKay,"76 degrees, Partly Cloudy.","7 mph, R To L.",1:10 PM.,"19,591.",9,2,2,2,2
778517,2025-03-30,R,2025,Busch Stadium,St. Louis Cardinals,Minnesota Twins,9.0,2.0,669467,641927,Mike Estabrook,Erich Bacchus,"74 degrees, Partly Cloudy.","14 mph, R To L.",1:15 PM.,"26,923.",9,0,1,8,2
778516,2025-03-30,R,2025,Globe Life Field,Texas Rangers,Boston Red Sox,3.0,2.0,594798,690916,Nestor Ceja,Todd Tichenor,"74 degrees, Roof Closed.","0 mph, None.",1:38 PM.,"29,137.",9,0,0,1,0
778515,2025-03-30,R,2025,Chase Field,Arizona Diamondbacks,Chicago Cubs,10.0,6.0,593958,571510,Clint Vondrak,Dan Bellino,"79 degrees, Sunny.","6 mph, Varies.",1:13 PM.,"39,145.",9,0,0,0,1
778513,2025-03-30,R,2025,T-Mobile Park,Seattle Mariners,Athletics,2.0,1.0,693433,676664,John Bacon,Mark Carlson,"59 degrees, Partly Cloudy.","2 mph, R To L.",1:11 PM.,"27,696.",9,0,0,0,1
778514,2025-03-30,R,2025,Petco Park,San Diego Padres,Atlanta Braves,5.0,0.0,601713,700363,Paul Clemons,Adrian Johnson,"63 degrees, Partly Cloudy.","10 mph, L To R.",4:11 PM.,"41,269.",9,1,0,2,0
778506,2025-03-31,R,2025,Rate Field,Chicago White Sox,Minnesota Twins,9.0,0.0,527048,663978,James Hoye,D.J. Reyburn,"39 degrees, Cloudy.","12 mph, Out To CF.",1:11 PM.,"10,423.",9,3,0,9,0
778504,2025-03-31,R,2025,American Family Field,Milwaukee Brewers,Kansas City Royals,1.0,11.0,660730,663460,Brennan Miller,Chris Conroy,"65 degrees, Roof Closed.","0 mph, None.",1:15 PM.,"41,922.",9,0,3,0,4
778512,2025-03-31,R,2025,Oriole Park at Camden Yards,Baltimore Orioles,Boston Red Sox,8.0,5.0,700249,656794,Chris Guccione,David Rackley,"82 degrees, Partly Cloudy.","6 mph, Out To CF.",2:40 PM.,"45,002.",9,4,0,4,3
778502,2025-03-31,R,2025,Citizens Bank Park,Philadelphia Phillies,Colorado Rockies,6.0,1.0,650911,608566,Lance Barksdale,Will Little,"77 degrees, Partly Cloudy.","16 mph, Out To CF.",3:08 PM.,"44,595.",9,0,0,0,0
778511,2025-03-31,R,2025,Great American Ball Park,Cincinnati Reds,Texas Rangers,14.0,3.0,663903,677958,Vic Carapazza,Mark Ripperger,"44 degrees, Cloudy.","10 mph, Out To CF.",6:40 PM.,"10,533.",9,3,0,6,0
778509,2025-03-31,R,2025,loanDepot park,Miami Marlins,New York Mets,4.0,10.0,615698,656849,Nate Tomlinson,Mark Wegner,"72 degrees, Roof Closed.","0 mph, None.",6:41 PM.,"12,953.",9,1,0,1,8
778508,2025-03-31,R,2025,George M. Steinbrenner Field,Tampa Bay Rays,Pittsburgh Pirates,6.0,1.0,656876,669387,Junior Valentine,Marvin Hudson,"79 degrees, Partly Cloudy.","10 mph, Out To CF.",7:04 PM.,"10,046.",9,0,0,4,0
778507,2025-03-31,R,2025,Rogers Centre,Toronto Blue Jays,Washington Nationals,5.0,2.0,670102,647336,Erich Bacchus,Laz Diaz,"68 degrees, Roof Closed.","0 mph, None.",7:08 PM.,"20,137.",9,0,0,4,0
778503,2025-03-31,R,2025,Busch Stadium,St. Louis Cardinals,Los Angeles Angels,4.0,5.0,571945,542881,Emil Jimenez,Doug Eddings,"52 degrees, Partly Cloudy.","7 mph, L To R.",6:45 PM.,"21,206.",10,1,0,3,1
778505,2025-03-31,R,2025,Daikin Park,Houston Astros,San Francisco Giants,2.0,7.0,669854,663855,Todd Tichenor,Hunter Wendelstedt,"73 degrees, Roof Closed.","0 mph, None.",7:10 PM.,"28,324.",9,0,0,0,2
778499,2025-03-31,R,2025,Petco Park,San Diego Padres,Cleveland Guardians,7.0,2.0,606996,682847,Mark Carlson,Jordan Baker,"60 degrees, Cloudy.","7 mph, L To R.",6:40 PM.,"43,404.",9,0,1,7,2
778496,2025-03-31,R,2025,T-Mobile Park,Seattle Mariners,Detroit Tigers,6.0,9.0,676106,695549,Dan Iassogna,CB Bucknor,"47 degrees, Roof Closed.","0 mph, Calm.",6:40 PM.,"15,306.",9,0,6,4,8
778501,2025-03-31,R,2025,Sutter Health Park,Athletics,Chicago Cubs,3.0,18.0,683155,676962,Adrian Johnson,Quinn Wolcott,"52 degrees, Partly Cloudy.","12 mph, Varies.",7:08 PM.,"12,119.",9,0,4,3,10
778500,2025-03-31,R,2025,Dodger Stadium,Los Angeles Dodgers,Atlanta Braves,6.0,1.0,607192,656550,Dan Bellino,Phil Cuzzi,"59 degrees, Partly Cloudy.","4 mph, Out To RF.",7:10 PM.,"50,816.",9,2,0,5,0
778498,2025-04-01,R,2025,Great American Ball Park,Cincinnati Reds,Texas Rangers,0.0,1.0,686730,543135,Mark Ripperger,Nic Lentz,"55 degrees, Partly Cloudy.","6 mph, In From CF.",6:41 PM.,"14,852.",9,0,1,0,1
778497,2025-04-01,R,2025,loanDepot park,Miami Marlins,New York Mets,4.0,2.0,645261,673540,Mark Wegner,Bruce Dreckman,"81 degrees, Cloudy.","8 mph, In From CF.",6:41 PM.,"13,740.",9,2,0,4,2
778493,2025-04-01,R,2025,George M. Steinbrenner Field,Tampa Bay Rays,Pittsburgh Pirates,7.0,0.0,669358,802419,Marvin Hudson,Tripp Gibson,"85 degrees, Clear.","10 mph, Out To CF.",7:05 PM.,"10,046.",9,3,0,6,0
778492,2025-04-01,R,2025,Yankee Stadium,New York Yankees,Arizona Diamondbacks,5.0,7.0,701542,669203,Malachi Moore,Andy Fletcher,"50 degrees, Partly Cloudy.","10 mph, Out To RF.",7:09 PM.,"37,482.",9,0,0,4,2
778491,2025-04-01,R,2025,Rogers Centre,Toronto Blue Jays,Washington Nationals,5.0,3.0,621244,592866,Laz Diaz,Derek Thomas,"68 degrees, Roof Closed.","0 mph, None.",7:07 PM.,"21,845.",9,0,0,3,0
778490,2025-04-01,R,2025,Rate Field,Chicago White Sox,Minnesota Twins,3.0,8.0,681343,680573,D.J. Reyburn,John Libka,"42 degrees, Cloudy.","14 mph, In From LF.",6:40 PM.,"12,089.",9,0,0,3,0
778488,2025-04-01,R,2025,American Family Field,Milwaukee Brewers,Kansas City Royals,5.0,0.0,694477,547179,Chris Conroy,John Tumpane,"63 degrees, Roof Closed.","0 mph, None.",6:40 PM.,"18,008.",9,0,0,2,0
778495,2025-04-01,R,2025,Busch Stadium,St. Louis Cardinals,Los Angeles Angels,7.0,9.0,669461,543294,Doug Eddings,Mike Muchlinski,"59 degrees, Cloudy.","17 mph, R To L.",6:45 PM.,"21,306.",11,0,0,2,3
778489,2025-04-01,R,2025,Daikin Park,Houston Astros,San Francisco Giants,1.0,3.0,669713,657277,Hunter Wendelstedt,Adam Hamari,"73 degrees, Roof Closed.","0 mph, None.",7:10 PM.,"30,314.",9,0,0,1,3
778485,2025-04-01,R,2025,Petco Park,San Diego Padres,Cleveland Guardians,7.0,0.0,650633,671106,Jordan Baker,Stu Scheurwater,"61 degrees, Partly Cloudy.","11 mph, In From LF.",6:42 PM.,"37,120.",9,0,0,3,0
778486,2025-04-01,R,2025,T-Mobile Park,Seattle Mariners,Detroit Tigers,1.0,4.0,669302,663554,CB Bucknor,Scott Barry,"53 degrees, Roof Closed.","5 mph, Out To LF.",6:41 PM.,"17,333.",9,0,2,0,3
778494,2025-04-01,R,2025,Sutter Health Park,Athletics,Chicago Cubs,4.0,7.0,622663,657006,Quinn Wolcott,Ramon De Jesus,"55 degrees, Partly Cloudy.","12 mph, Out To CF.",7:05 PM.,"10,095.",9,2,3,4,6
778487,2025-04-01,R,2025,Dodger Stadium,Los Angeles Dodgers,Atlanta Braves,3.0,1.0,669160,519242,Phil Cuzzi,Tony Randazzo,"60 degrees, Partly Cloudy.","12 mph, Out To RF.",7:11 PM.,"50,182.",9,0,0,0,1
778480,2025-04-02,R,2025,Great American Ball Park,Cincinnati Reds,Texas Rangers,0.0,1.0,668881,683004,Nic Lentz,Nick Mahrley,"71 degrees, Partly Cloudy.","16 mph, R To L.",12:41 PM.,"13,322.",9,0,0,0,1
778479,2025-04-02,R,2025,George M. Steinbrenner Field,Tampa Bay Rays,Pittsburgh Pirates,2.0,4.0,686752,694973,Tripp Gibson,Ryan Blakney,"89 degrees, Sunny.","13 mph, R To L.",1:10 PM.,"10,046.",9,0,0,0,2
778477,2025-04-02,R,2025,American Family Field,Milwaukee Brewers,Kansas City Royals,3.0,2.0,642547,666142,John Tumpane,Edwin Jimenez,"64 degrees, Roof Closed.","0 mph, None.",12:10 PM.,"19,112.",11,1,0,1,1
778473,2025-04-02,R,2025,Busch Stadium,St. Louis Cardinals,Los Angeles Angels,12.0,5.0,543243,579328,Mike Muchlinski,Gabe Morales,"75 degrees, Overcast.","25 mph, Out To LF.",12:17 PM.,"20,309.",9,0,1,1,1
778474,2025-04-02,R,2025,Rate Field,Chicago White Sox,Minnesota Twins,1.0,6.0,680732,641154,John Libka,Sean Barber,"61 degrees, Partly Cloudy.","11 mph, In From CF.",4:30 PM.,"10,193.",9,0,1,0,6
778478,2025-04-02,R,2025,Rogers Centre,Toronto Blue Jays,Washington Nationals,4.0,2.0,687922,669022,Derek Thomas,Mike Estabrook,"68 degrees, Roof Closed.","0 mph, None.",3:07 PM.,"20,104.",9,1,0,3,0
778471,2025-04-02,R,2025,Sutter Health Park,Athletics,Chicago Cubs,2.0,10.0,605488,592791,Ramon De Jesus,Brian Walsh,"57 degrees, Sunny.","6 mph, L To R.",12:35 PM.,"9,342.",9,0,0,2,8
778476,2025-04-02,R,2025,Petco Park,San Diego Padres,Cleveland Guardians,5.0,2.0,656302,594902,Stu Scheurwater,John Bacon,"60 degrees, Partly Cloudy.","16 mph, L To R.",1:11 PM.,"35,858.",9,0,0,4,0
778469,2025-04-02,R,2025,T-Mobile Park,Seattle Mariners,Detroit Tigers,3.0,2.0,622491,669373,Scott Barry,Adam Beck,"50 degrees, Roof Closed.","0 mph, None.",1:10 PM.,"15,560.",9,0,0,3,2
778475,2025-04-02,R,2025,Daikin Park,Houston Astros,San Francisco Giants,3.0,6.0,664285,694738,Adam Hamari,Nestor Ceja,"73 degrees, Roof Closed.","0 mph, None.",3:12 PM.,"24,114.",9,0,2,3,5
778481,2025-04-02,R,2025,loanDepot park,Miami Marlins,New York Mets,5.0,6.0,687362,605280,Bruce Dreckman,Shane Livensparger,"84 degrees, Partly Cloudy.","13 mph, In From LF.",4:41 PM.,"10,598.",11,0,1,2,1
778483,2025-04-02,R,2025,Oriole Park at Camden Yards,Baltimore Orioles,Boston Red Sox,0.0,3.0,621107,676979,David Rackley,Edwin Moscoso,"57 degrees, Overcast.","5 mph, Out To LF.",6:37 PM.,"18,146.",9,0,0,0,3
778482,2025-04-02,R,2025,Citizens Bank Park,Philadelphia Phillies,Colorado Rockies,5.0,1.0,554430,607536,Will Little,Ryan Additon,"47 degrees, Cloudy.","14 mph, R To L.",6:46 PM.,"37,550.",9,0,0,2,0
778484,2025-04-02,R,2025,Yankee Stadium,New York Yankees,Arizona Diamondbacks,3.0,4.0,607074,668678,Andy Fletcher,Rob Drake,"42 degrees, Partly Cloudy.","13 mph, R To L.",7:08 PM.,"40,558.",9,0,2,0,4
778472,2025-04-02,R,2025,Dodger Stadium,Los Angeles Dodgers,Atlanta Braves,6.0,5.0,605483,693821,Tony Randazzo,Clint Vondrak,"63 degrees, Partly Cloudy.","12 mph, Out To RF.",5:38 PM.,"50,281.",9,0,2,3,5
778470,2025-04-03,R,2025,Oriole Park at Camden Yards,Baltimore Orioles,Boston Red Sox,4.0,8.0,450203,656557,Edwin Moscoso,Tom Hanahan,"71 degrees, Overcast.","12 mph, Out To LF.",1:06 PM.,"16,656.",9,1,2,3,5
778467,2025-04-03,R,2025,Citizens Bank Park,Philadelphia Phillies,Colorado Rockies,3.0,1.0,592836,622608,Ryan Additon,Ryan Wills,"71 degrees, Drizzle.","12 mph, Out To CF.",1:05 PM.,"34,097.",9,0,0,1,0
778462,2025-04-03,R,2025,Target Field,Minnesota Twins,Houston Astros,2.0,5.0,657746,686613,Edwin Jimenez,Brennan Miller,"42 degrees, Partly Cloudy.","9 mph, Out To CF.",3:17 PM.,"36,783.",9,2,0,2,4
778466,2025-04-03,R,2025,Yankee Stadium,New York Yankees,Arizona Diamondbacks,9.0,7.0,471911,518876,Rob Drake,Jansen Visconti,"71 degrees, Cloudy.","9 mph, Out To LF.",7:07 PM.,"43,382.",9,4,0,9,3
778468,2025-04-03,R,2025,American Family Field,Milwaukee Brewers,Cincinnati Reds,1.0,0.0,641482,666157,Mike Estabrook,Erich Bacchus,"61 degrees, Roof Closed.","0 mph, None.",6:41 PM.,"20,113.",9,0,0,1,0
778458,2025-04-04,R,2025,Comerica Park,Detroit Tigers,Chicago White Sox,7.0,4.0,656427,686563,Nick Mahrley,Vic Carapazza,"50 degrees, Sunny.","8 mph, L To R.",1:12 PM.,"44,735.",9,1,0,6,1
778463,2025-04-04,R,2025,Fenway Park,Boston Red Sox,St. Louis Cardinals,13.0,9.0,621111,607200,Jansen Visconti,Malachi Moore,"67 degrees, Sunny.","8 mph, L To R.",2:20 PM.,"36,462.",9,5,0,8,5
778460,2025-04-04,R,2025,Wrigley Field,Chicago Cubs,San Diego Padres,3.0,1.0,684007,681190,Shane Livensparger,Nate Tomlinson,"44 degrees, Cloudy.","9 mph, In From CF.",1:20 PM.,"40,244.",9,1,0,3,1
778465,2025-04-04,R,2025,Citi Field,New York Mets,Toronto Blue Jays,5.0,0.0,656731,592332,Gabe Morales,Emil Jimenez,"69 degrees, Cloudy.","11 mph, L To R.",3:12 PM.,"43,945.",9,2,0,2,0
778456,2025-04-04,R,2025,Coors Field,Colorado Rockies,Athletics,3.0,6.0,663372,674370,Adam Beck,Dan Iassogna,"37 degrees, Snow.","13 mph, In From RF.",2:11 PM.,"48,015.",11,1,1,2,2
778461,2025-04-04,R,2025,PNC Park,Pittsburgh Pirates,New York Yankees,4.0,9.0,656605,608331,Tom Hanahan,Chris Guccione,"58 degrees, Cloudy.","4 mph, In From LF.",4:13 PM.,"36,893.",9,0,0,1,7
778444,2025-04-04,R,2025,Oracle Park,San Francisco Giants,Seattle Mariners,10.0,9.0,434378,622379,Sean Barber,James Hoye,"62 degrees, Sunny.","9 mph, Varies.",1:38 PM.,"40,865.",11,1,1,6,5
778457,2025-04-04,R,2025,Nationals Park,Washington Nationals,Arizona Diamondbacks,4.0,6.0,663623,694297,Ryan Wills,Lance Barksdale,"72 degrees, Partly Cloudy.","7 mph, In From CF.",6:45 PM.,"18,974.",9,3,1,3,4
778459,2025-04-04,R,2025,Citizens Bank Park,Philadelphia Phillies,Los Angeles Dodgers,3.0,2.0,666200,808967,Nestor Ceja,Todd Tichenor,"67 degrees, Partly Cloudy.","8 mph, In From CF.",6:46 PM.,"43,024.",9,1,0,1,0
778464,2025-04-04,R,2025,Truist Park,Atlanta Braves,Miami Marlins,10.0,0.0,680885,676974,Ryan Blakney,Junior Valentine,"86 degrees, Cloudy.","8 mph, L To R.",7:17 PM.,"41,583.",9,0,0,3,0
778455,2025-04-04,R,2025,Kauffman Stadium,Kansas City Royals,Baltimore Orioles,8.0,2.0,607625,665152,Dan Merzel,Mark Carlson,"47 degrees, Cloudy.","11 mph, L To R.",6:40 PM.,"14,196.",9,1,0,3,2
778454,2025-04-04,R,2025,Globe Life Field,Texas Rangers,Tampa Bay Rays,5.0,2.0,641816,641793,Brian Walsh,Adrian Johnson,"74 degrees, Roof Closed.","0 mph, None.",7:08 PM.,"24,483.",9,0,0,4,0
778453,2025-04-04,R,2025,American Family Field,Milwaukee Brewers,Cincinnati Reds,3.0,2.0,641302,607259,Erich Bacchus,Laz Diaz,"66 degrees, Roof Closed.","0 mph, None.",7:12 PM.,"23,004.",9,0,0,3,0
778447,2025-04-04,R,2025,Angel Stadium,Los Angeles Angels,Cleveland Guardians,6.0,8.0,667755,668909,Clint Vondrak,Dan Bellino,"65 degrees, Clear.","8 mph, Out To RF.",7:05 PM.,"44,749.",9,1,1,4,4
778445,2025-04-05,R,2025,Comerica Park,Detroit Tigers,Chicago White Sox,7.0,2.0,681857,663436,Vic Carapazza,Mark Ripperger,"46 degrees, Cloudy.","6 mph, Out To CF.",1:10 PM.,"26,098.",9,2,1,7,2
778440,2025-04-05,R,2025,Target Field,Minnesota Twins,Houston Astros,6.0,1.0,641927,681293,Brennan Miller,Chris Conroy,"38 degrees, Sunny.","8 mph, Out To RF.",1:12 PM.,"16,082.",9,0,1,6,1
778450,2025-04-05,R,2025,Wrigley Field,Chicago Cubs,San Diego Padres,7.0,1.0,571510,601713,Nate Tomlinson,Mark Wegner,"49 degrees, Partly Cloudy.","10 mph, In From LF.",1:20 PM.,"35,391.",9,0,0,4,0
778452,2025-04-05,R,2025,Nationals Park,Washington Nationals,Arizona Diamondbacks,4.0,3.0,680730,593958,Lance Barksdale,Will Little,"73 degrees, Cloudy.","9 mph, Out To LF.",4:05 PM.,"25,916.",9,3,0,4,0
778448,2025-04-05,R,2025,Citizens Bank Park,Philadelphia Phillies,Los Angeles Dodgers,1.0,3.0,605400,808963,Todd Tichenor,Hunter Wendelstedt,"55 degrees, Cloudy.","9 mph, R To L.",4:06 PM.,"44,404.",9,1,0,1,2
778449,2025-04-05,R,2025,PNC Park,Pittsburgh Pirates,New York Yankees,4.0,10.0,663559,573186,Chris Guccione,David Rackley,"70 degrees, Overcast.","10 mph, Out To LF.",4:07 PM.,"30,570.",9,0,0,4,8
778441,2025-04-05,R,2025,Kauffman Stadium,Kansas City Royals,Baltimore Orioles,1.0,8.0,608379,608372,Mark Carlson,Jordan Baker,"45 degrees, Partly Cloudy.","17 mph, In From LF.",3:10 PM.,"14,383.",9,0,0,0,2
778438,2025-04-05,R,2025,Globe Life Field,Texas Rangers,Tampa Bay Rays,6.0,4.0,594798,671737,Adrian Johnson,Quinn Wolcott,"74 degrees, Roof Closed.","0 mph, None.",6:08 PM.,"29,058.",9,4,0,4,1
778446,2025-04-05,R,2025,Citi Field,New York Mets,Toronto Blue Jays,3.0,2.0,656288,605135,Emil Jimenez,Doug Eddings,"45 degrees, Cloudy.","7 mph, In From RF.",7:10 PM.,"37,694.",9,0,0,0,1
778439,2025-04-05,R,2025,American Family Field,Milwaukee Brewers,Cincinnati Reds,7.0,11.0,660730,663903,Laz Diaz,Derek Thomas,"68 degrees, Roof Closed.","0 mph, None.",6:11 PM.,"32,772.",9,0,1,5,7
778451,2025-04-05,R,2025,Truist Park,Atlanta Braves,Miami Marlins,0.0,4.0,700363,615698,Junior Valentine,Marvin Hudson,"86 degrees, Partly Cloudy.","8 mph, Out To RF.",7:16 PM.,"39,732.",9,0,2,0,3
778442,2025-04-05,R,2025,Coors Field,Colorado Rockies,Athletics,4.0,7.0,608566,676664,Dan Iassogna,CB Bucknor,"41 degrees, Clear.","3 mph, In From LF.",6:11 PM.,"27,599.",9,0,0,3,1
778436,2025-04-05,R,2025,Oracle Park,San Francisco Giants,Seattle Mariners,4.0,1.0,592662,682243,James Hoye,D.J. Reyburn,"66 degrees, Clear.","7 mph, Out To CF.",6:04 PM.,"40,886.",9,0,0,2,1
778437,2025-04-05,R,2025,Angel Stadium,Los Angeles Angels,Cleveland Guardians,10.0,4.0,686799,676440,Dan Bellino,Phil Cuzzi,"75 degrees, Clear.","11 mph, Out To RF.",6:39 PM.,"41,128.",9,3,1,10,3
778443,2025-04-05,R,2025,Fenway Park,Boston Red Sox,St. Louis Cardinals,,,656794,669467,Malachi Moore,Charlie Ramos,"47 degrees, Overcast.","6 mph, L To R.",1:36 PM.,"31,495.",10,0,0,2,1
778429,2025-04-06,R,2025,Nationals Park,Washington Nationals,Arizona Diamondbacks,5.0,4.0,592866,669203,Will Little,Ryan Additon,"59 degrees, Overcast.","14 mph, In From LF.",1:35 PM.,"14,528.",9,2,1,4,3
778443,2025-04-06,R,2025,Fenway Park,Boston Red Sox,St. Louis Cardinals,5.0,4.0,656794,669467,Malachi Moore,Charlie Ramos,"47 degrees, Overcast.","6 mph, L To R.",1:36 PM.,"31,495.",10,0,0,2,1
778432,2025-04-06,R,2025,Fenway Park,Boston Red Sox,St. Louis Cardinals,18.0,7.0,690928,571945,Andy Fletcher,Rob Drake,"53 degrees, Partly Cloudy.","2 mph, Out To RF.",7:10 PM.,"28,276.",9,1,1,11,2
778434,2025-04-06,R,2025,Citizens Bank Park,Philadelphia Phillies,Los Angeles Dodgers,8.0,7.0,650911,607192,Hunter Wendelstedt,Adam Hamari,"56 degrees, Cloudy.","9 mph, In From LF.",1:37 PM.,"44,098.",9,0,2,6,4
778428,2025-04-06,R,2025,PNC Park,Pittsburgh Pirates,New York Yankees,5.0,4.0,571760,701542,David Rackley,Edwin Moscoso,"41 degrees, Overcast.","10 mph, L To R.",1:37 PM.,"22,898.",11,0,1,4,1
778435,2025-04-06,R,2025,Citi Field,New York Mets,Toronto Blue Jays,2.0,1.0,656849,670102,Doug Eddings,Mike Muchlinski,"52 degrees, Cloudy.","9 mph, In From LF.",1:40 PM.,"40,132.",9,0,0,2,1
778433,2025-04-06,R,2025,Comerica Park,Detroit Tigers,Chicago White Sox,4.0,3.0,695549,527048,Mark Ripperger,Nic Lentz,"45 degrees, Partly Cloudy.","7 mph, Out To RF.",1:41 PM.,"20,981.",9,0,2,1,3
778422,2025-04-06,R,2025,Kauffman Stadium,Kansas City Royals,Baltimore Orioles,4.0,1.0,663460,700249,Jordan Baker,Stu Scheurwater,"50 degrees, Partly Cloudy.","8 mph, In From LF.",1:11 PM.,"19,098.",9,3,0,4,0
778419,2025-04-06,R,2025,Target Field,Minnesota Twins,Houston Astros,7.0,9.0,663978,669854,Chris Conroy,John Tumpane,"52 degrees, Sunny.","10 mph, Out To LF.",1:11 PM.,"14,638.",10,3,1,7,4
778421,2025-04-06,R,2025,American Family Field,Milwaukee Brewers,Cincinnati Reds,8.0,2.0,694477,686730,Derek Thomas,Mike Estabrook,"67 degrees, Roof Closed.","0 mph, None.",1:12 PM.,"25,778.",9,0,0,7,1
778430,2025-04-06,R,2025,Wrigley Field,Chicago Cubs,San Diego Padres,7.0,8.0,676962,606996,Mark Wegner,Bruce Dreckman,"44 degrees, Sunny.","4 mph, In From CF.",1:20 PM.,"33,941.",9,5,3,7,6
778420,2025-04-06,R,2025,Globe Life Field,Texas Rangers,Tampa Bay Rays,4.0,3.0,677958,656876,Quinn Wolcott,Ramon De Jesus,"74 degrees, Roof Closed.","0 mph, None.",1:38 PM.,"25,614.",9,0,0,1,1
778423,2025-04-06,R,2025,Coors Field,Colorado Rockies,Athletics,12.0,5.0,801403,683155,CB Bucknor,Scott Barry,"52 degrees, Partly Cloudy.","10 mph, In From LF.",1:10 PM.,"26,207.",9,2,2,7,4
778427,2025-04-06,R,2025,Oracle Park,San Francisco Giants,Seattle Mariners,5.0,4.0,663855,693433,D.J. Reyburn,John Libka,"60 degrees, Partly Cloudy.","8 mph, Out To CF.",1:06 PM.,"41,060.",9,0,1,4,2
778425,2025-04-06,R,2025,Angel Stadium,Los Angeles Angels,Cleveland Guardians,6.0,2.0,542881,682847,Phil Cuzzi,Tony Randazzo,"81 degrees, Sunny.","5 mph, Out To CF.",1:07 PM.,"41,480.",9,0,1,2,2
778431,2025-04-06,R,2025,Truist Park,Atlanta Braves,Miami Marlins,,,694462,687473,David Rackley,Jen Pawol,"77 degrees, Partly Cloudy.","10 mph, L To R.",1:16 PM.,"35,664.",9,0,0,3,0
778424,2025-04-07,R,2025,Comerica Park,Detroit Tigers,New York Yankees,6.0,2.0,663554,607074,Bruce Dreckman,Shane Livensparger,"38 degrees, Cloudy.","16 mph, Out To LF.",3:10 PM.,"14,132.",9,0,0,5,1
778415,2025-04-07,R,2025,PNC Park,Pittsburgh Pirates,St. Louis Cardinals,8.0,4.0,669387,669461,Ryan Additon,Ryan Wills,"55 degrees, Partly Cloudy.","12 mph, Out To CF.",6:43 PM.,"8,250.",9,1,0,4,1
778418,2025-04-07,R,2025,Nationals Park,Washington Nationals,Los Angeles Dodgers,6.0,4.0,669022,669160,Edwin Moscoso,Tom Hanahan,"45 degrees, Cloudy.","8 mph, In From CF.",6:45 PM.,"22,546.",9,0,0,3,2
778426,2025-04-07,R,2025,Fenway Park,Boston Red Sox,Toronto Blue Jays,2.0,6.0,690916,621244,Alex Tosi,Ron Kulpa,"38 degrees, Overcast.","4 mph, In From RF.",6:46 PM.,"25,788.",9,0,0,1,3
778416,2025-04-07,R,2025,Citi Field,New York Mets,Miami Marlins,2.0,0.0,673540,678368,Paul Clemons,Brian Walsh,"42 degrees, Cloudy.","5 mph, In From CF.",7:11 PM.,"28,630.",9,0,0,1,0
778411,2025-04-07,R,2025,Wrigley Field,Chicago Cubs,Texas Rangers,7.0,0.0,657006,543135,Bill Miller,Chad Fairchild,"34 degrees, Cloudy.","17 mph, In From LF.",6:40 PM.,"27,017.",9,0,0,3,0
778412,2025-04-07,R,2025,Kauffman Stadium,Kansas City Royals,Minnesota Twins,4.0,2.0,547179,680573,Nic Lentz,Nick Mahrley,"52 degrees, Clear.","14 mph, L To R.",6:40 PM.,"12,041.",9,1,0,3,1
778413,2025-04-07,R,2025,Chase Field,Arizona Diamondbacks,Baltimore Orioles,1.0,5.0,668678,621107,Mike Estabrook,Brian O'Nora,"82 degrees, Partly Cloudy.","2 mph, L To R.",6:40 PM.,"20,333.",9,0,1,1,5
778405,2025-04-07,R,2025,T-Mobile Park,Seattle Mariners,Houston Astros,4.0,3.0,669302,669713,Alfonso Márquez,Lance Barrett,"52 degrees, Roof Closed.","0 mph, None.",6:41 PM.,"19,383.",9,0,0,2,0
778410,2025-04-07,R,2025,Oracle Park,San Francisco Giants,Cincinnati Reds,0.0,2.0,657277,668881,John Tumpane,Edwin Jimenez,"56 degrees, Partly Cloudy.","9 mph, Out To CF.",6:45 PM.,"30,138.",9,0,0,0,0
778414,2025-04-07,R,2025,Sutter Health Park,Athletics,San Diego Padres,4.0,5.0,622663,650633,John Libka,Sean Barber,"67 degrees, Partly Cloudy.","7 mph, Out To LF.",7:05 PM.,"9,502.",9,0,3,3,4
778403,2025-04-08,R,2025,Comerica Park,Detroit Tigers,New York Yankees,5.0,0.0,669373,471911,Shane Livensparger,Nate Tomlinson,"34 degrees, Sunny.","10 mph, Out To LF.",1:11 PM.,"14,156.",9,0,0,5,0
778402,2025-04-08,R,2025,Progressive Field,Cleveland Guardians,Chicago White Sox,1.0,0.0,594902,681343,Scott Barry,Adam Beck,"35 degrees, Partly Cloudy.","14 mph, In From LF.",4:12 PM.,"33,722.",9,0,0,0,0
778407,2025-04-08,R,2025,Citi Field,New York Mets,Miami Marlins,10.0,5.0,605280,687362,Brian Walsh,Adrian Johnson,"43 degrees, Partly Cloudy.","19 mph, L To R.",4:10 PM.,"28,861.",9,1,2,6,2
778408,2025-04-08,R,2025,PNC Park,Pittsburgh Pirates,St. Louis Cardinals,3.0,5.0,694973,543243,Ryan Wills,Lance Barksdale,"38 degrees, Partly Cloudy.","13 mph, Out To CF.",6:43 PM.,"8,291.",9,0,0,1,3
778409,2025-04-08,R,2025,Nationals Park,Washington Nationals,Los Angeles Dodgers,8.0,2.0,695418,680736,Tom Hanahan,Chris Guccione,"46 degrees, Clear.","17 mph, L To R.",6:45 PM.,"24,847.",9,2,0,8,1
778404,2025-04-08,R,2025,Fenway Park,Boston Red Sox,Toronto Blue Jays,1.0,6.0,676979,687922,Ron Kulpa,Cory Blaser,"35 degrees, Partly Cloudy.","5 mph, L To R.",6:47 PM.,"25,575.",9,0,0,0,0
778417,2025-04-08,R,2025,George M. Steinbrenner Field,Tampa Bay Rays,Los Angeles Angels,3.0,4.0,669358,543294,Rob Drake,Jansen Visconti,"66 degrees, Partly Cloudy.","10 mph, L To R.",7:06 PM.,"10,046.",9,0,0,0,2
778406,2025-04-08,R,2025,Truist Park,Atlanta Braves,Philadelphia Phillies,7.0,5.0,519242,554430,Stu Scheurwater,Dan Merzel,"60 degrees, Clear.","11 mph, R To L.",7:17 PM.,"33,508.",9,0,1,3,5
778401,2025-04-08,R,2025,Wrigley Field,Chicago Cubs,Texas Rangers,10.0,6.0,592791,571578,Chad Fairchild,Ben May,"35 degrees, Clear.","11 mph, In From RF.",6:40 PM.,"27,694.",9,0,0,6,3
778400,2025-04-08,R,2025,Kauffman Stadium,Kansas City Royals,Minnesota Twins,2.0,1.0,666142,641154,Nick Mahrley,Vic Carapazza,"58 degrees, Clear.","14 mph, Out To LF.",6:40 PM.,"13,008.",9,0,0,1,1
778394,2025-04-08,R,2025,Coors Field,Colorado Rockies,Milwaukee Brewers,1.0,7.0,607536,642547,Alex MacKay,Alan Porter,"71 degrees, Cloudy.","4 mph, L To R.",6:41 PM.,"18,657.",9,0,0,1,4
778396,2025-04-08,R,2025,Chase Field,Arizona Diamondbacks,Baltimore Orioles,4.0,3.0,518876,450203,Brian O'Nora,Laz Diaz,"85 degrees, Clear.","6 mph, L To R.",6:41 PM.,"23,843.",9,1,2,4,2
778398,2025-04-08,R,2025,T-Mobile Park,Seattle Mariners,Houston Astros,1.0,2.0,622491,664285,Lance Barrett,Carlos Torres,"50 degrees, Roof Closed.","12 mph, Out To CF.",6:40 PM.,"22,409.",12,0,0,0,0
778397,2025-04-08,R,2025,Oracle Park,San Francisco Giants,Cincinnati Reds,0.0,1.0,694738,666157,Edwin Jimenez,Brennan Miller,"59 degrees, Clear.","14 mph, Out To CF.",6:45 PM.,"30,261.",9,0,0,0,1
778395,2025-04-08,R,2025,Sutter Health Park,Athletics,San Diego Padres,10.0,4.0,605488,656302,Sean Barber,James Hoye,"71 degrees, Clear.","7 mph, Out To RF.",7:05 PM.,"9,018.",9,6,3,9,4
778389,2025-04-09,R,2025,PNC Park,Pittsburgh Pirates,St. Louis Cardinals,2.0,1.0,656605,607200,Lance Barksdale,Will Little,"39 degrees, Sunny.","7 mph, Out To LF.",12:36 PM.,"8,430.",13,0,0,0,0
778390,2025-04-09,R,2025,Citi Field,New York Mets,Miami Marlins,0.0,5.0,656731,676974,Adrian Johnson,Quinn Wolcott,"44 degrees, Sunny.","7 mph, L To R.",1:12 PM.,"29,232.",9,0,0,0,2
778387,2025-04-09,R,2025,Comerica Park,Detroit Tigers,New York Yankees,3.0,4.0,656427,608331,Nate Tomlinson,Mark Wegner,"42 degrees, Cloudy.","2 mph, In From RF.",1:11 PM.,"14,616.",9,0,0,0,0
778385,2025-04-09,R,2025,Wrigley Field,Chicago Cubs,Texas Rangers,2.0,6.0,684007,641816,Ben May,Roberto Ortiz,"40 degrees, Overcast.","15 mph, Out To LF.",1:20 PM.,"23,590.",9,0,1,1,5
778381,2025-04-09,R,2025,Sutter Health Park,Athletics,San Diego Padres,1.0,2.0,674370,681190,James Hoye,D.J. Reyburn,"75 degrees, Sunny.","5 mph, L To R.",12:35 PM.,"10,553.",9,0,0,1,2
778380,2025-04-09,R,2025,Chase Field,Arizona Diamondbacks,Baltimore Orioles,9.0,0.0,694297,665152,Laz Diaz,Derek Thomas,"78 degrees, Roof Closed.","0 mph, None.",12:40 PM.,"22,411.",9,1,0,7,0
778376,2025-04-09,R,2025,Oracle Park,San Francisco Giants,Cincinnati Reds,8.0,6.0,434378,607259,Brennan Miller,Jeremie Rehak,"65 degrees, Sunny.","5 mph, Out To CF.",12:46 PM.,"35,186.",10,0,0,1,5
778392,2025-04-09,R,2025,Nationals Park,Washington Nationals,Los Angeles Dodgers,5.0,6.0,663623,689017,Chris Guccione,David Rackley,"52 degrees, Sunny.","6 mph, Out To RF.",4:05 PM.,"21,014.",9,3,4,5,4
778383,2025-04-09,R,2025,T-Mobile Park,Seattle Mariners,Houston Astros,7.0,6.0,622379,686613,Carlos Torres,Charlie Ramos,"52 degrees, Partly Cloudy.","1 mph, Out To LF.",1:10 PM.,"20,556.",9,0,0,0,4
778391,2025-04-09,R,2025,Progressive Field,Cleveland Guardians,Chicago White Sox,3.0,2.0,671106,680732,Adam Beck,Dan Iassogna,"44 degrees, Cloudy.","5 mph, R To L.",6:09 PM.,"12,997.",9,2,1,3,1
778386,2025-04-09,R,2025,Fenway Park,Boston Red Sox,Toronto Blue Jays,1.0,2.0,656557,592332,Cory Blaser,Manny Gonzalez,"46 degrees, Clear.","3 mph, Out To RF.",6:46 PM.,"29,441.",11,1,1,1,1
778399,2025-04-09,R,2025,George M. Steinbrenner Field,Tampa Bay Rays,Los Angeles Angels,5.0,4.0,686752,579328,Jansen Visconti,Malachi Moore,"73 degrees, Clear.","10 mph, L To R.",7:05 PM.,"10,046.",9,4,0,4,3
778393,2025-04-09,R,2025,Truist Park,Atlanta Braves,Philadelphia Phillies,3.0,4.0,656550,592836,Dan Merzel,Mark Carlson,"67 degrees, Clear.","6 mph, In From LF.",7:17 PM.,"35,323.",9,0,0,0,0
778388,2025-04-09,R,2025,Kauffman Stadium,Kansas City Royals,Minnesota Twins,0.0,4.0,607625,657746,Vic Carapazza,Mark Ripperger,"74 degrees, Partly Cloudy.","6 mph, L To R.",6:40 PM.,"13,156.",9,0,0,0,1
778379,2025-04-09,R,2025,Coors Field,Colorado Rockies,Milwaukee Brewers,2.0,17.0,622608,641302,Alan Porter,Jim Wolf,"71 degrees, Clear.","9 mph, L To R.",6:42 PM.,"18,867.",9,0,0,2,10
778382,2025-04-10,R,2025,George M. Steinbrenner Field,Tampa Bay Rays,Los Angeles Angels,1.0,11.0,641793,667755,Malachi Moore,Andy Fletcher,"75 degrees, Partly Cloudy.","5 mph, L To R.",1:12 PM.,"10,046.",9,0,1,1,10
778378,2025-04-10,R,2025,Progressive Field,Cleveland Guardians,Chicago White Sox,6.0,1.0,668909,686563,Dan Iassogna,CB Bucknor,"44 degrees, Cloudy.","5 mph, Calm.",1:11 PM.,"12,663.",9,2,1,5,1
778373,2025-04-10,R,2025,Kauffman Stadium,Kansas City Royals,Minnesota Twins,3.0,2.0,608379,641927,Mark Ripperger,Nic Lentz,"67 degrees, Sunny.","23 mph, R To L.",1:10 PM.,"14,730.",9,1,0,1,1
778371,2025-04-10,R,2025,Coors Field,Colorado Rockies,Milwaukee Brewers,7.0,2.0,663372,682990,Jim Wolf,Chris Segal,"64 degrees, Sunny.","5 mph, L To R.",1:10 PM.,"18,593.",9,1,0,1,1
778377,2025-04-10,R,2025,Fenway Park,Boston Red Sox,Toronto Blue Jays,4.0,3.0,621111,605135,Manny Gonzalez,Alex Tosi,"49 degrees, Cloudy.","9 mph, Out To CF.",4:11 PM.,"25,128.",10,0,0,0,0
778384,2025-04-10,R,2025,Truist Park,Atlanta Braves,Philadelphia Phillies,4.0,2.0,680885,666200,Mark Carlson,Jordan Baker,"74 degrees, Overcast.","12 mph, R To L.",7:15 PM.,"36,630.",11,1,0,1,1
778375,2025-04-11,R,2025,Progressive Field,Cleveland Guardians,Kansas City Royals,7.0,0.0,676440,663460,Alex Tosi,Ron Kulpa,"42 degrees, Cloudy.","6 mph, In From CF.",6:11 PM.,"15,430.",9,0,0,3,0
778374,2025-04-11,R,2025,Great American Ball Park,Cincinnati Reds,Pittsburgh Pirates,5.0,3.0,663903,663559,Jordan Baker,Stu Scheurwater,"48 degrees, Cloudy.","10 mph, Out To RF.",6:41 PM.,"16,375.",9,3,0,5,3
778367,2025-04-11,R,2025,George M. Steinbrenner Field,Tampa Bay Rays,Atlanta Braves,6.0,3.0,671737,693821,David Rackley,Edwin Moscoso,"73 degrees, Clear.","12 mph, Out To CF.",7:05 PM.,"10,046.",9,0,1,3,1
778370,2025-04-11,R,2025,Yankee Stadium,New York Yankees,San Francisco Giants,1.0,9.0,573186,592662,Will Little,Ryan Additon,"44 degrees, Rain.","13 mph, In From LF.",7:32 PM.,"35,286.",6,0,5,1,8
778369,2025-04-11,R,2025,loanDepot park,Miami Marlins,Washington Nationals,4.0,7.0,665795,680730,Roberto Ortiz,Bill Miller,"79 degrees, Clear.","9 mph, In From RF.",7:11 PM.,"9,094.",9,0,0,4,0
778366,2025-04-11,R,2025,Rate Field,Chicago White Sox,Boston Red Sox,11.0,1.0,663436,656794,Quinn Wolcott,Paul Clemons,"48 degrees, Clear.","6 mph, L To R.",6:40 PM.,"13,432.",9,0,0,7,0
778368,2025-04-11,R,2025,Daikin Park,Houston Astros,Los Angeles Angels,14.0,3.0,669854,686799,Chris Segal,Alex MacKay,"73 degrees, Roof Closed.","0 mph, None.",7:11 PM.,"34,459.",9,0,0,7,2
778363,2025-04-11,R,2025,Target Field,Minnesota Twins,Detroit Tigers,6.0,7.0,701581,681857,Andy Fletcher,Brock Ballou,"54 degrees, Partly Cloudy.","4 mph, Out To CF.",7:11 PM.,"12,900.",9,0,0,4,1
778365,2025-04-11,R,2025,Busch Stadium,St. Louis Cardinals,Philadelphia Phillies,2.0,0.0,669467,605400,CB Bucknor,Scott Barry,"54 degrees, Partly Cloudy.","6 mph, In From LF.",7:15 PM.,"32,309.",9,0,0,2,0
778361,2025-04-11,R,2025,Petco Park,San Diego Padres,Colorado Rockies,8.0,0.0,601713,608566,John Tumpane,Edwin Jimenez,"70 degrees, Partly Cloudy.","5 mph, Out To RF.",6:41 PM.,"44,089.",9,0,0,6,0
778360,2025-04-11,R,2025,T-Mobile Park,Seattle Mariners,Texas Rangers,5.0,3.0,682243,594798,Derek Thomas,Mike Estabrook,"52 degrees, Partly Cloudy.","8 mph, In From LF.",6:41 PM.,"28,366.",9,1,0,3,1
778364,2025-04-11,R,2025,Chase Field,Arizona Diamondbacks,Milwaukee Brewers,0.0,7.0,593958,500779,Charlie Ramos,Alfonso Márquez,"76 degrees, Roof Closed.","0 mph, None.",6:40 PM.,"32,026.",9,0,0,0,3
778358,2025-04-11,R,2025,Sutter Health Park,Athletics,New York Mets,6.0,7.0,676664,656288,Nic Lentz,Nick Mahrley,"73 degrees, Partly Cloudy.","12 mph, Out To CF.",7:06 PM.,"9,632.",9,0,0,1,3
778356,2025-04-11,R,2025,Dodger Stadium,Los Angeles Dodgers,Chicago Cubs,3.0,0.0,808967,571510,D.J. Reyburn,John Libka,"73 degrees, Clear.","7 mph, Out To RF.",7:10 PM.,"53,933.",9,0,0,0,0
778372,2025-04-11,R,2025,Oriole Park at Camden Yards,Baltimore Orioles,Toronto Blue Jays,,,450203,687922,Mark Ripperger,James Jean,"97 degrees, Partly Cloudy.","1 mph, Varies.",12:36 PM.,"16,194.",9,2,0,4,3
778348,2025-04-12,R,2025,Target Field,Minnesota Twins,Detroit Tigers,0.0,4.0,663978,695549,Brock Ballou,Jansen Visconti,"60 degrees, Cloudy.","12 mph, R To L.",1:12 PM.,"23,391.",9,0,1,0,2
778347,2025-04-12,R,2025,Busch Stadium,St. Louis Cardinals,Philadelphia Phillies,1.0,4.0,571945,650911,Scott Barry,Adam Beck,"60 degrees, Sunny.","4 mph, R To L.",1:16 PM.,"30,791.",9,0,2,0,3
778355,2025-04-12,R,2025,Yankee Stadium,New York Yankees,San Francisco Giants,8.0,4.0,701542,663855,Ryan Additon,Ryan Wills,"41 degrees, Drizzle.","11 mph, L To R.",3:09 PM.,"35,455.",9,2,0,7,2
778346,2025-04-12,R,2025,Sutter Health Park,Athletics,New York Mets,3.0,1.0,669372,656849,Nick Mahrley,Vic Carapazza,"69 degrees, Sunny.","5 mph, Out To RF.",1:05 PM.,"10,133.",9,0,0,2,0
778362,2025-04-12,R,2025,Oriole Park at Camden Yards,Baltimore Orioles,Toronto Blue Jays,5.0,4.0,608372,670102,Mark Wegner,John Bacon,"52 degrees, Cloudy.","10 mph, In From LF.",4:07 PM.,"22,130.",9,0,1,2,3
778353,2025-04-12,R,2025,George M. Steinbrenner Field,Tampa Bay Rays,Atlanta Braves,4.0,5.0,656876,700363,Edwin Moscoso,Tom Hanahan,"73 degrees, Sunny.","15 mph, L To R.",4:10 PM.,"10,046.",9,1,0,2,0
778349,2025-04-12,R,2025,Rate Field,Chicago White Sox,Boston Red Sox,3.0,2.0,527048,690916,Paul Clemons,Brian Walsh,"57 degrees, Sunny.","8 mph, In From LF.",3:10 PM.,"30,423.",9,0,0,0,2
778354,2025-04-12,R,2025,loanDepot park,Miami Marlins,Washington Nationals,7.0,6.0,645261,592866,Bill Miller,Chad Fairchild,"82 degrees, Sunny.","10 mph, Out To LF.",4:10 PM.,"18,549.",9,0,0,6,3
778359,2025-04-12,R,2025,Progressive Field,Cleveland Guardians,Kansas City Royals,6.0,3.0,682847,547179,Ron Kulpa,Cory Blaser,"46 degrees, Clear.","5 mph, In From LF.",6:10 PM.,"20,256.",9,0,0,2,1
778357,2025-04-12,R,2025,Great American Ball Park,Cincinnati Reds,Pittsburgh Pirates,5.0,2.0,671096,571760,Stu Scheurwater,Dan Merzel,"58 degrees, Clear.","6 mph, Out To RF.",6:41 PM.,"31,188.",9,0,0,4,1
778351,2025-04-12,R,2025,Daikin Park,Houston Astros,Los Angeles Angels,1.0,4.0,687473,542881,Alex MacKay,Alan Porter,"73 degrees, Roof Closed.","0 mph, None.",6:10 PM.,"36,102.",9,0,2,0,4
778350,2025-04-12,R,2025,Chase Field,Arizona Diamondbacks,Milwaukee Brewers,5.0,4.0,669203,694477,Alfonso Márquez,Lance Barrett,"76 degrees, Roof Closed.","0 mph, None.",5:10 PM.,"34,853.",9,0,0,0,2
778352,2025-04-12,R,2025,Petco Park,San Diego Padres,Colorado Rockies,2.0,0.0,606996,801403,Edwin Jimenez,Brennan Miller,"63 degrees, Cloudy.","7 mph, L To R.",5:40 PM.,"44,066.",9,1,0,2,0
778345,2025-04-12,R,2025,Dodger Stadium,Los Angeles Dodgers,Chicago Cubs,0.0,16.0,808963,676962,John Libka,Sean Barber,"68 degrees, Partly Cloudy.","4 mph, L To R.",6:10 PM.,"53,887.",9,0,0,0,1
778341,2025-04-12,R,2025,T-Mobile Park,Seattle Mariners,Texas Rangers,9.0,2.0,693433,677958,Mike Estabrook,Brian O'Nora,"55 degrees, Partly Cloudy.","9 mph, In From CF.",6:41 PM.,"29,943.",9,0,1,5,1
778344,2025-04-13,R,2025,Oriole Park at Camden Yards,Baltimore Orioles,Toronto Blue Jays,6.0,7.0,700249,621244,John Bacon,Shane Livensparger,"61 degrees, Partly Cloudy.","9 mph, L To R.",1:36 PM.,"27,193.",10,1,0,4,2
778339,2025-04-13,R,2025,Yankee Stadium,New York Yankees,San Francisco Giants,4.0,5.0,607074,657277,Ryan Wills,Lance Barksdale,"54 degrees, Cloudy.","13 mph, Out To RF.",1:39 PM.,"36,449.",9,1,0,3,1
778342,2025-04-13,R,2025,Progressive Field,Cleveland Guardians,Kansas City Royals,2.0,4.0,594902,666142,Cory Blaser,Manny Gonzalez,"57 degrees, Partly Cloudy.","7 mph, In From LF.",1:40 PM.,"17,864.",9,0,0,2,4
778343,2025-04-13,R,2025,Great American Ball Park,Cincinnati Reds,Pittsburgh Pirates,4.0,0.0,668881,669387,Dan Merzel,Mark Carlson,"60 degrees, Cloudy.","8 mph, In From RF.",1:42 PM.,"24,358.",9,0,0,4,0
778340,2025-04-13,R,2025,George M. Steinbrenner Field,Tampa Bay Rays,Atlanta Braves,8.0,3.0,671212,519242,Tom Hanahan,Chris Guccione,"75 degrees, Sunny.","0 mph, None.",1:41 PM.,"10,046.",9,2,0,4,0
778337,2025-04-13,R,2025,loanDepot park,Miami Marlins,Washington Nationals,11.0,4.0,615698,669022,Chad Fairchild,Ben May,"79 degrees, Sunny.","7 mph, Out To RF.",1:41 PM.,"14,074.",9,0,0,3,3
778329,2025-04-13,R,2025,Daikin Park,Houston Astros,Los Angeles Angels,7.0,3.0,669713,543294,Alan Porter,Jim Wolf,"73 degrees, Roof Closed.","0 mph, None.",1:11 PM.,"37,032.",9,0,1,5,2
778335,2025-04-13,R,2025,Target Field,Minnesota Twins,Detroit Tigers,5.0,1.0,680573,663554,Jansen Visconti,Malachi Moore,"64 degrees, Partly Cloudy.","10 mph, In From RF.",1:11 PM.,"15,693.",9,1,0,2,1
778338,2025-04-13,R,2025,Rate Field,Chicago White Sox,Boston Red Sox,1.0,3.0,681343,676979,Brian Walsh,Adrian Johnson,"63 degrees, Cloudy.","7 mph, In From RF.",1:10 PM.,"18,840.",9,0,0,0,0
778336,2025-04-13,R,2025,Busch Stadium,St. Louis Cardinals,Philadelphia Phillies,7.0,0.0,669461,554430,Adam Beck,Dan Iassogna,"73 degrees, Sunny.","20 mph, R To L.",1:15 PM.,"32,509.",9,0,0,2,0
778333,2025-04-13,R,2025,Sutter Health Park,Athletics,New York Mets,0.0,8.0,622663,673540,Vic Carapazza,Mark Ripperger,"79 degrees, Sunny.","14 mph, In From LF.",1:05 PM.,"10,036.",9,0,0,0,0
778330,2025-04-13,R,2025,Petco Park,San Diego Padres,Colorado Rockies,6.0,0.0,650633,607536,Brennan Miller,Jacob Metz,"64 degrees, Sunny.","7 mph, L To R.",1:11 PM.,"42,706.",9,4,0,5,0
778334,2025-04-13,R,2025,T-Mobile Park,Seattle Mariners,Texas Rangers,3.0,1.0,669302,543135,Brian O'Nora,Laz Diaz,"54 degrees, Sunny.","3 mph, L To R.",1:11 PM.,"25,100.",9,2,0,2,1
778332,2025-04-13,R,2025,Chase Field,Arizona Diamondbacks,Milwaukee Brewers,5.0,2.0,668678,642547,Lance Barrett,Carlos Torres,"76 degrees, Roof Closed.","0 mph, None.",1:12 PM.,"30,057.",9,0,2,1,2
778331,2025-04-13,R,2025,Dodger Stadium,Los Angeles Dodgers,Chicago Cubs,2.0,4.0,607192,607067,Sean Barber,James Hoye,"73 degrees, Sunny.","8 mph, Out To RF.",4:10 PM.,"50,899.",9,0,0,1,1
778321,2025-04-14,R,2025,PNC Park,Pittsburgh Pirates,Washington Nationals,10.0,3.0,694973,695418,Manny Gonzalez,Alex Tosi,"75 degrees, Cloudy.","13 mph, Out To LF.",6:41 PM.,"10,402.",9,1,0,5,0
778320,2025-04-14,R,2025,Citizens Bank Park,Philadelphia Phillies,San Francisco Giants,4.0,10.0,592836,694738,Tony Randazzo,Clint Vondrak,"68 degrees, Partly Cloudy.","5 mph, Out To CF.",6:46 PM.,"40,636.",9,3,0,4,6
778328,2025-04-14,R,2025,George M. Steinbrenner Field,Tampa Bay Rays,Boston Red Sox,16.0,1.0,669358,656557,Mike Muchlinski,Gabe Morales,"78 degrees, Clear.","9 mph, L To R.",7:05 PM.,"10,046.",9,1,0,15,1
778327,2025-04-14,R,2025,Yankee Stadium,New York Yankees,Kansas City Royals,4.0,1.0,471911,607625,Marvin Hudson,Tripp Gibson,"59 degrees, Cloudy.","7 mph, R To L.",7:08 PM.,"42,648.",9,0,0,4,1
778322,2025-04-14,R,2025,Rogers Centre,Toronto Blue Jays,Atlanta Braves,4.0,8.0,687922,656550,Ben May,Roberto Ortiz,"68 degrees, Roof Closed.","0 mph, None.",7:08 PM.,"21,595.",9,0,2,0,8
778324,2025-04-14,R,2025,Target Field,Minnesota Twins,New York Mets,1.0,5.0,657746,605280,Adam Hamari,Nestor Ceja,"48 degrees, Cloudy.","18 mph, Out To RF.",6:42 PM.,"10,240.",9,0,0,1,1
778323,2025-04-14,R,2025,American Family Field,Milwaukee Brewers,Detroit Tigers,1.0,9.0,641302,669373,Dan Iassogna,Scott Barry,"64 degrees, Roof Closed.","0 mph, None.",6:41 PM.,"20,892.",9,0,2,0,9
778325,2025-04-14,R,2025,Busch Stadium,St. Louis Cardinals,Houston Astros,8.0,3.0,543243,664285,Adrian Johnson,Quinn Wolcott,"63 degrees, Cloudy.","15 mph, Out To RF.",6:45 PM.,"21,977.",9,0,0,7,0
778315,2025-04-14,R,2025,Petco Park,San Diego Padres,Chicago Cubs,10.0,4.0,656302,592791,Mark Ripperger,Nic Lentz,"63 degrees, Clear.","6 mph, L To R.",6:41 PM.,"47,078.",9,0,0,1,3
778326,2025-04-14,R,2025,Dodger Stadium,Los Angeles Dodgers,Colorado Rockies,5.0,3.0,669160,622608,Erich Bacchus,Laz Diaz,"59 degrees, Clear.","1 mph, L To R.",7:10 PM.,"52,693.",9,2,0,4,0
778314,2025-04-15,R,2025,PNC Park,Pittsburgh Pirates,Washington Nationals,0.0,3.0,656605,663623,Alex Tosi,Ron Kulpa,"46 degrees, Cloudy.","14 mph, Out To LF.",6:41 PM.,"8,340.",9,0,1,0,1
778316,2025-04-15,R,2025,Great American Ball Park,Cincinnati Reds,Seattle Mariners,8.0,4.0,666157,622491,Jim Wolf,Chris Segal,"53 degrees, Partly Cloudy.","16 mph, Out To LF.",6:43 PM.,"17,205.",9,0,1,6,4
778318,2025-04-15,R,2025,loanDepot park,Miami Marlins,Arizona Diamondbacks,4.0,10.0,687362,518876,Malachi Moore,Andy Fletcher,"79 degrees, Clear.","10 mph, R To L.",6:42 PM.,"7,324.",9,0,0,1,5
778313,2025-04-15,R,2025,Citizens Bank Park,Philadelphia Phillies,San Francisco Giants,6.0,4.0,666200,434378,Clint Vondrak,Dan Bellino,"56 degrees, Partly Cloudy.","25 mph, L To R.",6:46 PM.,"38,119.",9,0,0,2,2
778317,2025-04-15,R,2025,Oriole Park at Camden Yards,Baltimore Orioles,Cleveland Guardians,3.0,6.0,450203,671106,Lance Barksdale,Will Little,"59 degrees, Partly Cloudy.","18 mph, Out To RF.",7:07 PM.,"14,203.",9,0,0,0,4
778319,2025-04-15,R,2025,George M. Steinbrenner Field,Tampa Bay Rays,Boston Red Sox,4.0,7.0,686752,621111,Gabe Morales,Emil Jimenez,"75 degrees, Clear.","12 mph, L To R.",7:06 PM.,"10,046.",9,0,1,2,6
778312,2025-04-15,R,2025,Yankee Stadium,New York Yankees,Kansas City Royals,4.0,2.0,608331,608379,Tripp Gibson,Ryan Blakney,"55 degrees, Clear.","13 mph, L To R.",7:08 PM.,"43,601.",9,0,0,0,2
778311,2025-04-15,R,2025,Rogers Centre,Toronto Blue Jays,Atlanta Braves,6.0,3.0,592332,680885,Roberto Ortiz,Bill Miller,"68 degrees, Roof Closed.","0 mph, None.",7:08 PM.,"26,979.",9,0,1,6,1
778307,2025-04-15,R,2025,Target Field,Minnesota Twins,New York Mets,6.0,3.0,641927,656731,Nestor Ceja,Todd Tichenor,"53 degrees, Clear.","12 mph, Out To RF.",6:41 PM.,"12,507.",9,0,1,4,2
778309,2025-04-15,R,2025,Rate Field,Chicago White Sox,Athletics,3.0,12.0,680732,605488,Jeremie Rehak,John Tumpane,"54 degrees, Partly Cloudy.","12 mph, Out To CF.",6:41 PM.,"10,673.",9,3,3,3,5
778310,2025-04-15,R,2025,American Family Field,Milwaukee Brewers,Detroit Tigers,5.0,0.0,682990,656427,Scott Barry,Adam Beck,"64 degrees, Roof Closed.","0 mph, None.",6:40 PM.,"18,396.",9,0,0,3,0
778308,2025-04-15,R,2025,Busch Stadium,St. Louis Cardinals,Houston Astros,0.0,2.0,607200,686613,Quinn Wolcott,Ramon De Jesus,"62 degrees, Clear.","16 mph, L To R.",6:44 PM.,"22,285.",9,0,0,0,0
778306,2025-04-15,R,2025,Globe Life Field,Texas Rangers,Los Angeles Angels,4.0,0.0,641816,579328,Carlos Torres,Charlie Ramos,"74 degrees, Clear.","7 mph, R To L.",7:09 PM.,"24,501.",9,0,0,0,0
778305,2025-04-15,R,2025,Petco Park,San Diego Padres,Chicago Cubs,1.0,2.0,681190,684007,Nic Lentz,Nick Mahrley,"62 degrees, Clear.","10 mph, L To R.",6:41 PM.,"42,492.",10,0,0,1,0
778302,2025-04-15,R,2025,Dodger Stadium,Los Angeles Dodgers,Colorado Rockies,6.0,2.0,689017,663372,Laz Diaz,Mike Estabrook,"60 degrees, Partly Cloudy.","2 mph, Out To RF.",7:10 PM.,"53,198.",9,0,0,5,2
778297,2025-04-16,R,2025,Rogers Centre,Toronto Blue Jays,Atlanta Braves,3.0,1.0,605135,675911,Bill Miller,Chad Fairchild,"68 degrees, Roof Closed.","0 mph, None.",1:08 PM.,"25,328.",9,0,0,1,0
778299,2025-04-16,R,2025,Target Field,Minnesota Twins,New York Mets,4.0,3.0,701581,623211,Todd Tichenor,Hunter Wendelstedt,"53 degrees, Partly Cloudy.","12 mph, In From RF.",12:12 PM.,"19,721.",10,0,0,2,0
778295,2025-04-16,R,2025,American Family Field,Milwaukee Brewers,Detroit Tigers,5.0,1.0,500779,672456,Adam Beck,John Bacon,"66 degrees, Roof Closed.","0 mph, None.",12:11 PM.,"22,360.",9,0,0,4,0
778290,2025-04-16,R,2025,Busch Stadium,St. Louis Cardinals,Houston Astros,4.0,1.0,571927,669854,Ramon De Jesus,Paul Clemons,"66 degrees, Sunny.","4 mph, R To L.",12:15 PM.,"30,360.",9,0,1,3,1
778288,2025-04-16,R,2025,Petco Park,San Diego Padres,Chicago Cubs,4.0,2.0,601713,571510,Nick Mahrley,Vic Carapazza,"65 degrees, Partly Cloudy.","6 mph, L To R.",1:11 PM.,"41,562.",9,0,0,2,1
778301,2025-04-16,R,2025,Oriole Park at Camden Yards,Baltimore Orioles,Cleveland Guardians,9.0,1.0,665152,668909,Will Little,Ryan Additon,"55 degrees, Clear.","22 mph, Out To RF.",6:37 PM.,"13,964.",9,0,0,4,1
778293,2025-04-16,R,2025,PNC Park,Pittsburgh Pirates,Washington Nationals,6.0,1.0,663559,680730,Ron Kulpa,Cory Blaser,"52 degrees, Clear.","14 mph, Out To RF.",6:41 PM.,"8,529.",9,0,0,1,0
778304,2025-04-16,R,2025,Great American Ball Park,Cincinnati Reds,Seattle Mariners,3.0,5.0,607259,682243,Chris Segal,Alex MacKay,"58 degrees, Partly Cloudy.","9 mph, Out To CF.",6:41 PM.,"11,817.",9,0,1,0,4
778303,2025-04-16,R,2025,loanDepot park,Miami Marlins,Arizona Diamondbacks,2.0,6.0,676974,694297,Andy Fletcher,Brock Ballou,"78 degrees, Clear.","8 mph, L To R.",6:40 PM.,"8,438.",9,0,0,1,2
778296,2025-04-16,R,2025,Citizens Bank Park,Philadelphia Phillies,San Francisco Giants,4.0,11.0,605400,592662,Dan Bellino,Phil Cuzzi,"53 degrees, Partly Cloudy.","22 mph, L To R.",6:46 PM.,"38,532.",9,2,4,4,5
778298,2025-04-16,R,2025,George M. Steinbrenner Field,Tampa Bay Rays,Boston Red Sox,0.0,1.0,641793,656794,Emil Jimenez,Doug Eddings,"76 degrees, Clear.","12 mph, L To R.",7:06 PM.,"10,046.",9,0,0,0,1
778300,2025-04-16,R,2025,Yankee Stadium,New York Yankees,Kansas City Royals,4.0,3.0,657376,663460,Ryan Blakney,Junior Valentine,"48 degrees, Partly Cloudy.","16 mph, Out To RF.",7:09 PM.,"43,720.",9,0,1,3,3
778294,2025-04-16,R,2025,Rate Field,Chicago White Sox,Athletics,1.0,3.0,686563,674370,John Tumpane,Edwin Jimenez,"42 degrees, Partly Cloudy.","10 mph, In From LF.",6:40 PM.,"10,411.",9,0,0,1,0
778289,2025-04-16,R,2025,Globe Life Field,Texas Rangers,Los Angeles Angels,3.0,1.0,571578,667755,Charlie Ramos,Alfonso Márquez,"74 degrees, Roof Closed.","0 mph, None.",7:08 PM.,"20,535.",9,0,0,3,0
778287,2025-04-16,R,2025,Dodger Stadium,Los Angeles Dodgers,Colorado Rockies,8.0,7.0,676272,608566,Mike Estabrook,Brian O'Nora,"59 degrees, Partly Cloudy.","4 mph, L To R.",7:10 PM.,"52,143.",9,7,1,8,6
778291,2025-04-17,R,2025,loanDepot park,Miami Marlins,Arizona Diamondbacks,4.0,6.0,665795,593958,Brock Ballou,Jansen Visconti,"78 degrees, Partly Cloudy.","11 mph, L To R.",12:10 PM.,"8,616.",9,1,2,3,6
778280,2025-04-17,R,2025,PNC Park,Pittsburgh Pirates,Washington Nationals,1.0,0.0,571760,592866,Cory Blaser,Manny Gonzalez,"47 degrees, Sunny.","6 mph, L To R.",12:36 PM.,"12,748.",9,1,0,1,0
778285,2025-04-17,R,2025,Great American Ball Park,Cincinnati Reds,Seattle Mariners,7.0,11.0,663903,676106,Alex MacKay,Alan Porter,"62 degrees, Partly Cloudy.","8 mph, R To L.",12:40 PM.,"18,032.",10,2,0,2,4
778283,2025-04-17,R,2025,Rate Field,Chicago White Sox,Athletics,0.0,8.0,663436,676664,Edwin Jimenez,Chris Conroy,"64 degrees, Cloudy.","16 mph, Out To LF.",1:10 PM.,"10,560.",9,0,1,0,2
778279,2025-04-17,R,2025,Citizens Bank Park,Philadelphia Phillies,San Francisco Giants,6.0,4.0,650911,663855,Phil Cuzzi,Tony Randazzo,"62 degrees, Sunny.","13 mph, Out To CF.",4:06 PM.,"41,321.",9,5,1,5,1
778292,2025-04-17,R,2025,Oriole Park at Camden Yards,Baltimore Orioles,Cleveland Guardians,6.0,2.0,608372,676440,Ryan Additon,Ryan Wills,"65 degrees, Clear.","2 mph, L To R.",6:35 PM.,"16,201.",9,1,0,4,2
778286,2025-04-17,R,2025,Comerica Park,Detroit Tigers,Kansas City Royals,6.0,1.0,681857,547179,Paul Clemons,Adrian Johnson,"60 degrees, Partly Cloudy.","3 mph, In From CF.",6:40 PM.,"15,769.",9,0,0,4,0
778282,2025-04-17,R,2025,George M. Steinbrenner Field,Tampa Bay Rays,New York Yankees,3.0,6.0,671737,701542,John Bacon,Dan Iassogna,"84 degrees, Clear.","7 mph, L To R.",7:05 PM.,"10,046.",9,0,1,3,3
778278,2025-04-17,R,2025,Citi Field,New York Mets,St. Louis Cardinals,4.0,1.0,656288,669467,Chad Fairchild,Ben May,"59 degrees, Partly Cloudy.","8 mph, L To R.",7:11 PM.,"38,246.",9,0,0,4,1
778281,2025-04-17,R,2025,Globe Life Field,Texas Rangers,Los Angeles Angels,5.0,3.0,677958,686799,Alfonso Márquez,Lance Barrett,"74 degrees, Roof Closed.","0 mph, None.",7:08 PM.,"26,279.",9,1,1,4,3
778268,2025-04-18,R,2025,Wrigley Field,Chicago Cubs,Arizona Diamondbacks,13.0,11.0,607067,669203,Alan Porter,Jim Wolf,"74 degrees, Cloudy.","11 mph, Out To CF.",1:20 PM.,"39,109.",9,0,0,2,1
778277,2025-04-18,R,2025,Comerica Park,Detroit Tigers,Kansas City Royals,7.0,3.0,695549,666142,Adrian Johnson,Quinn Wolcott,"79 degrees, Partly Cloudy.","3 mph, In From RF.",6:40 PM.,"25,754.",9,0,1,5,1
778271,2025-04-18,R,2025,PNC Park,Pittsburgh Pirates,Cleveland Guardians,7.0,10.0,669387,682847,Chris Conroy,Jeremie Rehak,"84 degrees, Partly Cloudy.","14 mph, R To L.",6:42 PM.,"27,900.",9,1,0,2,5
778274,2025-04-18,R,2025,Citizens Bank Park,Philadelphia Phillies,Miami Marlins,7.0,2.0,554430,645261,Manny Gonzalez,Alex Tosi,"67 degrees, Partly Cloudy.","13 mph, Out To CF.",6:45 PM.,"44,949.",9,2,0,7,0
778276,2025-04-18,R,2025,Oriole Park at Camden Yards,Baltimore Orioles,Cincinnati Reds,3.0,8.0,700249,671096,Junior Valentine,Marvin Hudson,"72 degrees, Partly Cloudy.","14 mph, Out To LF.",7:05 PM.,"42,587.",9,0,0,1,7
778272,2025-04-18,R,2025,George M. Steinbrenner Field,Tampa Bay Rays,New York Yankees,0.0,1.0,656876,607074,Dan Iassogna,Scott Barry,"87 degrees, Clear.","10 mph, R To L.",7:05 PM.,"10,046.",9,0,0,0,1
778273,2025-04-18,R,2025,Rogers Centre,Toronto Blue Jays,Seattle Mariners,3.0,1.0,670102,693433,Jansen Visconti,Malachi Moore,"68 degrees, Roof Closed.","0 mph, None.",7:09 PM.,"40,263.",9,1,0,3,1
778270,2025-04-18,R,2025,Citi Field,New York Mets,St. Louis Cardinals,5.0,4.0,656849,571945,Ben May,Roberto Ortiz,"57 degrees, Partly Cloudy.","14 mph, Out To LF.",7:10 PM.,"39,627.",9,0,0,2,2
778275,2025-04-18,R,2025,Fenway Park,Boston Red Sox,Chicago White Sox,10.0,3.0,690928,527048,Tony Randazzo,Clint Vondrak,"61 degrees, Overcast.","15 mph, Out To CF.",7:10 PM.,"35,620.",9,3,0,6,1
778284,2025-04-18,R,2025,Truist Park,Atlanta Braves,Minnesota Twins,6.0,4.0,693821,663978,Lance Barrett,Carlos Torres,"83 degrees, Clear.","9 mph, Out To RF.",7:16 PM.,"39,142.",9,0,0,1,4
778263,2025-04-18,R,2025,Globe Life Field,Texas Rangers,Los Angeles Dodgers,0.0,3.0,594798,808967,Vic Carapazza,Mark Ripperger,"74 degrees, Roof Closed.","0 mph, None.",7:08 PM.,"38,623.",9,0,1,0,1
778269,2025-04-18,R,2025,Daikin Park,Houston Astros,San Diego Padres,6.0,4.0,687473,606996,Doug Eddings,Mike Muchlinski,"73 degrees, Clear.","0 mph, None.",7:10 PM.,"41,431.",9,0,0,5,2
778261,2025-04-18,R,2025,American Family Field,Milwaukee Brewers,Athletics,5.0,3.0,642547,669372,Ryan Wills,Lance Barksdale,"66 degrees, Roof Closed.","0 mph, None.",7:10 PM.,"25,008.",9,0,0,3,0
778260,2025-04-18,R,2025,Angel Stadium,Los Angeles Angels,San Francisco Giants,2.0,0.0,542881,657277,Brian O'Nora,Erich Bacchus,"60 degrees, Cloudy.","6 mph, R To L.",6:39 PM.,"43,912.",9,0,0,2,0
778266,2025-04-18,R,2025,Coors Field,Colorado Rockies,Washington Nationals,,,622608,695418,Austin Jones,Todd Tichenor,"61 degrees, Partly Cloudy.","10 mph, In From LF.",6:11 PM.,"18,703.",9,0,1,2,1
778252,2025-04-19,R,2025,Citizens Bank Park,Philadelphia Phillies,Miami Marlins,11.0,10.0,592836,615698,Alex Tosi,Ron Kulpa,"75 degrees, Partly Cloudy.","14 mph, Out To RF.",1:05 PM.,"45,045.",9,0,0,9,1
778265,2025-04-19,R,2025,Comerica Park,Detroit Tigers,Kansas City Royals,3.0,1.0,663554,607625,Quinn Wolcott,Ramon De Jesus,"62 degrees, Cloudy.","13 mph, Out To LF.",1:10 PM.,"32,043.",9,0,0,3,0
778257,2025-04-19,R,2025,Wrigley Field,Chicago Cubs,Arizona Diamondbacks,6.0,2.0,676962,668678,Jim Wolf,Chris Segal,"49 degrees, Cloudy.","4 mph, Out To CF.",1:20 PM.,"36,002.",9,2,1,6,1
778258,2025-04-19,R,2025,Rogers Centre,Toronto Blue Jays,Seattle Mariners,4.0,8.0,621244,669302,Malachi Moore,Andy Fletcher,"68 degrees, Roof Closed.","0 mph, None.",3:08 PM.,"36,775.",12,1,0,2,2
778262,2025-04-19,R,2025,Oriole Park at Camden Yards,Baltimore Orioles,Cincinnati Reds,9.0,5.0,687064,668881,Marvin Hudson,Tripp Gibson,"80 degrees, Overcast.","9 mph, Out To CF.",4:05 PM.,"28,534.",9,2,1,5,3
778254,2025-04-19,R,2025,PNC Park,Pittsburgh Pirates,Cleveland Guardians,0.0,3.0,694973,594902,Jeremie Rehak,John Tumpane,"83 degrees, Partly Cloudy.","15 mph, Out To LF.",4:06 PM.,"37,713.",9,0,0,0,1
778256,2025-04-19,R,2025,Citi Field,New York Mets,St. Louis Cardinals,3.0,0.0,673540,669461,Roberto Ortiz,Bill Miller,"83 degrees, Partly Cloudy.","15 mph, Out To CF.",4:06 PM.,"42,339.",9,0,0,2,0
778251,2025-04-19,R,2025,Globe Life Field,Texas Rangers,Los Angeles Dodgers,4.0,3.0,543135,808963,Mark Ripperger,Nic Lentz,"74 degrees, Roof Closed.","0 mph, None.",3:08 PM.,"39,244.",9,0,0,2,3
778247,2025-04-19,R,2025,Coors Field,Colorado Rockies,Washington Nationals,11.0,12.0,801403,669022,Adam Hamari,Nestor Ceja,"45 degrees, Partly Cloudy.","3 mph, In From LF.",2:11 PM.,"24,606.",9,0,0,2,9
778264,2025-04-19,R,2025,Fenway Park,Boston Red Sox,Chicago White Sox,4.0,3.0,676979,681343,Clint Vondrak,Dan Bellino,"83 degrees, Sunny.","11 mph, In From RF.",4:12 PM.,"36,559.",10,0,0,3,0
778255,2025-04-19,R,2025,George M. Steinbrenner Field,Tampa Bay Rays,New York Yankees,10.0,8.0,669358,471911,Scott Barry,Adam Beck,"89 degrees, Sunny.","15 mph, R To L.",4:11 PM.,"10,046.",10,0,2,4,6
778259,2025-04-19,R,2025,Daikin Park,Houston Astros,San Diego Padres,3.0,2.0,669713,650633,Mike Muchlinski,Gabe Morales,"73 degrees, Roof Closed.","0 mph, None.",6:10 PM.,"39,287.",9,0,0,0,2
778253,2025-04-19,R,2025,American Family Field,Milwaukee Brewers,Athletics,1.0,3.0,694477,622663,Lance Barksdale,Will Little,"64 degrees, Roof Closed.","0 mph, None.",6:11 PM.,"30,659.",9,0,0,1,1
778267,2025-04-19,R,2025,Truist Park,Atlanta Braves,Minnesota Twins,4.0,3.0,519242,623437,Carlos Torres,Charlie Ramos,"83 degrees, Partly Cloudy.","6 mph, In From RF.",7:16 PM.,"39,278.",9,1,1,2,2
778243,2025-04-19,R,2025,Angel Stadium,Los Angeles Angels,San Francisco Giants,2.0,3.0,543294,694738,Erich Bacchus,Laz Diaz,"69 degrees, Clear.","9 mph, Out To RF.",6:39 PM.,"44,374.",9,0,2,1,3
778250,2025-04-20,R,2025,Oriole Park at Camden Yards,Baltimore Orioles,Cincinnati Reds,2.0,24.0,450203,608718,Tripp Gibson,Ryan Blakney,"72 degrees, Partly Cloudy.","8 mph, In From LF.",1:35 PM.,"19,053.",9,0,0,1,12
778242,2025-04-20,R,2025,PNC Park,Pittsburgh Pirates,Cleveland Guardians,4.0,5.0,656605,671106,John Tumpane,Edwin Jimenez,"58 degrees, Partly Cloudy.","6 mph, In From LF.",1:37 PM.,"12,433.",10,0,0,0,2
778249,2025-04-20,R,2025,Truist Park,Atlanta Braves,Minnesota Twins,6.0,2.0,656550,657746,Charlie Ramos,Alfonso Márquez,"80 degrees, Partly Cloudy.","6 mph, L To R.",1:36 PM.,"31,889.",9,2,0,6,1
778245,2025-04-20,R,2025,Fenway Park,Boston Red Sox,Chicago White Sox,4.0,8.0,656557,680732,Dan Bellino,Phil Cuzzi,"59 degrees, Sunny.","13 mph, L To R.",1:37 PM.,"32,632.",9,3,2,4,2
778248,2025-04-20,R,2025,Citizens Bank Park,Philadelphia Phillies,Miami Marlins,5.0,7.0,666200,687362,Ron Kulpa,Cory Blaser,"68 degrees, Partly Cloudy.","13 mph, In From LF.",1:36 PM.,"45,079.",10,3,0,4,1
778241,2025-04-20,R,2025,Rogers Centre,Toronto Blue Jays,Seattle Mariners,3.0,8.0,687922,622491,Andy Fletcher,Brock Ballou,"68 degrees, Roof Closed.","0 mph, None.",1:38 PM.,"25,752.",9,0,3,3,6
778246,2025-04-20,R,2025,Comerica Park,Detroit Tigers,Kansas City Royals,3.0,4.0,669373,608379,Ramon De Jesus,Paul Clemons,"53 degrees, Sunny.","7 mph, In From LF.",1:40 PM.,"17,712.",10,0,0,2,2
778244,2025-04-20,R,2025,Citi Field,New York Mets,St. Louis Cardinals,7.0,4.0,605280,543243,Bill Miller,Chad Fairchild,"64 degrees, Sunny.","14 mph, In From LF.",1:41 PM.,"38,347.",9,1,0,3,0
778240,2025-04-20,R,2025,George M. Steinbrenner Field,Tampa Bay Rays,New York Yankees,0.0,4.0,686752,608331,Adam Beck,John Bacon,"84 degrees, Partly Cloudy.","10 mph, R To L.",1:41 PM.,"10,046.",9,0,1,0,2
778239,2025-04-20,R,2025,American Family Field,Milwaukee Brewers,Athletics,14.0,1.0,701656,605488,Will Little,Ryan Additon,"63 degrees, Roof Closed.","0 mph, None.",1:11 PM.,"21,512.",9,4,0,8,1
778236,2025-04-20,R,2025,Wrigley Field,Chicago Cubs,Arizona Diamondbacks,2.0,3.0,592791,518876,Chris Segal,Alex MacKay,"50 degrees, Overcast.","6 mph, In From RF.",1:59 PM.,"29,062.",11,1,0,1,1
778234,2025-04-20,R,2025,Globe Life Field,Texas Rangers,Los Angeles Dodgers,0.0,1.0,641816,607192,Nic Lentz,Nick Mahrley,"74 degrees, Roof Closed.","0 mph, None.",1:39 PM.,"38,110.",9,0,0,0,0
778235,2025-04-20,R,2025,Coors Field,Colorado Rockies,Washington Nationals,2.0,3.0,607536,663623,Nestor Ceja,Jacob Metz,"58 degrees, Cloudy.","12 mph, In From LF.",1:10 PM.,"24,176.",9,0,0,1,3
778266,2025-04-20,R,2025,Coors Field,Colorado Rockies,Washington Nationals,3.0,1.0,622608,695418,Austin Jones,Todd Tichenor,"61 degrees, Partly Cloudy.","10 mph, In From LF.",6:11 PM.,"18,703.",9,0,1,2,1
778232,2025-04-20,R,2025,Angel Stadium,Los Angeles Angels,San Francisco Giants,5.0,4.0,579328,434378,Laz Diaz,Mike Estabrook,"75 degrees, Sunny.","6 mph, Out To CF.",1:07 PM.,"36,026.",9,0,0,1,1
778237,2025-04-20,R,2025,Daikin Park,Houston Astros,San Diego Padres,2.0,3.0,664285,656302,Gabe Morales,Emil Jimenez,"73 degrees, Roof Closed.","0 mph, None.",6:13 PM.,"31,940.",9,0,1,2,2
778238,2025-04-21,R,2025,Fenway Park,Boston Red Sox,Chicago White Sox,4.0,2.0,621111,686563,Phil Cuzzi,Tony Randazzo,"53 degrees, Partly Cloudy.","2 mph, R To L.",11:11 AM.,"34,721.",9,0,1,4,1
778227,2025-04-21,R,2025,Progressive Field,Cleveland Guardians,New York Yankees,6.0,4.0,668909,657376,Nick Mahrley,Vic Carapazza,"68 degrees, Partly Cloudy.","17 mph, Out To RF.",6:10 PM.,"20,896.",9,0,0,5,0
778228,2025-04-21,R,2025,Comerica Park,Detroit Tigers,San Diego Padres,6.0,4.0,672456,681190,Ryan Blakney,Junior Valentine,"63 degrees, Clear.","16 mph, Out To LF.",6:40 PM.,"17,581.",9,2,1,6,4
778230,2025-04-21,R,2025,loanDepot park,Miami Marlins,Cincinnati Reds,6.0,3.0,676974,666157,Brennan Miller,Chris Conroy,"79 degrees, Partly Cloudy.","10 mph, L To R.",6:41 PM.,"7,646.",9,0,0,3,0
778225,2025-04-21,R,2025,Citi Field,New York Mets,Philadelphia Phillies,5.0,4.0,656731,605400,Shane Livensparger,Nate Tomlinson,"54 degrees, Cloudy.","9 mph, R To L.",7:11 PM.,"35,430.",9,1,0,2,0
778233,2025-04-21,R,2025,Truist Park,Atlanta Braves,St. Louis Cardinals,7.0,6.0,680885,607200,Mark Carlson,Jordan Baker,"79 degrees, Partly Cloudy.","9 mph, L To R.",7:16 PM.,"30,180.",9,0,0,2,2
778231,2025-04-21,R,2025,Daikin Park,Houston Astros,Toronto Blue Jays,7.0,0.0,686613,592332,James Hoye,D.J. Reyburn,"73 degrees, Roof Closed.","0 mph, None.",7:11 PM.,"28,219.",9,0,0,4,0
778226,2025-04-21,R,2025,Oracle Park,San Francisco Giants,Milwaukee Brewers,5.0,2.0,592662,682990,Alex MacKay,Alan Porter,"62 degrees, Clear.","7 mph, Out To CF.",6:44 PM.,"31,758.",9,0,0,2,2
778218,2025-04-22,R,2025,Progressive Field,Cleveland Guardians,New York Yankees,3.0,2.0,676440,701542,Vic Carapazza,Mark Ripperger,"56 degrees, Clear.","7 mph, In From CF.",6:10 PM.,"21,549.",9,0,1,0,1
778221,2025-04-22,R,2025,Comerica Park,Detroit Tigers,San Diego Padres,0.0,2.0,656427,601713,Junior Valentine,Marvin Hudson,"65 degrees, Clear.","2 mph, R To L.",6:41 PM.,"19,321.",9,0,0,0,2
778219,2025-04-22,R,2025,loanDepot park,Miami Marlins,Cincinnati Reds,4.0,3.0,665795,607259,Chris Conroy,Jeremie Rehak,"79 degrees, Partly Cloudy.","8 mph, L To R.",6:40 PM.,"7,996.",9,1,0,1,2
778222,2025-04-22,R,2025,Nationals Park,Washington Nationals,Baltimore Orioles,7.0,0.0,680730,665152,John Bacon,CB Bucknor,"77 degrees, Partly Cloudy.","8 mph, L To R.",6:45 PM.,"29,504.",9,2,0,5,0
778224,2025-04-22,R,2025,Fenway Park,Boston Red Sox,Seattle Mariners,8.0,3.0,678394,682243,Alfonso Márquez,Lance Barrett,"56 degrees, Clear.","3 mph, In From RF.",6:46 PM.,"33,027.",9,1,1,4,1
778223,2025-04-22,R,2025,Citi Field,New York Mets,Philadelphia Phillies,5.0,1.0,656288,650911,Nate Tomlinson,Mark Wegner,"73 degrees, Cloudy.","8 mph, Out To RF.",7:10 PM.,"36,468.",9,1,0,2,1
778229,2025-04-22,R,2025,Truist Park,Atlanta Braves,St. Louis Cardinals,4.0,10.0,656240,669467,Jordan Baker,Stu Scheurwater,"70 degrees, Partly Cloudy.","5 mph, Out To RF.",7:15 PM.,"35,876.",9,0,0,4,2
778215,2025-04-22,R,2025,Kauffman Stadium,Kansas City Royals,Colorado Rockies,4.0,3.0,663460,663372,Tony Randazzo,Clint Vondrak,"81 degrees, Clear.","15 mph, R To L.",6:40 PM.,"14,567.",11,0,0,0,0
778220,2025-04-22,R,2025,Wrigley Field,Chicago Cubs,Los Angeles Dodgers,11.0,10.0,684007,669160,Paul Clemons,Adrian Johnson,"71 degrees, Partly Cloudy.","9 mph, Out To CF.",6:40 PM.,"36,425.",10,5,3,7,4
778216,2025-04-22,R,2025,Target Field,Minnesota Twins,Chicago White Sox,4.0,2.0,641927,663436,Brian O'Nora,Laz Diaz,"69 degrees, Clear.","11 mph, Out To LF.",6:41 PM.,"11,828.",9,0,0,2,1
778217,2025-04-22,R,2025,Daikin Park,Houston Astros,Toronto Blue Jays,5.0,1.0,669854,605135,D.J. Reyburn,John Libka,"73 degrees, Roof Closed.","0 mph, None.",7:11 PM.,"29,825.",9,3,0,3,1
778211,2025-04-22,R,2025,Angel Stadium,Los Angeles Angels,Pittsburgh Pirates,3.0,9.0,667755,663559,Chris Guccione,David Rackley,"64 degrees, Clear.","9 mph, Out To CF.",6:38 PM.,"30,439.",9,0,0,3,6
778212,2025-04-22,R,2025,Chase Field,Arizona Diamondbacks,Tampa Bay Rays,5.0,1.0,694297,641793,Todd Tichenor,Adam Hamari,"88 degrees, Clear.","3 mph, L To R.",6:40 PM.,"21,810.",9,0,0,3,1
778210,2025-04-22,R,2025,Oracle Park,San Francisco Giants,Milwaukee Brewers,3.0,11.0,663855,500779,Alan Porter,Brian Walsh,"56 degrees, Partly Cloudy.","10 mph, Varies.",6:46 PM.,"28,573.",9,0,0,1,3
778213,2025-04-22,R,2025,Sutter Health Park,Athletics,Texas Rangers,5.0,8.0,674370,571578,Emil Jimenez,Doug Eddings,"71 degrees, Clear.","12 mph, Out To RF.",7:05 PM.,"10,059.",9,0,2,2,7
778214,2025-04-23,R,2025,Truist Park,Atlanta Braves,St. Louis Cardinals,4.0,1.0,693821,571945,Stu Scheurwater,Dan Merzel,"76 degrees, Partly Cloudy.","6 mph, L To R.",12:16 PM.,"34,009.",9,0,1,0,1
778209,2025-04-23,R,2025,Comerica Park,Detroit Tigers,San Diego Padres,6.0,0.0,681857,606996,Marvin Hudson,Tripp Gibson,"73 degrees, Sunny.","7 mph, In From RF.",1:11 PM.,"21,016.",9,1,0,2,0
778203,2025-04-23,R,2025,Citi Field,New York Mets,Philadelphia Phillies,4.0,3.0,656849,554430,Mark Wegner,Bruce Dreckman,"70 degrees, Sunny.","8 mph, L To R.",1:10 PM.,"36,863.",10,0,0,2,2
778208,2025-04-23,R,2025,loanDepot park,Miami Marlins,Cincinnati Reds,2.0,5.0,645261,663903,Jeremie Rehak,Scott Barry,"78 degrees, Partly Cloudy.","9 mph, Out To RF.",1:11 PM.,"6,575.",9,2,1,2,3
778206,2025-04-23,R,2025,Progressive Field,Cleveland Guardians,New York Yankees,1.0,5.0,682847,607074,Mark Ripperger,Chad Fairchild,"71 degrees, Sunny.","4 mph, Out To RF.",1:10 PM.,"23,981.",9,1,2,1,4
778204,2025-04-23,R,2025,Nationals Park,Washington Nationals,Baltimore Orioles,4.0,3.0,592866,608372,CB Bucknor,Dan Iassogna,"75 degrees, Clear.","6 mph, R To L.",6:45 PM.,"22,246.",9,3,0,3,1
778207,2025-04-23,R,2025,Fenway Park,Boston Red Sox,Seattle Mariners,5.0,8.0,656794,676106,Lance Barrett,Carlos Torres,"70 degrees, Clear.","10 mph, In From LF.",6:46 PM.,"31,904.",9,0,1,2,4
778205,2025-04-23,R,2025,Wrigley Field,Chicago Cubs,Los Angeles Dodgers,7.0,6.0,571510,676508,Adrian Johnson,Quinn Wolcott,"66 degrees, Clear.","4 mph, Out To LF.",6:05 PM.,"37,150.",9,0,0,7,5
778200,2025-04-23,R,2025,Daikin Park,Houston Astros,Toronto Blue Jays,3.0,1.0,687473,670102,John Libka,Sean Barber,"73 degrees, Roof Closed.","0 mph, None.",6:40 PM.,"25,209.",9,0,0,3,1
778201,2025-04-23,R,2025,Target Field,Minnesota Twins,Chicago White Sox,6.0,3.0,701581,669060,Laz Diaz,Derek Thomas,"66 degrees, Partly Cloudy.","14 mph, Out To CF.",6:41 PM.,"12,407.",9,0,0,3,3
778202,2025-04-23,R,2025,Angel Stadium,Los Angeles Angels,Pittsburgh Pirates,0.0,3.0,686799,571760,David Rackley,Edwin Moscoso,"61 degrees, Cloudy.","7 mph, Varies.",6:39 PM.,"31,256.",9,0,0,0,2
778199,2025-04-23,R,2025,Chase Field,Arizona Diamondbacks,Tampa Bay Rays,6.0,7.0,593958,671737,Adam Hamari,Nestor Ceja,"87 degrees, Clear.","4 mph, L To R.",6:40 PM.,"16,100.",11,1,0,3,2
778198,2025-04-23,R,2025,Oracle Park,San Francisco Giants,Milwaukee Brewers,4.0,2.0,657277,642547,Brian Walsh,Jim Wolf,"54 degrees, Cloudy.","16 mph, Out To CF.",6:45 PM.,"29,049.",9,0,0,0,0
778197,2025-04-23,R,2025,Sutter Health Park,Athletics,Texas Rangers,5.0,2.0,676664,677958,Doug Eddings,Mike Muchlinski,"65 degrees, Clear.","7 mph, Varies.",7:05 PM.,"9,806.",9,4,0,5,1
778195,2025-04-23,R,2025,Kauffman Stadium,Kansas City Royals,Colorado Rockies,,,547179,801403,Dan Bellino,Phil Cuzzi,"76 degrees, Cloudy.","5 mph, R To L.",4:26 PM.,"15,601.",9,0,0,5,0
778189,2025-04-24,R,2025,Target Field,Minnesota Twins,Chicago White Sox,0.0,3.0,663978,681343,Derek Thomas,Erich Bacchus,"52 degrees, Overcast.","7 mph, In From LF.",12:11 PM.,"12,414.",7,0,0,0,2
778196,2025-04-24,R,2025,Fenway Park,Boston Red Sox,Seattle Mariners,3.0,4.0,676979,693433,Carlos Torres,Charlie Ramos,"68 degrees, Sunny.","8 mph, R To L.",1:36 PM.,"35,655.",9,1,2,2,4
778190,2025-04-24,R,2025,Kauffman Stadium,Kansas City Royals,Colorado Rockies,7.0,4.0,666142,608566,Clint Vondrak,Brock Ballou,"71 degrees, Partly Cloudy.","2 mph, R To L.",1:10 PM.,,9,2,1,6,4
778195,2025-04-24,R,2025,Kauffman Stadium,Kansas City Royals,Colorado Rockies,6.0,2.0,547179,801403,Dan Bellino,Phil Cuzzi,"76 degrees, Cloudy.","5 mph, R To L.",4:26 PM.,"15,601.",9,0,0,5,0
778194,2025-04-24,R,2025,Oracle Park,San Francisco Giants,Milwaukee Brewers,6.0,5.0,694738,668964,Jim Wolf,Alex MacKay,"54 degrees, Overcast.","11 mph, Out To CF.",12:45 PM.,"28,592.",9,1,1,4,5
778193,2025-04-24,R,2025,Nationals Park,Washington Nationals,Baltimore Orioles,1.0,2.0,669022,700249,Dan Iassogna,Chris Segal,"75 degrees, Clear.","8 mph, Out To LF.",6:45 PM.,"23,058.",9,0,0,1,2
778191,2025-04-24,R,2025,Angel Stadium,Los Angeles Angels,Pittsburgh Pirates,4.0,3.0,542881,669387,Edwin Moscoso,Tom Hanahan,"63 degrees, Clear.","8 mph, Out To CF.",6:29 PM.,"29,060.",9,0,2,3,3
778188,2025-04-24,R,2025,Chase Field,Arizona Diamondbacks,Tampa Bay Rays,4.0,7.0,669203,656876,Nestor Ceja,Austin Jones,"85 degrees, Clear.","3 mph, Varies.",6:40 PM.,"20,661.",10,1,0,4,1
778192,2025-04-24,R,2025,Sutter Health Park,Athletics,Texas Rangers,4.0,3.0,669372,594798,Mike Muchlinski,Gabe Morales,"57 degrees, Cloudy.","14 mph, Out To CF.",7:05 PM.,"9,008.",9,0,0,2,3
778182,2025-04-25,R,2025,Wrigley Field,Chicago Cubs,Philadelphia Phillies,4.0,0.0,607067,592836,Nick Mahrley,Vic Carapazza,"45 degrees, Overcast.","16 mph, In From LF.",3:30 PM.,"32,880.",9,0,0,3,0
778183,2025-04-25,R,2025,Nationals Park,Washington Nationals,New York Mets,5.0,4.0,663623,673540,Charlie Ramos,Alfonso Márquez,"73 degrees, Partly Cloudy.","13 mph, Out To LF.",6:45 PM.,"30,277.",9,0,0,2,0
778185,2025-04-25,R,2025,Yankee Stadium,New York Yankees,Toronto Blue Jays,2.0,4.0,471911,621244,John Tumpane,Brennan Miller,"68 degrees, Partly Cloudy.","12 mph, Varies.",7:08 PM.,"46,081.",9,0,0,0,0
778187,2025-04-25,R,2025,Kauffman Stadium,Kansas City Royals,Houston Astros,2.0,0.0,607625,669713,Chris Segal,John Bacon,"63 degrees, Partly Cloudy.","10 mph, L To R.",6:40 PM.,"19,003.",9,0,0,1,0
778186,2025-04-25,R,2025,Target Field,Minnesota Twins,Los Angeles Angels,11.0,4.0,641154,543294,Bruce Dreckman,Shane Livensparger,"57 degrees, Partly Cloudy.","10 mph, In From LF.",6:41 PM.,"14,332.",9,1,0,9,2
778184,2025-04-25,R,2025,Busch Stadium,St. Louis Cardinals,Milwaukee Brewers,3.0,2.0,669461,694477,Tripp Gibson,Ryan Blakney,"72 degrees, Partly Cloudy.","13 mph, L To R.",7:15 PM.,"24,437.",9,0,0,3,0
778181,2025-04-25,R,2025,Coors Field,Colorado Rockies,Cincinnati Reds,7.0,8.0,607536,671096,Quinn Wolcott,Ramon De Jesus,"43 degrees, Overcast.","10 mph, In From LF.",6:40 PM.,"21,743.",9,0,1,6,6
778172,2025-04-25,R,2025,Petco Park,San Diego Padres,Tampa Bay Rays,0.0,1.0,650633,669358,Tom Hanahan,Chris Guccione,"62 degrees, Partly Cloudy.","11 mph, L To R.",6:40 PM.,"43,319.",9,0,0,0,1
778177,2025-04-25,R,2025,Chase Field,Arizona Diamondbacks,Atlanta Braves,2.0,8.0,668678,519242,Phil Cuzzi,Tony Randazzo,"88 degrees, Clear.","2 mph, L To R.",6:41 PM.,"31,023.",9,0,0,1,3
778175,2025-04-25,R,2025,T-Mobile Park,Seattle Mariners,Miami Marlins,4.0,8.0,669302,615698,Gabe Morales,Emil Jimenez,"67 degrees, Partly Cloudy.","12 mph, In From LF.",6:40 PM.,"29,753.",9,0,0,1,6
778178,2025-04-25,R,2025,Sutter Health Park,Athletics,Chicago White Sox,6.0,5.0,622663,656457,Alex MacKay,Alan Porter,"60 degrees, Partly Cloudy.","8 mph, Out To CF.",7:05 PM.,"10,283.",9,0,0,1,1
778176,2025-04-25,R,2025,Dodger Stadium,Los Angeles Dodgers,Pittsburgh Pirates,0.0,3.0,808967,694973,Sean Barber,James Hoye,"58 degrees, Partly Cloudy.","9 mph, Out To CF.",7:10 PM.,"53,655.",9,0,1,0,3
778171,2025-04-25,R,2025,Oracle Park,San Francisco Giants,Texas Rangers,0.0,2.0,434378,543135,Austin Jones,Todd Tichenor,"55 degrees, Partly Cloudy.","9 mph, Out To CF.",7:16 PM.,"40,080.",9,0,0,0,1
778180,2025-04-25,R,2025,Comerica Park,Detroit Tigers,Baltimore Orioles,,,672456,669211,Scott Barry,David Arrieta,"54 degrees, Cloudy.","15 mph, Out To CF.",6:11 PM.,"21,422.",9,0,0,3,1
778179,2025-04-25,R,2025,Progressive Field,Cleveland Guardians,Boston Red Sox,,,594902,656557,Dan Merzel,Jacob Metz,"47 degrees, Cloudy.","13 mph, In From LF.",1:11 PM.,"17,367.",9,4,3,4,4
778179,2025-04-26,R,2025,Progressive Field,Cleveland Guardians,Boston Red Sox,5.0,4.0,594902,656557,Dan Merzel,Jacob Metz,"47 degrees, Cloudy.","13 mph, In From LF.",1:11 PM.,"17,367.",9,4,3,4,4
778169,2025-04-26,R,2025,Progressive Field,Cleveland Guardians,Boston Red Sox,3.0,7.0,680951,621111,Brock Ballou,Jordan Baker,"48 degrees, Overcast.","13 mph, In From CF.",6:10 PM.,"24,316.",9,0,1,3,6
778168,2025-04-26,R,2025,Comerica Park,Detroit Tigers,Baltimore Orioles,4.0,3.0,663554,687064,Erich Bacchus,Brian O'Nora,"49 degrees, Cloudy.","15 mph, Out To CF.",1:11 PM.,"28,509.",9,0,0,3,1
778180,2025-04-26,R,2025,Comerica Park,Detroit Tigers,Baltimore Orioles,6.0,2.0,672456,669211,Scott Barry,David Arrieta,"54 degrees, Cloudy.","15 mph, Out To CF.",6:11 PM.,"21,422.",9,0,0,3,1
778166,2025-04-26,R,2025,Target Field,Minnesota Twins,Los Angeles Angels,5.0,1.0,680573,579328,Shane Livensparger,Nate Tomlinson,"58 degrees, Sunny.","10 mph, In From CF.",1:11 PM.,"23,905.",9,3,0,4,1
778164,2025-04-26,R,2025,Busch Stadium,St. Louis Cardinals,Milwaukee Brewers,6.0,5.0,543243,682990,Ryan Blakney,Junior Valentine,"63 degrees, Cloudy.","9 mph, In From LF.",1:18 PM.,"35,316.",9,0,0,5,2
778161,2025-04-26,R,2025,Coors Field,Colorado Rockies,Cincinnati Reds,4.0,6.0,622608,668881,Ramon De Jesus,Paul Clemons,"62 degrees, Sunny.","9 mph, In From CF.",1:12 PM.,"34,030.",9,0,0,3,3
778173,2025-04-26,R,2025,Nationals Park,Washington Nationals,New York Mets,0.0,2.0,695418,605280,Alfonso Márquez,Lance Barrett,"73 degrees, Partly Cloudy.","9 mph, Out To LF.",4:30 PM.,"33,867.",9,0,0,0,2
778159,2025-04-26,R,2025,Oracle Park,San Francisco Giants,Texas Rangers,3.0,2.0,592662,641816,Todd Tichenor,Adam Hamari,"58 degrees, Partly Cloudy.","8 mph, Varies.",1:08 PM.,"40,153.",9,0,1,2,2
778174,2025-04-26,R,2025,Wrigley Field,Chicago Cubs,Philadelphia Phillies,4.0,10.0,676962,666200,Vic Carapazza,Mark Ripperger,"49 degrees, Sunny.","14 mph, In From CF.",3:06 PM.,"40,068.",9,0,0,2,6
778165,2025-04-26,R,2025,Sutter Health Park,Athletics,Chicago White Sox,3.0,10.0,605488,656457,Alan Porter,Brian Walsh,"60 degrees, Cloudy.","2 mph, Out To CF.",1:05 PM.,"8,832.",9,0,4,1,6
778167,2025-04-26,R,2025,Kauffman Stadium,Kansas City Royals,Houston Astros,2.0,0.0,608379,664285,John Bacon,CB Bucknor,"61 degrees, Overcast.","10 mph, In From RF.",6:10 PM.,"25,378.",9,1,0,2,0
778162,2025-04-26,R,2025,Chase Field,Arizona Diamondbacks,Atlanta Braves,7.0,8.0,518876,656550,Tony Randazzo,Clint Vondrak,"83 degrees, Clear.","2 mph, L To R.",5:10 PM.,"43,043.",10,0,1,5,2
778160,2025-04-26,R,2025,Petco Park,San Diego Padres,Tampa Bay Rays,1.0,4.0,656302,686752,Chris Guccione,David Rackley,"62 degrees, Partly Cloudy.","11 mph, Out To RF.",5:41 PM.,"44,768.",9,0,0,0,3
778163,2025-04-26,R,2025,Dodger Stadium,Los Angeles Dodgers,Pittsburgh Pirates,8.0,4.0,808963,656605,James Hoye,D.J. Reyburn,"58 degrees, Cloudy.","1 mph, L To R.",6:09 PM.,"54,012.",9,2,1,3,3
778154,2025-04-26,R,2025,T-Mobile Park,Seattle Mariners,Miami Marlins,14.0,0.0,622491,687362,Emil Jimenez,Doug Eddings,"63 degrees, Clear.","3 mph, Calm.",6:40 PM.,"35,362.",9,6,0,10,0
778170,2025-04-26,R,2025,Yankee Stadium,New York Yankees,Toronto Blue Jays,,,657376,605135,Brennan Miller,Jeremie Rehak,"58 degrees, Partly Cloudy.","23 mph, Out To RF.",5:26 PM.,"43,824.",9,1,0,1,1
778153,2025-04-27,R,2025,Nationals Park,Washington Nationals,New York Mets,8.0,7.0,680730,656731,Lance Barrett,Carlos Torres,"64 degrees, Sunny.","19 mph, In From LF.",1:35 PM.,"30,763.",9,0,5,1,7
778156,2025-04-27,R,2025,Yankee Stadium,New York Yankees,Toronto Blue Jays,11.0,2.0,608331,592332,Chris Conroy,Jacob Metz,"59 degrees, Partly Cloudy.","22 mph, Out To RF.",1:39 PM.,,9,0,1,9,1
778170,2025-04-27,R,2025,Yankee Stadium,New York Yankees,Toronto Blue Jays,5.0,1.0,657376,605135,Brennan Miller,Jeremie Rehak,"58 degrees, Partly Cloudy.","23 mph, Out To RF.",5:26 PM.,"43,824.",9,1,0,1,1
778157,2025-04-27,R,2025,Progressive Field,Cleveland Guardians,Boston Red Sox,3.0,13.0,671106,678394,Jordan Baker,Stu Scheurwater,"54 degrees, Sunny.","8 mph, In From LF.",1:40 PM.,"24,621.",9,0,0,0,8
778155,2025-04-27,R,2025,Comerica Park,Detroit Tigers,Baltimore Orioles,7.0,0.0,669373,665152,Brian O'Nora,Derek Thomas,"55 degrees, Sunny.","5 mph, Out To RF.",1:40 PM.,"28,613.",9,0,0,3,0
778144,2025-04-27,R,2025,Target Field,Minnesota Twins,Los Angeles Angels,5.0,0.0,657746,667755,Nate Tomlinson,Mark Wegner,"60 degrees, Partly Cloudy.","8 mph, R To L.",12:42 PM.,"18,615.",9,1,0,1,0
778152,2025-04-27,R,2025,Kauffman Stadium,Kansas City Royals,Houston Astros,3.0,7.0,663460,686613,CB Bucknor,Dan Iassogna,"62 degrees, Cloudy.","11 mph, R To L.",1:11 PM.,"21,171.",9,0,0,1,4
778150,2025-04-27,R,2025,Busch Stadium,St. Louis Cardinals,Milwaukee Brewers,1.0,7.0,607200,500779,Junior Valentine,Marvin Hudson,"61 degrees, Cloudy.","9 mph, R To L.",1:15 PM.,"32,403.",9,0,3,1,7
778148,2025-04-27,R,2025,Coors Field,Colorado Rockies,Cincinnati Reds,1.0,8.0,687134,666157,Paul Clemons,Adrian Johnson,"76 degrees, Sunny.","7 mph, Out To LF.",1:10 PM.,"28,408.",9,0,3,0,7
778151,2025-04-27,R,2025,Oracle Park,San Francisco Giants,Texas Rangers,3.0,2.0,663855,683004,Adam Hamari,Nestor Ceja,"57 degrees, Partly Cloudy.","8 mph, Out To CF.",1:05 PM.,"40,118.",9,1,2,2,2
778149,2025-04-27,R,2025,Sutter Health Park,Athletics,Chicago White Sox,3.0,2.0,674370,685126,Brian Walsh,Jim Wolf,"58 degrees, Cloudy.","6 mph, Out To LF.",1:05 PM.,"9,127.",10,1,1,1,1
778145,2025-04-27,R,2025,Dodger Stadium,Los Angeles Dodgers,Pittsburgh Pirates,9.0,2.0,607192,663559,D.J. Reyburn,John Libka,"62 degrees, Partly Cloudy.","6 mph, Out To CF.",1:09 PM.,"49,512.",9,4,2,8,2
778146,2025-04-27,R,2025,Petco Park,San Diego Padres,Tampa Bay Rays,2.0,4.0,681190,641793,David Rackley,Edwin Moscoso,"64 degrees, Partly Cloudy.","9 mph, L To R.",1:11 PM.,"42,221.",9,0,0,2,3
778147,2025-04-27,R,2025,Chase Field,Arizona Diamondbacks,Atlanta Braves,6.0,4.0,694297,680885,Clint Vondrak,Dan Bellino,"76 degrees, Roof Closed.","0 mph, None.",1:10 PM.,"33,544.",9,1,0,4,1
778136,2025-04-27,R,2025,T-Mobile Park,Seattle Mariners,Miami Marlins,7.0,6.0,688138,676974,Doug Eddings,Mike Muchlinski,"56 degrees, Overcast.","0 mph, Calm.",1:11 PM.,"30,361.",9,1,1,7,2
778158,2025-04-27,R,2025,Wrigley Field,Chicago Cubs,Philadelphia Phillies,1.0,3.0,592791,605400,Mark Ripperger,Edwin Jimenez,"59 degrees, Clear.","11 mph, In From RF.",6:10 PM.,"35,761.",10,0,0,1,1
778138,2025-04-28,R,2025,Nationals Park,Washington Nationals,New York Mets,5.0,19.0,592866,656288,Carlos Torres,Charlie Ramos,"75 degrees, Sunny.","7 mph, Out To CF.",4:05 PM.,"14,011.",9,0,0,0,3
778139,2025-04-28,R,2025,Progressive Field,Cleveland Guardians,Minnesota Twins,1.0,11.0,668909,641927,Jansen Visconti,Ben May,"71 degrees, Clear.","8 mph, Out To CF.",6:10 PM.,"15,018.",9,0,2,1,6
778140,2025-04-28,R,2025,Oriole Park at Camden Yards,Baltimore Orioles,New York Yankees,4.0,3.0,608372,701542,Ryan Wills,Ryan Additon,"73 degrees, Clear.","8 mph, Out To LF.",6:37 PM.,"22,775.",9,0,0,4,0
778141,2025-04-28,R,2025,Great American Ball Park,Cincinnati Reds,St. Louis Cardinals,3.0,1.0,607259,669467,Mark Wegner,Bruce Dreckman,"81 degrees, Clear.","6 mph, R To L.",6:41 PM.,"15,147.",9,0,1,2,1
778143,2025-04-28,R,2025,Globe Life Field,Texas Rangers,Athletics,1.0,2.0,571578,676664,John Libka,Sean Barber,"74 degrees, Roof Closed.","0 mph, None.",7:08 PM.,"19,818.",9,0,0,0,2
778142,2025-04-28,R,2025,Daikin Park,Houston Astros,Detroit Tigers,8.0,5.0,669854,656427,Chad Fairchild,Austin Jones,"73 degrees, Roof Closed.","0 mph, None.",7:11 PM.,"26,395.",9,0,0,2,3
778137,2025-04-28,R,2025,Coors Field,Colorado Rockies,Atlanta Braves,3.0,6.0,663372,693821,Cory Blaser,Manny Gonzalez,"55 degrees, Partly Cloudy.","5 mph, R To L.",6:41 PM.,"18,852.",9,3,0,3,5
778132,2025-04-28,R,2025,Dodger Stadium,Los Angeles Dodgers,Miami Marlins,7.0,6.0,669160,665795,Edwin Moscoso,Tom Hanahan,"62 degrees, Clear.","9 mph, Out To RF.",7:10 PM.,"48,232.",10,1,0,5,0
778129,2025-04-29,R,2025,Progressive Field,Cleveland Guardians,Minnesota Twins,2.0,1.0,676440,663978,Ben May,Malachi Moore,"65 degrees, Overcast.","19 mph, Out To RF.",9:20 PM.,"14,312.",9,0,0,1,1
778133,2025-04-29,R,2025,Oriole Park at Camden Yards,Baltimore Orioles,New York Yankees,3.0,15.0,502043,607074,Ryan Additon,Lance Barksdale,"83 degrees, Partly Cloudy.","13 mph, Out To LF.",6:36 PM.,"22,164.",9,0,5,0,12
778135,2025-04-29,R,2025,PNC Park,Pittsburgh Pirates,Chicago Cubs,0.0,9.0,571760,684007,Charlie Ramos,Alfonso Márquez,"64 degrees, Overcast.","15 mph, Out To LF.",7:02 PM.,"9,434.",9,0,0,0,4
778131,2025-04-29,R,2025,Citizens Bank Park,Philadelphia Phillies,Washington Nationals,7.0,6.0,554430,669022,Stu Scheurwater,Dan Merzel,"80 degrees, Partly Cloudy.","15 mph, Out To CF.",6:45 PM.,"38,387.",9,2,0,3,0
778128,2025-04-29,R,2025,George M. Steinbrenner Field,Tampa Bay Rays,Kansas City Royals,1.0,3.0,671737,547179,Edwin Jimenez,Nic Lentz,"85 degrees, Partly Cloudy.","10 mph, R To L.",7:05 PM.,"10,046.",9,0,1,1,2
778127,2025-04-29,R,2025,Rogers Centre,Toronto Blue Jays,Boston Red Sox,2.0,10.0,670102,676979,Mike Estabrook,Derek Thomas,"68 degrees, Roof Closed.","0 mph, None.",7:08 PM.,"28,045.",9,0,2,2,7
778130,2025-04-29,R,2025,Citi Field,New York Mets,Arizona Diamondbacks,8.0,3.0,656849,593958,Adam Beck,Scott Barry,"71 degrees, Clear.","12 mph, Out To LF.",7:10 PM.,"35,218.",9,0,0,8,1
778125,2025-04-29,R,2025,Rate Field,Chicago White Sox,Milwaukee Brewers,2.0,7.0,656457,642547,Mike Muchlinski,Gabe Morales,"63 degrees, Partly Cloudy.","8 mph, Out To RF.",6:41 PM.,"14,904.",9,2,1,2,1
778122,2025-04-29,R,2025,Globe Life Field,Texas Rangers,Athletics,15.0,2.0,594798,682052,Sean Barber,James Hoye,"74 degrees, Roof Closed.","0 mph, None.",7:08 PM.,"24,452.",9,0,0,4,0
778124,2025-04-29,R,2025,Daikin Park,Houston Astros,Detroit Tigers,6.0,4.0,687473,681857,Austin Jones,Roberto Ortiz,"73 degrees, Roof Closed.","0 mph, None.",7:10 PM.,"28,904.",9,0,1,0,2
778120,2025-04-29,R,2025,Coors Field,Colorado Rockies,Atlanta Braves,2.0,8.0,608566,700363,Manny Gonzalez,Alex Tosi,"59 degrees, Cloudy.","7 mph, Out To CF.",6:40 PM.,"19,010.",9,0,0,1,6
778121,2025-04-29,R,2025,T-Mobile Park,Seattle Mariners,Los Angeles Angels,5.0,3.0,682243,686799,Jim Wolf,Chris Segal,"54 degrees, Roof Closed.","9 mph, In From CF.",6:40 PM.,"18,247.",9,0,0,3,0
778126,2025-04-29,R,2025,Petco Park,San Diego Padres,San Francisco Giants,7.0,4.0,601713,657277,Dan Bellino,Phil Cuzzi,"64 degrees, Clear.","8 mph, L To R.",6:41 PM.,"47,345.",9,3,0,5,1
778123,2025-04-29,R,2025,Dodger Stadium,Los Angeles Dodgers,Miami Marlins,15.0,2.0,676263,645261,Tom Hanahan,Chris Guccione,"62 degrees, Clear.","2 mph, L To R.",7:10 PM.,"46,502.",9,3,1,7,1
778134,2025-04-29,R,2025,Great American Ball Park,Cincinnati Reds,St. Louis Cardinals,,,663903,571945,Bruce Dreckman,David Arrieta,"69 degrees, Partly Cloudy.","4 mph, In From RF.",12:40 PM.,"15,709.",9,0,1,0,1
778134,2025-04-30,R,2025,Great American Ball Park,Cincinnati Reds,St. Louis Cardinals,0.0,6.0,663903,571945,Bruce Dreckman,David Arrieta,"69 degrees, Partly Cloudy.","4 mph, In From RF.",12:40 PM.,"15,709.",9,0,1,0,1
778119,2025-04-30,R,2025,Great American Ball Park,Cincinnati Reds,St. Louis Cardinals,1.0,9.0,695534,571927,Shane Livensparger,Nate Tomlinson,"77 degrees, Partly Cloudy.","3 mph, In From CF.",6:41 PM.,"13,550.",9,0,3,0,9
778110,2025-04-30,R,2025,Daikin Park,Houston Astros,Detroit Tigers,4.0,7.0,805123,695549,Roberto Ortiz,Bill Miller,"73 degrees, Roof Closed.","0 mph, None.",1:10 PM.,"27,568.",9,1,0,3,7
778102,2025-04-30,R,2025,Coors Field,Colorado Rockies,Atlanta Braves,2.0,1.0,801403,519242,Alex Tosi,Ron Kulpa,"67 degrees, Partly Cloudy.","7 mph, In From LF.",1:11 PM.,"29,661.",9,0,0,2,1
778109,2025-04-30,R,2025,Dodger Stadium,Los Angeles Dodgers,Miami Marlins,12.0,7.0,664062,615698,Chris Guccione,David Rackley,"67 degrees, Cloudy.","4 mph, Out To RF.",12:10 PM.,"47,192.",9,0,0,4,2
778104,2025-04-30,R,2025,T-Mobile Park,Seattle Mariners,Los Angeles Angels,9.0,3.0,676106,542881,Chris Segal,Alex MacKay,"56 degrees, Partly Cloudy.","6 mph, L To R.",1:10 PM.,"16,229.",9,0,1,3,3
778105,2025-04-30,R,2025,Petco Park,San Diego Padres,San Francisco Giants,5.0,3.0,650633,694738,Phil Cuzzi,Tony Randazzo,"65 degrees, Partly Cloudy.","10 mph, L To R.",1:11 PM.,"37,698.",9,0,0,4,0
778116,2025-04-30,R,2025,Progressive Field,Cleveland Guardians,Minnesota Twins,4.0,2.0,682847,641154,Malachi Moore,Andy Fletcher,"49 degrees, Partly Cloudy.","9 mph, In From CF.",6:10 PM.,"15,523.",9,0,0,0,0
778115,2025-04-30,R,2025,Oriole Park at Camden Yards,Baltimore Orioles,New York Yankees,5.0,4.0,700249,471911,Lance Barksdale,Will Little,"84 degrees, Clear.","4 mph, In From LF.",6:35 PM.,"22,381.",9,0,2,5,3
778112,2025-04-30,R,2025,PNC Park,Pittsburgh Pirates,Chicago Cubs,4.0,3.0,669387,571510,Alfonso Márquez,Lance Barrett,"72 degrees, Partly Cloudy.","4 mph, Out To LF.",6:42 PM.,"11,297.",9,1,0,2,3
778118,2025-04-30,R,2025,Citizens Bank Park,Philadelphia Phillies,Washington Nationals,7.0,2.0,650911,663623,Dan Merzel,Brock Ballou,"78 degrees, Clear.","10 mph, In From LF.",6:46 PM.,"37,713.",9,3,0,5,2
778113,2025-04-30,R,2025,George M. Steinbrenner Field,Tampa Bay Rays,Kansas City Royals,0.0,3.0,656876,702070,Nic Lentz,Nick Mahrley,"87 degrees, Clear.","5 mph, R To L.",7:05 PM.,"10,046.",9,0,2,0,3
778114,2025-04-30,R,2025,Rogers Centre,Toronto Blue Jays,Boston Red Sox,7.0,6.0,684320,608337,Derek Thomas,Erich Bacchus,"68 degrees, Roof Closed.","0 mph, None.",7:07 PM.,"26,498.",10,0,2,0,4
778117,2025-04-30,R,2025,Citi Field,New York Mets,Arizona Diamondbacks,3.0,4.0,623211,669203,Scott Barry,John Bacon,"71 degrees, Partly Cloudy.","9 mph, L To R.",7:11 PM.,"31,904.",9,0,0,1,0
778111,2025-04-30,R,2025,Rate Field,Chicago White Sox,Milwaukee Brewers,4.0,6.0,681343,668964,Gabe Morales,Emil Jimenez,"54 degrees, Cloudy.","3 mph, L To R.",6:40 PM.,"10,253.",9,0,2,3,3
778106,2025-04-30,R,2025,Globe Life Field,Texas Rangers,Athletics,1.0,7.0,543135,622663,James Hoye,D.J. Reyburn,"74 degrees, Roof Closed.","0 mph, None.",7:08 PM.,"19,803.",9,0,0,1,1
778100,2025-05-01,R,2025,PNC Park,Pittsburgh Pirates,Chicago Cubs,3.0,8.0,694973,607067,Lance Barrett,Carlos Torres,"81 degrees, Cloudy.","12 mph, Out To CF.",12:37 PM.,"13,633.",9,1,0,2,3
778107,2025-05-01,R,2025,Great American Ball Park,Cincinnati Reds,St. Louis Cardinals,9.0,1.0,671096,669461,Nate Tomlinson,Mark Wegner,"76 degrees, Cloudy.","15 mph, R To L.",12:40 PM.,"15,513.",9,0,0,4,1
778103,2025-05-01,R,2025,Citi Field,New York Mets,Arizona Diamondbacks,2.0,4.0,673540,668678,John Bacon,CB Bucknor,"66 degrees, Partly Cloudy.","8 mph, R To L.",1:11 PM.,"36,239.",9,0,0,0,2
778097,2025-05-01,R,2025,George M. Steinbrenner Field,Tampa Bay Rays,Kansas City Royals,2.0,8.0,669358,607625,Nick Mahrley,Vic Carapazza,"82 degrees, Partly Cloudy.","3 mph, R To L.",1:11 PM.,"8,794.",9,1,0,1,4
778108,2025-05-01,R,2025,Progressive Field,Cleveland Guardians,Minnesota Twins,4.0,3.0,594902,680573,Andy Fletcher,Jansen Visconti,"78 degrees, Partly Cloudy.","15 mph, Out To LF.",1:10 PM.,"15,968.",10,1,0,2,0
778094,2025-05-01,R,2025,Rate Field,Chicago White Sox,Milwaukee Brewers,8.0,0.0,680732,694477,Emil Jimenez,Doug Eddings,"67 degrees, Overcast.","18 mph, Out To LF.",1:10 PM.,"11,917.",9,1,0,1,0
778096,2025-05-01,R,2025,Globe Life Field,Texas Rangers,Athletics,0.0,3.0,641816,605488,D.J. Reyburn,John Libka,"74 degrees, Roof Closed.","0 mph, None.",1:38 PM.,"30,808.",9,0,1,0,1
778099,2025-05-01,R,2025,Citizens Bank Park,Philadelphia Phillies,Washington Nationals,2.0,4.0,592836,695418,Brock Ballou,Jordan Baker,"75 degrees, Cloudy.","14 mph, Out To CF.",6:45 PM.,"37,069.",9,0,0,1,0
778095,2025-05-01,R,2025,Rogers Centre,Toronto Blue Jays,Boston Red Sox,4.0,2.0,621244,656557,Erich Bacchus,Brian O'Nora,"68 degrees, Roof Closed.","0 mph, None.",7:08 PM.,"24,198.",9,0,0,0,2
778101,2025-05-01,R,2025,Angel Stadium,Los Angeles Angels,Detroit Tigers,4.0,10.0,579328,663554,Ron Kulpa,Cory Blaser,"67 degrees, Partly Cloudy.","9 mph, Out To CF.",6:37 PM.,"28,486.",9,0,0,4,2
778098,2025-05-01,R,2025,Oracle Park,San Francisco Giants,Colorado Rockies,3.0,4.0,434378,607536,David Rackley,Edwin Moscoso,"54 degrees, Partly Cloudy.","14 mph, Out To CF.",6:45 PM.,"27,198.",9,1,0,1,1
778087,2025-05-02,R,2025,Great American Ball Park,Cincinnati Reds,Washington Nationals,6.0,1.0,668881,680730,John Libka,Sean Barber,"67 degrees, Overcast.","5 mph, Out To LF.",8:01 PM.,"19,509.",9,2,0,5,1
778090,2025-05-02,R,2025,PNC Park,Pittsburgh Pirates,San Diego Padres,4.0,9.0,656605,656302,Brian O'Nora,Mike Estabrook,"61 degrees, Overcast.","5 mph, Out To LF.",7:52 PM.,"12,349.",9,0,0,3,5
778086,2025-05-02,R,2025,Citizens Bank Park,Philadelphia Phillies,Arizona Diamondbacks,3.0,2.0,666200,518876,Doug Eddings,Mike Muchlinski,"84 degrees, Partly Cloudy.","12 mph, Out To RF.",6:46 PM.,"40,133.",9,1,0,1,1
778093,2025-05-02,R,2025,Oriole Park at Camden Yards,Baltimore Orioles,Kansas City Royals,3.0,0.0,665152,608379,Jordan Baker,Stu Scheurwater,"82 degrees, Clear.","3 mph, Out To CF.",7:06 PM.,"26,364.",9,0,0,0,0
778088,2025-05-02,R,2025,Yankee Stadium,New York Yankees,Tampa Bay Rays,3.0,0.0,608331,686752,Carlos Torres,Charlie Ramos,"78 degrees, Partly Cloudy.","9 mph, R To L.",7:08 PM.,"45,189.",9,0,0,3,0
778081,2025-05-02,R,2025,Rogers Centre,Toronto Blue Jays,Cleveland Guardians,5.0,3.0,605135,671106,CB Bucknor,Adam Beck,"68 degrees, Roof Closed.","0 mph, None.",7:09 PM.,"26,087.",9,0,0,3,2
778089,2025-05-02,R,2025,Fenway Park,Boston Red Sox,Minnesota Twins,6.0,1.0,678394,657746,Bill Miller,Chad Fairchild,"64 degrees, Partly Cloudy.","3 mph, Out To LF.",7:13 PM.,"35,914.",9,1,0,1,1
778091,2025-05-02,R,2025,loanDepot park,Miami Marlins,Athletics,1.0,6.0,678368,680684,Vic Carapazza,Edwin Jimenez,"80 degrees, Clear.","10 mph, L To R.",7:10 PM.,"8,864.",9,0,0,0,6
778092,2025-05-02,R,2025,Truist Park,Atlanta Braves,Los Angeles Dodgers,1.0,2.0,656550,808967,Will Little,Ryan Wills,"79 degrees, Partly Cloudy.","10 mph, Out To RF.",7:16 PM.,"41,201.",9,0,0,0,1
778079,2025-05-02,R,2025,Rate Field,Chicago White Sox,Houston Astros,7.0,3.0,686563,664285,Mark Wegner,Bruce Dreckman,"49 degrees, Cloudy.","10 mph, In From LF.",6:40 PM.,"13,866.",9,1,0,4,1
778083,2025-05-02,R,2025,Globe Life Field,Texas Rangers,Seattle Mariners,1.0,13.0,683004,693433,Tony Randazzo,Jacob Metz,"74 degrees, Roof Closed.","0 mph, None.",7:08 PM.,"29,074.",9,0,0,0,8
778080,2025-05-02,R,2025,American Family Field,Milwaukee Brewers,Chicago Cubs,0.0,10.0,641302,676962,Jansen Visconti,Ben May,"63 degrees, Roof Closed.","0 mph, None.",7:11 PM.,"34,559.",9,0,2,0,9
778084,2025-05-02,R,2025,Busch Stadium,St. Louis Cardinals,New York Mets,3.0,9.0,543243,605280,Alex MacKay,Jim Wolf,"62 degrees, Partly Cloudy.","5 mph, Out To RF.",7:16 PM.,"27,966.",9,1,0,3,6
778085,2025-05-02,R,2025,Angel Stadium,Los Angeles Angels,Detroit Tigers,1.0,9.0,667755,669373,Cory Blaser,Manny Gonzalez,"68 degrees, Clear.","8 mph, Out To CF.",6:38 PM.,"29,870.",9,1,0,1,0
778082,2025-05-02,R,2025,Oracle Park,San Francisco Giants,Colorado Rockies,4.0,0.0,592662,622608,Edwin Moscoso,Tom Hanahan,"56 degrees, Partly Cloudy.","18 mph, Out To CF.",7:15 PM.,"35,036.",9,0,0,4,0
778074,2025-05-03,R,2025,Yankee Stadium,New York Yankees,Tampa Bay Rays,2.0,3.0,642232,641793,Charlie Ramos,Alfonso Márquez,"79 degrees, Sunny.","11 mph, R To L.",1:08 PM.,"44,051.",9,1,0,2,1
778066,2025-05-03,R,2025,Rate Field,Chicago White Sox,Houston Astros,3.0,8.0,663436,686613,Bruce Dreckman,Shane Livensparger,"50 degrees, Partly Cloudy.","18 mph, Out To RF.",1:10 PM.,"20,874.",9,3,0,3,3
778064,2025-05-03,R,2025,Rogers Centre,Toronto Blue Jays,Cleveland Guardians,3.0,5.0,592332,668909,Adam Beck,Scott Barry,"68 degrees, Roof Closed.","0 mph, None.",3:09 PM.,"40,507.",9,1,0,3,0
778065,2025-05-03,R,2025,PNC Park,Pittsburgh Pirates,San Diego Padres,1.0,2.0,663559,681190,Mike Estabrook,Derek Thomas,"62 degrees, Overcast.","8 mph, Calm.",5:47 PM.,"17,675.",9,0,0,1,0
778069,2025-05-03,R,2025,Oracle Park,San Francisco Giants,Colorado Rockies,6.0,3.0,663855,687134,Tom Hanahan,Chris Guccione,"59 degrees, Partly Cloudy.","10 mph, Out To CF.",1:05 PM.,"40,049.",9,0,0,1,0
778073,2025-05-03,R,2025,Fenway Park,Boston Red Sox,Minnesota Twins,3.0,4.0,690928,641927,Chad Fairchild,Austin Jones,"82 degrees, Sunny.","18 mph, Out To LF.",4:12 PM.,"36,250.",9,0,0,1,1
778075,2025-05-03,R,2025,loanDepot park,Miami Marlins,Athletics,9.0,6.0,676974,674370,Edwin Jimenez,Nic Lentz,"72 degrees, Roof Closed.","0 mph, None.",4:10 PM.,"13,543.",9,0,1,4,4
778078,2025-05-03,R,2025,Citizens Bank Park,Philadelphia Phillies,Arizona Diamondbacks,7.0,2.0,605400,694297,Mike Muchlinski,Gabe Morales,"82 degrees, Partly Cloudy.","13 mph, Out To CF.",6:05 PM.,"42,650.",9,0,0,7,0
778077,2025-05-03,R,2025,Great American Ball Park,Cincinnati Reds,Washington Nationals,6.0,11.0,666157,592866,Sean Barber,James Hoye,"53 degrees, Overcast.","9 mph, Out To RF.",7:02 PM.,"26,224.",9,2,2,3,3
778070,2025-05-03,R,2025,Globe Life Field,Texas Rangers,Seattle Mariners,1.0,2.0,571578,622491,Jacob Metz,Dan Bellino,"73 degrees, Clear.","9 mph, In From LF.",6:08 PM.,"26,726.",9,0,1,1,1
778071,2025-05-03,R,2025,American Family Field,Milwaukee Brewers,Chicago Cubs,2.0,6.0,500779,592791,Ben May,Malachi Moore,"68 degrees, Roof Closed.","0 mph, None.",6:11 PM.,"37,335.",9,0,1,2,6
778072,2025-05-03,R,2025,Oriole Park at Camden Yards,Baltimore Orioles,Kansas City Royals,0.0,4.0,608372,663460,Stu Scheurwater,Dan Merzel,"78 degrees, Cloudy.","5 mph, Out To LF.",7:16 PM.,"19,348.",9,0,0,0,2
778076,2025-05-03,R,2025,Truist Park,Atlanta Braves,Los Angeles Dodgers,3.0,10.0,680885,808963,Ryan Wills,Ryan Additon,"59 degrees, Overcast.","10 mph, L To R.",10:21 PM.,"42,159.",9,0,0,3,7
778067,2025-05-03,R,2025,Angel Stadium,Los Angeles Angels,Detroit Tigers,5.0,2.0,543294,656427,Manny Gonzalez,Alex Tosi,"61 degrees, Overcast.","7 mph, R To L.",6:38 PM.,"31,335.",9,0,0,1,0
778068,2025-05-03,R,2025,Busch Stadium,St. Louis Cardinals,New York Mets,,,669467,656731,Brian Walsh,Chris Segal,"63 degrees, Cloudy.","8 mph, Out To RF.",5:16 PM.,"30,313.",9,0,0,4,4
778053,2025-05-04,R,2025,Busch Stadium,St. Louis Cardinals,New York Mets,6.0,5.0,607200,694918,Jim Wolf,Tyler Jones,"58 degrees, Cloudy.","11 mph, Out To RF.",12:15 PM.,"37,735.",9,0,1,6,2
778068,2025-05-04,R,2025,Busch Stadium,St. Louis Cardinals,New York Mets,5.0,4.0,669467,656731,Brian Walsh,Chris Segal,"63 degrees, Cloudy.","8 mph, Out To RF.",5:16 PM.,"30,313.",9,0,0,4,4
778062,2025-05-04,R,2025,Oriole Park at Camden Yards,Baltimore Orioles,Kansas City Royals,6.0,11.0,502043,547179,Dan Merzel,Brock Ballou,"72 degrees, Cloudy.","6 mph, R To L.",1:36 PM.,"31,956.",9,0,0,5,4
778051,2025-05-04,R,2025,PNC Park,Pittsburgh Pirates,San Diego Padres,0.0,4.0,571760,663568,Derek Thomas,Erich Bacchus,"63 degrees, Cloudy.","6 mph, R To L.",1:36 PM.,"17,184.",9,0,1,0,4
778063,2025-05-04,R,2025,Fenway Park,Boston Red Sox,Minnesota Twins,4.0,5.0,676979,663978,Austin Jones,Roberto Ortiz,"72 degrees, Partly Cloudy.","3 mph, Out To CF.",1:36 PM.,"33,539.",9,0,1,3,1
778057,2025-05-04,R,2025,Yankee Stadium,New York Yankees,Tampa Bay Rays,5.0,7.0,701542,671737,Alfonso Márquez,Lance Barrett,"67 degrees, Cloudy.","10 mph, R To L.",2:05 PM.,"43,349.",9,0,0,0,5
778056,2025-05-04,R,2025,Rogers Centre,Toronto Blue Jays,Cleveland Guardians,4.0,5.0,670102,676440,Scott Barry,John Bacon,"68 degrees, Roof Closed.","0 mph, None.",1:38 PM.,"30,641.",9,0,0,3,4
778061,2025-05-04,R,2025,loanDepot park,Miami Marlins,Athletics,2.0,3.0,665795,676664,Nic Lentz,Nick Mahrley,"72 degrees, Roof Closed.","0 mph, None.",1:40 PM.,"17,690.",9,0,0,2,2
778059,2025-05-04,R,2025,Citizens Bank Park,Philadelphia Phillies,Arizona Diamondbacks,9.0,11.0,624133,593958,Gabe Morales,Emil Jimenez,"68 degrees, Overcast.","9 mph, Out To LF.",2:08 PM.,"44,010.",10,1,0,2,7
778055,2025-05-04,R,2025,Rate Field,Chicago White Sox,Houston Astros,5.0,4.0,669060,621121,Shane Livensparger,Nate Tomlinson,"52 degrees, Partly Cloudy.","8 mph, Out To RF.",1:10 PM.,"19,418.",7,0,0,3,4
778054,2025-05-04,R,2025,American Family Field,Milwaukee Brewers,Chicago Cubs,4.0,0.0,642547,684007,Malachi Moore,Andy Fletcher,"64 degrees, Roof Closed.","0 mph, None.",1:12 PM.,"37,360.",9,0,0,0,0
778052,2025-05-04,R,2025,Globe Life Field,Texas Rangers,Seattle Mariners,8.0,1.0,594798,688138,Dan Bellino,Phil Cuzzi,"74 degrees, Sunny.","9 mph, Varies.",1:38 PM.,"27,812.",9,0,0,6,1
778048,2025-05-04,R,2025,Oracle Park,San Francisco Giants,Colorado Rockies,9.0,3.0,657277,608566,Chris Guccione,David Rackley,"64 degrees, Sunny.","15 mph, Varies.",1:05 PM.,"41,087.",9,1,0,5,1
778050,2025-05-04,R,2025,Angel Stadium,Los Angeles Angels,Detroit Tigers,1.0,13.0,686799,681857,Alex Tosi,Ron Kulpa,"65 degrees, Overcast.","8 mph, Out To RF.",1:09 PM.,"37,554.",9,0,0,0,5
778058,2025-05-04,R,2025,Great American Ball Park,Cincinnati Reds,Washington Nationals,1.0,4.0,607259,669022,James Hoye,D.J. Reyburn,"59 degrees, Overcast.","6 mph, Out To LF.",4:31 PM.,"23,494.",9,0,0,1,1
778060,2025-05-04,R,2025,Truist Park,Atlanta Braves,Los Angeles Dodgers,4.0,3.0,693821,669160,Ryan Additon,Lance Barksdale,"66 degrees, Partly Cloudy.","14 mph, R To L.",7:10 PM.,"39,649.",9,2,0,4,1
778047,2025-05-05,R,2025,loanDepot park,Miami Marlins,Los Angeles Dodgers,4.0,7.0,645261,676263,Laz Diaz,Erich Bacchus,"72 degrees, Roof Closed.","0 mph, None.",6:41 PM.,"15,395.",9,0,1,0,5
778045,2025-05-05,R,2025,Yankee Stadium,New York Yankees,San Diego Padres,3.0,4.0,607074,601713,Adrian Johnson,Quinn Wolcott,"59 degrees, Rain.","9 mph, In From LF.",7:33 PM.,"38,128.",9,0,0,2,0
778049,2025-05-05,R,2025,Truist Park,Atlanta Braves,Cincinnati Reds,4.0,0.0,700363,663903,Chris Segal,Alex MacKay,"68 degrees, Partly Cloudy.","7 mph, R To L.",7:15 PM.,"30,175.",9,0,0,4,0
778044,2025-05-05,R,2025,Wrigley Field,Chicago Cubs,San Francisco Giants,9.0,2.0,571510,694738,Roberto Ortiz,Bill Miller,"54 degrees, Partly Cloudy.","8 mph, In From LF.",6:40 PM.,"36,834.",9,0,0,4,2
778043,2025-05-05,R,2025,Kauffman Stadium,Kansas City Royals,Chicago White Sox,3.0,0.0,666142,681343,D.J. Reyburn,John Libka,"73 degrees, Clear.","6 mph, R To L.",6:41 PM.,"12,529.",9,0,0,2,0
778042,2025-05-05,R,2025,American Family Field,Milwaukee Brewers,Houston Astros,5.0,1.0,668964,669854,Jeremie Rehak,John Tumpane,"66 degrees, Roof Closed.","0 mph, None.",6:41 PM.,"20,306.",9,0,0,3,0
778036,2025-05-05,R,2025,Busch Stadium,St. Louis Cardinals,Pittsburgh Pirates,6.0,3.0,571945,669387,Andy Fletcher,Jansen Visconti,"60 degrees, Partly Cloudy.","4 mph, Out To LF.",6:46 PM.,"22,369.",9,0,2,2,3
778039,2025-05-05,R,2025,Chase Field,Arizona Diamondbacks,New York Mets,4.0,5.0,669194,656288,Marvin Hudson,Tripp Gibson,"76 degrees, Roof Closed.","0 mph, None.",6:40 PM.,"22,674.",9,1,0,1,2
778038,2025-05-05,R,2025,Sutter Health Park,Athletics,Seattle Mariners,7.0,6.0,622663,682243,Nestor Ceja,Todd Tichenor,"83 degrees, Clear.","17 mph, L To R.",7:05 PM.,"10,257.",11,1,0,4,4
778046,2025-05-05,R,2025,Nationals Park,Washington Nationals,Cleveland Guardians,,,695418,594902,Tony Randazzo,Jacob Metz,"70 degrees, Partly Cloudy.","2 mph, L To R.",7:10 PM.,"21,948.",9,0,0,0,0
778026,2025-05-06,R,2025,Nationals Park,Washington Nationals,Cleveland Guardians,10.0,9.0,663623,682847,Clint Vondrak,Derek Thomas,"70 degrees, Cloudy.","12 mph, Out To RF.",3:35 PM.,,9,1,1,4,2
778046,2025-05-06,R,2025,Nationals Park,Washington Nationals,Cleveland Guardians,1.0,9.0,695418,594902,Tony Randazzo,Jacob Metz,"70 degrees, Partly Cloudy.","2 mph, L To R.",7:10 PM.,"21,948.",9,0,0,0,0
778035,2025-05-06,R,2025,loanDepot park,Miami Marlins,Los Angeles Dodgers,5.0,4.0,615698,664062,Erich Bacchus,Brian O'Nora,"72 degrees, Roof Closed.","0 mph, None.",6:40 PM.,"17,312.",10,0,1,2,1
778037,2025-05-06,R,2025,Fenway Park,Boston Red Sox,Texas Rangers,1.0,6.0,608337,543135,John Bacon,CB Bucknor,"60 degrees, Rain.","3 mph, Out To LF.",7:16 PM.,"29,858.",9,0,1,0,6
778040,2025-05-06,R,2025,George M. Steinbrenner Field,Tampa Bay Rays,Philadelphia Phillies,4.0,8.0,656876,554430,Lance Barksdale,Will Little,"85 degrees, Partly Cloudy.","6 mph, In From CF.",7:05 PM.,"10,046.",9,0,0,2,3
778041,2025-05-06,R,2025,Yankee Stadium,New York Yankees,San Diego Padres,12.0,3.0,657376,650633,Quinn Wolcott,Ramon De Jesus,"60 degrees, Overcast.","12 mph, R To L.",7:10 PM.,"38,090.",9,0,0,2,2
778034,2025-05-06,R,2025,Truist Park,Atlanta Braves,Cincinnati Reds,2.0,1.0,519242,671096,Alex MacKay,Alan Porter,"77 degrees, Partly Cloudy.","6 mph, R To L.",7:16 PM.,"32,835.",10,0,0,0,0
778027,2025-05-06,R,2025,Wrigley Field,Chicago Cubs,San Francisco Giants,5.0,14.0,607067,434378,Bill Miller,Chad Fairchild,"68 degrees, Clear.","5 mph, In From CF.",6:40 PM.,"37,303.",11,0,0,3,5
778028,2025-05-06,R,2025,Target Field,Minnesota Twins,Baltimore Orioles,9.0,1.0,641154,700249,Ron Kulpa,Cory Blaser,"83 degrees, Clear.","6 mph, In From LF.",6:41 PM.,"19,779.",9,0,0,5,1
778033,2025-05-06,R,2025,Kauffman Stadium,Kansas City Royals,Chicago White Sox,4.0,3.0,607625,680732,John Libka,Sean Barber,"74 degrees, Partly Cloudy.","8 mph, R To L.",6:40 PM.,"15,968.",9,0,0,0,1
778031,2025-05-06,R,2025,American Family Field,Milwaukee Brewers,Houston Astros,4.0,3.0,694477,669713,John Tumpane,Chris Conroy,"65 degrees, Clear.","2 mph, L To R.",6:40 PM.,"21,075.",9,4,0,4,0
778030,2025-05-06,R,2025,Busch Stadium,St. Louis Cardinals,Pittsburgh Pirates,2.0,1.0,669461,694973,Jansen Visconti,Ben May,"72 degrees, Partly Cloudy.","5 mph, Out To LF.",6:46 PM.,"25,307.",9,0,0,0,0
778025,2025-05-06,R,2025,Angel Stadium,Los Angeles Angels,Toronto Blue Jays,8.0,3.0,542881,570632,David Rackley,Edwin Moscoso,"61 degrees, Overcast.","7 mph, Out To CF.",6:40 PM.,"25,867.",9,2,2,2,2
778032,2025-05-06,R,2025,Chase Field,Arizona Diamondbacks,New York Mets,5.0,1.0,668678,656849,Tripp Gibson,Ryan Blakney,"74 degrees, Clear.","2 mph, Out To RF.",6:40 PM.,"24,353.",9,0,0,2,1
778024,2025-05-06,R,2025,Sutter Health Park,Athletics,Seattle Mariners,3.0,5.0,605488,676106,Todd Tichenor,James Jean,"83 degrees, Clear.","7 mph, Out To RF.",7:05 PM.,"9,615.",9,1,1,2,2
778029,2025-05-06,R,2025,Coors Field,Colorado Rockies,Detroit Tigers,,,685299,672456,Edwin Jimenez,Nic Lentz,"70 degrees, Clear.","8 mph, In From LF.",4:11 PM.,"23,030.",9,0,0,1,6
778022,2025-05-07,R,2025,Nationals Park,Washington Nationals,Cleveland Guardians,6.0,8.0,647336,671106,Jacob Metz,Dan Bellino,"72 degrees, Partly Cloudy.","7 mph, In From LF.",12:05 PM.,"19,896.",9,0,0,3,0
778015,2025-05-07,R,2025,American Family Field,Milwaukee Brewers,Houston Astros,1.0,9.0,682990,664285,Chris Conroy,Brennan Miller,"63 degrees, Roof Closed.","0 mph, None.",12:10 PM.,"26,922.",9,0,0,1,3
778016,2025-05-07,R,2025,Busch Stadium,St. Louis Cardinals,Pittsburgh Pirates,5.0,0.0,543243,656605,Ben May,Malachi Moore,"69 degrees, Partly Cloudy.","8 mph, In From LF.",12:16 PM.,"27,453.",9,0,0,3,0
778020,2025-05-07,R,2025,Wrigley Field,Chicago Cubs,San Francisco Giants,1.0,3.0,676962,592662,Chad Fairchild,Austin Jones,"55 degrees, Partly Cloudy.","16 mph, In From LF.",1:20 PM.,"31,889.",9,0,1,1,3
778010,2025-05-07,R,2025,Sutter Health Park,Athletics,Seattle Mariners,5.0,6.0,680684,693433,James Jean,Adam Hamari,"73 degrees, Sunny.","10 mph, R To L.",12:35 PM.,"9,697.",9,3,0,5,1
778014,2025-05-07,R,2025,Chase Field,Arizona Diamondbacks,New York Mets,1.0,7.0,518876,673540,Ryan Blakney,Junior Valentine,"78 degrees, Roof Closed.","0 mph, None.",12:41 PM.,"25,729.",9,0,0,0,0
778017,2025-05-07,R,2025,loanDepot park,Miami Marlins,Los Angeles Dodgers,1.0,10.0,678368,689017,Brian O'Nora,Mike Estabrook,"85 degrees, Sunny.","9 mph, In From LF.",4:40 PM.,"13,635.",9,0,0,0,0
778018,2025-05-07,R,2025,Fenway Park,Boston Red Sox,Texas Rangers,6.0,4.0,656557,641816,CB Bucknor,Adam Beck,"71 degrees, Partly Cloudy.","4 mph, Out To CF.",6:46 PM.,"31,437.",9,0,0,2,3
778021,2025-05-07,R,2025,George M. Steinbrenner Field,Tampa Bay Rays,Philadelphia Phillies,0.0,7.0,669358,650911,Will Little,Ryan Wills,"84 degrees, Partly Cloudy.","5 mph, Out To CF.",7:05 PM.,"10,046.",9,0,0,0,6
778019,2025-05-07,R,2025,Yankee Stadium,New York Yankees,San Diego Padres,4.0,3.0,608331,656302,Ramon De Jesus,Paul Clemons,"70 degrees, Overcast.","7 mph, R To L.",7:10 PM.,"42,302.",10,0,0,0,1
778023,2025-05-07,R,2025,Truist Park,Atlanta Braves,Cincinnati Reds,3.0,4.0,656550,668881,Alan Porter,Brian Walsh,"68 degrees, Partly Cloudy.","6 mph, L To R.",7:15 PM.,"32,761.",9,0,2,1,4
778011,2025-05-07,R,2025,Target Field,Minnesota Twins,Baltimore Orioles,5.0,2.0,680573,450203,Cory Blaser,Manny Gonzalez,"69 degrees, Partly Cloudy.","12 mph, In From LF.",6:41 PM.,"16,417.",9,0,0,3,2
778012,2025-05-07,R,2025,Kauffman Stadium,Kansas City Royals,Chicago White Sox,2.0,1.0,608379,686563,Sean Barber,James Hoye,"62 degrees, Overcast.","3 mph, R To L.",6:40 PM.,"12,328.",9,0,0,2,0
778013,2025-05-07,R,2025,Coors Field,Colorado Rockies,Detroit Tigers,6.0,8.0,801403,695549,Vic Carapazza,Mark Ripperger,"54 degrees, Partly Cloudy.","4 mph, R To L.",6:41 PM.,"18,855.",10,2,0,6,6
778009,2025-05-07,R,2025,Angel Stadium,Los Angeles Angels,Toronto Blue Jays,5.0,4.0,579328,621244,Edwin Moscoso,Tom Hanahan,"72 degrees, Clear.","9 mph, Out To CF.",6:39 PM.,"26,646.",9,0,0,0,0
778007,2025-05-08,R,2025,Target Field,Minnesota Twins,Baltimore Orioles,5.0,2.0,641927,665152,Manny Gonzalez,Alex Tosi,"62 degrees, Sunny.","7 mph, R To L.",12:11 PM.,"17,410.",9,1,0,1,2
778006,2025-05-08,R,2025,Fenway Park,Boston Red Sox,Texas Rangers,5.0,0.0,678394,683004,Adam Beck,Dan Iassogna,"73 degrees, Partly Cloudy.","8 mph, Out To CF.",1:36 PM.,"27,800.",9,0,0,3,0
778008,2025-05-08,R,2025,Kauffman Stadium,Kansas City Royals,Chicago White Sox,10.0,0.0,663460,663436,James Hoye,D.J. Reyburn,"69 degrees, Partly Cloudy.","12 mph, In From RF.",1:10 PM.,"25,386.",9,1,0,4,0
778004,2025-05-08,R,2025,Coors Field,Colorado Rockies,Detroit Tigers,2.0,10.0,607536,663554,Mark Ripperger,Brock Ballou,"64 degrees, Sunny.","10 mph, Out To LF.",1:10 PM.,,9,0,2,1,9
778029,2025-05-08,R,2025,Coors Field,Colorado Rockies,Detroit Tigers,1.0,11.0,685299,672456,Edwin Jimenez,Nic Lentz,"70 degrees, Clear.","8 mph, In From LF.",4:11 PM.,"23,030.",9,0,0,1,6
778005,2025-05-08,R,2025,George M. Steinbrenner Field,Tampa Bay Rays,Philadelphia Phillies,6.0,7.0,686752,666200,Ryan Wills,Ryan Additon,"87 degrees, Partly Cloudy.","7 mph, L To R.",7:05 PM.,"10,046.",10,1,1,2,1
778003,2025-05-08,R,2025,Truist Park,Atlanta Braves,Cincinnati Reds,5.0,4.0,680885,666157,Brian Walsh,Chris Segal,"83 degrees, Clear.","7 mph, R To L.",7:16 PM.,"33,794.",11,1,0,2,1
778000,2025-05-08,R,2025,Angel Stadium,Los Angeles Angels,Toronto Blue Jays,5.0,8.0,667755,605135,Tom Hanahan,Chris Guccione,"76 degrees, Clear.","5 mph, Out To CF.",6:39 PM.,"26,245.",9,2,0,4,3
777999,2025-05-08,R,2025,Chase Field,Arizona Diamondbacks,Los Angeles Dodgers,5.0,3.0,694297,808967,Brennan Miller,Jeremie Rehak,"92 degrees, Clear.","5 mph, Out To RF.",6:40 PM.,"40,319.",9,0,0,5,0
777996,2025-05-09,R,2025,Comerica Park,Detroit Tigers,Texas Rangers,2.0,1.0,669373,571578,Malachi Moore,Andy Fletcher,"63 degrees, Clear.","3 mph, Out To RF.",6:40 PM.,"28,407.",9,0,0,2,0
777998,2025-05-09,R,2025,PNC Park,Pittsburgh Pirates,Atlanta Braves,3.0,2.0,663559,693821,Dan Bellino,Clint Vondrak,"61 degrees, Partly Cloudy.","10 mph, Out To RF.",6:43 PM.,"19,357.",9,0,0,1,0
777995,2025-05-09,R,2025,Nationals Park,Washington Nationals,St. Louis Cardinals,0.0,10.0,680730,607200,Mike Estabrook,Laz Diaz,"59 degrees, Clear.","14 mph, In From LF.",6:46 PM.,"27,849.",9,0,2,0,6
778002,2025-05-09,R,2025,George M. Steinbrenner Field,Tampa Bay Rays,Milwaukee Brewers,4.0,3.0,641793,500779,D.J. Reyburn,John Libka,"82 degrees, Partly Cloudy.","12 mph, Out To CF.",7:05 PM.,"10,046.",9,0,1,2,2
778001,2025-05-09,R,2025,Citi Field,New York Mets,Chicago Cubs,7.0,2.0,605280,592791,Ryan Additon,Lance Barksdale,"57 degrees, Cloudy.","7 mph, L To R.",7:10 PM.,"41,243.",9,1,0,6,1
777997,2025-05-09,R,2025,Progressive Field,Cleveland Guardians,Philadelphia Phillies,6.0,0.0,668909,605400,Chris Segal,Alex MacKay,"56 degrees, Clear.","6 mph, L To R.",7:11 PM.,"25,328.",9,0,0,4,0
777990,2025-05-09,R,2025,Kauffman Stadium,Kansas City Royals,Boston Red Sox,2.0,1.0,547179,690928,Alex Tosi,Ron Kulpa,"73 degrees, Partly Cloudy.","9 mph, L To R.",6:41 PM.,"30,348.",12,0,0,0,0
777991,2025-05-09,R,2025,Rate Field,Chicago White Sox,Miami Marlins,6.0,2.0,669060,676974,Austin Jones,Roberto Ortiz,"58 degrees, Clear.","6 mph, L To R.",6:40 PM.,"18,992.",9,0,1,2,1
777989,2025-05-09,R,2025,Daikin Park,Houston Astros,Cincinnati Reds,3.0,0.0,686613,607259,Dan Iassogna,Brock Ballou,"73 degrees, Roof Closed.","0 mph, None.",7:11 PM.,"36,857.",9,0,0,3,0
777992,2025-05-09,R,2025,Target Field,Minnesota Twins,San Francisco Giants,3.0,1.0,663978,663855,Paul Clemons,Adrian Johnson,"84 degrees, Partly Cloudy.","8 mph, Out To LF.",7:11 PM.,"21,744.",9,1,0,3,0
777993,2025-05-09,R,2025,Coors Field,Colorado Rockies,San Diego Padres,9.0,13.0,622608,681190,Junior Valentine,Marvin Hudson,"71 degrees, Partly Cloudy.","5 mph, In From CF.",6:41 PM.,"30,490.",9,0,1,1,10
777986,2025-05-09,R,2025,Angel Stadium,Los Angeles Angels,Baltimore Orioles,1.0,4.0,543294,608372,Adam Hamari,Nestor Ceja,"85 degrees, Clear.","8 mph, Out To CF.",6:38 PM.,"30,778.",9,0,1,0,3
777988,2025-05-09,R,2025,Chase Field,Arizona Diamondbacks,Los Angeles Dodgers,11.0,14.0,593958,808963,Jeremie Rehak,John Tumpane,"94 degrees, Clear.","4 mph, Varies.",6:41 PM.,"49,122.",9,3,1,8,8
777984,2025-05-09,R,2025,T-Mobile Park,Seattle Mariners,Toronto Blue Jays,3.0,6.0,622491,592332,Nic Lentz,Vic Carapazza,"64 degrees, Cloudy.","9 mph, In From LF.",6:40 PM.,"31,564.",9,0,2,1,5
777994,2025-05-09,R,2025,Sutter Health Park,Athletics,New York Yankees,2.0,10.0,674370,701542,Chris Guccione,David Rackley,"91 degrees, Clear.","6 mph, Varies.",7:05 PM.,"12,049.",9,0,0,0,3
777980,2025-05-10,R,2025,Nationals Park,Washington Nationals,St. Louis Cardinals,2.0,4.0,592866,669467,Laz Diaz,Erich Bacchus,"73 degrees, Sunny.","8 mph, In From LF.",4:05 PM.,"37,796.",9,0,0,0,4
777985,2025-05-10,R,2025,PNC Park,Pittsburgh Pirates,Atlanta Braves,2.0,3.0,571760,700363,Clint Vondrak,Tony Randazzo,"72 degrees, Sunny.","9 mph, Out To CF.",4:05 PM.,"27,767.",11,0,0,1,2
777972,2025-05-10,R,2025,Sutter Health Park,Athletics,New York Yankees,11.0,7.0,676664,607074,David Rackley,Edwin Moscoso,"88 degrees, Sunny.","4 mph, R To L.",1:05 PM.,"12,113.",9,0,0,4,1
777981,2025-05-10,R,2025,George M. Steinbrenner Field,Tampa Bay Rays,Milwaukee Brewers,3.0,2.0,671737,668964,John Libka,Sean Barber,"84 degrees, Cloudy.","8 mph, R To L.",4:37 PM.,"10,046.",9,0,0,2,2
777987,2025-05-10,R,2025,Comerica Park,Detroit Tigers,Texas Rangers,3.0,10.0,656427,594798,Andy Fletcher,Jansen Visconti,"70 degrees, Clear.","8 mph, Out To RF.",6:11 PM.,"40,844.",9,1,2,2,7
777983,2025-05-10,R,2025,Progressive Field,Cleveland Guardians,Philadelphia Phillies,1.0,7.0,676440,624133,Alex MacKay,Alan Porter,"72 degrees, Clear.","3 mph, In From LF.",6:11 PM.,"34,782.",9,0,0,0,1
777979,2025-05-10,R,2025,Daikin Park,Houston Astros,Cincinnati Reds,9.0,13.0,621121,663903,Brock Ballou,CB Bucknor,"73 degrees, Roof Closed.","0 mph, None.",6:10 PM.,"32,335.",9,1,10,8,12
777977,2025-05-10,R,2025,Kauffman Stadium,Kansas City Royals,Boston Red Sox,1.0,10.0,666142,676979,Ron Kulpa,Cory Blaser,"80 degrees, Clear.","6 mph, In From RF.",6:10 PM.,"29,460.",9,0,0,1,4
777978,2025-05-10,R,2025,Rate Field,Chicago White Sox,Miami Marlins,1.0,3.0,681343,665795,Roberto Ortiz,Bill Miller,"55 degrees, Clear.","16 mph, Out To RF.",6:10 PM.,"24,264.",9,1,0,1,0
777982,2025-05-10,R,2025,Citi Field,New York Mets,Chicago Cubs,5.0,6.0,656731,641745,Lance Barksdale,Will Little,"68 degrees, Clear.","8 mph, L To R.",7:17 PM.,"41,423.",9,0,2,3,4
777974,2025-05-10,R,2025,Target Field,Minnesota Twins,San Francisco Giants,2.0,1.0,657746,657277,Adrian Johnson,Quinn Wolcott,"75 degrees, Partly Cloudy.","6 mph, In From RF.",6:17 PM.,"23,812.",9,0,0,2,1
777975,2025-05-10,R,2025,Chase Field,Arizona Diamondbacks,Los Angeles Dodgers,3.0,0.0,669203,669160,John Tumpane,Chris Conroy,"76 degrees, Roof Closed.","0 mph, None.",5:10 PM.,"47,106.",9,0,0,1,0
777976,2025-05-10,R,2025,Coors Field,Colorado Rockies,San Diego Padres,0.0,21.0,687134,663568,Marvin Hudson,Tripp Gibson,"78 degrees, Clear.","6 mph, R To L.",6:10 PM.,"38,423.",9,0,5,0,19
777973,2025-05-10,R,2025,Angel Stadium,Los Angeles Angels,Baltimore Orioles,5.0,2.0,686799,502043,Nestor Ceja,Todd Tichenor,"89 degrees, Clear.","7 mph, R To L.",6:39 PM.,"27,975.",9,2,0,5,0
777970,2025-05-10,R,2025,T-Mobile Park,Seattle Mariners,Toronto Blue Jays,3.0,6.0,688138,670102,Vic Carapazza,Mark Ripperger,"64 degrees, Partly Cloudy.","6 mph, Out To LF.",6:41 PM.,"31,182.",9,0,0,3,2
777968,2025-05-11,R,2025,Citi Field,New York Mets,Chicago Cubs,6.0,2.0,656288,571510,Will Little,Ryan Wills,"73 degrees, Sunny.","9 mph, In From LF.",12:06 PM.,"41,673.",9,0,0,1,0
777962,2025-05-11,R,2025,Nationals Park,Washington Nationals,St. Louis Cardinals,1.0,6.0,669022,571945,Erich Bacchus,Brian O'Nora,"81 degrees, Partly Cloudy.","3 mph, In From LF.",1:35 PM.,"20,585.",9,0,1,1,2
777967,2025-05-11,R,2025,PNC Park,Pittsburgh Pirates,Atlanta Braves,4.0,3.0,669387,519242,Tony Randazzo,Jacob Metz,"72 degrees, Sunny.","5 mph, In From CF.",1:39 PM.,"17,845.",9,0,0,3,0
777969,2025-05-11,R,2025,Comerica Park,Detroit Tigers,Texas Rangers,1.0,6.0,681857,543135,Jansen Visconti,Ben May,"63 degrees, Sunny.","10 mph, In From LF.",1:40 PM.,"36,138.",9,0,0,0,5
777964,2025-05-11,R,2025,George M. Steinbrenner Field,Tampa Bay Rays,Milwaukee Brewers,2.0,4.0,656876,694477,Sean Barber,James Hoye,"78 degrees, Overcast.","9 mph, R To L.",2:20 PM.,"10,046.",9,1,0,2,3
777963,2025-05-11,R,2025,Daikin Park,Houston Astros,Cincinnati Reds,6.0,0.0,669854,695534,CB Bucknor,Adam Beck,"73 degrees, Roof Closed.","0 mph, None.",1:10 PM.,"37,794.",9,0,0,4,0
777965,2025-05-11,R,2025,Kauffman Stadium,Kansas City Royals,Boston Red Sox,1.0,3.0,607625,608337,Cory Blaser,Manny Gonzalez,"79 degrees, Sunny.","8 mph, In From RF.",1:11 PM.,"25,785.",9,0,0,1,1
777956,2025-05-11,R,2025,Target Field,Minnesota Twins,San Francisco Giants,7.0,6.0,641154,694738,Quinn Wolcott,Ramon De Jesus,"85 degrees, Sunny.","15 mph, R To L.",1:11 PM.,"23,551.",10,0,1,3,4
777966,2025-05-11,R,2025,Rate Field,Chicago White Sox,Miami Marlins,4.0,2.0,680732,645261,Bill Miller,Chad Fairchild,"64 degrees, Sunny.","5 mph, L To R.",1:11 PM.,"16,805.",9,0,0,1,1
777955,2025-05-11,R,2025,Coors Field,Colorado Rockies,San Diego Padres,9.0,3.0,608566,601713,Tripp Gibson,Ryan Blakney,"82 degrees, Sunny.","7 mph, R To L.",1:11 PM.,"34,422.",9,3,1,6,1
777957,2025-05-11,R,2025,Sutter Health Park,Athletics,New York Yankees,2.0,12.0,622663,642232,Edwin Moscoso,Tom Hanahan,"75 degrees, Sunny.","18 mph, Out To CF.",1:05 PM.,"12,224.",9,0,0,2,11
777961,2025-05-11,R,2025,Angel Stadium,Los Angeles Angels,Baltimore Orioles,3.0,7.0,542881,621107,Todd Tichenor,James Jean,"89 degrees, Partly Cloudy.","8 mph, Out To CF.",1:07 PM.,"29,460.",9,2,1,2,3
777954,2025-05-11,R,2025,Chase Field,Arizona Diamondbacks,Los Angeles Dodgers,1.0,8.0,668678,664062,Chris Conroy,Brennan Miller,"76 degrees, Roof Closed.","0 mph, None.",1:15 PM.,"46,292.",9,0,1,0,3
777958,2025-05-11,R,2025,T-Mobile Park,Seattle Mariners,Toronto Blue Jays,1.0,9.0,682243,570632,Mark Ripperger,Edwin Jimenez,"58 degrees, Cloudy.","0 mph, Calm.",1:12 PM.,"36,823.",9,0,0,1,5
777971,2025-05-11,R,2025,Progressive Field,Cleveland Guardians,Philadelphia Phillies,0.0,3.0,682847,554430,Alan Porter,Brian Walsh,"61 degrees, Clear.","8 mph, In From CF.",7:10 PM.,"20,304.",9,0,0,0,1
777960,2025-05-12,R,2025,Progressive Field,Cleveland Guardians,Milwaukee Brewers,5.0,0.0,594902,642547,Emil Jimenez,Doug Eddings,"71 degrees, Partly Cloudy.","13 mph, In From CF.",6:10 PM.,"17,359.",9,0,0,3,0
777951,2025-05-12,R,2025,Comerica Park,Detroit Tigers,Boston Red Sox,14.0,2.0,695549,656557,Jim Wolf,Brian Walsh,"78 degrees, Cloudy.","8 mph, Calm.",6:41 PM.,"20,136.",9,2,0,12,0
777953,2025-05-12,R,2025,Citizens Bank Park,Philadelphia Phillies,St. Louis Cardinals,2.0,3.0,650911,669461,Phil Cuzzi,Lance Barksdale,"79 degrees, Cloudy.","7 mph, Out To CF.",6:47 PM.,"42,513.",9,0,0,1,1
777950,2025-05-12,R,2025,Citi Field,New York Mets,Pittsburgh Pirates,4.0,3.0,656849,694973,Lance Barrett,Brock Ballou,"67 degrees, Cloudy.","8 mph, Out To LF.",7:10 PM.,"35,580.",9,0,0,1,1
777959,2025-05-12,R,2025,Truist Park,Atlanta Braves,Washington Nationals,4.0,3.0,656550,663623,Ben May,Austin Jones,"76 degrees, Cloudy.","7 mph, L To R.",7:15 PM.,"32,696.",9,0,0,3,1
777952,2025-05-12,R,2025,Wrigley Field,Chicago Cubs,Miami Marlins,5.0,2.0,607067,615698,Manny Gonzalez,Alex Tosi,"63 degrees, Partly Cloudy.","8 mph, In From CF.",6:40 PM.,"32,271.",9,0,0,5,0
777949,2025-05-12,R,2025,Globe Life Field,Texas Rangers,Colorado Rockies,2.0,1.0,641816,801403,James Jean,Adam Hamari,"82 degrees, Clear.","4 mph, Out To LF.",7:09 PM.,"23,123.",9,0,0,0,1
777948,2025-05-12,R,2025,Daikin Park,Houston Astros,Kansas City Royals,5.0,7.0,687473,608379,John Bacon,Chris Guccione,"73 degrees, Roof Closed.","0 mph, None.",7:10 PM.,"26,386.",9,0,0,0,7
777947,2025-05-12,R,2025,Petco Park,San Diego Padres,Los Angeles Angels,5.0,9.0,650633,579328,Brennan Miller,Jeremie Rehak,"64 degrees, Partly Cloudy.","11 mph, L To R.",6:41 PM.,"41,419.",9,0,0,4,2
777941,2025-05-12,R,2025,T-Mobile Park,Seattle Mariners,New York Yankees,5.0,11.0,676106,657376,Nate Tomlinson,Mark Wegner,"62 degrees, Partly Cloudy.","8 mph, Out To CF.",6:41 PM.,"27,895.",9,1,0,2,7
777939,2025-05-12,R,2025,Oracle Park,San Francisco Giants,Arizona Diamondbacks,1.0,2.0,434378,518876,Edwin Jimenez,Nic Lentz,"58 degrees, Partly Cloudy.","13 mph, Out To CF.",6:45 PM.,"27,387.",9,0,0,1,2
777944,2025-05-13,R,2025,Progressive Field,Cleveland Guardians,Milwaukee Brewers,2.0,0.0,671106,682990,Doug Eddings,Mike Muchlinski,"71 degrees, Overcast.","10 mph, Out To LF.",6:10 PM.,"16,153.",9,1,0,1,0
777940,2025-05-13,R,2025,Comerica Park,Detroit Tigers,Boston Red Sox,10.0,9.0,663947,678394,Brian Walsh,Alex MacKay,"67 degrees, Cloudy.","6 mph, In From LF.",6:41 PM.,"20,115.",11,1,0,3,4
777945,2025-05-13,R,2025,Great American Ball Park,Cincinnati Reds,Chicago White Sox,1.0,5.0,671096,685126,Ryan Blakney,Junior Valentine,"67 degrees, Overcast.","3 mph, In From RF.",8:26 PM.,"18,997.",10,0,0,0,1
777935,2025-05-13,R,2025,Rogers Centre,Toronto Blue Jays,Tampa Bay Rays,9.0,11.0,621244,669358,Ramon De Jesus,Paul Clemons,"68 degrees, Roof Closed.","0 mph, None.",7:08 PM.,"27,717.",9,0,0,3,4
777943,2025-05-13,R,2025,Citi Field,New York Mets,Pittsburgh Pirates,2.0,1.0,673540,656605,Brock Ballou,Carlos Torres,"65 degrees, Cloudy.","8 mph, R To L.",7:12 PM.,"35,926.",9,1,0,1,0
777942,2025-05-13,R,2025,Truist Park,Atlanta Braves,Washington Nationals,5.0,2.0,680885,647336,Austin Jones,Chad Fairchild,"72 degrees, Partly Cloudy.","8 mph, R To L.",7:15 PM.,"32,725.",9,0,1,3,2
777936,2025-05-13,R,2025,Wrigley Field,Chicago Cubs,Miami Marlins,5.0,4.0,676962,678368,Alex Tosi,Ron Kulpa,"64 degrees, Partly Cloudy.","10 mph, In From RF.",6:40 PM.,"38,083.",9,0,0,2,2
777934,2025-05-13,R,2025,Globe Life Field,Texas Rangers,Colorado Rockies,4.0,1.0,683004,607536,Adam Hamari,Nestor Ceja,"74 degrees, Roof Closed.","0 mph, None.",7:08 PM.,"19,924.",9,3,1,3,1
777931,2025-05-13,R,2025,Daikin Park,Houston Astros,Kansas City Royals,2.0,1.0,664285,663460,Chris Guccione,David Rackley,"73 degrees, Roof Closed.","0 mph, None.",7:12 PM.,"27,114.",9,0,0,0,1
777932,2025-05-13,R,2025,Petco Park,San Diego Padres,Los Angeles Angels,6.0,4.0,656302,667755,Jeremie Rehak,John Tumpane,"64 degrees, Partly Cloudy.","9 mph, L To R.",6:41 PM.,"43,957.",9,0,1,2,1
777926,2025-05-13,R,2025,T-Mobile Park,Seattle Mariners,New York Yankees,2.0,1.0,693433,608331,Mark Wegner,Bruce Dreckman,"62 degrees, Cloudy.","6 mph, Out To LF.",6:41 PM.,"30,840.",11,0,0,1,0
777930,2025-05-13,R,2025,Oracle Park,San Francisco Giants,Arizona Diamondbacks,10.0,6.0,592662,694297,Nic Lentz,Nick Mahrley,"60 degrees, Clear.","20 mph, Varies.",6:45 PM.,"30,960.",9,0,3,7,3
777937,2025-05-13,R,2025,Dodger Stadium,Los Angeles Dodgers,Athletics,1.0,11.0,689017,605488,Jordan Baker,Stu Scheurwater,"65 degrees, Clear.","3 mph, L To R.",7:10 PM.,"45,161.",9,0,0,1,6
777938,2025-05-13,R,2025,Oriole Park at Camden Yards,Baltimore Orioles,Minnesota Twins,,,694646,680573,D.J. Reyburn,John Libka,"70 degrees, Partly Cloudy.","7 mph, In From RF.",3:46 PM.,"10,169.",9,0,1,6,5
777933,2025-05-13,R,2025,Citizens Bank Park,Philadelphia Phillies,St. Louis Cardinals,,,605400,543243,Clint Vondrak,Tony Randazzo,"64 degrees, Overcast.","6 mph, In From RF.",6:17 PM.,"35,150.",9,5,1,7,9
777924,2025-05-14,R,2025,Oriole Park at Camden Yards,Baltimore Orioles,Minnesota Twins,3.0,6.0,665152,641927,James Hoye,Jonathan Parra,"66 degrees, Cloudy.","7 mph, In From RF.",12:07 PM.,,9,0,0,3,4
777938,2025-05-14,R,2025,Oriole Park at Camden Yards,Baltimore Orioles,Minnesota Twins,6.0,8.0,694646,680573,D.J. Reyburn,John Libka,"70 degrees, Partly Cloudy.","7 mph, In From RF.",3:46 PM.,"10,169.",9,0,1,6,5
777922,2025-05-14,R,2025,Citizens Bank Park,Philadelphia Phillies,St. Louis Cardinals,2.0,1.0,666200,607200,Lance Barksdale,Tom Hanahan,"61 degrees, Drizzle.","10 mph, In From RF.",1:06 PM.,"40,773.",9,0,0,0,0
777933,2025-05-14,R,2025,Citizens Bank Park,Philadelphia Phillies,St. Louis Cardinals,7.0,14.0,605400,543243,Clint Vondrak,Tony Randazzo,"64 degrees, Overcast.","6 mph, In From RF.",6:17 PM.,"35,150.",9,5,1,7,9
777925,2025-05-14,R,2025,Progressive Field,Cleveland Guardians,Milwaukee Brewers,5.0,9.0,668909,701656,Mike Muchlinski,Gabe Morales,"75 degrees, Partly Cloudy.","8 mph, L To R.",1:10 PM.,"25,063.",9,0,0,2,2
777916,2025-05-14,R,2025,Oracle Park,San Francisco Giants,Arizona Diamondbacks,7.0,8.0,663855,593958,Nick Mahrley,Mark Ripperger,"64 degrees, Partly Cloudy.","6 mph, Out To CF.",12:45 PM.,"30,078.",9,0,1,4,8
777915,2025-05-14,R,2025,T-Mobile Park,Seattle Mariners,New York Yankees,2.0,3.0,622491,701542,Bruce Dreckman,Shane Livensparger,"54 degrees, Roof Closed.","0 mph, None.",1:11 PM.,"30,520.",9,0,0,2,0
777927,2025-05-14,R,2025,Comerica Park,Detroit Tigers,Boston Red Sox,6.0,5.0,669373,690928,Alex MacKay,Alan Porter,"75 degrees, Partly Cloudy.","6 mph, In From LF.",6:40 PM.,"21,013.",9,0,1,2,2
777923,2025-05-14,R,2025,Rogers Centre,Toronto Blue Jays,Tampa Bay Rays,3.0,1.0,605135,686752,Paul Clemons,Adrian Johnson,"68 degrees, Roof Closed.","0 mph, None.",7:08 PM.,"22,314.",9,0,0,0,1
777919,2025-05-14,R,2025,Citi Field,New York Mets,Pittsburgh Pirates,0.0,4.0,605280,663559,Carlos Torres,Alfonso Márquez,"62 degrees, Cloudy.","11 mph, In From RF.",7:25 PM.,"34,473.",9,0,0,0,4
777928,2025-05-14,R,2025,Great American Ball Park,Cincinnati Reds,Chicago White Sox,2.0,4.0,666157,663436,Junior Valentine,Marvin Hudson,"71 degrees, Partly Cloudy.","3 mph, In From RF.",7:15 PM.,"43,585.",9,0,0,0,2
777929,2025-05-14,R,2025,Truist Park,Atlanta Braves,Washington Nationals,4.0,5.0,693821,680730,Chad Fairchild,Bill Miller,"81 degrees, Partly Cloudy.","4 mph, Out To LF.",7:16 PM.,"37,134.",9,0,1,4,1
777921,2025-05-14,R,2025,Wrigley Field,Chicago Cubs,Miami Marlins,1.0,3.0,592791,677960,Ron Kulpa,Cory Blaser,"60 degrees, Partly Cloudy.","9 mph, In From CF.",6:40 PM.,"34,167.",9,0,0,1,3
777918,2025-05-14,R,2025,Globe Life Field,Texas Rangers,Colorado Rockies,8.0,3.0,571578,622608,Nestor Ceja,Todd Tichenor,"74 degrees, Roof Closed.","0 mph, None.",7:08 PM.,"18,679.",9,4,0,6,1
777920,2025-05-14,R,2025,Daikin Park,Houston Astros,Kansas City Royals,4.0,3.0,676467,547179,David Rackley,Edwin Moscoso,"73 degrees, Roof Closed.","0 mph, None.",7:12 PM.,"24,641.",9,0,0,1,3
777914,2025-05-14,R,2025,Petco Park,San Diego Padres,Los Angeles Angels,5.0,1.0,681190,543294,John Tumpane,Chris Conroy,"66 degrees, Partly Cloudy.","8 mph, L To R.",6:40 PM.,"43,766.",9,3,0,3,1
777917,2025-05-14,R,2025,Dodger Stadium,Los Angeles Dodgers,Athletics,9.0,3.0,808967,680684,Stu Scheurwater,Dan Merzel,"65 degrees, Clear.","4 mph, Varies.",7:10 PM.,"50,071.",9,1,0,3,3
777909,2025-05-15,R,2025,Truist Park,Atlanta Braves,Washington Nationals,5.0,2.0,700363,592866,Bill Miller,Ben May,"75 degrees, Partly Cloudy.","7 mph, In From RF.",12:15 PM.,"34,074.",9,0,0,4,0
777911,2025-05-15,R,2025,Oriole Park at Camden Yards,Baltimore Orioles,Minnesota Twins,0.0,4.0,608372,663978,John Libka,Sean Barber,"73 degrees, Partly Cloudy.","1 mph, Out To LF.",12:36 PM.,"30,926.",9,0,0,0,3
777912,2025-05-15,R,2025,Great American Ball Park,Cincinnati Reds,Chicago White Sox,7.0,1.0,607259,669060,Marvin Hudson,Tripp Gibson,"82 degrees, Partly Cloudy.","8 mph, R To L.",12:42 PM.,"19,513.",9,3,0,6,0
777913,2025-05-15,R,2025,Rogers Centre,Toronto Blue Jays,Tampa Bay Rays,3.0,8.0,592332,641793,Adrian Johnson,Quinn Wolcott,"60 degrees, Sunny.","9 mph, R To L.",3:09 PM.,"22,856.",9,0,2,2,5
777910,2025-05-15,R,2025,Globe Life Field,Texas Rangers,Houston Astros,1.0,0.0,594798,686613,Mark Ripperger,Edwin Jimenez,"74 degrees, Roof Closed.","0 mph, None.",7:08 PM.,"28,108.",9,0,0,0,0
777946,2025-05-15,R,2025,Dodger Stadium,Los Angeles Dodgers,Athletics,19.0,2.0,669422,674370,Dan Merzel,Charlie Ramos,"67 degrees, Clear.","4 mph, R To L.",7:10 PM.,"51,272.",9,3,1,15,2
777900,2025-05-16,R,2025,Wrigley Field,Chicago Cubs,Chicago White Sox,13.0,3.0,690990,681343,Chris Conroy,Brennan Miller,"82 degrees, Sunny.","21 mph, Out To CF.",1:20 PM.,"40,171.",9,0,2,6,3
777902,2025-05-16,R,2025,Great American Ball Park,Cincinnati Reds,Cleveland Guardians,5.0,4.0,663903,676440,Ben May,Austin Jones,"80 degrees, Partly Cloudy.","11 mph, R To L.",5:10 PM.,"26,131.",9,0,0,5,3
777905,2025-05-16,R,2025,Citizens Bank Park,Philadelphia Phillies,Pittsburgh Pirates,8.0,4.0,624133,571760,Sean Barber,James Hoye,"73 degrees, Partly Cloudy.","5 mph, Out To CF.",8:33 PM.,"44,039.",9,0,0,1,0
777907,2025-05-16,R,2025,Oriole Park at Camden Yards,Baltimore Orioles,Washington Nationals,3.0,4.0,700249,669022,Alfonso Márquez,Lance Barrett,"74 degrees, Partly Cloudy.","5 mph, R To L.",7:17 PM.,"21,171.",9,0,0,2,1
777904,2025-05-16,R,2025,Yankee Stadium,New York Yankees,New York Mets,6.0,2.0,607074,656731,Todd Tichenor,James Jean,"68 degrees, Overcast.","7 mph, R To L.",7:09 PM.,"47,700.",9,0,0,6,1
777906,2025-05-16,R,2025,Rogers Centre,Toronto Blue Jays,Detroit Tigers,4.0,5.0,670102,656427,Tripp Gibson,Ryan Blakney,"65 degrees, Clear.","3 mph, In From LF.",7:08 PM.,"23,146.",9,0,0,0,4
777908,2025-05-16,R,2025,Fenway Park,Boston Red Sox,Atlanta Braves,2.0,4.0,676979,519242,Quinn Wolcott,Paul Clemons,"76 degrees, Clear.","4 mph, Out To LF.",7:12 PM.,"34,648.",9,0,0,0,2
777903,2025-05-16,R,2025,loanDepot park,Miami Marlins,Tampa Bay Rays,9.0,4.0,676974,671737,Tony Randazzo,Phil Cuzzi,"85 degrees, Clear.","14 mph, In From CF.",7:10 PM.,"11,714.",9,1,0,5,4
777901,2025-05-16,R,2025,Kauffman Stadium,Kansas City Royals,St. Louis Cardinals,3.0,10.0,666142,669467,Gabe Morales,Emil Jimenez,"77 degrees, Clear.","12 mph, Out To RF.",6:55 PM.,"28,104.",9,0,0,2,3
777895,2025-05-16,R,2025,Globe Life Field,Texas Rangers,Houston Astros,3.0,6.0,543135,621121,Edwin Jimenez,Nic Lentz,"74 degrees, Roof Closed.","0 mph, None.",7:08 PM.,"33,035.",9,0,0,2,0
777898,2025-05-16,R,2025,American Family Field,Milwaukee Brewers,Minnesota Twins,0.0,3.0,694477,657746,Alan Porter,Jim Wolf,"77 degrees, Roof Closed.","0 mph, None.",7:12 PM.,"33,070.",9,0,2,0,3
777897,2025-05-16,R,2025,Chase Field,Arizona Diamondbacks,Colorado Rockies,8.0,0.0,669203,687223,Charlie Ramos,Jordan Baker,"87 degrees, Clear.","6 mph, Varies.",6:41 PM.,"35,204.",9,0,0,5,0
777896,2025-05-16,R,2025,Petco Park,San Diego Padres,Seattle Mariners,1.0,5.0,663568,688138,Edwin Moscoso,Chad Whitson,"62 degrees, Partly Cloudy.","6 mph, Out To RF.",6:41 PM.,"41,336.",9,0,1,0,3
777899,2025-05-16,R,2025,Dodger Stadium,Los Angeles Dodgers,Los Angeles Angels,2.0,6.0,669160,686799,Cory Blaser,Alex Tosi,"63 degrees, Partly Cloudy.","8 mph, Out To CF.",7:11 PM.,"46,273.",9,0,2,1,4
777891,2025-05-16,R,2025,Oracle Park,San Francisco Giants,Athletics,9.0,1.0,657277,676664,Shane Livensparger,Nate Tomlinson,"60 degrees, Clear.","15 mph, Varies.",7:15 PM.,"41,112.",9,0,0,4,0
777888,2025-05-17,R,2025,Yankee Stadium,New York Yankees,New York Mets,2.0,3.0,657376,656288,James Jean,Adam Hamari,"74 degrees, Sunny.","8 mph, Calm.",1:10 PM.,"47,510.",9,0,0,1,2
777881,2025-05-17,R,2025,Wrigley Field,Chicago Cubs,Chicago White Sox,7.0,3.0,571510,680732,Brennan Miller,Jeremie Rehak,"64 degrees, Cloudy.","17 mph, Out To RF.",1:20 PM.,"40,134.",9,0,1,6,3
777886,2025-05-17,R,2025,Rogers Centre,Toronto Blue Jays,Detroit Tigers,2.0,1.0,641778,681857,Ryan Blakney,Steven Jaschinski,"68 degrees, Roof Closed.","0 mph, None.",3:08 PM.,"40,171.",9,0,0,0,1
777890,2025-05-17,R,2025,Oriole Park at Camden Yards,Baltimore Orioles,Washington Nationals,6.0,10.0,502043,663623,Lance Barrett,Brock Ballou,"84 degrees, Partly Cloudy.","9 mph, Out To RF.",4:06 PM.,"28,208.",9,0,6,0,7
777889,2025-05-17,R,2025,loanDepot park,Miami Marlins,Tampa Bay Rays,0.0,4.0,645261,656876,Phil Cuzzi,John Bacon,"72 degrees, Roof Closed.","0 mph, None.",4:10 PM.,"12,052.",9,0,0,0,4
777894,2025-05-17,R,2025,Citizens Bank Park,Philadelphia Phillies,Pittsburgh Pirates,5.0,2.0,554430,669387,James Hoye,Derek Thomas,"84 degrees, Clear.","14 mph, Out To RF.",6:05 PM.,"44,164.",9,1,0,5,0
777892,2025-05-17,R,2025,Great American Ball Park,Cincinnati Reds,Cleveland Guardians,4.0,1.0,608718,677944,Austin Jones,Ramon De Jesus,"70 degrees, Partly Cloudy.","14 mph, Out To LF.",6:41 PM.,"38,586.",9,0,0,1,1
777882,2025-05-17,R,2025,Globe Life Field,Texas Rangers,Houston Astros,5.0,1.0,641816,669854,Nic Lentz,Nick Mahrley,"74 degrees, Roof Closed.","0 mph, None.",6:09 PM.,"38,465.",9,0,1,1,1
777885,2025-05-17,R,2025,Kauffman Stadium,Kansas City Royals,St. Louis Cardinals,0.0,1.0,702070,571945,Emil Jimenez,Doug Eddings,"79 degrees, Clear.","6 mph, In From RF.",6:28 PM.,"36,134.",9,0,0,0,0
777893,2025-05-17,R,2025,Fenway Park,Boston Red Sox,Atlanta Braves,7.0,6.0,608337,656550,Paul Clemons,Tom Hanahan,"74 degrees, Partly Cloudy.","5 mph, Out To LF.",7:17 PM.,"34,594.",9,0,3,2,6
777883,2025-05-17,R,2025,American Family Field,Milwaukee Brewers,Minnesota Twins,0.0,7.0,668964,641154,Jim Wolf,Brian Walsh,"70 degrees, Roof Closed.","0 mph, None.",6:16 PM.,"40,267.",9,0,1,0,5
777887,2025-05-17,R,2025,Chase Field,Arizona Diamondbacks,Colorado Rockies,12.0,14.0,668678,608566,Jordan Baker,Stu Scheurwater,"89 degrees, Cloudy.","13 mph, Varies.",5:10 PM.,"35,129.",9,3,3,11,6
777875,2025-05-17,R,2025,Petco Park,San Diego Padres,Seattle Mariners,1.0,4.0,601713,676106,Chad Whitson,Chris Guccione,"62 degrees, Partly Cloudy.","10 mph, L To R.",5:41 PM.,"42,240.",9,0,0,1,1
777879,2025-05-17,R,2025,Oracle Park,San Francisco Giants,Athletics,1.0,0.0,694738,622663,Nate Tomlinson,Mark Wegner,"62 degrees, Clear.","19 mph, Varies.",6:06 PM.,"40,448.",10,0,0,0,0
777884,2025-05-17,R,2025,Dodger Stadium,Los Angeles Dodgers,Los Angeles Angels,9.0,11.0,477132,542881,Alex Tosi,Jonathan Parra,"63 degrees, Overcast.","2 mph, L To R.",6:10 PM.,"50,084.",9,3,3,4,5
777869,2025-05-18,R,2025,Globe Life Field,Texas Rangers,Houston Astros,3.0,4.0,683004,664285,Nick Mahrley,Mark Ripperger,"74 degrees, Roof Closed.","0 mph, None.",12:06 PM.,"34,433.",9,0,0,3,0
777873,2025-05-18,R,2025,Oriole Park at Camden Yards,Baltimore Orioles,Washington Nationals,4.0,10.0,621107,647336,Brock Ballou,Manny Gonzalez,"77 degrees, Partly Cloudy.","12 mph, Out To RF.",1:36 PM.,"37,264.",9,0,1,1,8
777880,2025-05-18,R,2025,Citizens Bank Park,Philadelphia Phillies,Pittsburgh Pirates,1.0,0.0,690953,694973,Derek Thomas,John Libka,"74 degrees, Partly Cloudy.","17 mph, Out To RF.",1:36 PM.,"44,356.",9,0,0,1,0
777876,2025-05-18,R,2025,Fenway Park,Boston Red Sox,Atlanta Braves,4.0,10.0,678394,680885,Tom Hanahan,Adrian Johnson,"68 degrees, Cloudy.","9 mph, In From RF.",1:37 PM.,"35,012.",9,0,2,4,7
777871,2025-05-18,R,2025,Rogers Centre,Toronto Blue Jays,Detroit Tigers,2.0,3.0,621244,695549,Steven Jaschinski,Marvin Hudson,"68 degrees, Roof Closed.","0 mph, None.",1:38 PM.,"36,064.",9,0,2,2,2
777874,2025-05-18,R,2025,Great American Ball Park,Cincinnati Reds,Cleveland Guardians,3.0,1.0,671096,682847,Ramon De Jesus,Bill Miller,"73 degrees, Partly Cloudy.","4 mph, In From RF.",1:41 PM.,"27,628.",9,0,0,2,0
777877,2025-05-18,R,2025,loanDepot park,Miami Marlins,Tampa Bay Rays,5.0,1.0,615698,669358,John Bacon,Clint Vondrak,"72 degrees, Dome.","0 mph, None.",1:41 PM.,"10,529.",9,0,0,3,1
777864,2025-05-18,R,2025,Kauffman Stadium,Kansas City Royals,St. Louis Cardinals,2.0,1.0,608379,669461,Doug Eddings,Mike Muchlinski,"77 degrees, Partly Cloudy.","14 mph, In From LF.",1:12 PM.,"25,695.",9,0,0,1,1
777865,2025-05-18,R,2025,American Family Field,Milwaukee Brewers,Minnesota Twins,5.0,2.0,642547,805673,Brian Walsh,Alex MacKay,"63 degrees, Roof Closed.","0 mph, None.",1:10 PM.,"30,018.",9,0,0,4,1
777872,2025-05-18,R,2025,Wrigley Field,Chicago Cubs,Chicago White Sox,6.0,2.0,607067,686563,Jeremie Rehak,John Tumpane,"54 degrees, Cloudy.","3 mph, In From CF.",1:20 PM.,"40,152.",9,1,0,1,1
777867,2025-05-18,R,2025,Oracle Park,San Francisco Giants,Athletics,3.0,2.0,434378,605488,Mark Wegner,Bruce Dreckman,"69 degrees, Sunny.","13 mph, Varies.",1:05 PM.,"40,051.",9,1,0,1,2
777870,2025-05-18,R,2025,Chase Field,Arizona Diamondbacks,Colorado Rockies,1.0,0.0,518876,801403,Stu Scheurwater,Dan Merzel,"78 degrees, Roof Closed.","0 mph, None.",1:13 PM.,"28,888.",9,1,0,1,0
777866,2025-05-18,R,2025,Dodger Stadium,Los Angeles Dodgers,Los Angeles Angels,4.0,6.0,664062,579328,Jonathan Parra,Ron Kulpa,"73 degrees, Partly Cloudy.","2 mph, Out To CF.",1:10 PM.,"51,997.",9,0,3,1,4
777868,2025-05-18,R,2025,Petco Park,San Diego Padres,Seattle Mariners,1.0,6.0,650633,693433,Chris Guccione,David Rackley,"64 degrees, Partly Cloudy.","8 mph, L To R.",1:11 PM.,"43,320.",9,1,0,1,3
777878,2025-05-18,R,2025,Yankee Stadium,New York Yankees,New York Mets,8.0,2.0,608331,656849,Adam Hamari,Nestor Ceja,"70 degrees, Cloudy.","16 mph, Out To CF.",7:10 PM.,"48,028.",9,2,0,2,2
777859,2025-05-19,R,2025,PNC Park,Pittsburgh Pirates,Cincinnati Reds,1.0,7.0,656605,666157,Mike Muchlinski,Gabe Morales,"65 degrees, Partly Cloudy.","10 mph, Out To RF.",6:42 PM.,"10,842.",9,1,1,1,1
777863,2025-05-19,R,2025,loanDepot park,Miami Marlins,Chicago Cubs,8.0,7.0,665795,676962,Adam Beck,Dan Iassogna,"72 degrees, Roof Closed.","0 mph, None.",6:41 PM.,"9,935.",9,2,0,6,3
777856,2025-05-19,R,2025,Fenway Park,Boston Red Sox,New York Mets,3.0,1.0,690928,673540,Brian O'Nora,Mike Estabrook,"55 degrees, Partly Cloudy.","15 mph, L To R.",6:46 PM.,"33,548.",9,2,0,3,1
777858,2025-05-19,R,2025,George M. Steinbrenner Field,Tampa Bay Rays,Houston Astros,3.0,4.0,686752,676467,Chris Segal,Alan Porter,"87 degrees, Partly Cloudy.","13 mph, L To R.",7:05 PM.,"10,046.",9,0,0,2,3
777861,2025-05-19,R,2025,Target Field,Minnesota Twins,Cleveland Guardians,6.0,5.0,641927,671106,Bruce Dreckman,Shane Livensparger,"57 degrees, Overcast.","18 mph, In From LF.",6:40 PM.,,9,1,1,4,2
777857,2025-05-19,R,2025,Rate Field,Chicago White Sox,Seattle Mariners,1.0,5.0,663436,622491,Ryan Additon,Ryan Wills,"49 degrees, Partly Cloudy.","14 mph, L To R.",6:40 PM.,"10,380.",9,0,0,0,1
777860,2025-05-19,R,2025,American Family Field,Milwaukee Brewers,Baltimore Orioles,5.0,4.0,642239,665152,Dan Bellino,Clint Vondrak,"65 degrees, Roof Closed.","0 mph, None.",6:42 PM.,"22,319.",9,0,0,4,1
777862,2025-05-19,R,2025,Busch Stadium,St. Louis Cardinals,Detroit Tigers,11.0,4.0,543243,674944,Bill Miller,Roberto Ortiz,"83 degrees, Partly Cloudy.","12 mph, R To L.",6:45 PM.,"24,817.",9,1,0,5,0
777852,2025-05-19,R,2025,Coors Field,Colorado Rockies,Philadelphia Phillies,3.0,9.0,607536,650911,Ron Kulpa,Cory Blaser,"61 degrees, Cloudy.","5 mph, Out To CF.",6:40 PM.,"23,487.",9,1,0,2,1
777855,2025-05-19,R,2025,Oracle Park,San Francisco Giants,Kansas City Royals,1.0,3.0,592662,663460,Dan Merzel,Charlie Ramos,"65 degrees, Clear.","16 mph, Out To CF.",6:45 PM.,"28,432.",9,0,0,0,0
777853,2025-05-19,R,2025,Sutter Health Park,Athletics,Los Angeles Angels,3.0,4.0,669372,667755,Malachi Moore,Andy Fletcher,"81 degrees, Clear.","11 mph, Out To CF.",7:07 PM.,"10,519.",9,2,1,3,4
777854,2025-05-19,R,2025,Dodger Stadium,Los Angeles Dodgers,Arizona Diamondbacks,5.0,9.0,676263,694297,David Rackley,Edwin Moscoso,"71 degrees, Clear.","6 mph, Out To RF.",7:10 PM.,"41,372.",9,0,2,1,7
777847,2025-05-20,R,2025,PNC Park,Pittsburgh Pirates,Cincinnati Reds,1.0,0.0,663559,607259,Gabe Morales,Emil Jimenez,"66 degrees, Cloudy.","6 mph, In From LF.",6:42 PM.,"10,071.",9,0,0,0,0
777850,2025-05-20,R,2025,loanDepot park,Miami Marlins,Chicago Cubs,1.0,14.0,677960,592791,Dan Iassogna,CB Bucknor,"72 degrees, Roof Closed.","0 mph, None.",6:40 PM.,"9,567.",9,0,1,1,1
777851,2025-05-20,R,2025,Fenway Park,Boston Red Sox,New York Mets,2.0,0.0,621111,605280,Mike Estabrook,Laz Diaz,"52 degrees, Cloudy.","3 mph, In From CF.",6:47 PM.,"33,208.",9,0,0,2,0
777841,2025-05-20,R,2025,Nationals Park,Washington Nationals,Atlanta Braves,5.0,3.0,680730,675911,Marvin Hudson,Tripp Gibson,"68 degrees, Cloudy.","2 mph, In From CF.",6:46 PM.,"26,517.",9,3,0,4,3
777848,2025-05-20,R,2025,George M. Steinbrenner Field,Tampa Bay Rays,Houston Astros,3.0,2.0,641793,687888,Alan Porter,Jim Wolf,"87 degrees, Clear.","7 mph, Varies.",7:06 PM.,"10,046.",9,0,0,0,2
777849,2025-05-20,R,2025,Yankee Stadium,New York Yankees,Texas Rangers,5.0,2.0,701542,571578,Carlos Torres,Alfonso Márquez,"65 degrees, Clear.","8 mph, In From LF.",7:09 PM.,"40,343.",9,0,0,2,0
777845,2025-05-20,R,2025,Rogers Centre,Toronto Blue Jays,San Diego Padres,3.0,0.0,605135,656302,Nestor Ceja,Todd Tichenor,"68 degrees, Roof Closed.","0 mph, None.",7:09 PM.,"23,597.",9,1,0,3,0
777846,2025-05-20,R,2025,Rate Field,Chicago White Sox,Seattle Mariners,1.0,0.0,605288,668984,Ryan Wills,Lance Barksdale,"54 degrees, Drizzle.","16 mph, L To R.",8:15 PM.,"11,983.",9,0,0,1,0
777844,2025-05-20,R,2025,American Family Field,Milwaukee Brewers,Baltimore Orioles,5.0,2.0,701656,669211,Clint Vondrak,Phil Cuzzi,"62 degrees, Roof Closed.","0 mph, None.",6:42 PM.,"22,778.",9,0,0,3,0
777840,2025-05-20,R,2025,Busch Stadium,St. Louis Cardinals,Detroit Tigers,4.0,5.0,607200,669373,Roberto Ortiz,Austin Jones,"81 degrees, Partly Cloudy.","15 mph, Out To RF.",6:45 PM.,"31,766.",9,0,2,2,4
777842,2025-05-20,R,2025,Coors Field,Colorado Rockies,Philadelphia Phillies,4.0,7.0,622608,666200,Cory Blaser,Manny Gonzalez,"70 degrees, Clear.","14 mph, In From LF.",6:42 PM.,"24,431.",9,0,3,1,4
777836,2025-05-20,R,2025,Oracle Park,San Francisco Giants,Kansas City Royals,3.0,2.0,806185,547179,Charlie Ramos,Jordan Baker,"63 degrees, Clear.","11 mph, Out To CF.",6:45 PM.,"32,118.",9,0,0,3,1
777843,2025-05-20,R,2025,Sutter Health Park,Athletics,Los Angeles Angels,5.0,7.0,680684,543294,Andy Fletcher,Edwin Jimenez,"84 degrees, Clear.","7 mph, Out To RF.",7:05 PM.,"10,028.",9,0,0,4,5
777838,2025-05-20,R,2025,Dodger Stadium,Los Angeles Dodgers,Arizona Diamondbacks,4.0,3.0,808967,669194,Edwin Moscoso,Chad Whitson,"77 degrees, Clear.","2 mph, Varies.",7:10 PM.,"51,932.",10,0,0,1,0
777839,2025-05-20,R,2025,Target Field,Minnesota Twins,Cleveland Guardians,,,657746,677944,Mark Ripperger,Jonathan Parra,"71 degrees, Cloudy.","7 mph, R To L.",1:13 PM.,"22,160.",9,0,1,0,5
777834,2025-05-21,R,2025,PNC Park,Pittsburgh Pirates,Cincinnati Reds,3.0,1.0,571760,663903,Emil Jimenez,Doug Eddings,"65 degrees, Partly Cloudy.","6 mph, In From RF.",12:36 PM.,"17,308.",9,1,0,2,1
777832,2025-05-21,R,2025,George M. Steinbrenner Field,Tampa Bay Rays,Houston Astros,8.0,4.0,671737,686613,Jim Wolf,Brian Walsh,"91 degrees, Partly Cloudy.","11 mph, R To L.",1:10 PM.,"8,596.",9,2,2,5,2
777861,2025-05-21,R,2025,Target Field,Minnesota Twins,Cleveland Guardians,6.0,5.0,641927,671106,Bruce Dreckman,Shane Livensparger,"57 degrees, Overcast.","18 mph, In From LF.",6:40 PM.,,9,1,1,4,2
777833,2025-05-21,R,2025,loanDepot park,Miami Marlins,Chicago Cubs,1.0,2.0,676974,690990,CB Bucknor,Tom Hanahan,"72 degrees, Roof Closed.","0 mph, None.",1:11 PM.,"7,482.",9,1,1,1,1
777826,2025-05-21,R,2025,American Family Field,Milwaukee Brewers,Baltimore Orioles,4.0,8.0,694477,608372,Phil Cuzzi,John Bacon,"64 degrees, Roof Closed.","0 mph, None.",12:11 PM.,"30,554.",11,0,0,1,1
777827,2025-05-21,R,2025,Busch Stadium,St. Louis Cardinals,Detroit Tigers,1.0,5.0,669467,676428,Austin Jones,Bill Miller,"66 degrees, Sunny.","18 mph, Out To CF.",12:16 PM.,"28,990.",9,0,0,0,2
777830,2025-05-21,R,2025,Rate Field,Chicago White Sox,Seattle Mariners,5.0,6.0,681343,688138,Lance Barksdale,Will Little,"51 degrees, Overcast.","11 mph, Out To RF.",1:10 PM.,"10,556.",9,0,3,4,3
777819,2025-05-21,R,2025,Oracle Park,San Francisco Giants,Kansas City Royals,4.0,8.0,657277,663738,Jordan Baker,Stu Scheurwater,"65 degrees, Sunny.","8 mph, Out To CF.",12:45 PM.,"29,064.",9,0,1,2,8
777829,2025-05-21,R,2025,Target Field,Minnesota Twins,Cleveland Guardians,1.0,5.0,663978,668909,Shane Livensparger,Nate Tomlinson,"46 degrees, Overcast.","5 mph, In From LF.",2:57 PM.,"26,142.",9,0,0,1,0
777831,2025-05-21,R,2025,Fenway Park,Boston Red Sox,New York Mets,1.0,5.0,676979,656731,Laz Diaz,Erich Bacchus,"52 degrees, Overcast.","3 mph, In From RF.",6:47 PM.,"31,661.",9,0,0,1,1
777835,2025-05-21,R,2025,Yankee Stadium,New York Yankees,Texas Rangers,4.0,3.0,642232,594798,Alfonso Márquez,Lance Barrett,"53 degrees, Drizzle.","10 mph, In From RF.",7:08 PM.,"40,359.",9,0,0,1,1
777837,2025-05-21,R,2025,Rogers Centre,Toronto Blue Jays,San Diego Padres,14.0,0.0,592332,681190,Todd Tichenor,James Jean,"68 degrees, Roof Closed.","0 mph, None.",7:09 PM.,"23,266.",9,0,0,2,0
777823,2025-05-21,R,2025,Coors Field,Colorado Rockies,Philadelphia Phillies,5.0,9.0,687223,592836,Manny Gonzalez,Jonathan Parra,"75 degrees, Partly Cloudy.","9 mph, R To L.",6:40 PM.,"23,421.",9,1,2,3,7
777828,2025-05-21,R,2025,Sutter Health Park,Athletics,Los Angeles Angels,5.0,10.0,676664,686799,Edwin Jimenez,Jansen Visconti,"85 degrees, Clear.","8 mph, Out To CF.",7:05 PM.,"10,094.",9,0,0,4,6
777824,2025-05-21,R,2025,Dodger Stadium,Los Angeles Dodgers,Arizona Diamondbacks,3.0,1.0,669160,669203,Chad Whitson,Chris Guccione,"75 degrees, Clear.","2 mph, Out To RF.",7:10 PM.,"43,517.",9,0,0,0,1
777825,2025-05-21,R,2025,Nationals Park,Washington Nationals,Atlanta Braves,,,663623,660761,Adrian Johnson,Austin Jones,"69 degrees, Cloudy.","5 mph, In From RF.",1:05 PM.,"15,584.",9,0,0,2,5
777818,2025-05-22,R,2025,Yankee Stadium,New York Yankees,Texas Rangers,1.0,0.0,607074,543135,Lance Barrett,Brock Ballou,"50 degrees, Overcast.","16 mph, In From LF.",12:38 PM.,"43,450.",9,0,0,1,0
777816,2025-05-22,R,2025,Rogers Centre,Toronto Blue Jays,San Diego Padres,7.0,6.0,670102,663568,James Jean,Adam Hamari,"68 degrees, Roof Closed.","0 mph, None.",1:08 PM.,"33,971.",11,0,0,4,2
777817,2025-05-22,R,2025,Coors Field,Colorado Rockies,Philadelphia Phillies,0.0,2.0,608566,624133,Jonathan Parra,Ron Kulpa,"67 degrees, Sunny.","7 mph, In From LF.",1:11 PM.,"23,308.",9,0,0,0,1
777812,2025-05-22,R,2025,Sutter Health Park,Athletics,Los Angeles Angels,5.0,10.0,622663,542881,Jansen Visconti,Malachi Moore,"81 degrees, Sunny.","7 mph, Out To CF.",12:35 PM.,"10,321.",9,2,0,5,2
777821,2025-05-22,R,2025,Comerica Park,Detroit Tigers,Cleveland Guardians,0.0,7.0,656427,676440,Will Little,Ryan Additon,"54 degrees, Partly Cloudy.","6 mph, Out To CF.",6:40 PM.,"21,937.",9,0,0,0,3
777814,2025-05-22,R,2025,PNC Park,Pittsburgh Pirates,Milwaukee Brewers,5.0,8.0,681347,650644,Nate Tomlinson,Mark Wegner,"53 degrees, Overcast.","10 mph, Out To CF.",6:40 PM.,"10,114.",9,1,3,2,4
777820,2025-05-22,R,2025,Nationals Park,Washington Nationals,Atlanta Braves,8.0,7.0,592866,700363,Tripp Gibson,Ryan Blakney,"62 degrees, Cloudy.","9 mph, In From LF.",6:46 PM.,"16,907.",10,1,2,7,5
777822,2025-05-22,R,2025,Daikin Park,Houston Astros,Seattle Mariners,9.0,2.0,621121,669923,Erich Bacchus,Brian O'Nora,"73 degrees, Roof Closed.","0 mph, None.",7:10 PM.,"29,512.",9,0,1,6,2
777815,2025-05-22,R,2025,Fenway Park,Boston Red Sox,Baltimore Orioles,,,678394,700249,Doug Eddings,Jacob Metz,"55 degrees, Cloudy.","9 mph, L To R.",1:37 PM.,"31,150.",9,0,0,1,2
777815,2025-05-23,R,2025,Fenway Park,Boston Red Sox,Baltimore Orioles,19.0,5.0,678394,700249,Doug Eddings,Jacob Metz,"55 degrees, Cloudy.","9 mph, L To R.",1:37 PM.,"31,150.",9,0,0,1,2
777811,2025-05-23,R,2025,Great American Ball Park,Cincinnati Reds,Chicago Cubs,6.0,13.0,668881,571510,John Bacon,Dan Bellino,"65 degrees, Partly Cloudy.","8 mph, Out To LF.",6:42 PM.,"30,120.",9,3,0,6,2
777806,2025-05-23,R,2025,PNC Park,Pittsburgh Pirates,Milwaukee Brewers,6.0,5.0,694973,642547,Mark Wegner,Bruce Dreckman,"58 degrees, Partly Cloudy.","11 mph, Out To CF.",6:42 PM.,"24,646.",10,0,0,2,0
777801,2025-05-23,R,2025,Nationals Park,Washington Nationals,San Francisco Giants,0.0,4.0,669022,694738,Brian Walsh,Chris Segal,"66 degrees, Cloudy.","13 mph, L To R.",6:45 PM.,"19,195.",9,0,0,0,0
777810,2025-05-23,R,2025,George M. Steinbrenner Field,Tampa Bay Rays,Toronto Blue Jays,3.0,1.0,656876,641778,Brock Ballou,Carlos Torres,"87 degrees, Partly Cloudy.","13 mph, L To R.",7:05 PM.,"10,046.",9,0,0,3,0
777807,2025-05-23,R,2025,Comerica Park,Detroit Tigers,Cleveland Guardians,1.0,3.0,695549,677944,Ryan Additon,Ryan Wills,"56 degrees, Partly Cloudy.","14 mph, Out To LF.",7:10 PM.,"26,701.",9,0,2,0,2
777808,2025-05-23,R,2025,Citi Field,New York Mets,Los Angeles Dodgers,5.0,7.0,656288,477132,Ryan Blakney,Derek Thomas,"59 degrees, Rain.","3 mph, Out To RF.",7:10 PM.,"40,449.",13,0,0,2,5
777813,2025-05-23,R,2025,Truist Park,Atlanta Braves,San Diego Padres,1.0,2.0,519242,601713,Adam Beck,Dan Iassogna,"75 degrees, Clear.","11 mph, Out To LF.",7:17 PM.,"40,327.",9,1,0,1,1
777805,2025-05-23,R,2025,Rate Field,Chicago White Sox,Texas Rangers,4.0,1.0,680732,641816,Chris Guccione,David Rackley,"55 degrees, Partly Cloudy.","9 mph, In From LF.",6:40 PM.,"17,885.",9,0,0,3,0
777800,2025-05-23,R,2025,Daikin Park,Houston Astros,Seattle Mariners,3.0,5.0,687473,676106,Brian O'Nora,Mike Estabrook,"73 degrees, Roof Closed.","0 mph, None.",7:10 PM.,"34,664.",9,0,0,3,2
777799,2025-05-23,R,2025,Target Field,Minnesota Twins,Kansas City Royals,3.0,1.0,641154,702070,Adam Hamari,Nestor Ceja,"62 degrees, Partly Cloudy.","6 mph, In From LF.",7:11 PM.,"22,391.",9,0,1,1,1
777797,2025-05-23,R,2025,Busch Stadium,St. Louis Cardinals,Arizona Diamondbacks,4.0,3.0,571945,668678,Ron Kulpa,Cory Blaser,"71 degrees, Partly Cloudy.","4 mph, Out To LF.",7:16 PM.,"34,214.",9,0,0,0,1
777802,2025-05-23,R,2025,Coors Field,Colorado Rockies,New York Yankees,3.0,2.0,685299,657376,Malachi Moore,Andy Fletcher,"81 degrees, Partly Cloudy.","12 mph, In From CF.",6:40 PM.,"47,211.",9,0,1,3,2
777798,2025-05-23,R,2025,Angel Stadium,Los Angeles Angels,Miami Marlins,7.0,4.0,579328,645261,Stu Scheurwater,Dan Merzel,"70 degrees, Clear.","4 mph, Varies.",6:38 PM.,"28,116.",9,0,0,3,0
777804,2025-05-23,R,2025,Sutter Health Park,Athletics,Philadelphia Phillies,3.0,4.0,682052,554430,Bill Miller,Chad Fairchild,"77 degrees, Clear.","7 mph, Out To CF.",7:06 PM.,"10,052.",9,0,1,0,1
777809,2025-05-23,R,2025,Fenway Park,Boston Red Sox,Baltimore Orioles,,,690928,621107,Mike Muchlinski,Doug Eddings,"59 degrees, Cloudy.","4 mph, In From LF.",1:31 PM.,"30,958.",10,2,2,3,5
777809,2025-05-24,R,2025,Fenway Park,Boston Red Sox,Baltimore Orioles,6.0,5.0,690928,621107,Mike Muchlinski,Doug Eddings,"59 degrees, Cloudy.","4 mph, In From LF.",1:31 PM.,"30,958.",10,2,2,3,5
777790,2025-05-24,R,2025,Fenway Park,Boston Red Sox,Baltimore Orioles,1.0,2.0,608337,669432,Gabe Morales,Emil Jimenez,"60 degrees, Partly Cloudy.","10 mph, Varies.",6:35 PM.,"34,604.",9,0,0,0,0
777788,2025-05-24,R,2025,Target Field,Minnesota Twins,Kansas City Royals,5.0,4.0,805673,608379,Nestor Ceja,Todd Tichenor,"63 degrees, Cloudy.","4 mph, In From CF.",1:11 PM.,"30,720.",9,0,0,3,4
777786,2025-05-24,R,2025,Busch Stadium,St. Louis Cardinals,Arizona Diamondbacks,6.0,5.0,669461,518876,Cory Blaser,Manny Gonzalez,"70 degrees, Cloudy.","8 mph, Out To LF.",1:15 PM.,"37,380.",9,1,0,1,1
777793,2025-05-24,R,2025,Nationals Park,Washington Nationals,San Francisco Giants,3.0,0.0,663623,690986,Chris Segal,Alan Porter,"70 degrees, Partly Cloudy.","5 mph, In From LF.",4:05 PM.,"36,873.",9,2,0,2,0
777794,2025-05-24,R,2025,PNC Park,Pittsburgh Pirates,Milwaukee Brewers,2.0,1.0,656605,682990,Bruce Dreckman,Shane Livensparger,"61 degrees, Partly Cloudy.","11 mph, Out To RF.",4:07 PM.,"24,651.",9,1,0,1,1
777791,2025-05-24,R,2025,Great American Ball Park,Cincinnati Reds,Chicago Cubs,6.0,4.0,671096,607067,Dan Bellino,Clint Vondrak,"70 degrees, Partly Cloudy.","3 mph, Out To RF.",4:11 PM.,"40,409.",9,2,0,6,1
777787,2025-05-24,R,2025,Daikin Park,Houston Astros,Seattle Mariners,2.0,1.0,664285,693433,Mike Estabrook,Laz Diaz,"73 degrees, Roof Closed.","0 mph, None.",3:12 PM.,"35,785.",9,2,0,2,1
777803,2025-05-24,R,2025,Truist Park,Atlanta Braves,San Diego Padres,7.0,1.0,656550,669308,Dan Iassogna,Dexter Kelley,"74 degrees, Partly Cloudy.","7 mph, Out To CF.",4:10 PM.,"41,338.",9,0,0,3,1
777792,2025-05-24,R,2025,Rate Field,Chicago White Sox,Texas Rangers,10.0,5.0,669060,683004,David Rackley,Edwin Moscoso,"60 degrees, Sunny.","5 mph, In From LF.",3:09 PM.,"19,240.",9,0,1,2,4
777782,2025-05-24,R,2025,Coors Field,Colorado Rockies,New York Yankees,1.0,13.0,607536,608331,Andy Fletcher,Edwin Jimenez,"66 degrees, Cloudy.","8 mph, In From CF.",2:10 PM.,"43,186.",9,0,1,1,11
777795,2025-05-24,R,2025,George M. Steinbrenner Field,Tampa Bay Rays,Toronto Blue Jays,3.0,1.0,669358,621244,Carlos Torres,Alfonso Márquez,"89 degrees, Partly Cloudy.","5 mph, L To R.",7:06 PM.,"10,046.",9,3,0,3,0
777796,2025-05-24,R,2025,Comerica Park,Detroit Tigers,Cleveland Guardians,5.0,7.0,663554,682847,Ryan Wills,Lance Barksdale,"63 degrees, Partly Cloudy.","7 mph, Out To CF.",7:15 PM.,"37,256.",10,3,0,3,2
777789,2025-05-24,R,2025,Citi Field,New York Mets,Los Angeles Dodgers,5.0,2.0,656849,664062,Derek Thomas,Marvin Hudson,"61 degrees, Partly Cloudy.","11 mph, Out To RF.",7:16 PM.,"41,332.",9,0,0,4,2
777784,2025-05-24,R,2025,Sutter Health Park,Athletics,Philadelphia Phillies,6.0,9.0,605488,650911,Chad Fairchild,Roberto Ortiz,"73 degrees, Clear.","14 mph, Varies.",7:05 PM.,"10,090.",11,0,2,3,3
777781,2025-05-24,R,2025,Angel Stadium,Los Angeles Angels,Miami Marlins,2.0,6.0,667755,615698,Dan Merzel,Charlie Ramos,"68 degrees, Clear.","7 mph, R To L.",7:07 PM.,"29,301.",9,0,0,1,3
777780,2025-05-25,R,2025,Comerica Park,Detroit Tigers,Cleveland Guardians,5.0,0.0,669373,671106,Lance Barksdale,Will Little,"59 degrees, Sunny.","5 mph, Out To CF.",11:35 AM.,"37,031.",9,0,0,5,0
777785,2025-05-25,R,2025,Fenway Park,Boston Red Sox,Baltimore Orioles,1.0,5.0,621111,665152,Emil Jimenez,Jacob Metz,"59 degrees, Cloudy.","6 mph, L To R.",1:35 PM.,"36,824.",9,0,0,0,2
777778,2025-05-25,R,2025,Nationals Park,Washington Nationals,San Francisco Giants,2.0,3.0,647336,592662,Alan Porter,Jim Wolf,"70 degrees, Partly Cloudy.","11 mph, L To R.",1:35 PM.,"31,581.",9,0,0,1,3
777776,2025-05-25,R,2025,PNC Park,Pittsburgh Pirates,Milwaukee Brewers,5.0,6.0,663559,701656,Shane Livensparger,Nate Tomlinson,"63 degrees, Partly Cloudy.","10 mph, Out To CF.",1:38 PM.,"18,920.",9,0,3,1,3
777779,2025-05-25,R,2025,Great American Ball Park,Cincinnati Reds,Chicago Cubs,8.0,11.0,666157,676962,Clint Vondrak,Phil Cuzzi,"68 degrees, Cloudy.","4 mph, L To R.",1:42 PM.,"32,822.",9,4,2,8,3
777775,2025-05-25,R,2025,George M. Steinbrenner Field,Tampa Bay Rays,Toronto Blue Jays,13.0,0.0,686752,605135,Alfonso Márquez,Lance Barrett,"89 degrees, Sunny.","5 mph, L To R.",1:40 PM.,"10,046.",9,2,0,9,0
777774,2025-05-25,R,2025,Daikin Park,Houston Astros,Seattle Mariners,5.0,3.0,676467,622491,Laz Diaz,Erich Bacchus,"73 degrees, Roof Closed.","0 mph, None.",1:11 PM.,"35,526.",9,0,2,2,3
777772,2025-05-25,R,2025,Target Field,Minnesota Twins,Kansas City Royals,1.0,2.0,641927,663460,Todd Tichenor,James Jean,"67 degrees, Partly Cloudy.","4 mph, In From LF.",1:11 PM.,"32,501.",10,1,0,1,0
777777,2025-05-25,R,2025,Rate Field,Chicago White Sox,Texas Rangers,4.0,5.0,663436,571578,Edwin Moscoso,Chad Whitson,"58 degrees, Cloudy.","7 mph, In From LF.",1:10 PM.,"20,908.",9,0,0,1,2
777766,2025-05-25,R,2025,Busch Stadium,St. Louis Cardinals,Arizona Diamondbacks,4.0,3.0,543243,694297,Manny Gonzalez,Jonathan Parra,"62 degrees, Overcast.","9 mph, In From LF.",1:15 PM.,"36,437.",9,1,2,2,2
777768,2025-05-25,R,2025,Coors Field,Colorado Rockies,New York Yankees,4.0,5.0,622608,701542,Edwin Jimenez,Jansen Visconti,"59 degrees, Overcast.","7 mph, R To L.",1:12 PM.,"38,379.",9,2,1,2,4
777765,2025-05-25,R,2025,Sutter Health Park,Athletics,Philadelphia Phillies,5.0,4.0,680684,666200,Roberto Ortiz,Austin Jones,"74 degrees, Sunny.","9 mph, Out To CF.",1:05 PM.,"10,068.",9,3,0,3,3
777767,2025-05-25,R,2025,Angel Stadium,Los Angeles Angels,Miami Marlins,0.0,3.0,543294,665795,Charlie Ramos,Jordan Baker,"73 degrees, Partly Cloudy.","8 mph, Out To CF.",1:09 PM.,"37,074.",9,0,0,0,3
777783,2025-05-25,R,2025,Truist Park,Atlanta Braves,San Diego Padres,3.0,5.0,680885,656302,Dexter Kelley,CB Bucknor,"74 degrees, Cloudy.","5 mph, Out To RF.",4:10 PM.,"41,251.",9,0,1,3,1
777773,2025-05-25,R,2025,Citi Field,New York Mets,Los Angeles Dodgers,3.0,1.0,673540,689017,Marvin Hudson,Tripp Gibson,"64 degrees, Cloudy.","9 mph, L To R.",7:11 PM.,"41,917.",9,2,1,3,1
777770,2025-05-26,R,2025,Comerica Park,Detroit Tigers,San Francisco Giants,3.0,1.0,672456,806185,Phil Cuzzi,Tony Randazzo,"67 degrees, Sunny.","7 mph, L To R.",1:10 PM.,"31,640.",9,0,0,3,0
777764,2025-05-26,R,2025,American Family Field,Milwaukee Brewers,Boston Red Sox,3.0,2.0,694477,676979,James Jean,Adam Hamari,"62 degrees, Sunny.","12 mph, L To R.",1:11 PM.,"40,181.",9,1,0,2,0
777757,2025-05-26,R,2025,Wrigley Field,Chicago Cubs,Colorado Rockies,3.0,1.0,592791,687223,Mark Ripperger,Vic Carapazza,"56 degrees, Partly Cloudy.","6 mph, In From CF.",1:19 PM.,"40,171.",9,1,0,2,1
777771,2025-05-26,R,2025,Oriole Park at Camden Yards,Baltimore Orioles,St. Louis Cardinals,5.0,2.0,450203,607200,Tripp Gibson,Ryan Blakney,"72 degrees, Partly Cloudy.","2 mph, In From LF.",3:05 PM.,"21,717.",9,1,0,5,2
777759,2025-05-26,R,2025,Globe Life Field,Texas Rangers,Toronto Blue Jays,1.0,2.0,594798,592332,Will Little,Ryan Additon,"74 degrees, Roof Closed.","0 mph, None.",3:08 PM.,"33,766.",9,0,1,1,2
777760,2025-05-26,R,2025,Kauffman Stadium,Kansas City Royals,Cincinnati Reds,4.0,7.0,547179,607259,Alex Tosi,Ron Kulpa,"64 degrees, Drizzle.","13 mph, R To L.",3:12 PM.,"18,002.",9,0,1,0,6
777758,2025-05-26,R,2025,Citi Field,New York Mets,Chicago White Sox,2.0,1.0,605280,605288,John Libka,Sean Barber,"73 degrees, Sunny.","6 mph, In From CF.",4:10 PM.,"39,938.",9,0,0,0,1
777769,2025-05-26,R,2025,Progressive Field,Cleveland Guardians,Los Angeles Dodgers,2.0,7.0,668909,808967,Erich Bacchus,Brian O'Nora,"63 degrees, Partly Cloudy.","6 mph, In From CF.",6:10 PM.,"34,711.",9,0,1,1,4
777762,2025-05-26,R,2025,George M. Steinbrenner Field,Tampa Bay Rays,Minnesota Twins,7.0,2.0,641793,663978,CB Bucknor,Adam Beck,"89 degrees, Clear.","12 mph, Out To CF.",7:06 PM.,"8,759.",9,0,0,0,0
777761,2025-05-26,R,2025,Chase Field,Arizona Diamondbacks,Pittsburgh Pirates,5.0,0.0,669194,571760,John Tumpane,Chris Conroy,"76 degrees, Roof Closed.","0 mph, None.",5:10 PM.,"25,697.",9,0,0,5,0
777756,2025-05-26,R,2025,Petco Park,San Diego Padres,Miami Marlins,4.0,3.0,681190,677960,Adrian Johnson,Quinn Wolcott,"66 degrees, Partly Cloudy.","8 mph, L To R.",5:41 PM.,"40,872.",11,0,2,2,3
777763,2025-05-26,R,2025,Angel Stadium,Los Angeles Angels,New York Yankees,1.0,5.0,686799,642232,Austin Jones,Bill Miller,"68 degrees, Partly Cloudy.","2 mph, Out To CF.",6:38 PM.,"43,626.",9,1,0,1,4
777753,2025-05-27,R,2025,Progressive Field,Cleveland Guardians,Los Angeles Dodgers,5.0,9.0,676440,669160,Brian O'Nora,Mike Estabrook,"68 degrees, Cloudy.","11 mph, Out To LF.",6:11 PM.,"25,422.",9,0,0,3,4
777754,2025-05-27,R,2025,Oriole Park at Camden Yards,Baltimore Orioles,St. Louis Cardinals,4.0,7.0,608372,669467,Ryan Blakney,Brian Walsh,"64 degrees, Overcast.","6 mph, Out To LF.",6:36 PM.,"13,779.",9,0,1,4,3
777755,2025-05-27,R,2025,Comerica Park,Detroit Tigers,San Francisco Giants,3.0,1.0,656427,657277,Tony Randazzo,Dan Bellino,"70 degrees, Partly Cloudy.","14 mph, In From LF.",6:40 PM.,"21,092.",9,1,0,3,0
777748,2025-05-27,R,2025,Citizens Bank Park,Philadelphia Phillies,Atlanta Braves,2.0,0.0,624133,675911,Nate Tomlinson,Mark Wegner,"69 degrees, Cloudy.","11 mph, Out To RF.",6:45 PM.,"40,627.",9,0,0,1,0
777746,2025-05-27,R,2025,George M. Steinbrenner Field,Tampa Bay Rays,Minnesota Twins,2.0,4.0,671737,657746,Adam Beck,Dan Iassogna,"89 degrees, Partly Cloudy.","9 mph, Out To CF.",7:05 PM.,"10,046.",9,0,1,1,2
777749,2025-05-27,R,2025,Citi Field,New York Mets,Chicago White Sox,6.0,4.0,656731,686563,Sean Barber,Tom Hanahan,"68 degrees, Cloudy.","7 mph, Out To LF.",7:12 PM.,"34,944.",9,4,2,5,2
777750,2025-05-27,R,2025,Kauffman Stadium,Kansas City Royals,Cincinnati Reds,2.0,7.0,663738,663903,Ron Kulpa,Carlos Torres,"63 degrees, Partly Cloudy.","6 mph, In From LF.",6:40 PM.,"17,383.",9,0,0,2,2
777747,2025-05-27,R,2025,American Family Field,Milwaukee Brewers,Boston Red Sox,5.0,1.0,650644,690916,Adam Hamari,Nestor Ceja,"69 degrees, Roof Closed.","0 mph, None.",6:40 PM.,"26,489.",10,0,0,0,0
777751,2025-05-27,R,2025,Wrigley Field,Chicago Cubs,Colorado Rockies,4.0,3.0,690990,608566,Vic Carapazza,Nic Lentz,"59 degrees, Partly Cloudy.","12 mph, In From LF.",7:05 PM.,"33,099.",11,0,0,2,1
777741,2025-05-27,R,2025,Globe Life Field,Texas Rangers,Toronto Blue Jays,2.0,0.0,543135,670102,Ryan Additon,Ryan Wills,"74 degrees, Roof Closed.","0 mph, None.",7:08 PM.,"25,818.",9,0,0,0,0
777752,2025-05-27,R,2025,Daikin Park,Houston Astros,Athletics,11.0,1.0,686613,676664,Jordan Baker,Stu Scheurwater,"73 degrees, Roof Closed.","0 mph, None.",7:10 PM.,"36,123.",9,0,0,9,1
777745,2025-05-27,R,2025,Angel Stadium,Los Angeles Angels,New York Yankees,2.0,3.0,542881,607074,Bill Miller,Ben May,"68 degrees, Clear.","10 mph, Out To LF.",6:39 PM.,"34,491.",9,0,0,0,1
777744,2025-05-27,R,2025,Chase Field,Arizona Diamondbacks,Pittsburgh Pirates,6.0,9.0,669203,681347,Chris Conroy,Brennan Miller,"76 degrees, Roof Closed.","0 mph, None.",6:41 PM.,"20,739.",9,1,0,6,0
777743,2025-05-27,R,2025,T-Mobile Park,Seattle Mariners,Washington Nationals,9.0,1.0,688138,680730,Jansen Visconti,Malachi Moore,"69 degrees, Clear.","11 mph, L To R.",6:41 PM.,"19,861.",9,3,0,4,1
777742,2025-05-27,R,2025,Petco Park,San Diego Padres,Miami Marlins,8.0,6.0,663568,676974,Quinn Wolcott,Ramon De Jesus,"64 degrees, Overcast.","7 mph, Out To RF.",6:40 PM.,"40,363.",9,1,6,7,6
777739,2025-05-28,R,2025,Progressive Field,Cleveland Guardians,Los Angeles Dodgers,7.0,4.0,663465,477132,Mike Estabrook,Laz Diaz,"59 degrees, Overcast.","8 mph, L To R.",1:10 PM.,"23,381.",9,1,0,1,2
777738,2025-05-28,R,2025,Comerica Park,Detroit Tigers,San Francisco Giants,4.0,3.0,695549,694738,Dan Bellino,Clint Vondrak,"58 degrees, Cloudy.","7 mph, In From LF.",1:09 PM.,"31,602.",9,0,0,4,3
777732,2025-05-28,R,2025,George M. Steinbrenner Field,Tampa Bay Rays,Minnesota Twins,5.0,0.0,656876,641154,Dan Iassogna,Derek Thomas,"89 degrees, Partly Cloudy.","8 mph, L To R.",1:10 PM.,"8,372.",9,0,0,4,0
777737,2025-05-28,R,2025,Citi Field,New York Mets,Chicago White Sox,4.0,9.0,656288,681343,Tom Hanahan,James Hoye,"63 degrees, Drizzle.","8 mph, Out To LF.",1:11 PM.,"34,021.",9,0,2,3,5
777736,2025-05-28,R,2025,American Family Field,Milwaukee Brewers,Boston Red Sox,6.0,5.0,642547,678394,Nestor Ceja,D.J. Reyburn,"66 degrees, Roof Closed.","0 mph, None.",12:11 PM.,"24,603.",10,0,0,2,3
777734,2025-05-28,R,2025,Daikin Park,Houston Astros,Athletics,5.0,3.0,621121,622663,Stu Scheurwater,Dan Merzel,"73 degrees, Roof Closed.","0 mph, None.",1:10 PM.,"25,122.",9,0,0,2,3
777729,2025-05-28,R,2025,Chase Field,Arizona Diamondbacks,Pittsburgh Pirates,1.0,10.0,668678,694973,Brennan Miller,Jeremie Rehak,"76 degrees, Roof Closed.","0 mph, None.",12:40 PM.,"25,202.",9,0,0,0,3
777726,2025-05-28,R,2025,Petco Park,San Diego Padres,Miami Marlins,8.0,10.0,606996,645261,Ramon De Jesus,Paul Clemons,"65 degrees, Partly Cloudy.","7 mph, L To R.",1:10 PM.,"33,885.",9,0,0,6,6
777740,2025-05-28,R,2025,Oriole Park at Camden Yards,Baltimore Orioles,St. Louis Cardinals,4.0,6.0,700249,571945,Brian Walsh,Marvin Hudson,"61 degrees, Drizzle.","8 mph, In From RF.",7:06 PM.,"14,491.",9,0,0,4,5
777733,2025-05-28,R,2025,Kauffman Stadium,Kansas City Royals,Cincinnati Reds,3.0,2.0,702070,668881,Carlos Torres,Cory Blaser,"72 degrees, Partly Cloudy.","3 mph, Calm.",6:41 PM.,"15,430.",9,0,0,2,0
777731,2025-05-28,R,2025,Wrigley Field,Chicago Cubs,Colorado Rockies,2.0,1.0,571510,685299,Nic Lentz,Nick Mahrley,"56 degrees, Partly Cloudy.","7 mph, In From LF.",7:05 PM.,"33,748.",9,1,0,2,0
777724,2025-05-28,R,2025,Globe Life Field,Texas Rangers,Toronto Blue Jays,0.0,2.0,641816,687606,Ryan Wills,Lance Barksdale,"74 degrees, Roof Closed.","0 mph, None.",7:09 PM.,"20,811.",9,0,0,0,0
777728,2025-05-28,R,2025,Angel Stadium,Los Angeles Angels,New York Yankees,0.0,1.0,579328,657376,Ben May,Roberto Ortiz,"65 degrees, Partly Cloudy.","8 mph, Out To CF.",6:38 PM.,"36,808.",9,0,1,0,1
777730,2025-05-28,R,2025,T-Mobile Park,Seattle Mariners,Washington Nationals,0.0,9.0,669923,592866,Malachi Moore,Andy Fletcher,"78 degrees, Clear.","9 mph, R To L.",6:41 PM.,"19,475.",9,0,0,0,6
777735,2025-05-28,R,2025,Citizens Bank Park,Philadelphia Phillies,Atlanta Braves,,,650911,700363,Bruce Dreckman,Brock Ballou,"67 degrees, Cloudy.","6 mph, In From CF.",1:07 PM.,"32,314.",9,0,0,3,0
777735,2025-05-29,R,2025,Citizens Bank Park,Philadelphia Phillies,Atlanta Braves,5.0,4.0,650911,700363,Bruce Dreckman,Brock Ballou,"67 degrees, Cloudy.","6 mph, In From CF.",1:07 PM.,"32,314.",9,0,0,3,0
777723,2025-05-29,R,2025,Citizens Bank Park,Philadelphia Phillies,Atlanta Braves,3.0,9.0,554430,519242,Mark Wegner,Shane Livensparger,"71 degrees, Cloudy.","9 mph, L To R.",6:45 PM.,"42,739.",9,0,0,0,4
777727,2025-05-29,R,2025,Rogers Centre,Toronto Blue Jays,Athletics,12.0,0.0,621244,682052,James Hoye,John Libka,"68 degrees, Roof Closed.","0 mph, None.",7:08 PM.,"23,853.",9,0,0,11,0
777725,2025-05-29,R,2025,Daikin Park,Houston Astros,Tampa Bay Rays,3.0,13.0,687473,669358,Nick Mahrley,Mark Ripperger,"73 degrees, Roof Closed.","0 mph, None.",7:10 PM.,"29,661.",9,0,1,2,3
777722,2025-05-29,R,2025,T-Mobile Park,Seattle Mariners,Washington Nationals,3.0,9.0,676106,669022,Andy Fletcher,Edwin Jimenez,"63 degrees, Clear.","9 mph, R To L.",6:40 PM.,"19,599.",10,0,0,0,0
777712,2025-05-30,R,2025,Wrigley Field,Chicago Cubs,Cincinnati Reds,2.0,6.0,607067,671096,Laz Diaz,Erich Bacchus,"70 degrees, Overcast.","8 mph, Out To RF.",1:20 PM.,"36,019.",9,0,2,0,4
777720,2025-05-30,R,2025,Oriole Park at Camden Yards,Baltimore Orioles,Chicago White Sox,2.0,1.0,621107,694363,D.J. Reyburn,James Jean,"74 degrees, Partly Cloudy.","1 mph, In From LF.",4:31 PM.,"22,108.",9,0,0,0,0
777715,2025-05-30,R,2025,Citizens Bank Park,Philadelphia Phillies,Milwaukee Brewers,2.0,6.0,592836,669084,Derek Thomas,Brock Ballou,"75 degrees, Partly Cloudy.","7 mph, Out To CF.",6:46 PM.,"41,546.",9,0,2,1,5
777716,2025-05-30,R,2025,Rogers Centre,Toronto Blue Jays,Athletics,11.0,7.0,605135,605488,John Libka,Sean Barber,"64 degrees, Cloudy.","5 mph, Out To RF.",7:08 PM.,"36,951.",9,0,0,9,5
777721,2025-05-30,R,2025,Progressive Field,Cleveland Guardians,Los Angeles Angels,1.0,4.0,682847,667755,Marvin Hudson,Tripp Gibson,"66 degrees, Cloudy.","6 mph, L To R.",7:10 PM.,"31,407.",9,0,0,0,1
777718,2025-05-30,R,2025,Citi Field,New York Mets,Colorado Rockies,4.0,2.0,656849,607536,Dan Merzel,Charlie Ramos,"66 degrees, Cloudy.","9 mph, Out To LF.",7:10 PM.,"41,270.",9,1,0,3,0
777717,2025-05-30,R,2025,loanDepot park,Miami Marlins,San Francisco Giants,0.0,2.0,615698,690986,Cory Blaser,Jonathan Parra,"72 degrees, Roof Closed.","0 mph, None.",7:10 PM.,"10,361.",9,0,1,0,2
777719,2025-05-30,R,2025,Truist Park,Atlanta Braves,Boston Red Sox,1.0,5.0,656550,608337,Clint Vondrak,Phil Cuzzi,"75 degrees, Cloudy.","12 mph, Out To LF.",7:16 PM.,"39,842.",9,1,0,1,2
777709,2025-05-30,R,2025,Globe Life Field,Texas Rangers,St. Louis Cardinals,11.0,1.0,683004,669461,Paul Clemons,Adrian Johnson,"81 degrees, Clear.","7 mph, In From CF.",7:09 PM.,"28,679.",9,1,0,5,0
777711,2025-05-30,R,2025,Kauffman Stadium,Kansas City Royals,Detroit Tigers,5.0,7.0,607625,663554,Shane Livensparger,Nate Tomlinson,"76 degrees, Clear.","7 mph, L To R.",7:10 PM.,"28,785.",9,1,2,3,5
777714,2025-05-30,R,2025,Daikin Park,Houston Astros,Tampa Bay Rays,2.0,1.0,664285,686752,Mark Ripperger,Vic Carapazza,"73 degrees, Roof Closed.","0 mph, None.",7:12 PM.,"32,115.",9,0,1,0,1
777710,2025-05-30,R,2025,Chase Field,Arizona Diamondbacks,Washington Nationals,7.0,9.0,518876,663623,Lance Barksdale,Will Little,"76 degrees, Roof Closed.","0 mph, None.",6:42 PM.,"29,435.",9,4,2,6,6
777707,2025-05-30,R,2025,Petco Park,San Diego Padres,Pittsburgh Pirates,3.0,2.0,601713,656605,Edwin Jimenez,Jansen Visconti,"68 degrees, Partly Cloudy.","9 mph, Out To RF.",6:41 PM.,"42,579.",9,0,0,1,0
777713,2025-05-30,R,2025,T-Mobile Park,Seattle Mariners,Minnesota Twins,6.0,12.0,693433,805673,Roberto Ortiz,Austin Jones,"72 degrees, Partly Cloudy.","9 mph, In From LF.",7:11 PM.,"39,614.",10,4,0,4,2
777708,2025-05-30,R,2025,Dodger Stadium,Los Angeles Dodgers,New York Yankees,8.0,5.0,664062,608331,Jeremie Rehak,John Tumpane,"76 degrees, Clear.","6 mph, Out To RF.",7:10 PM.,"53,276.",9,1,1,2,5
777704,2025-05-31,R,2025,Wrigley Field,Chicago Cubs,Cincinnati Reds,2.0,0.0,519141,666157,Erich Bacchus,Brian O'Nora,"56 degrees, Partly Cloudy.","11 mph, In From LF.",1:20 PM.,"39,144.",9,0,0,0,0
777701,2025-05-31,R,2025,Rogers Centre,Toronto Blue Jays,Athletics,8.0,7.0,680755,680684,Sean Barber,Tom Hanahan,"68 degrees, Roof Closed.","0 mph, None.",3:07 PM.,"38,017.",9,4,3,7,5
777697,2025-05-31,R,2025,Globe Life Field,Texas Rangers,St. Louis Cardinals,0.0,2.0,571578,543243,Adrian Johnson,Quinn Wolcott,"86 degrees, Sunny.","3 mph, Out To RF.",3:08 PM.,"29,062.",9,0,0,0,2
777699,2025-05-31,R,2025,Oriole Park at Camden Yards,Baltimore Orioles,Chicago White Sox,4.0,2.0,665152,663436,James Jean,Adam Hamari,"74 degrees, Partly Cloudy.","11 mph, Out To RF.",4:06 PM.,"23,470.",9,1,0,4,1
777702,2025-05-31,R,2025,Citizens Bank Park,Philadelphia Phillies,Milwaukee Brewers,7.0,17.0,666200,694477,Brock Ballou,Adam Beck,"71 degrees, Overcast.","14 mph, L To R.",4:05 PM.,"43,773.",9,0,4,1,12
777703,2025-05-31,R,2025,Progressive Field,Cleveland Guardians,Los Angeles Angels,7.0,5.0,677944,543294,Tripp Gibson,Ryan Blakney,"55 degrees, Partly Cloudy.","16 mph, In From LF.",4:11 PM.,"28,184.",9,0,0,3,5
777694,2025-05-31,R,2025,Kauffman Stadium,Kansas City Royals,Detroit Tigers,1.0,0.0,608379,669373,Nate Tomlinson,Mark Wegner,"84 degrees, Sunny.","10 mph, Out To RF.",3:20 PM.,"35,005.",9,0,0,0,0
777700,2025-05-31,R,2025,Citi Field,New York Mets,Colorado Rockies,8.0,2.0,673540,622608,Charlie Ramos,Jordan Baker,"66 degrees, Partly Cloudy.","14 mph, Out To RF.",4:12 PM.,"41,681.",9,4,1,7,1
777693,2025-05-31,R,2025,Daikin Park,Houston Astros,Tampa Bay Rays,3.0,16.0,676467,641793,Vic Carapazza,Nic Lentz,"73 degrees, Roof Closed.","0 mph, None.",3:10 PM.,"33,033.",9,1,0,3,4
777706,2025-05-31,R,2025,Truist Park,Atlanta Braves,Boston Red Sox,5.0,0.0,680885,621111,Phil Cuzzi,Tony Randazzo,"77 degrees, Sunny.","14 mph, Out To LF.",4:10 PM.,"41,444.",9,1,0,5,0
777705,2025-05-31,R,2025,loanDepot park,Miami Marlins,San Francisco Giants,1.0,0.0,665795,592662,Jonathan Parra,Alex Tosi,"72 degrees, Roof Closed.","0 mph, None.",4:10 PM.,"12,387.",9,0,0,1,0
777695,2025-05-31,R,2025,T-Mobile Park,Seattle Mariners,Minnesota Twins,5.0,4.0,682243,641927,Austin Jones,Bill Miller,"57 degrees, Roof Closed.","0 mph, None.",4:16 PM.,"37,457.",11,0,0,2,3
777698,2025-05-31,R,2025,Dodger Stadium,Los Angeles Dodgers,New York Yankees,18.0,2.0,689017,701542,John Tumpane,Chris Conroy,"84 degrees, Partly Cloudy.","5 mph, L To R.",4:16 PM.,"51,746.",9,4,0,14,1
777691,2025-05-31,R,2025,Petco Park,San Diego Padres,Pittsburgh Pirates,0.0,5.0,656302,663559,Jansen Visconti,Malachi Moore,"71 degrees, Partly Cloudy.","5 mph, R To L.",6:40 PM.,"42,471.",9,0,1,0,3
777696,2025-05-31,R,2025,Chase Field,Arizona Diamondbacks,Washington Nationals,7.0,11.0,694297,647336,Will Little,Ryan Additon,"76 degrees, Roof Closed.","0 mph, None.",7:10 PM.,"29,434.",9,0,10,2,11
777678,2025-06-01,R,2025,Globe Life Field,Texas Rangers,St. Louis Cardinals,8.0,1.0,594798,607200,Quinn Wolcott,Ramon De Jesus,"74 degrees, Roof Closed.","0 mph, None.",12:08 PM.,"28,138.",9,0,1,2,1
777692,2025-06-01,R,2025,Truist Park,Atlanta Braves,Boston Red Sox,1.0,3.0,693821,676979,Tony Randazzo,Dan Bellino,"77 degrees, Partly Cloudy.","7 mph, Out To LF.",1:36 PM.,"38,279.",9,1,3,1,3
777684,2025-06-01,R,2025,Oriole Park at Camden Yards,Baltimore Orioles,Chicago White Sox,3.0,2.0,450203,605288,Adam Hamari,Nestor Ceja,"70 degrees, Sunny.","5 mph, Out To RF.",1:36 PM.,"33,037.",9,0,0,2,0
777688,2025-06-01,R,2025,Citizens Bank Park,Philadelphia Phillies,Milwaukee Brewers,2.0,5.0,624133,500779,Adam Beck,Dan Iassogna,"68 degrees, Partly Cloudy.","15 mph, L To R.",1:37 PM.,"44,076.",9,1,0,2,1
777685,2025-06-01,R,2025,Rogers Centre,Toronto Blue Jays,Athletics,8.0,4.0,592332,676664,Tom Hanahan,James Hoye,"68 degrees, Roof Closed.","0 mph, None.",1:40 PM.,"30,130.",9,0,1,2,3
777683,2025-06-01,R,2025,Progressive Field,Cleveland Guardians,Los Angeles Angels,4.0,2.0,668909,686799,Ryan Blakney,Junior Valentine,"58 degrees, Partly Cloudy.","10 mph, In From LF.",1:41 PM.,"26,518.",9,0,0,4,0
777686,2025-06-01,R,2025,Citi Field,New York Mets,Colorado Rockies,5.0,3.0,605280,687223,Jordan Baker,Stu Scheurwater,"64 degrees, Partly Cloudy.","14 mph, Out To RF.",1:40 PM.,"43,224.",9,0,0,4,3
777689,2025-06-01,R,2025,loanDepot park,Miami Marlins,San Francisco Giants,2.0,4.0,677960,806185,Alex Tosi,Ron Kulpa,"72 degrees, Roof Closed.","0 mph, None.",1:40 PM.,"13,422.",9,0,0,0,4
777677,2025-06-01,R,2025,Kauffman Stadium,Kansas City Royals,Detroit Tigers,0.0,1.0,663460,672456,Mark Wegner,Bruce Dreckman,"84 degrees, Partly Cloudy.","3 mph, R To L.",1:12 PM.,"24,474.",9,0,0,0,1
777690,2025-06-01,R,2025,Daikin Park,Houston Astros,Tampa Bay Rays,1.0,0.0,686613,671737,Nic Lentz,Nick Mahrley,"73 degrees, Roof Closed.","0 mph, None.",1:11 PM.,"33,938.",9,1,0,1,0
777687,2025-06-01,R,2025,Wrigley Field,Chicago Cubs,Cincinnati Reds,7.0,3.0,592791,607259,Brian O'Nora,Mike Estabrook,"59 degrees, Sunny.","11 mph, In From RF.",1:20 PM.,"40,179.",9,0,0,5,0
777679,2025-06-01,R,2025,Chase Field,Arizona Diamondbacks,Washington Nationals,3.0,1.0,669203,680730,Ryan Additon,Ryan Wills,"76 degrees, Roof Closed.","0 mph, None.",1:11 PM.,"29,664.",9,3,0,3,1
777680,2025-06-01,R,2025,T-Mobile Park,Seattle Mariners,Minnesota Twins,2.0,1.0,622491,663978,Bill Miller,Ben May,"63 degrees, Partly Cloudy.","7 mph, L To R.",1:11 PM.,"39,003.",9,0,0,0,0
777681,2025-06-01,R,2025,Petco Park,San Diego Padres,Pittsburgh Pirates,6.0,4.0,681190,571760,Malachi Moore,Andy Fletcher,"72 degrees, Overcast.","10 mph, L To R.",2:11 PM.,"42,069.",9,1,0,1,4
777682,2025-06-01,R,2025,Dodger Stadium,Los Angeles Dodgers,New York Yankees,3.0,7.0,808967,642232,Chris Conroy,Brennan Miller,"81 degrees, Cloudy.","2 mph, L To R.",4:10 PM.,"54,031.",9,0,1,1,6
777673,2025-06-02,R,2025,loanDepot park,Miami Marlins,Colorado Rockies,4.0,6.0,676974,608566,Doug Eddings,Derek Thomas,"72 degrees, Roof Closed.","0 mph, None.",6:40 PM.,"5,894.",9,3,1,4,5
777670,2025-06-02,R,2025,Fenway Park,Boston Red Sox,Los Angeles Angels,6.0,7.0,690916,542881,Chad Whitson,Chris Guccione,"70 degrees, Partly Cloudy.","3 mph, Out To RF.",7:12 PM.,"31,688.",9,0,6,5,6
777671,2025-06-02,R,2025,Great American Ball Park,Cincinnati Reds,Milwaukee Brewers,2.0,3.0,663903,650644,Nick Mahrley,Mark Ripperger,"77 degrees, Clear.","5 mph, In From RF.",7:11 PM.,"18,711.",9,2,0,2,3
777674,2025-06-02,R,2025,Rate Field,Chicago White Sox,Detroit Tigers,1.0,13.0,686563,656427,Jim Wolf,Chris Segal,"84 degrees, Partly Cloudy.","9 mph, In From RF.",6:40 PM.,"11,852.",9,0,3,0,8
777676,2025-06-02,R,2025,Oracle Park,San Francisco Giants,San Diego Padres,0.0,1.0,657277,663568,Ryan Wills,Lance Barksdale,"60 degrees, Partly Cloudy.","11 mph, Out To CF.",6:46 PM.,"35,680.",10,0,0,0,0
777669,2025-06-02,R,2025,Sutter Health Park,Athletics,Minnesota Twins,4.0,10.0,622663,657746,Lance Barrett,Alfonso Márquez,"78 degrees, Clear.","10 mph, L To R.",7:07 PM.,"8,922.",9,0,0,4,6
777675,2025-06-02,R,2025,Dodger Stadium,Los Angeles Dodgers,New York Mets,3.0,4.0,669160,621112,Andy Fletcher,Gabe Morales,"69 degrees, Clear.","8 mph, Out To RF.",7:11 PM.,"48,556.",10,0,1,0,2
777663,2025-06-03,R,2025,PNC Park,Pittsburgh Pirates,Houston Astros,0.0,3.0,694973,621121,D.J. Reyburn,John Libka,"83 degrees, Clear.","7 mph, R To L.",6:42 PM.,"15,891.",9,0,0,0,0
777666,2025-06-03,R,2025,loanDepot park,Miami Marlins,Colorado Rockies,2.0,3.0,645261,801403,Derek Thomas,Mike Muchlinski,"72 degrees, Roof Closed.","0 mph, None.",6:40 PM.,"7,583.",9,0,0,2,2
777659,2025-06-03,R,2025,Nationals Park,Washington Nationals,Chicago Cubs,3.0,8.0,592866,690990,Bruce Dreckman,Shane Livensparger,"81 degrees, Clear.","7 mph, Out To LF.",6:46 PM.,"27,702.",9,1,0,3,7
777664,2025-06-03,R,2025,Yankee Stadium,New York Yankees,Cleveland Guardians,3.0,2.0,607074,676440,Manny Gonzalez,Ron Kulpa,"74 degrees, Clear.","7 mph, R To L.",7:09 PM.,"40,683.",9,0,0,1,0
777665,2025-06-03,R,2025,Rogers Centre,Toronto Blue Jays,Philadelphia Phillies,3.0,8.0,670102,650911,Ramon De Jesus,Paul Clemons,"69 degrees, Clear.","9 mph, Out To CF.",7:08 PM.,"32,632.",9,0,6,1,7
777667,2025-06-03,R,2025,Fenway Park,Boston Red Sox,Los Angeles Angels,3.0,4.0,678394,579328,Chris Guccione,David Rackley,"71 degrees, Clear.","3 mph, R To L.",7:13 PM.,"33,003.",10,0,0,1,3
777668,2025-06-03,R,2025,Great American Ball Park,Cincinnati Reds,Milwaukee Brewers,4.0,2.0,668881,642547,Mark Ripperger,Vic Carapazza,"84 degrees, Clear.","7 mph, In From RF.",7:11 PM.,"25,749.",9,0,1,2,2
777672,2025-06-03,R,2025,Truist Park,Atlanta Braves,Arizona Diamondbacks,3.0,8.0,675911,668678,Ben May,Roberto Ortiz,"84 degrees, Clear.","10 mph, In From CF.",7:16 PM.,"32,898.",9,0,1,3,5
777662,2025-06-03,R,2025,George M. Steinbrenner Field,Tampa Bay Rays,Texas Rangers,5.0,1.0,656876,641816,Laz Diaz,Dan Merzel,"78 degrees, Cloudy.","8 mph, Out To CF.",7:35 PM.,"9,131.",9,0,0,1,0
777661,2025-06-03,R,2025,Rate Field,Chicago White Sox,Detroit Tigers,8.0,1.0,681343,689225,Chris Segal,Alex MacKay,"84 degrees, Cloudy.","16 mph, Out To LF.",6:40 PM.,"12,308.",9,0,0,1,0
777660,2025-06-03,R,2025,Busch Stadium,St. Louis Cardinals,Kansas City Royals,7.0,10.0,669467,547179,Nestor Ceja,Scott Barry,"86 degrees, Clear.","16 mph, Out To LF.",6:45 PM.,"26,656.",9,0,2,7,8
777655,2025-06-03,R,2025,T-Mobile Park,Seattle Mariners,Baltimore Orioles,1.0,5.0,669923,608372,Brennan Miller,Jeremie Rehak,"73 degrees, Clear.","5 mph, Out To LF.",6:41 PM.,"21,089.",9,0,1,1,2
777656,2025-06-03,R,2025,Oracle Park,San Francisco Giants,San Diego Padres,2.0,3.0,694738,686701,Lance Barksdale,John Bacon,"61 degrees, Clear.","10 mph, Out To CF.",6:45 PM.,"35,522.",10,0,0,2,0
777658,2025-06-03,R,2025,Sutter Health Park,Athletics,Minnesota Twins,3.0,10.0,680880,641154,Alfonso Márquez,Carlos Torres,"84 degrees, Clear.","10 mph, Varies.",7:05 PM.,"8,487.",9,1,0,2,1
777657,2025-06-03,R,2025,Dodger Stadium,Los Angeles Dodgers,New York Mets,6.0,5.0,477132,656731,Gabe Morales,Jansen Visconti,"62 degrees, Overcast.","2 mph, Calm.",7:10 PM.,"53,424.",10,4,1,4,5
777652,2025-06-04,R,2025,loanDepot park,Miami Marlins,Colorado Rockies,2.0,3.0,615698,607536,Mike Muchlinski,Emil Jimenez,"72 degrees, Roof Closed.","0 mph, None.",12:10 PM.,"6,261.",9,0,1,0,2
777647,2025-06-04,R,2025,Great American Ball Park,Cincinnati Reds,Milwaukee Brewers,1.0,9.0,671096,669084,Vic Carapazza,Nic Lentz,"85 degrees, Sunny.","13 mph, R To L.",12:41 PM.,"21,775.",9,0,0,1,3
777649,2025-06-04,R,2025,Fenway Park,Boston Red Sox,Los Angeles Angels,11.0,9.0,608337,667755,David Rackley,Edwin Moscoso,"84 degrees, Cloudy.","10 mph, Out To RF.",1:36 PM.,"33,073.",9,5,4,7,8
777648,2025-06-04,R,2025,PNC Park,Pittsburgh Pirates,Houston Astros,3.0,0.0,681347,687473,John Libka,James Hoye,"86 degrees, Partly Cloudy.","8 mph, R To L.",6:41 PM.,"12,359.",9,0,0,3,0
777650,2025-06-04,R,2025,Nationals Park,Washington Nationals,Chicago Cubs,2.0,0.0,669022,571510,Shane Livensparger,Nate Tomlinson,"86 degrees, Clear.","11 mph, Out To CF.",6:45 PM.,"21,965.",9,0,0,0,0
777653,2025-06-04,R,2025,Yankee Stadium,New York Yankees,Cleveland Guardians,0.0,4.0,657376,682847,Ron Kulpa,Cory Blaser,"78 degrees, Clear.","13 mph, L To R.",7:10 PM.,"36,759.",9,0,3,0,3
777651,2025-06-04,R,2025,Rogers Centre,Toronto Blue Jays,Philadelphia Phillies,2.0,1.0,621244,690953,Paul Clemons,Adrian Johnson,"68 degrees, Roof Closed.","0 mph, None.",7:08 PM.,"25,716.",9,0,0,0,1
777654,2025-06-04,R,2025,Truist Park,Atlanta Braves,Arizona Diamondbacks,1.0,2.0,519242,518876,Roberto Ortiz,Austin Jones,"70 degrees, Rain.","9 mph, L To R.",8:21 PM.,"37,082.",9,0,0,0,1
777646,2025-06-04,R,2025,George M. Steinbrenner Field,Tampa Bay Rays,Texas Rangers,5.0,4.0,669358,677958,Dan Merzel,Charlie Ramos,"76 degrees, Cloudy.","8 mph, R To L.",7:35 PM.,"8,994.",9,1,0,5,3
777639,2025-06-04,R,2025,Rate Field,Chicago White Sox,Detroit Tigers,4.0,5.0,694363,687830,Alex MacKay,Alan Porter,"59 degrees, Partly Cloudy.","6 mph, L To R.",8:15 PM.,"12,381.",9,0,4,4,4
777645,2025-06-04,R,2025,T-Mobile Park,Seattle Mariners,Baltimore Orioles,2.0,3.0,676106,700249,Jeremie Rehak,John Tumpane,"68 degrees, Partly Cloudy.","3 mph, Out To CF.",6:40 PM.,"19,231.",9,0,0,1,0
777641,2025-06-04,R,2025,Oracle Park,San Francisco Giants,San Diego Padres,6.0,5.0,690986,601713,John Bacon,Will Little,"58 degrees, Partly Cloudy.","12 mph, Out To CF.",6:46 PM.,"34,821.",9,0,2,1,5
777643,2025-06-04,R,2025,Sutter Health Park,Athletics,Minnesota Twins,1.0,6.0,686993,805673,Carlos Torres,Brian Walsh,"85 degrees, Clear.","11 mph, Varies.",7:06 PM.,"9,211.",9,0,1,1,3
777638,2025-06-04,R,2025,Dodger Stadium,Los Angeles Dodgers,New York Mets,1.0,6.0,664062,656288,Jansen Visconti,Malachi Moore,"66 degrees, Clear.","5 mph, Out To CF.",7:10 PM.,"45,733.",9,0,3,0,3
777642,2025-06-04,R,2025,Busch Stadium,St. Louis Cardinals,Kansas City Royals,,,571945,702070,Scott Barry,Edwin Jimenez,"67 degrees, Partly Cloudy.","6 mph, In From LF.",12:46 PM.,"21,657.",10,0,1,0,3
777640,2025-06-05,R,2025,Truist Park,Atlanta Braves,Arizona Diamondbacks,10.0,11.0,656550,694297,Austin Jones,Chad Fairchild,"74 degrees, Cloudy.","3 mph, L To R.",12:16 PM.,"33,902.",9,0,0,7,3
777642,2025-06-05,R,2025,Busch Stadium,St. Louis Cardinals,Kansas City Royals,6.0,5.0,571945,702070,Scott Barry,Edwin Jimenez,"67 degrees, Partly Cloudy.","6 mph, In From LF.",12:46 PM.,"21,657.",10,0,1,0,3
777635,2025-06-05,R,2025,Busch Stadium,St. Louis Cardinals,Kansas City Royals,5.0,7.0,669461,666142,James Jean,Todd Tichenor,"73 degrees, Cloudy.","7 mph, L To R.",6:45 PM.,"31,038.",9,1,2,5,7
777634,2025-06-05,R,2025,Rate Field,Chicago White Sox,Detroit Tigers,3.0,2.0,680732,663554,Alan Porter,Jim Wolf,"65 degrees, Cloudy.","6 mph, L To R.",1:11 PM.,"11,630.",10,0,0,2,0
777637,2025-06-05,R,2025,Rogers Centre,Toronto Blue Jays,Philadelphia Phillies,9.0,1.0,605135,666200,Adrian Johnson,Quinn Wolcott,"68 degrees, Roof Closed.","0 mph, None.",3:09 PM.,"33,728.",9,0,0,8,0
777636,2025-06-05,R,2025,Sutter Health Park,Athletics,Minnesota Twins,14.0,3.0,687765,701581,Brian Walsh,Lance Barrett,"80 degrees, Sunny.","10 mph, Out To CF.",12:36 PM.,"8,877.",9,4,0,12,1
777628,2025-06-05,R,2025,T-Mobile Park,Seattle Mariners,Baltimore Orioles,3.0,4.0,693433,621107,John Tumpane,Chris Conroy,"67 degrees, Sunny.","6 mph, L To R.",12:42 PM.,"27,887.",9,0,0,3,1
777633,2025-06-05,R,2025,Oracle Park,San Francisco Giants,San Diego Padres,3.0,2.0,592662,656302,Will Little,Ryan Wills,"64 degrees, Sunny.","12 mph, Out To CF.",12:45 PM.,"37,436.",9,0,0,3,2
777631,2025-06-05,R,2025,Dodger Stadium,Los Angeles Dodgers,New York Mets,6.0,5.0,689017,656849,Malachi Moore,Andy Fletcher,"74 degrees, Sunny.","2 mph, Calm.",1:10 PM.,"46,364.",9,0,0,3,4
777630,2025-06-05,R,2025,PNC Park,Pittsburgh Pirates,Houston Astros,2.0,8.0,656605,664285,James Hoye,Sean Barber,"69 degrees, Overcast.","6 mph, Out To RF.",10:02 PM.,"13,775.",9,0,0,2,4
777632,2025-06-05,R,2025,Nationals Park,Washington Nationals,Chicago Cubs,1.0,7.0,663623,519141,Nate Tomlinson,Mark Wegner,"84 degrees, Partly Cloudy.","2 mph, Out To CF.",6:45 PM.,"30,402.",9,0,2,0,3
777644,2025-06-05,R,2025,Yankee Stadium,New York Yankees,Cleveland Guardians,4.0,0.0,608331,677944,Cory Blaser,Alex Tosi,"86 degrees, Partly Cloudy.","8 mph, Out To LF.",7:09 PM.,"41,665.",9,0,0,2,0
777629,2025-06-05,R,2025,George M. Steinbrenner Field,Tampa Bay Rays,Texas Rangers,4.0,3.0,686752,683004,Charlie Ramos,Jordan Baker,"87 degrees, Overcast.","7 mph, Out To CF.",7:35 PM.,"10,046.",9,0,0,1,2
777625,2025-06-06,R,2025,George M. Steinbrenner Field,Tampa Bay Rays,Miami Marlins,4.0,3.0,641793,665795,Chad Fairchild,Ben May,"87 degrees, Partly Cloudy.","8 mph, Out To CF.",1:11 PM.,"8,448.",9,1,0,3,1
777621,2025-06-06,R,2025,PNC Park,Pittsburgh Pirates,Philadelphia Phillies,5.0,4.0,663559,605452,Todd Tichenor,Nestor Ceja,"69 degrees, Rain.","3 mph, Out To CF.",8:03 PM.,"23,243.",9,1,1,4,4
777624,2025-06-06,R,2025,Nationals Park,Washington Nationals,Texas Rangers,2.0,0.0,647336,571578,Sean Barber,John Libka,"81 degrees, Cloudy.","6 mph, Out To LF.",6:45 PM.,"27,160.",9,0,0,1,0
777627,2025-06-06,R,2025,Yankee Stadium,New York Yankees,Boston Red Sox,9.0,6.0,701542,621111,Mark Wegner,Bruce Dreckman,"79 degrees, Cloudy.","6 mph, R To L.",7:31 PM.,"46,783.",9,5,0,8,1
777623,2025-06-06,R,2025,Great American Ball Park,Cincinnati Reds,Arizona Diamondbacks,4.0,3.0,666157,593958,Alex Tosi,Manny Gonzalez,"79 degrees, Partly Cloudy.","5 mph, Out To LF.",7:11 PM.,"24,697.",10,0,0,2,3
777626,2025-06-06,R,2025,Comerica Park,Detroit Tigers,Chicago Cubs,3.0,1.0,669373,676962,Emil Jimenez,Doug Eddings,"72 degrees, Partly Cloudy.","7 mph, L To R.",7:10 PM.,"40,132.",9,0,0,1,0
777622,2025-06-06,R,2025,Progressive Field,Cleveland Guardians,Houston Astros,2.0,4.0,671106,676467,Quinn Wolcott,Ramon De Jesus,"66 degrees, Overcast.","7 mph, In From CF.",7:10 PM.,"31,819.",9,0,0,1,3
777618,2025-06-06,R,2025,Rate Field,Chicago White Sox,Kansas City Royals,7.0,2.0,663436,607625,Nic Lentz,Nick Mahrley,"67 degrees, Partly Cloudy.","11 mph, Out To RF.",6:40 PM.,"36,916.",9,0,0,2,2
777615,2025-06-06,R,2025,Target Field,Minnesota Twins,Toronto Blue Jays,4.0,6.0,641927,687606,Jordan Baker,Chad Whitson,"71 degrees, Partly Cloudy.","4 mph, In From LF.",7:11 PM.,"26,847.",9,1,0,3,4
777617,2025-06-06,R,2025,American Family Field,Milwaukee Brewers,San Diego Padres,0.0,2.0,694477,681190,Edwin Moscoso,Jacob Metz,"70 degrees, Clear.","5 mph, L To R.",7:11 PM.,"32,298.",9,0,0,0,1
777620,2025-06-06,R,2025,Busch Stadium,St. Louis Cardinals,Los Angeles Dodgers,5.0,0.0,543243,680736,Jim Wolf,Chris Segal,"71 degrees, Cloudy.","6 mph, In From LF.",8:32 PM.,"40,071.",9,0,0,4,0
777616,2025-06-06,R,2025,Coors Field,Colorado Rockies,New York Mets,2.0,4.0,669020,673540,Chris Conroy,Brennan Miller,"54 degrees, Partly Cloudy.","4 mph, R To L.",6:41 PM.,"34,890.",9,0,0,1,0
777614,2025-06-06,R,2025,Angel Stadium,Los Angeles Angels,Seattle Mariners,5.0,4.0,543294,682243,Lance Barrett,Alfonso Márquez,"70 degrees, Partly Cloudy.","10 mph, Out To CF.",6:39 PM.,"34,915.",9,0,0,5,4
777613,2025-06-06,R,2025,Sutter Health Park,Athletics,Baltimore Orioles,5.0,4.0,676664,665152,Ryan Wills,Lance Barksdale,"85 degrees, Clear.","10 mph, Out To CF.",7:06 PM.,"8,424.",9,0,0,5,4
777619,2025-06-06,R,2025,Oracle Park,San Francisco Giants,Atlanta Braves,5.0,4.0,806185,680885,Andy Fletcher,Gabe Morales,"61 degrees, Partly Cloudy.","19 mph, Varies.",7:15 PM.,"39,153.",10,3,0,4,2
777609,2025-06-07,R,2025,Comerica Park,Detroit Tigers,Chicago Cubs,1.0,6.0,663947,592791,Doug Eddings,Derek Thomas,"77 degrees, Sunny.","9 mph, L To R.",1:10 PM.,"41,034.",9,0,1,1,3
777623,2025-06-07,R,2025,Great American Ball Park,Cincinnati Reds,Arizona Diamondbacks,4.0,3.0,666157,593958,Alex Tosi,Manny Gonzalez,"79 degrees, Partly Cloudy.","5 mph, Out To LF.",7:11 PM.,"24,697.",10,0,0,2,3
777600,2025-06-07,R,2025,Target Field,Minnesota Twins,Toronto Blue Jays,4.0,5.0,663978,592332,Chad Whitson,Dan Merzel,"77 degrees, Partly Cloudy.","7 mph, R To L.",1:12 PM.,"23,476.",9,0,1,2,2
777601,2025-06-07,R,2025,Busch Stadium,St. Louis Cardinals,Los Angeles Dodgers,2.0,1.0,607200,808967,Chris Segal,Alex MacKay,"71 degrees, Overcast.","6 mph, In From CF.",1:15 PM.,"37,465.",9,0,0,0,0
777610,2025-06-07,R,2025,Nationals Park,Washington Nationals,Texas Rangers,0.0,5.0,680730,594798,John Libka,Tom Hanahan,"82 degrees, Partly Cloudy.","7 mph, In From LF.",4:06 PM.,"22,670.",9,0,2,0,2
777607,2025-06-07,R,2025,PNC Park,Pittsburgh Pirates,Philadelphia Phillies,2.0,1.0,571760,624133,Nestor Ceja,Scott Barry,"77 degrees, Partly Cloudy.","5 mph, Out To CF.",4:07 PM.,"32,951.",9,1,1,1,1
777598,2025-06-07,R,2025,Oracle Park,San Francisco Giants,Atlanta Braves,3.0,2.0,657277,693821,Gabe Morales,Jansen Visconti,"61 degrees, Partly Cloudy.","16 mph, Varies.",1:05 PM.,"35,162.",9,0,0,1,1
777612,2025-06-07,R,2025,Great American Ball Park,Cincinnati Reds,Arizona Diamondbacks,13.0,1.0,607259,669194,Manny Gonzalez,Ron Kulpa,"77 degrees, Partly Cloudy.","3 mph, Out To RF.",4:11 PM.,"27,951.",9,5,0,13,1
777608,2025-06-07,R,2025,Progressive Field,Cleveland Guardians,Houston Astros,3.0,5.0,668909,686613,Ramon De Jesus,Paul Clemons,"68 degrees, Partly Cloudy.","3 mph, Out To RF.",4:10 PM.,"31,717.",10,0,0,0,1
777606,2025-06-07,R,2025,Rate Field,Chicago White Sox,Kansas City Royals,4.0,1.0,605288,608379,Nick Mahrley,Mark Ripperger,"72 degrees, Partly Cloudy.","9 mph, In From LF.",3:09 PM.,"19,099.",9,0,0,3,1
777611,2025-06-07,R,2025,George M. Steinbrenner Field,Tampa Bay Rays,Miami Marlins,10.0,11.0,671737,677960,Ben May,Roberto Ortiz,"89 degrees, Partly Cloudy.","10 mph, Out To CF.",4:20 PM.,"10,046.",10,0,0,6,10
777605,2025-06-07,R,2025,Yankee Stadium,New York Yankees,Boston Red Sox,7.0,10.0,642232,676979,Bruce Dreckman,Shane Livensparger,"73 degrees, Partly Cloudy.","11 mph, In From LF.",7:36 PM.,"47,020.",9,0,0,5,8
777597,2025-06-07,R,2025,American Family Field,Milwaukee Brewers,San Diego Padres,4.0,3.0,500779,663568,Jacob Metz,Chris Guccione,"69 degrees, Cloudy.","6 mph, In From CF.",6:37 PM.,"37,032.",9,0,0,0,1
777603,2025-06-07,R,2025,Angel Stadium,Los Angeles Angels,Seattle Mariners,8.0,6.0,686799,622491,Alfonso Márquez,Carlos Torres,"72 degrees, Clear.","8 mph, R To L.",6:38 PM.,"29,407.",9,0,3,6,4
777604,2025-06-07,R,2025,Coors Field,Colorado Rockies,New York Mets,1.0,8.0,608566,605280,Brennan Miller,Willie Traynor,"81 degrees, Clear.","5 mph, L To R.",7:41 PM.,"38,279.",9,0,0,1,3
777599,2025-06-07,R,2025,Sutter Health Park,Athletics,Baltimore Orioles,4.0,7.0,622663,450203,Lance Barksdale,John Bacon,"83 degrees, Partly Cloudy.","12 mph, Varies.",7:05 PM.,"9,185.",9,4,1,4,4
777592,2025-06-08,R,2025,George M. Steinbrenner Field,Tampa Bay Rays,Miami Marlins,3.0,2.0,656876,685107,Roberto Ortiz,Austin Jones,"89 degrees, Partly Cloudy.","8 mph, Out To CF.",12:10 PM.,"9,014.",9,0,1,2,2
777586,2025-06-08,R,2025,American Family Field,Milwaukee Brewers,San Diego Padres,0.0,1.0,642547,686701,Chris Guccione,David Rackley,"77 degrees, Partly Cloudy.","9 mph, In From RF.",12:05 PM.,"26,265.",9,0,0,0,0
777596,2025-06-08,R,2025,Nationals Park,Washington Nationals,Texas Rangers,2.0,4.0,592866,656641,Tom Hanahan,D.J. Reyburn,"72 degrees, Overcast.","8 mph, R To L.",3:15 PM.,"24,897.",9,0,0,2,3
777595,2025-06-08,R,2025,PNC Park,Pittsburgh Pirates,Philadelphia Phillies,2.0,1.0,694973,650911,Scott Barry,James Jean,"64 degrees, Overcast.","9 mph, In From RF.",1:47 PM.,"25,261.",9,0,0,1,1
777602,2025-06-08,R,2025,Great American Ball Park,Cincinnati Reds,Arizona Diamondbacks,4.0,2.0,663903,668678,Cory Blaser,Jonathan Parra,"72 degrees, Overcast.","12 mph, Out To CF.",1:41 PM.,"21,083.",9,0,0,2,2
777594,2025-06-08,R,2025,Comerica Park,Detroit Tigers,Chicago Cubs,4.0,0.0,656427,690990,Derek Thomas,Mike Muchlinski,"71 degrees, Partly Cloudy.","10 mph, In From LF.",1:41 PM.,"40,343.",9,2,0,4,0
777591,2025-06-08,R,2025,Progressive Field,Cleveland Guardians,Houston Astros,4.0,2.0,676440,687888,Paul Clemons,Adrian Johnson,"69 degrees, Cloudy.","8 mph, Out To LF.",1:42 PM.,"23,876.",9,0,0,2,0
777585,2025-06-08,R,2025,Target Field,Minnesota Twins,Toronto Blue Jays,6.0,3.0,657746,670102,Dan Merzel,Charlie Ramos,"70 degrees, Partly Cloudy.","16 mph, Out To CF.",1:13 PM.,"22,078.",9,0,0,6,3
777590,2025-06-08,R,2025,Rate Field,Chicago White Sox,Kansas City Royals,5.0,7.0,678024,547179,Mark Ripperger,Vic Carapazza,"78 degrees, Partly Cloudy.","4 mph, In From RF.",1:10 PM.,"22,137.",9,2,0,2,2
777582,2025-06-08,R,2025,Busch Stadium,St. Louis Cardinals,Los Angeles Dodgers,3.0,7.0,700241,477132,Alex MacKay,Alan Porter,"78 degrees, Sunny.","8 mph, Out To RF.",1:15 PM.,"42,255.",9,0,0,1,4
777583,2025-06-08,R,2025,Coors Field,Colorado Rockies,New York Mets,5.0,13.0,801403,656731,Willie Traynor,Jeremie Rehak,"67 degrees, Cloudy.","5 mph, In From LF.",1:12 PM.,"40,548.",9,0,0,2,8
777588,2025-06-08,R,2025,Sutter Health Park,Athletics,Baltimore Orioles,5.0,1.0,682052,608372,John Bacon,Will Little,"82 degrees, Sunny.","9 mph, Out To CF.",1:06 PM.,"8,836.",9,1,0,4,1
777587,2025-06-08,R,2025,Oracle Park,San Francisco Giants,Atlanta Braves,4.0,3.0,694738,675911,Jansen Visconti,Malachi Moore,"60 degrees, Partly Cloudy.","16 mph, Varies.",1:06 PM.,"41,026.",9,0,1,4,3
777589,2025-06-08,R,2025,Angel Stadium,Los Angeles Angels,Seattle Mariners,2.0,3.0,542881,669923,Carlos Torres,Brian Walsh,"75 degrees, Sunny.","8 mph, Out To RF.",1:08 PM.,"31,416.",9,0,1,2,3
777593,2025-06-08,R,2025,Yankee Stadium,New York Yankees,Boston Red Sox,7.0,11.0,607074,690928,Shane Livensparger,Nate Tomlinson,"68 degrees, Cloudy.","11 mph, In From RF.",7:10 PM.,"45,140.",9,2,0,3,2
777580,2025-06-09,R,2025,Progressive Field,Cleveland Guardians,Cincinnati Reds,4.0,7.0,682847,489119,James Jean,Todd Tichenor,"71 degrees, Partly Cloudy.","10 mph, Out To RF.",6:40 PM.,"23,436.",9,0,0,3,4
777574,2025-06-09,R,2025,PNC Park,Pittsburgh Pirates,Miami Marlins,10.0,3.0,681347,691587,Alan Porter,Jim Wolf,"73 degrees, Cloudy.","6 mph, R To L.",7:21 PM.,"9,283.",9,0,0,4,2
777578,2025-06-09,R,2025,Citizens Bank Park,Philadelphia Phillies,Chicago Cubs,4.0,3.0,554430,571510,Stu Scheurwater,Vic Carapazza,"71 degrees, Cloudy.","8 mph, R To L.",6:46 PM.,"41,226.",11,0,1,2,1
777584,2025-06-09,R,2025,Fenway Park,Boston Red Sox,Tampa Bay Rays,8.0,10.0,678394,669358,Junior Valentine,Marvin Hudson,"61 degrees, Overcast.","4 mph, In From RF.",7:13 PM.,"31,422.",11,0,0,1,3
777575,2025-06-09,R,2025,American Family Field,Milwaukee Brewers,Atlanta Braves,1.0,7.0,650644,519242,Mike Muchlinski,Emil Jimenez,"70 degrees, Roof Closed.","0 mph, None.",6:41 PM.,"25,145.",9,0,0,1,3
777581,2025-06-09,R,2025,Busch Stadium,St. Louis Cardinals,Toronto Blue Jays,4.0,5.0,669467,621244,Dan Bellino,Clint Vondrak,"76 degrees, Partly Cloudy.","11 mph, L To R.",6:46 PM.,"30,851.",10,0,1,0,2
777576,2025-06-09,R,2025,Angel Stadium,Los Angeles Angels,Athletics,7.0,4.0,579328,680880,Malachi Moore,Andy Fletcher,"70 degrees, Clear.","8 mph, Out To CF.",6:38 PM.,"24,884.",9,0,0,4,0
777579,2025-06-09,R,2025,Petco Park,San Diego Padres,Los Angeles Dodgers,7.0,8.0,601713,669160,Mike Estabrook,Laz Diaz,"65 degrees, Partly Cloudy.","7 mph, L To R.",6:41 PM.,"45,678.",10,2,2,6,6
777577,2025-06-09,R,2025,Chase Field,Arizona Diamondbacks,Seattle Mariners,8.0,4.0,518876,676106,Dan Iassogna,CB Bucknor,"78 degrees, Roof Closed.","0 mph, None.",6:41 PM.,"22,799.",11,1,0,2,0
777573,2025-06-10,R,2025,Oriole Park at Camden Yards,Baltimore Orioles,Detroit Tigers,3.0,5.0,700249,676428,Alex Tosi,Tom Hanahan,"81 degrees, Partly Cloudy.","7 mph, Out To RF.",6:35 PM.,"20,291.",9,0,0,1,5
777569,2025-06-10,R,2025,Progressive Field,Cleveland Guardians,Cincinnati Reds,0.0,1.0,677944,671096,Todd Tichenor,Nestor Ceja,"72 degrees, Cloudy.","7 mph, L To R.",6:40 PM.,"26,753.",9,0,0,0,1
777566,2025-06-10,R,2025,PNC Park,Pittsburgh Pirates,Miami Marlins,2.0,3.0,656605,645261,Jim Wolf,Chris Segal,"74 degrees, Clear.","12 mph, Out To CF.",6:42 PM.,"14,465.",9,0,0,0,3
777571,2025-06-10,R,2025,Citizens Bank Park,Philadelphia Phillies,Chicago Cubs,4.0,8.0,690953,607067,Vic Carapazza,Charlie Ramos,"77 degrees, Partly Cloudy.","12 mph, L To R.",6:46 PM.,"41,220.",9,0,0,4,3
777570,2025-06-10,R,2025,Citi Field,New York Mets,Washington Nationals,5.0,4.0,656288,669022,David Rackley,Edwin Moscoso,"73 degrees, Partly Cloudy.","7 mph, Out To LF.",7:11 PM.,"38,472.",10,0,2,2,4
777565,2025-06-10,R,2025,Fenway Park,Boston Red Sox,Tampa Bay Rays,3.0,1.0,608337,686752,Marvin Hudson,Tripp Gibson,"59 degrees, Overcast.","2 mph, Out To CF.",7:11 PM.,"31,917.",9,2,0,2,1
777557,2025-06-10,R,2025,Target Field,Minnesota Twins,Texas Rangers,4.0,16.0,680573,641816,James Hoye,Ryan Wills,"81 degrees, Partly Cloudy.","7 mph, Out To LF.",6:41 PM.,"24,765.",9,0,0,3,8
777572,2025-06-10,R,2025,Kauffman Stadium,Kansas City Royals,New York Yankees,2.0,10.0,702070,608331,Brian Walsh,Lance Barrett,"84 degrees, Clear.","6 mph, Out To CF.",6:40 PM.,"30,017.",9,0,2,1,5
777568,2025-06-10,R,2025,American Family Field,Milwaukee Brewers,Atlanta Braves,4.0,1.0,682990,656550,Emil Jimenez,Doug Eddings,"69 degrees, Partly Cloudy.","8 mph, L To R.",6:40 PM.,"30,028.",9,0,0,2,1
777558,2025-06-10,R,2025,Busch Stadium,St. Louis Cardinals,Toronto Blue Jays,9.0,10.0,571945,605135,Clint Vondrak,Phil Cuzzi,"79 degrees, Clear.","3 mph, Out To RF.",6:46 PM.,"29,278.",9,0,3,4,6
777567,2025-06-10,R,2025,Daikin Park,Houston Astros,Chicago White Sox,2.0,4.0,621121,681343,Jeremie Rehak,Chris Conroy,"73 degrees, Roof Closed.","0 mph, None.",7:10 PM.,"28,950.",9,0,0,1,4
777563,2025-06-10,R,2025,Coors Field,Colorado Rockies,San Francisco Giants,5.0,6.0,687223,690986,Adrian Johnson,Ramon De Jesus,"84 degrees, Cloudy.","5 mph, Out To CF.",6:40 PM.,"24,553.",9,0,1,3,2
777564,2025-06-10,R,2025,Angel Stadium,Los Angeles Angels,Athletics,2.0,1.0,667755,687765,Andy Fletcher,Gabe Morales,"73 degrees, Clear.","9 mph, Out To CF.",6:38 PM.,"27,480.",10,0,0,0,0
777560,2025-06-10,R,2025,Petco Park,San Diego Padres,Los Angeles Dodgers,11.0,1.0,656302,642152,Laz Diaz,Erich Bacchus,"65 degrees, Cloudy.","6 mph, L To R.",6:41 PM.,"45,084.",9,0,0,5,0
777559,2025-06-10,R,2025,Chase Field,Arizona Diamondbacks,Seattle Mariners,10.0,3.0,694297,688138,CB Bucknor,Scott Barry,"78 degrees, Roof Closed.","0 mph, None.",6:40 PM.,"25,140.",9,0,0,4,0
777552,2025-06-11,R,2025,PNC Park,Pittsburgh Pirates,Miami Marlins,5.0,2.0,663559,615698,Chris Segal,Alex MacKay,"73 degrees, Sunny.","9 mph, Out To LF.",12:37 PM.,"16,709.",9,0,0,4,0
777553,2025-06-11,R,2025,Citizens Bank Park,Philadelphia Phillies,Chicago Cubs,7.0,2.0,666200,676962,Charlie Ramos,Dan Merzel,"81 degrees, Sunny.","8 mph, Out To CF.",1:06 PM.,"42,660.",9,3,0,6,1
777549,2025-06-11,R,2025,Progressive Field,Cleveland Guardians,Cincinnati Reds,11.0,2.0,671106,666157,Nestor Ceja,Adam Hamari,"77 degrees, Sunny.","9 mph, L To R.",1:10 PM.,"28,564.",9,1,0,7,1
777554,2025-06-11,R,2025,American Family Field,Milwaukee Brewers,Atlanta Braves,2.0,6.0,694477,680885,Doug Eddings,Derek Thomas,"83 degrees, Cloudy.","13 mph, In From RF.",1:11 PM.,"30,809.",9,0,0,1,5
777545,2025-06-11,R,2025,Busch Stadium,St. Louis Cardinals,Toronto Blue Jays,2.0,5.0,669461,641778,Phil Cuzzi,Tony Randazzo,"83 degrees, Partly Cloudy.","6 mph, R To L.",1:16 PM.,"28,530.",9,1,0,2,5
777548,2025-06-11,R,2025,Chase Field,Arizona Diamondbacks,Seattle Mariners,5.0,2.0,593958,693433,Scott Barry,Adam Beck,"78 degrees, Roof Closed.","0 mph, None.",12:41 PM.,"25,969.",9,0,1,0,2
777542,2025-06-11,R,2025,Angel Stadium,Los Angeles Angels,Athletics,6.0,5.0,543294,676664,Gabe Morales,Jansen Visconti,"78 degrees, Sunny.","8 mph, Out To RF.",1:09 PM.,"21,741.",9,0,1,0,3
777543,2025-06-11,R,2025,Petco Park,San Diego Padres,Los Angeles Dodgers,2.0,5.0,681190,676508,Erich Bacchus,Brian O'Nora,"66 degrees, Partly Cloudy.","8 mph, Out To RF.",1:10 PM.,"45,481.",9,0,0,1,1
777562,2025-06-11,R,2025,Oriole Park at Camden Yards,Baltimore Orioles,Detroit Tigers,10.0,1.0,621107,663554,Tom Hanahan,Ron Kulpa,"84 degrees, Clear.","6 mph, Out To RF.",6:36 PM.,"18,630.",9,0,0,2,0
777555,2025-06-11,R,2025,Citi Field,New York Mets,Washington Nationals,5.0,0.0,656849,663623,Edwin Moscoso,Chad Whitson,"81 degrees, Clear.","9 mph, Out To RF.",7:10 PM.,"40,681.",9,1,0,4,0
777561,2025-06-11,R,2025,Fenway Park,Boston Red Sox,Tampa Bay Rays,4.0,3.0,621111,641793,Tripp Gibson,Ryan Blakney,"80 degrees, Partly Cloudy.","3 mph, Out To RF.",7:10 PM.,"36,003.",9,1,0,4,3
777556,2025-06-11,R,2025,Target Field,Minnesota Twins,Texas Rangers,6.0,2.0,701581,683004,Ryan Wills,Lance Barksdale,"68 degrees, Partly Cloudy.","6 mph, In From LF.",6:41 PM.,"18,904.",9,0,0,6,2
777551,2025-06-11,R,2025,Kauffman Stadium,Kansas City Royals,New York Yankees,3.0,6.0,663460,657376,Lance Barrett,Alfonso Márquez,"86 degrees, Partly Cloudy.","9 mph, R To L.",6:41 PM.,"21,182.",9,0,0,0,5
777550,2025-06-11,R,2025,Daikin Park,Houston Astros,Chicago White Sox,10.0,2.0,687473,680732,Chris Conroy,Brennan Miller,"73 degrees, Roof Closed.","0 mph, None.",7:10 PM.,"28,519.",9,3,0,8,2
777547,2025-06-11,R,2025,Coors Field,Colorado Rockies,San Francisco Giants,7.0,10.0,607536,592662,Ramon De Jesus,Edwin Jimenez,"81 degrees, Partly Cloudy.","10 mph, R To L.",6:39 PM.,"23,532.",9,0,2,5,3
777544,2025-06-12,R,2025,Citi Field,New York Mets,Washington Nationals,4.0,3.0,673540,647336,Chad Whitson,Chris Guccione,"87 degrees, Sunny.","9 mph, Out To RF.",1:12 PM.,"39,779.",9,3,0,4,0
777533,2025-06-12,R,2025,Target Field,Minnesota Twins,Texas Rangers,3.0,16.0,641927,571578,Lance Barksdale,Ryan Additon,"68 degrees, Overcast.","9 mph, In From CF.",12:11 PM.,"23,995.",9,1,1,1,7
777534,2025-06-12,R,2025,Coors Field,Colorado Rockies,San Francisco Giants,8.0,7.0,622608,806185,Edwin Jimenez,Paul Clemons,"87 degrees, Partly Cloudy.","7 mph, R To L.",1:12 PM.,"28,168.",9,0,0,2,7
777540,2025-06-12,R,2025,Oriole Park at Camden Yards,Baltimore Orioles,Detroit Tigers,1.0,4.0,669211,669373,Ron Kulpa,Cory Blaser,"88 degrees, Partly Cloudy.","7 mph, In From CF.",6:35 PM.,"18,800.",9,0,0,0,4
777536,2025-06-12,R,2025,Kauffman Stadium,Kansas City Royals,New York Yankees,0.0,1.0,607625,701542,Alfonso Márquez,Carlos Torres,"78 degrees, Cloudy.","8 mph, L To R.",6:40 PM.,"23,412.",9,0,0,0,0
777532,2025-06-12,R,2025,American Family Field,Milwaukee Brewers,St. Louis Cardinals,6.0,0.0,694819,543243,Dan Merzel,Stu Scheurwater,"72 degrees, Roof Closed.","0 mph, None.",6:40 PM.,"27,687.",9,0,0,6,0
777541,2025-06-12,R,2025,Wrigley Field,Chicago Cubs,Pittsburgh Pirates,3.0,2.0,592791,571760,Tony Randazzo,Dan Bellino,"64 degrees, Cloudy.","10 mph, In From LF.",7:05 PM.,"40,174.",9,0,0,2,0
777546,2025-06-12,R,2025,Daikin Park,Houston Astros,Chicago White Sox,4.0,3.0,664285,663436,Brennan Miller,John Tumpane,"73 degrees, Roof Closed.","0 mph, None.",7:12 PM.,"28,003.",9,0,0,4,2
777526,2025-06-13,R,2025,Wrigley Field,Chicago Cubs,Pittsburgh Pirates,1.0,2.0,690990,694973,Dan Bellino,Clint Vondrak,"69 degrees, Cloudy.","4 mph, R To L.",1:20 PM.,"39,457.",10,0,0,0,0
777531,2025-06-13,R,2025,Citizens Bank Park,Philadelphia Phillies,Toronto Blue Jays,8.0,0.0,624133,592332,Chris Guccione,Edwin Moscoso,"82 degrees, Partly Cloudy.","10 mph, R To L.",6:46 PM.,"40,596.",9,0,0,4,0
777530,2025-06-13,R,2025,Nationals Park,Washington Nationals,Miami Marlins,9.0,11.0,680730,665795,Cory Blaser,Alex Tosi,"86 degrees, Cloudy.","7 mph, In From RF.",6:46 PM.,"31,098.",9,0,1,2,8
777539,2025-06-13,R,2025,Oriole Park at Camden Yards,Baltimore Orioles,Los Angeles Angels,2.0,0.0,450203,686799,Adam Hamari,James Jean,"86 degrees, Cloudy.","6 mph, R To L.",8:15 PM.,"20,204.",9,0,0,2,0
777538,2025-06-13,R,2025,Comerica Park,Detroit Tigers,Cincinnati Reds,11.0,5.0,676428,607259,Carlos Torres,Brian Walsh,"68 degrees, Overcast.","9 mph, In From LF.",7:17 PM.,"40,413.",9,1,0,3,2
777528,2025-06-13,R,2025,Citi Field,New York Mets,Tampa Bay Rays,5.0,7.0,605280,671737,Ryan Additon,Ryan Wills,"77 degrees, Cloudy.","7 mph, R To L.",7:10 PM.,"41,622.",9,0,0,5,1
777537,2025-06-13,R,2025,Fenway Park,Boston Red Sox,New York Yankees,2.0,1.0,676979,642232,John Tumpane,Jeremie Rehak,"65 degrees, Clear.","5 mph, In From RF.",7:11 PM.,"36,622.",10,0,0,1,0
777535,2025-06-13,R,2025,Truist Park,Atlanta Braves,Colorado Rockies,12.0,4.0,693821,608566,Alex MacKay,Alan Porter,"84 degrees, Partly Cloudy.","7 mph, In From RF.",7:16 PM.,"39,303.",9,1,2,1,4
777524,2025-06-13,R,2025,Globe Life Field,Texas Rangers,Chicago White Sox,3.0,1.0,542888,605288,Ryan Blakney,Junior Valentine,"74 degrees, Roof Closed.","0 mph, None.",7:08 PM.,"31,934.",9,1,0,3,0
777529,2025-06-13,R,2025,Kauffman Stadium,Kansas City Royals,Athletics,4.0,6.0,608379,622663,Paul Clemons,Adrian Johnson,"80 degrees, Cloudy.","7 mph, In From CF.",7:22 PM.,"29,586.",9,1,0,1,3
777527,2025-06-13,R,2025,Daikin Park,Houston Astros,Minnesota Twins,10.0,3.0,676467,663978,Brian O'Nora,Mike Estabrook,"73 degrees, Roof Closed.","0 mph, None.",7:12 PM.,"38,402.",9,3,0,9,1
777525,2025-06-13,R,2025,American Family Field,Milwaukee Brewers,St. Louis Cardinals,3.0,2.0,642547,607200,Stu Scheurwater,Vic Carapazza,"70 degrees, Roof Closed.","0 mph, None.",7:10 PM.,"30,026.",9,0,0,1,1
777521,2025-06-13,R,2025,Chase Field,Arizona Diamondbacks,San Diego Padres,5.0,1.0,669194,663568,Jansen Visconti,James Hoye,"78 degrees, Roof Closed.","0 mph, None.",6:40 PM.,"33,052.",9,0,1,5,1
777520,2025-06-13,R,2025,T-Mobile Park,Seattle Mariners,Cleveland Guardians,7.0,2.0,622491,668909,Derek Thomas,Mike Muchlinski,"62 degrees, Cloudy.","5 mph, Out To CF.",7:10 PM.,"34,378.",9,0,0,2,2
777522,2025-06-13,R,2025,Dodger Stadium,Los Angeles Dodgers,San Francisco Giants,2.0,6.0,808967,657277,Adam Beck,Dan Iassogna,"70 degrees, Partly Cloudy.","1 mph, L To R.",7:10 PM.,"53,022.",9,0,1,1,5
777514,2025-06-14,R,2025,Nationals Park,Washington Nationals,Miami Marlins,3.0,4.0,592866,806188,Alex Tosi,Brock Ballou,"80 degrees, Partly Cloudy.","2 mph, In From LF.",1:05 PM.,"21,129.",9,0,0,1,1
777517,2025-06-14,R,2025,Comerica Park,Detroit Tigers,Cincinnati Reds,1.0,11.0,656427,663903,Brian Walsh,Lance Barrett,"71 degrees, Partly Cloudy.","10 mph, In From LF.",1:10 PM.,"38,199.",9,0,0,1,7
777513,2025-06-14,R,2025,Wrigley Field,Chicago Cubs,Pittsburgh Pirates,2.0,1.0,571510,681347,Clint Vondrak,Phil Cuzzi,"64 degrees, Cloudy.","8 mph, In From CF.",1:20 PM.,"39,554.",9,0,1,1,1
777519,2025-06-14,R,2025,Oriole Park at Camden Yards,Baltimore Orioles,Los Angeles Angels,6.0,5.0,608372,542881,James Jean,Nestor Ceja,"83 degrees, Overcast.","2 mph, In From CF.",4:06 PM.,"26,313.",9,1,2,3,3
777509,2025-06-14,R,2025,Citizens Bank Park,Philadelphia Phillies,Toronto Blue Jays,3.0,2.0,650911,670102,Edwin Moscoso,Tom Hanahan,"65 degrees, Overcast.","9 mph, In From RF.",4:07 PM.,"43,711.",9,0,0,2,2
777508,2025-06-14,R,2025,Globe Life Field,Texas Rangers,Chicago White Sox,5.0,4.0,594798,678024,Junior Valentine,Marvin Hudson,"74 degrees, Roof Closed.","0 mph, None.",3:08 PM.,"38,122.",11,0,0,1,2
777511,2025-06-14,R,2025,Kauffman Stadium,Kansas City Royals,Athletics,0.0,4.0,547179,682052,Adrian Johnson,Ramon De Jesus,"86 degrees, Partly Cloudy.","12 mph, R To L.",3:11 PM.,"29,034.",9,0,0,0,3
777518,2025-06-14,R,2025,Citi Field,New York Mets,Tampa Bay Rays,4.0,8.0,656731,656876,Ryan Wills,Lance Barksdale,"64 degrees, Cloudy.","9 mph, In From RF.",5:01 PM.,"41,662.",9,0,0,4,7
777510,2025-06-14,R,2025,Daikin Park,Houston Astros,Minnesota Twins,3.0,2.0,686613,657746,Mike Estabrook,Laz Diaz,"73 degrees, Roof Closed.","0 mph, None.",3:12 PM.,"36,315.",9,0,0,2,2
777523,2025-06-14,R,2025,Truist Park,Atlanta Braves,Colorado Rockies,4.0,1.0,675911,801403,Alan Porter,Jim Wolf,"86 degrees, Overcast.","8 mph, Out To RF.",4:22 PM.,"38,515.",9,1,0,4,0
777512,2025-06-14,R,2025,American Family Field,Milwaukee Brewers,St. Louis Cardinals,5.0,8.0,500779,669467,Vic Carapazza,Charlie Ramos,"67 degrees, Sunny.","10 mph, L To R.",3:11 PM.,"39,017.",9,0,1,4,7
777515,2025-06-14,R,2025,Chase Field,Arizona Diamondbacks,San Diego Padres,8.0,7.0,668678,686701,James Hoye,Andy Fletcher,"78 degrees, Roof Closed.","0 mph, None.",4:15 PM.,"37,561.",9,0,0,3,1
777516,2025-06-14,R,2025,Fenway Park,Boston Red Sox,New York Yankees,4.0,3.0,690928,607074,Jeremie Rehak,Chris Conroy,"61 degrees, Cloudy.","4 mph, Varies.",7:16 PM.,"36,414.",9,1,0,3,0
777507,2025-06-14,R,2025,T-Mobile Park,Seattle Mariners,Cleveland Guardians,4.0,3.0,669923,676440,Mike Muchlinski,Emil Jimenez,"67 degrees, Partly Cloudy.","7 mph, L To R.",6:41 PM.,"32,211.",9,2,0,2,2
777506,2025-06-14,R,2025,Dodger Stadium,Los Angeles Dodgers,San Francisco Giants,11.0,5.0,477132,694738,Dan Iassogna,CB Bucknor,"72 degrees, Partly Cloudy.","8 mph, Varies.",7:10 PM.,"51,548.",9,1,0,7,0
777505,2025-06-15,R,2025,Comerica Park,Detroit Tigers,Cincinnati Reds,4.0,8.0,663947,489119,Lance Barrett,Alfonso Márquez,"75 degrees, Sunny.","9 mph, In From LF.",12:05 PM.,"40,418.",9,0,0,2,2
777501,2025-06-15,R,2025,Oriole Park at Camden Yards,Baltimore Orioles,Los Angeles Angels,11.0,2.0,656240,579328,Nestor Ceja,Todd Tichenor,"68 degrees, Cloudy.","5 mph, In From RF.",1:36 PM.,"33,370.",9,2,1,3,2
777499,2025-06-15,R,2025,Citizens Bank Park,Philadelphia Phillies,Toronto Blue Jays,11.0,4.0,554430,621244,Tom Hanahan,Chad Whitson,"62 degrees, Cloudy.","7 mph, In From RF.",1:35 PM.,"44,681.",9,1,0,6,2
777504,2025-06-15,R,2025,Truist Park,Atlanta Braves,Colorado Rockies,1.0,10.0,656550,596295,Jim Wolf,Chris Segal,"81 degrees, Partly Cloudy.","6 mph, In From RF.",1:37 PM.,"39,405.",9,0,0,0,1
777503,2025-06-15,R,2025,Nationals Park,Washington Nationals,Miami Marlins,1.0,3.0,669022,691587,Brock Ballou,Ron Kulpa,"65 degrees, Cloudy.","6 mph, In From RF.",1:35 PM.,"28,293.",9,1,1,1,2
777500,2025-06-15,R,2025,Fenway Park,Boston Red Sox,New York Yankees,2.0,0.0,678394,608331,Chris Conroy,Brennan Miller,"64 degrees, Partly Cloudy.","3 mph, In From RF.",1:37 PM.,"36,475.",9,1,0,2,0
777502,2025-06-15,R,2025,Citi Field,New York Mets,Tampa Bay Rays,0.0,9.0,656288,669358,Lance Barksdale,John Bacon,"62 degrees, Cloudy.","4 mph, In From RF.",1:41 PM.,"42,804.",9,0,0,0,6
777496,2025-06-15,R,2025,Kauffman Stadium,Kansas City Royals,Athletics,2.0,3.0,702070,605488,Ramon De Jesus,Edwin Jimenez,"83 degrees, Partly Cloudy.","2 mph, In From RF.",1:14 PM.,"27,272.",9,0,0,2,0
777494,2025-06-15,R,2025,Daikin Park,Houston Astros,Minnesota Twins,2.0,1.0,687888,680573,Laz Diaz,Erich Bacchus,"73 degrees, Roof Closed.","0 mph, None.",1:11 PM.,"39,757.",10,0,0,0,1
777492,2025-06-15,R,2025,American Family Field,Milwaukee Brewers,St. Louis Cardinals,3.0,2.0,682990,571945,Charlie Ramos,Dan Merzel,"70 degrees, Partly Cloudy.","6 mph, In From LF.",1:10 PM.,"40,629.",9,0,0,2,1
777497,2025-06-15,R,2025,Wrigley Field,Chicago Cubs,Pittsburgh Pirates,3.0,2.0,607067,656605,Phil Cuzzi,Tony Randazzo,"75 degrees, Partly Cloudy.","8 mph, In From CF.",1:20 PM.,"40,162.",10,2,2,2,2
777493,2025-06-15,R,2025,Globe Life Field,Texas Rangers,Chicago White Sox,2.0,1.0,677958,650644,Marvin Hudson,Tripp Gibson,"74 degrees, Roof Closed.","0 mph, None.",1:38 PM.,"38,037.",9,0,0,2,0
777491,2025-06-15,R,2025,Chase Field,Arizona Diamondbacks,San Diego Padres,2.0,8.0,518876,601713,Andy Fletcher,Gabe Morales,"78 degrees, Roof Closed.","0 mph, None.",1:11 PM.,"42,676.",9,0,0,2,4
777495,2025-06-15,R,2025,T-Mobile Park,Seattle Mariners,Cleveland Guardians,6.0,0.0,676106,682847,Emil Jimenez,Doug Eddings,"65 degrees, Partly Cloudy.","4 mph, L To R.",1:10 PM.,"40,871.",9,0,0,6,0
777498,2025-06-15,R,2025,Dodger Stadium,Los Angeles Dodgers,San Francisco Giants,5.0,4.0,669160,663546,CB Bucknor,Scott Barry,"81 degrees, Sunny.","3 mph, Out To RF.",4:11 PM.,"53,980.",9,1,0,5,3
777483,2025-06-16,R,2025,loanDepot park,Miami Marlins,Philadelphia Phillies,2.0,5.0,645261,690953,Brian O'Nora,Mike Estabrook,"72 degrees, Roof Closed.","0 mph, None.",6:40 PM.,"9,898.",9,0,1,1,2
777488,2025-06-16,R,2025,Nationals Park,Washington Nationals,Colorado Rockies,4.0,6.0,663623,687223,Erich Bacchus,Stu Scheurwater,"66 degrees, Cloudy.","5 mph, In From RF.",6:45 PM.,"11,370.",9,0,2,4,3
777487,2025-06-16,R,2025,Yankee Stadium,New York Yankees,Los Angeles Angels,0.0,1.0,657376,667755,Bill Miller,Chad Fairchild,"68 degrees, Cloudy.","9 mph, In From CF.",7:10 PM.,"37,398.",11,0,0,0,0
777484,2025-06-16,R,2025,George M. Steinbrenner Field,Tampa Bay Rays,Baltimore Orioles,7.0,1.0,686752,621107,Mark Wegner,Bruce Dreckman,"89 degrees, Partly Cloudy.","7 mph, L To R.",7:35 PM.,"10,046.",9,1,0,7,1
777486,2025-06-16,R,2025,T-Mobile Park,Seattle Mariners,Boston Red Sox,0.0,2.0,669302,608337,D.J. Reyburn,Sean Barber,"69 degrees, Clear.","5 mph, L To R.",6:40 PM.,"24,490.",9,0,1,0,2
777485,2025-06-16,R,2025,Sutter Health Park,Athletics,Houston Astros,3.0,1.0,687765,687473,Doug Eddings,Derek Thomas,"82 degrees, Clear.","10 mph, Out To RF.",7:10 PM.,"8,766.",9,0,1,1,1
777490,2025-06-16,R,2025,Dodger Stadium,Los Angeles Dodgers,San Diego Padres,6.0,3.0,660271,656302,Tripp Gibson,Ryan Blakney,"77 degrees, Clear.","4 mph, L To R.",7:10 PM.,"53,207.",9,0,1,6,2
777481,2025-06-17,R,2025,loanDepot park,Miami Marlins,Philadelphia Phillies,8.0,3.0,615698,666200,Mike Estabrook,Austin Jones,"72 degrees, Roof Closed.","0 mph, None.",6:10 PM.,"8,300.",9,0,0,2,3
777475,2025-06-17,R,2025,Comerica Park,Detroit Tigers,Pittsburgh Pirates,7.0,3.0,663554,663559,Chad Whitson,Chris Guccione,"83 degrees, Clear.","12 mph, In From RF.",6:40 PM.,"27,449.",9,0,0,3,3
777480,2025-06-17,R,2025,Nationals Park,Washington Nationals,Colorado Rockies,6.0,10.0,647336,622608,Stu Scheurwater,Jordan Baker,"80 degrees, Partly Cloudy.","2 mph, Out To LF.",6:45 PM.,"17,232.",9,1,0,1,3
777476,2025-06-17,R,2025,Yankee Stadium,New York Yankees,Los Angeles Angels,0.0,4.0,701542,543294,Chad Fairchild,Ben May,"67 degrees, Overcast.","5 mph, In From RF.",7:10 PM.,"35,278.",9,0,0,0,3
777479,2025-06-17,R,2025,Rogers Centre,Toronto Blue Jays,Arizona Diamondbacks,5.0,4.0,605135,694297,Will Little,John Bacon,"69 degrees, Clear.","8 mph, Out To LF.",7:09 PM.,"38,537.",9,1,0,2,3
777478,2025-06-17,R,2025,Great American Ball Park,Cincinnati Reds,Minnesota Twins,6.0,5.0,671096,701581,Tony Randazzo,Dan Bellino,"77 degrees, Overcast.","6 mph, In From RF.",7:12 PM.,"26,153.",9,0,0,4,1
777489,2025-06-17,R,2025,Truist Park,Atlanta Braves,New York Mets,5.0,4.0,680885,656849,Quinn Wolcott,Edwin Jimenez,"72 degrees, Cloudy.","9 mph, L To R.",8:11 PM.,"36,791.",10,0,1,1,4
777477,2025-06-17,R,2025,George M. Steinbrenner Field,Tampa Bay Rays,Baltimore Orioles,1.0,5.0,641793,665152,Bruce Dreckman,Shane Livensparger,"87 degrees, Partly Cloudy.","10 mph, Out To CF.",7:35 PM.,"10,046.",9,0,0,1,2
777467,2025-06-17,R,2025,Rate Field,Chicago White Sox,St. Louis Cardinals,2.0,12.0,681343,669461,Alfonso Márquez,Carlos Torres,"85 degrees, Partly Cloudy.","10 mph, R To L.",6:41 PM.,"16,974.",9,1,0,2,6
777468,2025-06-17,R,2025,Globe Life Field,Texas Rangers,Kansas City Royals,1.0,6.0,683004,607625,Gabe Morales,Jansen Visconti,"74 degrees, Roof Closed.","0 mph, None.",7:09 PM.,"34,408.",9,0,3,1,5
777482,2025-06-17,R,2025,Wrigley Field,Chicago Cubs,Milwaukee Brewers,5.0,3.0,676962,694477,Scott Barry,Adam Beck,"90 degrees, Partly Cloudy.","9 mph, Out To CF.",7:05 PM.,"38,687.",9,0,0,4,2
777473,2025-06-17,R,2025,T-Mobile Park,Seattle Mariners,Boston Red Sox,8.0,0.0,693433,621111,Sean Barber,James Hoye,"73 degrees, Partly Cloudy.","9 mph, Out To CF.",6:42 PM.,"26,974.",9,0,0,8,0
777472,2025-06-17,R,2025,Oracle Park,San Francisco Giants,Cleveland Guardians,2.0,3.0,592662,677944,Nic Lentz,Vic Carapazza,"63 degrees, Clear.","10 mph, Out To CF.",6:45 PM.,"36,222.",9,1,0,2,2
777469,2025-06-17,R,2025,Sutter Health Park,Athletics,Houston Astros,3.0,13.0,676664,669920,Derek Thomas,Mike Muchlinski,"89 degrees, Clear.","9 mph, Out To CF.",7:06 PM.,"8,315.",9,0,2,0,9
777471,2025-06-17,R,2025,Dodger Stadium,Los Angeles Dodgers,San Diego Padres,8.0,6.0,676263,681190,Ryan Blakney,Jacob Metz,"81 degrees, Clear.","2 mph, Calm.",7:10 PM.,"51,555.",9,0,1,3,3
777453,2025-06-18,R,2025,T-Mobile Park,Seattle Mariners,Boston Red Sox,1.0,3.0,622491,676979,James Hoye,John Libka,"70 degrees, Partly Cloudy.","5 mph, In From LF.",1:10 PM.,"32,200.",9,0,0,1,3
777465,2025-06-18,R,2025,loanDepot park,Miami Marlins,Philadelphia Phillies,2.0,4.0,800049,624133,Austin Jones,Laz Diaz,"72 degrees, Roof Closed.","0 mph, None.",6:40 PM.,"9,570.",9,0,0,1,4
777461,2025-06-18,R,2025,Nationals Park,Washington Nationals,Colorado Rockies,1.0,3.0,680730,608566,Jordan Baker,Charlie Ramos,"78 degrees, Cloudy.","12 mph, Out To RF.",8:31 PM.,"20,366.",9,0,0,0,0
777466,2025-06-18,R,2025,Yankee Stadium,New York Yankees,Los Angeles Angels,2.0,3.0,642232,686799,Ben May,Roberto Ortiz,"80 degrees, Overcast.","8 mph, In From RF.",7:10 PM.,"43,255.",9,0,1,2,2
777462,2025-06-18,R,2025,Rogers Centre,Toronto Blue Jays,Arizona Diamondbacks,8.0,1.0,641778,593958,John Bacon,Ryan Additon,"68 degrees, Roof Closed.","0 mph, None.",7:07 PM.,"27,635.",9,1,0,2,0
777474,2025-06-18,R,2025,Great American Ball Park,Cincinnati Reds,Minnesota Twins,4.0,2.0,666157,641927,David Rackley,Phil Cuzzi,"75 degrees, Overcast.","14 mph, R To L.",9:17 PM.,"25,911.",6,2,1,4,2
777470,2025-06-18,R,2025,Truist Park,Atlanta Braves,New York Mets,5.0,0.0,519242,621112,Edwin Jimenez,Paul Clemons,"77 degrees, Partly Cloudy.","7 mph, In From RF.",7:17 PM.,"39,926.",9,3,0,4,0
777463,2025-06-18,R,2025,George M. Steinbrenner Field,Tampa Bay Rays,Baltimore Orioles,12.0,8.0,671737,669432,Shane Livensparger,Brock Ballou,"87 degrees, Partly Cloudy.","6 mph, Out To CF.",7:35 PM.,"10,046.",9,0,0,8,8
777460,2025-06-18,R,2025,Globe Life Field,Texas Rangers,Kansas City Royals,3.0,6.0,571578,663460,Jansen Visconti,Willie Traynor,"74 degrees, Roof Closed.","0 mph, None.",7:09 PM.,"26,520.",9,2,0,3,4
777454,2025-06-18,R,2025,Oracle Park,San Francisco Giants,Cleveland Guardians,2.0,4.0,434378,671106,Vic Carapazza,Nick Mahrley,"69 degrees, Clear.","10 mph, Out To CF.",6:45 PM.,"34,055.",9,0,1,2,4
777456,2025-06-18,R,2025,Sutter Health Park,Athletics,Houston Astros,4.0,11.0,622663,664285,Mike Muchlinski,Emil Jimenez,"95 degrees, Clear.","8 mph, Out To CF.",7:05 PM.,"8,803.",9,0,0,1,2
777457,2025-06-18,R,2025,Dodger Stadium,Los Angeles Dodgers,San Diego Padres,4.0,3.0,686218,663568,Jacob Metz,Marvin Hudson,"77 degrees, Clear.","5 mph, L To R.",7:10 PM.,"53,568.",9,0,0,3,1
777464,2025-06-18,R,2025,Comerica Park,Detroit Tigers,Pittsburgh Pirates,,,663947,694973,Dexter Kelley,Chad Whitson,"71 degrees, Clear.","9 mph, Out To LF.",6:10 PM.,"28,540.",10,0,0,2,4
777458,2025-06-18,R,2025,Rate Field,Chicago White Sox,St. Louis Cardinals,,,678024,700241,Brian Walsh,Lance Barrett,"79 degrees, Partly Cloudy.","6 mph, L To R.",4:45 PM.,"20,816.",10,0,0,1,6
777459,2025-06-18,R,2025,Wrigley Field,Chicago Cubs,Milwaukee Brewers,,,690990,642547,Stu Scheurwater,Brock Ballou,"79 degrees, Partly Cloudy.","2 mph, R To L.",1:20 PM.,"38,971.",9,0,0,0,2
777452,2025-06-19,R,2025,Great American Ball Park,Cincinnati Reds,Minnesota Twins,5.0,12.0,607259,663978,Phil Cuzzi,Jonathan Parra,"75 degrees, Partly Cloudy.","10 mph, Varies.",12:41 PM.,"27,306.",9,2,1,4,9
777445,2025-06-19,R,2025,Nationals Park,Washington Nationals,Colorado Rockies,4.0,3.0,592866,801403,Charlie Ramos,Erich Bacchus,"90 degrees, Cloudy.","12 mph, R To L.",1:05 PM.,"21,850.",11,0,0,2,2
777449,2025-06-19,R,2025,Yankee Stadium,New York Yankees,Los Angeles Angels,7.0,3.0,607074,542881,Roberto Ortiz,Bill Miller,"89 degrees, Partly Cloudy.","11 mph, Out To LF.",1:10 PM.,"45,671.",9,1,1,4,2
777451,2025-06-19,R,2025,Comerica Park,Detroit Tigers,Pittsburgh Pirates,9.0,2.0,669373,571760,Edwin Moscoso,Tyler Jones,"64 degrees, Cloudy.","13 mph, Out To CF.",1:50 PM.,"33,368.",9,1,0,9,1
777464,2025-06-19,R,2025,Comerica Park,Detroit Tigers,Pittsburgh Pirates,4.0,8.0,663947,694973,Dexter Kelley,Chad Whitson,"71 degrees, Clear.","9 mph, Out To LF.",6:10 PM.,"28,540.",10,0,0,2,4
777447,2025-06-19,R,2025,Rate Field,Chicago White Sox,St. Louis Cardinals,4.0,5.0,680732,607200,Carlos Torres,Steven Jaschinski,"76 degrees, Partly Cloudy.","6 mph, Out To RF.",1:12 PM.,,9,0,1,2,1
777458,2025-06-19,R,2025,Rate Field,Chicago White Sox,St. Louis Cardinals,6.0,8.0,678024,700241,Brian Walsh,Lance Barrett,"79 degrees, Partly Cloudy.","6 mph, L To R.",4:45 PM.,"20,816.",10,0,0,1,6
777450,2025-06-19,R,2025,Wrigley Field,Chicago Cubs,Milwaukee Brewers,7.0,8.0,592791,642547,Adam Beck,Dan Iassogna,"79 degrees, Sunny.","8 mph, R To L.",1:20 PM.,"41,078.",9,2,1,3,8
777443,2025-06-19,R,2025,Globe Life Field,Texas Rangers,Kansas City Royals,1.0,4.0,542888,608379,Willie Traynor,Andy Fletcher,"74 degrees, Roof Closed.","0 mph, None.",1:38 PM.,"37,308.",9,0,2,0,3
777448,2025-06-19,R,2025,Rogers Centre,Toronto Blue Jays,Arizona Diamondbacks,5.0,9.0,592332,669194,Ryan Additon,Lance Barksdale,"74 degrees, Cloudy.","20 mph, L To R.",3:09 PM.,"33,978.",9,0,0,1,7
777440,2025-06-19,R,2025,Oracle Park,San Francisco Giants,Cleveland Guardians,2.0,1.0,657277,668909,Nick Mahrley,Mark Ripperger,"61 degrees, Sunny.","21 mph, Out To CF.",1:05 PM.,"40,093.",9,0,0,0,1
777444,2025-06-19,R,2025,loanDepot park,Miami Marlins,Philadelphia Phillies,1.0,2.0,665795,650911,Laz Diaz,Brian O'Nora,"72 degrees, Roof Closed.","0 mph, None.",6:40 PM.,"10,411.",9,0,0,1,0
777455,2025-06-19,R,2025,Truist Park,Atlanta Braves,New York Mets,7.0,1.0,675911,605280,Paul Clemons,Ramon De Jesus,"82 degrees, Partly Cloudy.","11 mph, Out To LF.",7:16 PM.,"39,234.",9,0,0,3,1
777446,2025-06-19,R,2025,George M. Steinbrenner Field,Tampa Bay Rays,Baltimore Orioles,1.0,4.0,656876,450203,Brock Ballou,Mark Wegner,"82 degrees, Cloudy.","5 mph, R To L.",7:45 PM.,"10,046.",9,0,0,1,1
777441,2025-06-19,R,2025,Sutter Health Park,Athletics,Houston Astros,6.0,4.0,682052,676467,Emil Jimenez,Doug Eddings,"77 degrees, Clear.","16 mph, Out To CF.",7:05 PM.,"8,670.",10,0,0,2,1
777442,2025-06-19,R,2025,Dodger Stadium,Los Angeles Dodgers,San Diego Padres,3.0,5.0,808967,686701,Marvin Hudson,Tripp Gibson,"70 degrees, Clear.","3 mph, L To R.",7:11 PM.,"53,280.",9,0,0,0,2
777436,2025-06-20,R,2025,Wrigley Field,Chicago Cubs,Seattle Mariners,4.0,9.0,571510,669923,Chris Guccione,Chad Whitson,"82 degrees, Partly Cloudy.","12 mph, Out To CF.",1:20 PM.,"40,787.",9,3,1,4,2
777432,2025-06-20,R,2025,PNC Park,Pittsburgh Pirates,Texas Rangers,2.0,6.0,681347,594798,Mark Wegner,Bruce Dreckman,"78 degrees, Cloudy.","5 mph, Out To CF.",6:40 PM.,"31,327.",9,0,2,2,4
777431,2025-06-20,R,2025,George M. Steinbrenner Field,Tampa Bay Rays,Detroit Tigers,14.0,8.0,669358,656427,Ramon De Jesus,Quinn Wolcott,"77 degrees, Rain.","5 mph, L To R.",7:55 PM.,"10,046.",9,4,0,9,3
777438,2025-06-20,R,2025,Yankee Stadium,New York Yankees,Baltimore Orioles,3.0,5.0,608331,608372,Adam Hamari,Andy Fletcher,"82 degrees, Partly Cloudy.","10 mph, Out To LF.",7:10 PM.,"47,034.",9,2,2,3,2
777435,2025-06-20,R,2025,Rogers Centre,Toronto Blue Jays,Chicago White Sox,1.0,7.0,605513,691799,Erich Bacchus,Stu Scheurwater,"69 degrees, Cloudy.","17 mph, Out To RF.",7:08 PM.,"36,121.",9,0,1,0,7
777439,2025-06-20,R,2025,loanDepot park,Miami Marlins,Atlanta Braves,6.0,2.0,676083,800311,Lance Barksdale,Will Little,"72 degrees, Roof Closed.","0 mph, None.",7:11 PM.,"12,146.",9,0,0,4,1
777433,2025-06-20,R,2025,Busch Stadium,St. Louis Cardinals,Cincinnati Reds,6.0,1.0,669467,663903,Dan Iassogna,CB Bucknor,"89 degrees, Clear.","9 mph, Out To LF.",6:16 PM.,"35,334.",9,0,0,1,0
777437,2025-06-20,R,2025,Citizens Bank Park,Philadelphia Phillies,New York Mets,10.0,2.0,554430,694918,Jonathan Parra,Clint Vondrak,"84 degrees, Partly Cloudy.","14 mph, Out To RF.",7:16 PM.,"44,432.",9,0,0,2,0
777434,2025-06-20,R,2025,Target Field,Minnesota Twins,Milwaukee Brewers,6.0,17.0,657746,694819,Bill Miller,Chad Fairchild,"85 degrees, Partly Cloudy.","11 mph, In From LF.",7:15 PM.,"28,011.",9,0,0,0,1
777430,2025-06-20,R,2025,Coors Field,Colorado Rockies,Arizona Diamondbacks,8.0,14.0,596295,668678,Brian O'Nora,Mike Estabrook,"98 degrees, Clear.","12 mph, Out To CF.",6:41 PM.,"31,851.",9,0,1,7,9
777428,2025-06-20,R,2025,Angel Stadium,Los Angeles Angels,Houston Astros,2.0,3.0,579328,686613,John Libka,D.J. Reyburn,"71 degrees, Clear.","9 mph, Out To CF.",6:38 PM.,"29,580.",10,0,2,1,2
777426,2025-06-20,R,2025,Petco Park,San Diego Padres,Kansas City Royals,5.0,6.0,601713,547179,Mark Ripperger,Nic Lentz,"67 degrees, Partly Cloudy.","7 mph, L To R.",6:41 PM.,"43,574.",9,0,1,1,4
777429,2025-06-20,R,2025,Sutter Health Park,Athletics,Cleveland Guardians,5.0,1.0,605488,676440,Tripp Gibson,Ryan Blakney,"75 degrees, Clear.","14 mph, Out To CF.",7:06 PM.,"8,578.",9,2,0,3,0
777427,2025-06-20,R,2025,Dodger Stadium,Los Angeles Dodgers,Washington Nationals,6.0,5.0,477132,669022,Lance Barrett,Alfonso Márquez,"69 degrees, Clear.","8 mph, Out To RF.",7:10 PM.,"46,558.",9,0,1,4,2
777425,2025-06-20,R,2025,Oracle Park,San Francisco Giants,Boston Red Sox,5.0,7.0,806185,690928,Doug Eddings,Gabe Morales,"61 degrees, Partly Cloudy.","19 mph, Out To CF.",7:15 PM.,"40,169.",9,1,0,5,5
777420,2025-06-21,R,2025,George M. Steinbrenner Field,Tampa Bay Rays,Detroit Tigers,8.0,3.0,686752,676428,Quinn Wolcott,Edwin Jimenez,"87 degrees, Partly Cloudy.","5 mph, R To L.",12:10 PM.,"10,046.",9,4,0,7,1
777422,2025-06-21,R,2025,Yankee Stadium,New York Yankees,Baltimore Orioles,9.0,0.0,657376,621107,Andy Fletcher,Jansen Visconti,"86 degrees, Sunny.","5 mph, Calm.",1:10 PM.,"46,142.",9,1,0,8,0
777412,2025-06-21,R,2025,Target Field,Minnesota Twins,Milwaukee Brewers,0.0,9.0,680573,500779,Chad Fairchild,Ben May,"89 degrees, Partly Cloudy.","15 mph, R To L.",1:11 PM.,"28,321.",9,0,2,0,4
777415,2025-06-21,R,2025,Busch Stadium,St. Louis Cardinals,Cincinnati Reds,6.0,5.0,543243,608718,CB Bucknor,Scott Barry,"92 degrees, Sunny.","13 mph, R To L.",1:16 PM.,"27,283.",11,2,0,2,1
777419,2025-06-21,R,2025,Wrigley Field,Chicago Cubs,Seattle Mariners,10.0,7.0,690990,676106,Chad Whitson,Edwin Moscoso,"94 degrees, Sunny.","20 mph, Out To CF.",1:20 PM.,"39,047.",9,2,0,10,6
777418,2025-06-21,R,2025,Rogers Centre,Toronto Blue Jays,Chicago White Sox,7.0,1.0,621244,650644,Stu Scheurwater,Jordan Baker,"68 degrees, Roof Closed.","0 mph, None.",3:08 PM.,"41,488.",9,1,0,4,0
777417,2025-06-21,R,2025,Oracle Park,San Francisco Giants,Boston Red Sox,3.0,2.0,694738,678394,Gabe Morales,Mike Muchlinski,"67 degrees, Sunny.","15 mph, Out To CF.",1:05 PM.,"39,027.",9,1,0,3,0
777421,2025-06-21,R,2025,PNC Park,Pittsburgh Pirates,Texas Rangers,2.0,3.0,656605,677958,Bruce Dreckman,Shane Livensparger,"85 degrees, Partly Cloudy.","10 mph, Out To LF.",4:07 PM.,"23,819.",9,0,0,1,1
777424,2025-06-21,R,2025,loanDepot park,Miami Marlins,Atlanta Braves,0.0,7.0,691587,656550,Will Little,John Bacon,"72 degrees, Roof Closed.","0 mph, None.",4:10 PM.,"21,198.",9,0,1,0,3
777413,2025-06-21,R,2025,Petco Park,San Diego Padres,Kansas City Royals,5.0,1.0,656302,702070,Nic Lentz,Vic Carapazza,"66 degrees, Cloudy.","10 mph, L To R.",4:17 PM.,"43,241.",9,0,0,2,1
777423,2025-06-21,R,2025,Citizens Bank Park,Philadelphia Phillies,New York Mets,4.0,11.0,690953,656288,Clint Vondrak,Chris Conroy,"88 degrees, Partly Cloudy.","12 mph, Out To CF.",7:17 PM.,"44,687.",9,2,1,4,5
777410,2025-06-21,R,2025,Coors Field,Colorado Rockies,Arizona Diamondbacks,3.0,5.0,687223,518876,Mike Estabrook,Austin Jones,"98 degrees, Clear.","7 mph, L To R.",7:10 PM.,"34,076.",9,2,1,3,5
777414,2025-06-21,R,2025,Angel Stadium,Los Angeles Angels,Houston Astros,9.0,1.0,667755,687888,D.J. Reyburn,Tom Hanahan,"72 degrees, Clear.","10 mph, R To L.",6:38 PM.,"32,326.",9,0,0,7,1
777411,2025-06-21,R,2025,Sutter Health Park,Athletics,Cleveland Guardians,2.0,4.0,687765,682847,Ryan Blakney,Jacob Metz,"79 degrees, Clear.","8 mph, Out To RF.",7:05 PM.,"8,383.",9,0,0,0,4
777416,2025-06-21,R,2025,Dodger Stadium,Los Angeles Dodgers,Washington Nationals,3.0,7.0,669160,663623,Alfonso Márquez,Carlos Torres,"69 degrees, Clear.","3 mph, Out To CF.",7:10 PM.,"54,154.",9,0,0,1,2
777406,2025-06-22,R,2025,Yankee Stadium,New York Yankees,Baltimore Orioles,4.0,2.0,701542,665152,Jansen Visconti,Willie Traynor,"74 degrees, Partly Cloudy.","15 mph, Out To LF.",11:39 AM.,"45,571.",9,0,2,1,2
777409,2025-06-22,R,2025,George M. Steinbrenner Field,Tampa Bay Rays,Detroit Tigers,3.0,9.0,641793,663554,Edwin Jimenez,Paul Clemons,"89 degrees, Sunny.","5 mph, In From CF.",12:10 PM.,"10,046.",9,0,0,1,1
777404,2025-06-22,R,2025,PNC Park,Pittsburgh Pirates,Texas Rangers,8.0,3.0,663559,683004,Shane Livensparger,Brock Ballou,"91 degrees, Sunny.","10 mph, Out To CF.",1:38 PM.,"20,341.",9,0,0,7,2
777408,2025-06-22,R,2025,Rogers Centre,Toronto Blue Jays,Chicago White Sox,2.0,4.0,605135,605288,Jordan Baker,Charlie Ramos,"68 degrees, Roof Closed.","0 mph, None.",1:39 PM.,"38,893.",9,0,0,1,1
777402,2025-06-22,R,2025,loanDepot park,Miami Marlins,Atlanta Braves,5.0,3.0,645261,693821,John Bacon,Ryan Additon,"72 degrees, Roof Closed.","0 mph, None.",1:40 PM.,"16,486.",9,0,1,4,2
777401,2025-06-22,R,2025,Target Field,Minnesota Twins,Milwaukee Brewers,8.0,9.0,543056,682990,Ben May,Roberto Ortiz,"92 degrees, Partly Cloudy.","17 mph, R To L.",1:11 PM.,"21,143.",9,2,1,3,9
777407,2025-06-22,R,2025,Busch Stadium,St. Louis Cardinals,Cincinnati Reds,1.0,4.0,571945,671096,Scott Barry,Adam Beck,"93 degrees, Sunny.","11 mph, Out To LF.",1:16 PM.,"27,477.",9,0,1,1,3
777403,2025-06-22,R,2025,Wrigley Field,Chicago Cubs,Seattle Mariners,6.0,14.0,607067,669302,Edwin Moscoso,Dexter Kelley,"92 degrees, Sunny.","6 mph, Out To CF.",1:20 PM.,"36,185.",9,1,2,4,5
777399,2025-06-22,R,2025,Coors Field,Colorado Rockies,Arizona Diamondbacks,4.0,2.0,622608,694297,Austin Jones,Laz Diaz,"89 degrees, Sunny.","9 mph, In From CF.",1:11 PM.,"28,565.",9,0,0,4,2
777400,2025-06-22,R,2025,Sutter Health Park,Athletics,Cleveland Guardians,0.0,3.0,676664,677944,Jacob Metz,Marvin Hudson,"77 degrees, Sunny.","9 mph, L To R.",1:06 PM.,"10,215.",9,0,0,0,3
777395,2025-06-22,R,2025,Oracle Park,San Francisco Giants,Boston Red Sox,9.0,5.0,592662,608337,Mike Muchlinski,Emil Jimenez,"69 degrees, Sunny.","13 mph, Varies.",1:05 PM.,"40,350.",9,0,1,4,4
777397,2025-06-22,R,2025,Angel Stadium,Los Angeles Angels,Houston Astros,7.0,8.0,543294,687473,Tom Hanahan,Sean Barber,"77 degrees, Sunny.","8 mph, R To L.",1:08 PM.,"29,154.",9,0,0,5,4
777398,2025-06-22,R,2025,Dodger Stadium,Los Angeles Dodgers,Washington Nationals,13.0,7.0,660271,647336,Carlos Torres,Brian Walsh,"77 degrees, Sunny.","8 mph, L To R.",1:10 PM.,"48,177.",9,0,0,0,3
777396,2025-06-22,R,2025,Petco Park,San Diego Padres,Kansas City Royals,3.0,2.0,681190,607625,Vic Carapazza,Nick Mahrley,"70 degrees, Sunny.","9 mph, L To R.",1:11 PM.,"43,567.",9,0,0,0,0
777405,2025-06-22,R,2025,Citizens Bank Park,Philadelphia Phillies,New York Mets,7.0,1.0,666200,656849,Chris Conroy,Phil Cuzzi,"87 degrees, Clear.","8 mph, Out To RF.",7:11 PM.,"42,155.",9,0,0,5,0
777394,2025-06-23,R,2025,Oriole Park at Camden Yards,Baltimore Orioles,Texas Rangers,6.0,0.0,669432,571578,Phil Cuzzi,Jonathan Parra,"100 degrees, Clear.","5 mph, Out To RF.",6:37 PM.,"13,929.",9,0,0,4,0
777389,2025-06-23,R,2025,Citi Field,New York Mets,Atlanta Braves,2.0,3.0,621112,680885,Todd Tichenor,Adam Hamari,"87 degrees, Partly Cloudy.","9 mph, Out To CF.",7:11 PM.,"38,593.",9,0,0,0,3
777390,2025-06-23,R,2025,Great American Ball Park,Cincinnati Reds,New York Yankees,6.0,1.0,666157,642216,Brock Ballou,Mark Wegner,"92 degrees, Clear.","7 mph, R To L.",7:11 PM.,"31,418.",9,0,1,4,1
777388,2025-06-23,R,2025,Target Field,Minnesota Twins,Seattle Mariners,2.0,11.0,641927,693433,Brennan Miller,Jeremie Rehak,"80 degrees, Clear.","11 mph, L To R.",6:41 PM.,"17,909.",9,0,0,0,6
777393,2025-06-23,R,2025,Rate Field,Chicago White Sox,Arizona Diamondbacks,0.0,10.0,681343,593958,Ron Kulpa,Cory Blaser,"93 degrees, Clear.","6 mph, R To L.",6:41 PM.,"12,579.",9,0,2,0,8
777391,2025-06-23,R,2025,American Family Field,Milwaukee Brewers,Pittsburgh Pirates,4.0,5.0,694477,677952,Ryan Additon,Ryan Wills,"91 degrees, Clear.","15 mph, In From RF.",6:41 PM.,"26,791.",9,0,1,4,4
777392,2025-06-23,R,2025,Busch Stadium,St. Louis Cardinals,Chicago Cubs,8.0,2.0,669461,676962,Adrian Johnson,Paul Clemons,"94 degrees, Clear.","8 mph, Out To LF.",6:45 PM.,"27,058.",9,0,0,6,1
777381,2025-06-23,R,2025,Angel Stadium,Los Angeles Angels,Boston Red Sox,9.0,5.0,686799,621111,Chris Segal,Alex MacKay,"70 degrees, Clear.","9 mph, Out To LF.",6:38 PM.,"30,137.",9,5,3,5,4
777382,2025-06-23,R,2025,Petco Park,San Diego Padres,Washington Nationals,6.0,10.0,663568,680730,Doug Eddings,Gabe Morales,"64 degrees, Partly Cloudy.","8 mph, L To R.",6:41 PM.,"44,074.",9,0,0,1,6
777380,2025-06-24,R,2025,Oriole Park at Camden Yards,Baltimore Orioles,Texas Rangers,5.0,6.0,450203,656641,Jonathan Parra,Chad Fairchild,"100 degrees, Clear.","3 mph, L To R.",6:35 PM.,"16,909.",10,0,0,0,3
777386,2025-06-24,R,2025,Comerica Park,Detroit Tigers,Athletics,11.0,4.0,669373,622663,Adam Beck,Dan Iassogna,"84 degrees, Cloudy.","5 mph, Out To LF.",8:01 PM.,"22,929.",9,2,2,7,4
777384,2025-06-24,R,2025,Progressive Field,Cleveland Guardians,Toronto Blue Jays,6.0,10.0,671106,641778,Roberto Ortiz,Bill Miller,"90 degrees, Partly Cloudy.","6 mph, L To R.",6:40 PM.,"22,525.",9,0,2,0,4
777387,2025-06-24,R,2025,Citi Field,New York Mets,Atlanta Braves,4.0,7.0,593423,675911,Adam Hamari,James Jean,"97 degrees, Clear.","9 mph, L To R.",7:10 PM.,"38,130.",9,0,0,3,0
777385,2025-06-24,R,2025,Great American Ball Park,Cincinnati Reds,New York Yankees,5.0,4.0,695505,607074,Mark Wegner,Nate Tomlinson,"91 degrees, Clear.","5 mph, Out To LF.",7:11 PM.,"39,257.",11,0,0,0,3
777378,2025-06-24,R,2025,Kauffman Stadium,Kansas City Royals,Tampa Bay Rays,1.0,5.0,663460,671737,Sean Barber,John Libka,"90 degrees, Clear.","8 mph, R To L.",6:41 PM.,"22,951.",9,0,0,0,4
777375,2025-06-24,R,2025,Target Field,Minnesota Twins,Seattle Mariners,5.0,6.0,663978,622491,Jeremie Rehak,Willie Traynor,"80 degrees, Partly Cloudy.","4 mph, In From LF.",6:42 PM.,"23,532.",9,0,0,5,5
777383,2025-06-24,R,2025,Rate Field,Chicago White Sox,Arizona Diamondbacks,1.0,4.0,673929,669194,Cory Blaser,Derek Thomas,"79 degrees, Partly Cloudy.","8 mph, In From LF.",6:41 PM.,"13,001.",9,0,1,1,1
777374,2025-06-24,R,2025,American Family Field,Milwaukee Brewers,Pittsburgh Pirates,9.0,3.0,642547,571760,Ryan Wills,Will Little,"82 degrees, Roof Closed.","0 mph, None.",6:41 PM.,"31,772.",9,0,0,7,0
777373,2025-06-24,R,2025,Busch Stadium,St. Louis Cardinals,Chicago Cubs,8.0,7.0,700241,592791,Paul Clemons,Ramon De Jesus,"93 degrees, Partly Cloudy.","5 mph, R To L.",6:46 PM.,"29,545.",9,0,0,8,5
777377,2025-06-24,R,2025,Daikin Park,Houston Astros,Philadelphia Phillies,1.0,0.0,664285,624133,Nestor Ceja,Marvin Hudson,"73 degrees, Roof Closed.","0 mph, None.",7:13 PM.,"31,245.",9,0,0,0,0
777379,2025-06-24,R,2025,Coors Field,Colorado Rockies,Los Angeles Dodgers,7.0,9.0,608566,676263,Nick Mahrley,Mark Ripperger,"70 degrees, Cloudy.","3 mph, L To R.",6:41 PM.,"36,492.",9,1,0,3,6
777376,2025-06-24,R,2025,Angel Stadium,Los Angeles Angels,Boston Red Sox,3.0,2.0,542881,676979,Alex MacKay,Alan Porter,"73 degrees, Clear.","8 mph, R To L.",6:39 PM.,"33,115.",10,0,0,0,1
777372,2025-06-24,R,2025,Petco Park,San Diego Padres,Washington Nationals,4.0,3.0,686701,592866,Gabe Morales,Mike Muchlinski,"67 degrees, Clear.","8 mph, L To R.",6:41 PM.,"41,229.",9,0,0,3,3
777364,2025-06-24,R,2025,Oracle Park,San Francisco Giants,Miami Marlins,2.0,4.0,434378,615698,Brian Walsh,Lance Barrett,"57 degrees, Partly Cloudy.","16 mph, Out To CF.",6:45 PM.,"28,643.",9,0,0,2,3
777370,2025-06-25,R,2025,Rate Field,Chicago White Sox,Arizona Diamondbacks,7.0,3.0,680732,668678,Derek Thomas,Alex Tosi,"78 degrees, Partly Cloudy.","4 mph, Out To RF.",1:10 PM.,"10,217.",9,2,2,4,2
777361,2025-06-25,R,2025,American Family Field,Milwaukee Brewers,Pittsburgh Pirates,4.0,2.0,694819,694973,Will Little,John Bacon,"74 degrees, Overcast.","7 mph, L To R.",1:11 PM.,"42,774.",9,0,0,4,0
777362,2025-06-25,R,2025,Angel Stadium,Los Angeles Angels,Boston Red Sox,5.0,2.0,579328,690916,Alan Porter,Jim Wolf,"78 degrees, Sunny.","8 mph, Out To RF.",1:07 PM.,"28,301.",9,0,2,4,2
777360,2025-06-25,R,2025,Petco Park,San Diego Padres,Washington Nationals,1.0,0.0,601713,669022,Mike Muchlinski,Austin Jones,"71 degrees, Sunny.","12 mph, L To R.",1:10 PM.,"40,532.",9,0,0,1,0
777365,2025-06-25,R,2025,Oriole Park at Camden Yards,Baltimore Orioles,Texas Rangers,0.0,7.0,687064,594798,Chad Fairchild,Clint Vondrak,"89 degrees, Partly Cloudy.","3 mph, In From LF.",6:37 PM.,"22,828.",9,0,0,0,6
777371,2025-06-25,R,2025,Comerica Park,Detroit Tigers,Athletics,0.0,3.0,656427,682052,Dan Iassogna,CB Bucknor,"76 degrees, Partly Cloudy.","7 mph, In From LF.",6:40 PM.,"21,872.",9,0,0,0,3
777368,2025-06-25,R,2025,Progressive Field,Cleveland Guardians,Toronto Blue Jays,5.0,4.0,668909,453286,Bill Miller,Tom Hanahan,"82 degrees, Partly Cloudy.","7 mph, In From CF.",6:40 PM.,"23,849.",10,1,0,3,1
777369,2025-06-25,R,2025,Citi Field,New York Mets,Atlanta Braves,7.0,3.0,605280,800311,James Jean,John Tumpane,"93 degrees, Clear.","5 mph, L To R.",7:10 PM.,"38,275.",9,0,0,6,1
777367,2025-06-25,R,2025,Great American Ball Park,Cincinnati Reds,New York Yankees,1.0,7.0,663903,608331,Nate Tomlinson,Shane Livensparger,"89 degrees, Partly Cloudy.","6 mph, Out To CF.",7:11 PM.,"27,620.",9,0,0,1,4
777359,2025-06-25,R,2025,Kauffman Stadium,Kansas City Royals,Tampa Bay Rays,0.0,3.0,608379,656876,John Libka,D.J. Reyburn,"90 degrees, Clear.","10 mph, R To L.",6:41 PM.,"20,649.",9,0,0,0,3
777363,2025-06-25,R,2025,Target Field,Minnesota Twins,Seattle Mariners,2.0,0.0,657746,669923,Willie Traynor,Chris Conroy,"66 degrees, Overcast.","9 mph, In From LF.",6:43 PM.,"15,850.",9,0,0,0,0
777357,2025-06-25,R,2025,Busch Stadium,St. Louis Cardinals,Chicago Cubs,0.0,8.0,607200,571510,Ramon De Jesus,Quinn Wolcott,"88 degrees, Partly Cloudy.","8 mph, Out To LF.",6:46 PM.,"30,399.",9,0,1,0,8
777366,2025-06-25,R,2025,Daikin Park,Houston Astros,Philadelphia Phillies,2.0,0.0,676467,554430,Marvin Hudson,Ryan Blakney,"73 degrees, Roof Closed.","0 mph, None.",7:10 PM.,"28,826.",9,1,0,1,0
777358,2025-06-25,R,2025,Coors Field,Colorado Rockies,Los Angeles Dodgers,1.0,8.0,801403,808967,Mark Ripperger,Nic Lentz,"80 degrees, Partly Cloudy.","5 mph, Out To LF.",6:44 PM.,"43,881.",9,0,0,0,0
777355,2025-06-25,R,2025,Oracle Park,San Francisco Giants,Miami Marlins,5.0,8.0,657277,665795,Lance Barrett,Alfonso Márquez,"60 degrees, Partly Cloudy.","15 mph, Out To CF.",6:45 PM.,"31,712.",10,1,0,2,2
777351,2025-06-26,R,2025,Comerica Park,Detroit Tigers,Athletics,8.0,0.0,608650,605488,CB Bucknor,Scott Barry,"88 degrees, Cloudy.","7 mph, Out To CF.",1:10 PM.,"27,676.",9,0,0,3,0
777354,2025-06-26,R,2025,Progressive Field,Cleveland Guardians,Toronto Blue Jays,0.0,6.0,676440,592332,Tom Hanahan,Ben May,"85 degrees, Partly Cloudy.","6 mph, In From RF.",1:12 PM.,"26,217.",9,0,0,0,3
777356,2025-06-26,R,2025,Target Field,Minnesota Twins,Seattle Mariners,10.0,1.0,680573,676106,Chris Conroy,Brennan Miller,"63 degrees, Overcast.","6 mph, L To R.",4:32 PM.,"19,666.",9,0,0,2,0
777353,2025-06-26,R,2025,Kauffman Stadium,Kansas City Royals,Tampa Bay Rays,0.0,4.0,547179,669358,D.J. Reyburn,James Hoye,"87 degrees, Partly Cloudy.","14 mph, R To L.",1:11 PM.,"19,619.",9,0,0,0,2
777350,2025-06-26,R,2025,Daikin Park,Houston Astros,Philadelphia Phillies,2.0,1.0,686613,650911,Ryan Blakney,Jacob Metz,"73 degrees, Roof Closed.","0 mph, None.",1:11 PM.,"37,130.",9,0,0,1,0
777348,2025-06-26,R,2025,Busch Stadium,St. Louis Cardinals,Chicago Cubs,0.0,3.0,669467,684007,Quinn Wolcott,Paul Clemons,"89 degrees, Cloudy.","8 mph, R To L.",1:16 PM.,"32,793.",9,0,0,0,2
777344,2025-06-26,R,2025,Coors Field,Colorado Rockies,Los Angeles Dodgers,1.0,3.0,596295,477132,Nic Lentz,Edwin Jimenez,"83 degrees, Partly Cloudy.","6 mph, R To L.",1:10 PM.,"38,091.",9,0,0,1,1
777347,2025-06-26,R,2025,Oracle Park,San Francisco Giants,Miami Marlins,5.0,12.0,806185,676083,Alfonso Márquez,Carlos Torres,"63 degrees, Sunny.","13 mph, Out To CF.",12:46 PM.,"33,804.",9,0,3,5,8
777352,2025-06-26,R,2025,Citi Field,New York Mets,Atlanta Braves,4.0,0.0,656288,656550,John Tumpane,Todd Tichenor,"69 degrees, Cloudy.","11 mph, In From RF.",7:10 PM.,"42,646.",9,0,0,2,0
777341,2025-06-27,R,2025,PNC Park,Pittsburgh Pirates,New York Mets,9.0,1.0,656605,656849,Ben May,Roberto Ortiz,"73 degrees, Partly Cloudy.","6 mph, In From CF.",7:01 PM.,"29,055.",9,0,0,5,1
777343,2025-06-27,R,2025,Oriole Park at Camden Yards,Baltimore Orioles,Tampa Bay Rays,22.0,8.0,608372,686752,Scott Barry,Adam Beck,"75 degrees, Cloudy.","8 mph, In From RF.",7:10 PM.,"20,047.",9,0,0,8,7
777337,2025-06-27,R,2025,Yankee Stadium,New York Yankees,Athletics,3.0,0.0,701542,687765,Clint Vondrak,Phil Cuzzi,"71 degrees, Cloudy.","9 mph, In From RF.",7:08 PM.,"46,192.",9,0,0,3,0
777346,2025-06-27,R,2025,Great American Ball Park,Cincinnati Reds,San Diego Padres,8.0,1.0,607259,656302,James Hoye,Sean Barber,"84 degrees, Partly Cloudy.","7 mph, R To L.",7:22 PM.,"26,746.",9,2,0,8,0
777349,2025-06-27,R,2025,Progressive Field,Cleveland Guardians,St. Louis Cardinals,0.0,5.0,682847,543243,John Bacon,Ryan Additon,"87 degrees, Cloudy.","9 mph, Out To CF.",7:10 PM.,"34,787.",9,0,0,0,3
777345,2025-06-27,R,2025,Fenway Park,Boston Red Sox,Toronto Blue Jays,0.0,9.0,678394,621244,Shane Livensparger,Brock Ballou,"71 degrees, Partly Cloudy.","11 mph, R To L.",7:12 PM.,"35,719.",9,0,1,0,3
777334,2025-06-27,R,2025,Comerica Park,Detroit Tigers,Minnesota Twins,1.0,4.0,687830,701581,Todd Tichenor,Adam Hamari,"84 degrees, Clear.","11 mph, In From RF.",7:31 PM.,"32,120.",9,0,0,0,2
777342,2025-06-27,R,2025,Truist Park,Atlanta Braves,Philadelphia Phillies,0.0,13.0,693821,690953,Brennan Miller,Jeremie Rehak,"71 degrees, Rain.","9 mph, Out To LF.",9:34 PM.,"40,753.",9,0,1,0,11
777338,2025-06-27,R,2025,Rate Field,Chicago White Sox,San Francisco Giants,1.0,3.0,650644,694738,Jacob Metz,Marvin Hudson,"87 degrees, Partly Cloudy.","13 mph, Out To LF.",6:40 PM.,"27,549.",9,1,0,1,1
777340,2025-06-27,R,2025,Globe Life Field,Texas Rangers,Seattle Mariners,6.0,7.0,543135,669302,Austin Jones,Doug Eddings,"74 degrees, Roof Closed.","0 mph, None.",7:09 PM.,"30,228.",12,1,1,1,4
777336,2025-06-27,R,2025,Daikin Park,Houston Astros,Chicago Cubs,7.0,4.0,687888,690990,Carlos Torres,Brian Walsh,"73 degrees, Roof Closed.","0 mph, None.",7:11 PM.,"39,451.",9,0,0,7,1
777335,2025-06-27,R,2025,Kauffman Stadium,Kansas City Royals,Los Angeles Dodgers,4.0,5.0,702070,669160,Alex Tosi,Ron Kulpa,"87 degrees, Clear.","8 mph, R To L.",7:11 PM.,"35,187.",9,1,1,4,5
777339,2025-06-27,R,2025,American Family Field,Milwaukee Brewers,Colorado Rockies,10.0,6.0,500779,607536,Adrian Johnson,Paul Clemons,"79 degrees, Partly Cloudy.","2 mph, In From CF.",7:11 PM.,"35,008.",9,0,0,7,3
777331,2025-06-27,R,2025,Angel Stadium,Los Angeles Angels,Washington Nationals,9.0,15.0,667755,663623,Malachi Moore,Nick Mahrley,"75 degrees, Clear.","8 mph, Out To CF.",6:38 PM.,"34,289.",9,0,0,9,8
777332,2025-06-27,R,2025,Chase Field,Arizona Diamondbacks,Miami Marlins,8.0,9.0,518876,691587,Jim Wolf,Chris Segal,"76 degrees, Roof Closed.","0 mph, None.",6:41 PM.,"26,696.",9,0,0,4,4
777326,2025-06-28,R,2025,Yankee Stadium,New York Yankees,Athletics,0.0,7.0,657376,676664,Phil Cuzzi,Jonathan Parra,"76 degrees, Partly Cloudy.","6 mph, Out To RF.",1:10 PM.,"45,084.",9,0,0,0,1
777324,2025-06-28,R,2025,Comerica Park,Detroit Tigers,Minnesota Twins,10.0,5.0,663554,641927,Adam Hamari,James Jean,"82 degrees, Sunny.","10 mph, Out To LF.",1:10 PM.,"33,780.",9,0,0,6,2
777325,2025-06-28,R,2025,PNC Park,Pittsburgh Pirates,New York Mets,9.0,2.0,663559,621112,Roberto Ortiz,Bill Miller,"82 degrees, Overcast.","7 mph, Out To CF.",4:08 PM.,"30,649.",9,0,1,3,2
777330,2025-06-28,R,2025,Oriole Park at Camden Yards,Baltimore Orioles,Tampa Bay Rays,3.0,11.0,621107,641793,Adam Beck,Dan Iassogna,"91 degrees, Partly Cloudy.","4 mph, R To L.",4:05 PM.,"30,491.",9,0,4,1,9
777322,2025-06-28,R,2025,Globe Life Field,Texas Rangers,Seattle Mariners,3.0,2.0,677958,693433,Doug Eddings,Gabe Morales,"74 degrees, Roof Closed.","0 mph, None.",3:21 PM.,"35,506.",10,0,0,2,1
777319,2025-06-28,R,2025,Kauffman Stadium,Kansas City Royals,Los Angeles Dodgers,9.0,5.0,607625,660271,Ron Kulpa,Cory Blaser,"87 degrees, Partly Cloudy.","11 mph, R To L.",3:10 PM.,"36,578.",9,0,0,6,0
777328,2025-06-28,R,2025,Great American Ball Park,Cincinnati Reds,San Diego Padres,4.0,6.0,671096,681190,Sean Barber,John Libka,"91 degrees, Overcast.","6 mph, Out To LF.",4:15 PM.,"31,380.",9,1,0,4,1
777329,2025-06-28,R,2025,Progressive Field,Cleveland Guardians,St. Louis Cardinals,6.0,9.0,677944,571945,Ryan Additon,Ryan Wills,"82 degrees, Partly Cloudy.","8 mph, In From LF.",4:10 PM.,"32,484.",9,0,1,6,3
777323,2025-06-28,R,2025,Fenway Park,Boston Red Sox,Toronto Blue Jays,15.0,1.0,608337,605135,Brock Ballou,Mark Wegner,"70 degrees, Overcast.","4 mph, Varies.",4:11 PM.,"34,927.",9,3,0,9,1
777327,2025-06-28,R,2025,Rate Field,Chicago White Sox,San Francisco Giants,1.0,0.0,605288,592662,Marvin Hudson,Ryan Blakney,"81 degrees, Sunny.","10 mph, In From LF.",3:10 PM.,"20,090.",9,0,0,0,0
777318,2025-06-28,R,2025,Chase Field,Arizona Diamondbacks,Miami Marlins,7.0,8.0,694297,645261,Chris Segal,Alex MacKay,"76 degrees, Roof Closed.","0 mph, None.",1:11 PM.,"28,446.",10,1,2,6,3
777321,2025-06-28,R,2025,American Family Field,Milwaukee Brewers,Colorado Rockies,5.0,0.0,682990,622608,Paul Clemons,Ramon De Jesus,"75 degrees, Sunny.","8 mph, In From RF.",3:11 PM.,"32,057.",9,2,0,5,0
777320,2025-06-28,R,2025,Daikin Park,Houston Astros,Chicago Cubs,3.0,12.0,621121,607067,Brian Walsh,Lance Barrett,"73 degrees, Roof Closed.","0 mph, None.",6:15 PM.,"39,218.",9,0,1,2,8
777333,2025-06-28,R,2025,Truist Park,Atlanta Braves,Philadelphia Phillies,6.0,1.0,680885,666200,Jeremie Rehak,Willie Traynor,"88 degrees, Cloudy.","8 mph, L To R.",7:16 PM.,"41,751.",9,1,0,2,0
777315,2025-06-28,R,2025,Angel Stadium,Los Angeles Angels,Washington Nationals,8.0,2.0,543294,647336,Nick Mahrley,Mark Ripperger,"80 degrees, Clear.","7 mph, R To L.",6:39 PM.,"39,623.",9,0,0,1,1
777309,2025-06-29,R,2025,Progressive Field,Cleveland Guardians,St. Louis Cardinals,0.0,7.0,671106,669461,Ryan Wills,Will Little,"82 degrees, Sunny.","8 mph, In From CF.",12:05 PM.,"27,935.",9,0,3,0,3
777313,2025-06-29,R,2025,PNC Park,Pittsburgh Pirates,New York Mets,12.0,1.0,681347,593423,Bill Miller,Tom Hanahan,"80 degrees, Partly Cloudy.","2 mph, Out To LF.",1:36 PM.,"24,898.",9,5,0,8,1
777317,2025-06-29,R,2025,Oriole Park at Camden Yards,Baltimore Orioles,Tampa Bay Rays,5.0,1.0,665152,671737,Dan Iassogna,CB Bucknor,"94 degrees, Partly Cloudy.","3 mph, In From LF.",1:40 PM.,"19,226.",9,0,0,3,0
777310,2025-06-29,R,2025,Fenway Park,Boston Red Sox,Toronto Blue Jays,3.0,5.0,621111,641778,Mark Wegner,Nate Tomlinson,"85 degrees, Sunny.","3 mph, In From LF.",1:35 PM.,"35,214.",9,0,2,3,5
777316,2025-06-29,R,2025,Truist Park,Atlanta Braves,Philadelphia Phillies,1.0,2.0,675911,624133,Willie Traynor,Chris Conroy,"87 degrees, Sunny.","5 mph, Out To LF.",1:36 PM.,"35,792.",9,0,0,1,2
777307,2025-06-29,R,2025,Yankee Stadium,New York Yankees,Athletics,12.0,5.0,573186,622663,Jonathan Parra,Chad Fairchild,"88 degrees, Partly Cloudy.","10 mph, Out To RF.",1:38 PM.,"42,166.",9,0,0,10,1
777312,2025-06-29,R,2025,Great American Ball Park,Cincinnati Reds,San Diego Padres,3.0,2.0,666157,663568,John Libka,D.J. Reyburn,"84 degrees, Partly Cloudy.","3 mph, In From RF.",1:43 PM.,"23,510.",9,0,0,0,1
777308,2025-06-29,R,2025,Daikin Park,Houston Astros,Chicago Cubs,2.0,0.0,664285,592791,Lance Barrett,Alfonso Márquez,"73 degrees, Roof Closed.","0 mph, None.",1:14 PM.,"37,319.",9,0,0,2,0
777304,2025-06-29,R,2025,Kauffman Stadium,Kansas City Royals,Los Angeles Dodgers,1.0,5.0,663460,642152,Cory Blaser,Derek Thomas,"84 degrees, Cloudy.","8 mph, R To L.",2:12 PM.,"28,671.",9,1,0,1,2
777311,2025-06-29,R,2025,Rate Field,Chicago White Sox,San Francisco Giants,5.0,2.0,686563,434378,Ryan Blakney,Junior Valentine,"89 degrees, Partly Cloudy.","4 mph, In From CF.",1:11 PM.,"20,225.",9,1,0,1,2
777301,2025-06-29,R,2025,American Family Field,Milwaukee Brewers,Colorado Rockies,3.0,4.0,694477,608566,Ramon De Jesus,Quinn Wolcott,"88 degrees, Partly Cloudy.","8 mph, In From RF.",1:11 PM.,"30,037.",11,0,0,0,0
777302,2025-06-29,R,2025,Globe Life Field,Texas Rangers,Seattle Mariners,4.0,6.0,683004,622491,Gabe Morales,Mike Muchlinski,"74 degrees, Roof Closed.","0 mph, None.",1:39 PM.,"31,126.",12,0,0,1,0
777305,2025-06-29,R,2025,Angel Stadium,Los Angeles Angels,Washington Nationals,4.0,7.0,686799,680730,Mark Ripperger,Nic Lentz,"82 degrees, Sunny.","6 mph, Out To CF.",1:08 PM.,"33,661.",11,1,0,1,2
777303,2025-06-29,R,2025,Chase Field,Arizona Diamondbacks,Miami Marlins,4.0,6.0,593958,615698,Alex MacKay,Alan Porter,"76 degrees, Roof Closed.","0 mph, None.",1:11 PM.,"30,653.",9,0,1,2,1
777314,2025-06-29,R,2025,Comerica Park,Detroit Tigers,Minnesota Twins,3.0,0.0,669373,663978,James Jean,John Tumpane,"86 degrees, Clear.","8 mph, In From RF.",7:10 PM.,"40,718.",9,1,0,3,0
777306,2025-06-30,R,2025,Citizens Bank Park,Philadelphia Phillies,San Diego Padres,4.0,0.0,554430,663362,Chad Fairchild,Ben May,"77 degrees, Cloudy.","4 mph, Out To LF.",6:37 PM.,"43,138.",9,0,0,4,0
777299,2025-06-30,R,2025,PNC Park,Pittsburgh Pirates,St. Louis Cardinals,7.0,0.0,571760,607200,Dan Merzel,Charlie Ramos,"76 degrees, Partly Cloudy.","7 mph, Out To LF.",7:51 PM.,"12,387.",9,1,0,7,0
777295,2025-06-30,R,2025,Rogers Centre,Toronto Blue Jays,New York Yankees,5.0,4.0,453286,607074,Austin Jones,Doug Eddings,"68 degrees, Roof Closed.","0 mph, None.",7:07 PM.,"40,619.",9,0,0,1,2
777300,2025-06-30,R,2025,Fenway Park,Boston Red Sox,Cincinnati Reds,13.0,6.0,676979,695505,Laz Diaz,John Bacon,"82 degrees, Clear.","5 mph, Out To LF.",7:11 PM.,"35,691.",9,7,0,8,4
777296,2025-06-30,R,2025,George M. Steinbrenner Field,Tampa Bay Rays,Athletics,4.0,6.0,656876,682052,John Tumpane,Todd Tichenor,"82 degrees, Partly Cloudy.","10 mph, Varies.",7:35 PM.,"10,046.",9,0,3,4,4
777292,2025-06-30,R,2025,Globe Life Field,Texas Rangers,Baltimore Orioles,6.0,10.0,571578,669432,Chris Guccione,David Rackley,"74 degrees, Roof Closed.","0 mph, None.",7:08 PM.,"27,420.",11,0,0,0,3
777297,2025-06-30,R,2025,T-Mobile Park,Seattle Mariners,Kansas City Royals,6.0,2.0,669923,608379,Andy Fletcher,Tripp Gibson,"82 degrees, Clear.","10 mph, L To R.",6:41 PM.,"27,309.",9,0,0,5,1
777291,2025-06-30,R,2025,Chase Field,Arizona Diamondbacks,San Francisco Giants,4.0,2.0,669194,657277,Quinn Wolcott,Adrian Johnson,"78 degrees, Roof Closed.","0 mph, None.",6:40 PM.,"18,963.",9,0,0,1,0
777283,2025-07-01,R,2025,Rogers Centre,Toronto Blue Jays,New York Yankees,12.0,5.0,592332,608331,Doug Eddings,Erich Bacchus,"77 degrees, Sunny.","9 mph, Out To RF.",3:28 PM.,"41,129.",9,0,2,4,2
777288,2025-07-01,R,2025,PNC Park,Pittsburgh Pirates,St. Louis Cardinals,1.0,0.0,694973,669467,Charlie Ramos,Stu Scheurwater,"76 degrees, Partly Cloudy.","6 mph, Out To LF.",6:42 PM.,"19,631.",9,0,0,0,0
777293,2025-07-01,R,2025,loanDepot park,Miami Marlins,Minnesota Twins,2.0,0.0,665795,657746,D.J. Reyburn,James Hoye,"72 degrees, Roof Closed.","0 mph, None.",6:41 PM.,"7,860.",9,0,0,1,0
777286,2025-07-01,R,2025,George M. Steinbrenner Field,Tampa Bay Rays,Athletics,3.0,4.0,669358,605488,Todd Tichenor,Adam Hamari,"84 degrees, Partly Cloudy.","10 mph, Out To CF.",7:05 PM.,"10,046.",10,0,0,2,2
777294,2025-07-01,R,2025,Fenway Park,Boston Red Sox,Cincinnati Reds,5.0,3.0,690916,663903,John Bacon,Brian O'Nora,"84 degrees, Partly Cloudy.","4 mph, Out To CF.",7:11 PM.,"32,355.",9,2,0,2,3
777298,2025-07-01,R,2025,Truist Park,Atlanta Braves,Los Angeles Angels,0.0,4.0,656550,542881,Derek Thomas,Alex Tosi,"78 degrees, Partly Cloudy.","8 mph, L To R.",7:26 PM.,"31,657.",9,0,0,0,0
777287,2025-07-01,R,2025,Wrigley Field,Chicago Cubs,Cleveland Guardians,5.0,2.0,571510,668909,Nic Lentz,Jacob Metz,"80 degrees, Clear.","6 mph, In From RF.",7:05 PM.,"38,257.",9,0,0,3,2
777282,2025-07-01,R,2025,Globe Life Field,Texas Rangers,Baltimore Orioles,10.0,2.0,594798,687064,David Rackley,Chad Whitson,"74 degrees, Roof Closed.","0 mph, None.",7:08 PM.,"30,933.",9,0,0,5,2
777285,2025-07-01,R,2025,Coors Field,Colorado Rockies,Houston Astros,5.0,6.0,801403,676467,Nate Tomlinson,Nick Mahrley,"85 degrees, Cloudy.","9 mph, Out To LF.",6:42 PM.,"30,303.",9,1,0,4,6
777281,2025-07-01,R,2025,T-Mobile Park,Seattle Mariners,Kansas City Royals,3.0,6.0,676106,547179,Tripp Gibson,Malachi Moore,"80 degrees, Clear.","9 mph, In From LF.",6:40 PM.,"22,351.",9,0,1,3,5
777278,2025-07-01,R,2025,Chase Field,Arizona Diamondbacks,San Francisco Giants,8.0,2.0,668678,806185,Adrian Johnson,Paul Clemons,"76 degrees, Roof Closed.","0 mph, None.",6:41 PM.,"19,455.",9,0,0,6,2
777280,2025-07-01,R,2025,Dodger Stadium,Los Angeles Dodgers,Chicago White Sox,6.0,1.0,808967,681343,Alan Porter,Jim Wolf,"69 degrees, Clear.","4 mph, L To R.",7:10 PM.,"51,368.",9,4,0,6,1
777290,2025-07-01,R,2025,Citizens Bank Park,Philadelphia Phillies,San Diego Padres,,,650911,656302,Roberto Ortiz,Bill Miller,"84 degrees, Partly Cloudy.","7 mph, Out To RF.",6:18 PM.,"40,742.",9,0,0,4,1
777284,2025-07-01,R,2025,Nationals Park,Washington Nationals,Detroit Tigers,,,592866,663947,Will Little,Jonathan Parra,"80 degrees, Partly Cloudy.","2 mph, In From LF.",1:05 PM.,"13,994.",9,0,6,1,10
777289,2025-07-01,R,2025,Citi Field,New York Mets,Milwaukee Brewers,,,605280,642547,Brennan Miller,Dexter Kelley,"81 degrees, Cloudy.","4 mph, Out To LF.",1:11 PM.,"36,335.",9,0,1,2,1
777271,2025-07-02,R,2025,George M. Steinbrenner Field,Tampa Bay Rays,Athletics,6.0,5.0,686752,687765,Adam Hamari,James Jean,"84 degrees, Overcast.","15 mph, Varies.",12:10 PM.,"10,046.",9,0,1,1,2
777272,2025-07-02,R,2025,PNC Park,Pittsburgh Pirates,St. Louis Cardinals,5.0,0.0,656605,543243,Stu Scheurwater,Jordan Baker,"78 degrees, Sunny.","3 mph, L To R.",12:37 PM.,"15,979.",9,0,0,1,0
777284,2025-07-02,R,2025,Nationals Park,Washington Nationals,Detroit Tigers,2.0,11.0,592866,663947,Will Little,Jonathan Parra,"80 degrees, Partly Cloudy.","2 mph, In From LF.",1:05 PM.,"13,994.",9,0,6,1,10
777265,2025-07-02,R,2025,Nationals Park,Washington Nationals,Detroit Tigers,9.0,4.0,669022,656427,Lance Barksdale,Ryan Additon,"84 degrees, Partly Cloudy.","5 mph, R To L.",6:45 PM.,"16,095.",9,2,0,3,1
777273,2025-07-02,R,2025,Citizens Bank Park,Philadelphia Phillies,San Diego Padres,4.0,6.0,690953,601713,Ben May,Jeremy Riggs,"80 degrees, Cloudy.","4 mph, Out To RF.",1:05 PM.,"40,144.",9,0,0,0,6
777290,2025-07-02,R,2025,Citizens Bank Park,Philadelphia Phillies,San Diego Padres,5.0,1.0,650911,656302,Roberto Ortiz,Bill Miller,"84 degrees, Partly Cloudy.","7 mph, Out To RF.",6:18 PM.,"40,742.",9,0,0,4,1
777289,2025-07-02,R,2025,Citi Field,New York Mets,Milwaukee Brewers,2.0,7.0,605280,642547,Brennan Miller,Dexter Kelley,"81 degrees, Cloudy.","4 mph, Out To LF.",1:11 PM.,"36,335.",9,0,1,2,1
777276,2025-07-02,R,2025,Citi Field,New York Mets,Milwaukee Brewers,7.0,3.0,623211,694819,Jeremie Rehak,Chris Conroy,"81 degrees, Clear.","4 mph, Out To LF.",7:11 PM.,"41,123.",9,0,0,5,0
777294,2025-07-02,R,2025,Fenway Park,Boston Red Sox,Cincinnati Reds,5.0,3.0,690916,663903,John Bacon,Brian O'Nora,"84 degrees, Partly Cloudy.","4 mph, Out To CF.",7:11 PM.,"32,355.",9,2,0,2,3
777275,2025-07-02,R,2025,loanDepot park,Miami Marlins,Minnesota Twins,1.0,2.0,676083,680573,James Hoye,Sean Barber,"72 degrees, Roof Closed.","0 mph, None.",6:41 PM.,"7,596.",9,0,1,1,2
777274,2025-07-02,R,2025,Rogers Centre,Toronto Blue Jays,New York Yankees,11.0,9.0,621244,701542,Erich Bacchus,Gabe Morales,"74 degrees, Partly Cloudy.","11 mph, Out To RF.",7:08 PM.,"30,985.",9,7,0,8,6
777277,2025-07-02,R,2025,Fenway Park,Boston Red Sox,Cincinnati Reds,4.0,8.0,657514,607259,Brian O'Nora,Mike Estabrook,"82 degrees, Cloudy.","8 mph, Out To LF.",7:10 PM.,"35,845.",9,0,0,1,0
777279,2025-07-02,R,2025,Truist Park,Atlanta Braves,Los Angeles Angels,8.0,3.0,800311,579328,Alex Tosi,Ron Kulpa,"89 degrees, Clear.","9 mph, Out To LF.",7:16 PM.,"31,519.",9,0,2,0,2
777266,2025-07-02,R,2025,Wrigley Field,Chicago Cubs,Cleveland Guardians,5.0,4.0,684007,676440,Jacob Metz,Vic Carapazza,"84 degrees, Partly Cloudy.","5 mph, In From RF.",7:08 PM.,"35,250.",9,0,0,5,3
777268,2025-07-02,R,2025,Globe Life Field,Texas Rangers,Baltimore Orioles,6.0,0.0,543135,608372,Chad Whitson,Edwin Moscoso,"74 degrees, Roof Closed.","0 mph, None.",7:09 PM.,"27,636.",9,0,0,6,0
777269,2025-07-02,R,2025,Coors Field,Colorado Rockies,Houston Astros,3.0,5.0,596295,686613,Nick Mahrley,Brock Ballou,"92 degrees, Partly Cloudy.","8 mph, Out To LF.",6:40 PM.,"30,545.",9,0,1,2,2
777262,2025-07-02,R,2025,T-Mobile Park,Seattle Mariners,Kansas City Royals,3.0,2.0,669302,702070,Malachi Moore,David Arrieta,"71 degrees, Cloudy.","8 mph, L To R.",6:41 PM.,"24,752.",9,0,1,0,1
777270,2025-07-02,R,2025,Chase Field,Arizona Diamondbacks,San Francisco Giants,5.0,6.0,518876,694738,Paul Clemons,Ramon De Jesus,"78 degrees, Roof Closed.","0 mph, None.",6:41 PM.,"17,840.",10,0,2,2,3
777267,2025-07-02,R,2025,Dodger Stadium,Los Angeles Dodgers,Chicago White Sox,5.0,4.0,477132,685126,Jim Wolf,Chris Segal,"69 degrees, Clear.","3 mph, Out To RF.",7:10 PM.,"53,536.",9,1,1,2,4
777263,2025-07-03,R,2025,loanDepot park,Miami Marlins,Minnesota Twins,4.0,1.0,691587,701581,Sean Barber,Emil Jimenez,"72 degrees, Roof Closed.","0 mph, None.",12:10 PM.,"9,690.",9,3,0,4,0
777264,2025-07-03,R,2025,Coors Field,Colorado Rockies,Houston Astros,7.0,6.0,607536,687888,Brock Ballou,Mark Wegner,"90 degrees, Partly Cloudy.","5 mph, In From CF.",1:10 PM.,"25,151.",9,2,2,5,3
777258,2025-07-03,R,2025,Nationals Park,Washington Nationals,Detroit Tigers,11.0,7.0,663623,608650,Ryan Additon,Ryan Wills,"92 degrees, Clear.","3 mph, Out To RF.",6:45 PM.,"31,599.",9,5,3,9,3
777260,2025-07-03,R,2025,Rogers Centre,Toronto Blue Jays,New York Yankees,8.0,5.0,605135,657376,Gabe Morales,Austin Jones,"74 degrees, Clear.","14 mph, Out To RF.",7:08 PM.,"36,848.",9,1,0,6,3
777257,2025-07-03,R,2025,Citi Field,New York Mets,Milwaukee Brewers,3.0,2.0,656849,500779,Chris Conroy,Willie Traynor,"71 degrees, Cloudy.","5 mph, L To R.",7:47 PM.,"42,241.",9,0,0,1,1
777261,2025-07-03,R,2025,Truist Park,Atlanta Braves,Los Angeles Angels,1.0,5.0,693821,667755,Ron Kulpa,Cory Blaser,"88 degrees, Partly Cloudy.","6 mph, Out To CF.",7:16 PM.,"34,702.",9,0,1,0,4
777259,2025-07-03,R,2025,Wrigley Field,Chicago Cubs,Cleveland Guardians,1.0,0.0,690990,676282,Vic Carapazza,Mark Ripperger,"84 degrees, Clear.","10 mph, In From RF.",7:05 PM.,"38,450.",10,0,0,0,0
777256,2025-07-03,R,2025,Chase Field,Arizona Diamondbacks,San Francisco Giants,2.0,7.0,694297,592662,Ramon De Jesus,Quinn Wolcott,"78 degrees, Roof Closed.","0 mph, None.",6:40 PM.,"29,769.",9,0,2,1,4
777251,2025-07-03,R,2025,T-Mobile Park,Seattle Mariners,Kansas City Royals,2.0,3.0,688138,607625,David Arrieta,Andy Fletcher,"68 degrees, Clear.","7 mph, L To R.",7:10 PM.,"38,030.",9,0,0,1,0
777253,2025-07-03,R,2025,Dodger Stadium,Los Angeles Dodgers,Chicago White Sox,6.0,2.0,669160,650644,Chris Segal,Alex MacKay,"73 degrees, Clear.","2 mph, Out To RF.",7:11 PM.,"53,530.",9,1,0,5,0
777245,2025-07-04,R,2025,Nationals Park,Washington Nationals,Boston Red Sox,2.0,11.0,647336,608337,Bill Miller,Chad Fairchild,"83 degrees, Sunny.","3 mph, In From CF.",11:05 AM.,"37,355.",9,0,0,0,9
777255,2025-07-04,R,2025,Citizens Bank Park,Philadelphia Phillies,Cincinnati Reds,6.0,9.0,666200,671096,Ryan Wills,Will Little,"82 degrees, Sunny.","8 mph, In From LF.",1:07 PM.,"42,166.",9,3,0,4,9
777246,2025-07-04,R,2025,Wrigley Field,Chicago Cubs,St. Louis Cardinals,11.0,3.0,607067,571945,James Jean,John Tumpane,"80 degrees, Cloudy.","3 mph, Out To LF.",1:20 PM.,"40,038.",9,2,0,8,1
777250,2025-07-04,R,2025,Citi Field,New York Mets,New York Yankees,6.0,5.0,663795,573186,Mike Estabrook,Laz Diaz,"82 degrees, Sunny.","7 mph, L To R.",3:12 PM.,"41,216.",9,2,2,3,5
777236,2025-07-04,R,2025,T-Mobile Park,Seattle Mariners,Pittsburgh Pirates,6.0,0.0,693433,663559,Edwin Moscoso,Chris Guccione,"71 degrees, Partly Cloudy.","6 mph, Out To RF.",1:11 PM.,"33,061.",9,2,0,3,0
777247,2025-07-04,R,2025,Target Field,Minnesota Twins,Tampa Bay Rays,4.0,3.0,663978,641793,Mark Ripperger,Nic Lentz,"92 degrees, Partly Cloudy.","15 mph, Out To LF.",3:11 PM.,"24,197.",9,0,0,1,0
777239,2025-07-04,R,2025,Petco Park,San Diego Padres,Texas Rangers,3.0,2.0,681190,677958,Alex MacKay,Alan Porter,"74 degrees, Sunny.","10 mph, L To R.",3:41 PM.,"45,114.",10,0,0,1,2
777242,2025-07-04,R,2025,Rogers Centre,Toronto Blue Jays,Los Angeles Angels,4.0,3.0,641778,543294,Jordan Baker,Dan Merzel,"75 degrees, Clear.","6 mph, Out To LF.",7:08 PM.,"30,119.",10,0,0,0,0
777249,2025-07-04,R,2025,Progressive Field,Cleveland Guardians,Detroit Tigers,1.0,2.0,677944,681857,Willie Traynor,Brennan Miller,"85 degrees, Clear.","3 mph, In From CF.",7:11 PM.,"38,213.",9,1,0,1,2
777254,2025-07-04,R,2025,loanDepot park,Miami Marlins,Milwaukee Brewers,5.0,6.0,645261,682990,Cory Blaser,Alex Tosi,"72 degrees, Roof Closed.","0 mph, None.",7:10 PM.,"16,715.",9,1,0,5,5
777252,2025-07-04,R,2025,Truist Park,Atlanta Braves,Baltimore Orioles,2.0,3.0,675911,450203,Austin Jones,Doug Eddings,"90 degrees, Partly Cloudy.","8 mph, L To R.",7:17 PM.,"40,249.",9,0,0,0,3
777243,2025-07-04,R,2025,Coors Field,Colorado Rockies,Chicago White Sox,2.0,3.0,622608,605288,Emil Jimenez,D.J. Reyburn,"87 degrees, Clear.","7 mph, L To R.",6:12 PM.,"48,064.",9,0,0,2,2
777235,2025-07-04,R,2025,Dodger Stadium,Los Angeles Dodgers,Houston Astros,1.0,18.0,676508,621121,Quinn Wolcott,Adrian Johnson,"77 degrees, Clear.","6 mph, Out To RF.",6:10 PM.,"53,377.",9,0,2,1,7
777248,2025-07-04,R,2025,Chase Field,Arizona Diamondbacks,Kansas City Royals,3.0,9.0,593958,663460,Mark Wegner,Nate Tomlinson,"76 degrees, Roof Closed.","0 mph, None.",6:41 PM.,"35,562.",9,2,3,2,9
777244,2025-07-04,R,2025,Sutter Health Park,Athletics,San Francisco Giants,11.0,2.0,676664,434378,Andy Fletcher,Tripp Gibson,"77 degrees, Clear.","14 mph, Varies.",7:06 PM.,"12,322.",9,1,0,6,0
777230,2025-07-05,R,2025,Target Field,Minnesota Twins,Tampa Bay Rays,6.0,5.0,663485,671737,Nic Lentz,Jacob Metz,"80 degrees, Overcast.","9 mph, Out To CF.",1:25 PM.,"17,679.",9,0,0,1,4
777229,2025-07-05,R,2025,Wrigley Field,Chicago Cubs,St. Louis Cardinals,6.0,8.0,519141,669461,John Tumpane,Todd Tichenor,"85 degrees, Partly Cloudy.","14 mph, Out To CF.",1:20 PM.,"40,119.",9,0,2,2,3
777231,2025-07-05,R,2025,Rogers Centre,Toronto Blue Jays,Los Angeles Angels,4.0,3.0,453286,686799,Dan Merzel,Charlie Ramos,"75 degrees, Sunny.","11 mph, R To L.",3:07 PM.,"37,269.",11,1,1,3,2
777228,2025-07-05,R,2025,Nationals Park,Washington Nationals,Boston Red Sox,3.0,10.0,680730,621111,Chad Fairchild,Ben May,"89 degrees, Partly Cloudy.","4 mph, Out To LF.",4:05 PM.,"34,319.",9,0,2,2,9
777233,2025-07-05,R,2025,Citizens Bank Park,Philadelphia Phillies,Cincinnati Reds,5.0,1.0,624133,666157,Will Little,Lance Barksdale,"88 degrees, Sunny.","6 mph, Out To CF.",4:07 PM.,"42,045.",9,0,0,1,1
777234,2025-07-05,R,2025,Chase Field,Arizona Diamondbacks,Kansas City Royals,7.0,1.0,669194,608379,Nate Tomlinson,Nick Mahrley,"78 degrees, Roof Closed.","0 mph, None.",1:10 PM.,"26,043.",9,0,0,4,0
777237,2025-07-05,R,2025,Truist Park,Atlanta Braves,Baltimore Orioles,6.0,9.0,607481,665152,Doug Eddings,Erich Bacchus,"91 degrees, Sunny.","9 mph, Out To RF.",4:11 PM.,"37,170.",10,2,0,5,5
777241,2025-07-05,R,2025,Citi Field,New York Mets,New York Yankees,12.0,6.0,593423,607074,Laz Diaz,John Bacon,"85 degrees, Sunny.","11 mph, Out To LF.",4:11 PM.,"41,401.",9,4,0,7,2
777238,2025-07-05,R,2025,loanDepot park,Miami Marlins,Milwaukee Brewers,4.0,2.0,615698,694477,Alex Tosi,Ron Kulpa,"72 degrees, Roof Closed.","0 mph, None.",4:10 PM.,"11,378.",9,0,0,2,2
777240,2025-07-05,R,2025,Progressive Field,Cleveland Guardians,Detroit Tigers,0.0,1.0,671106,663554,Brennan Miller,Jeremie Rehak,"89 degrees, Clear.","3 mph, Out To CF.",7:16 PM.,"34,580.",9,0,0,0,1
777221,2025-07-05,R,2025,Dodger Stadium,Los Angeles Dodgers,Houston Astros,4.0,6.0,660271,664285,Adrian Johnson,Paul Clemons,"82 degrees, Sunny.","5 mph, L To R.",4:16 PM.,"49,744.",9,1,0,4,5
777232,2025-07-05,R,2025,Coors Field,Colorado Rockies,Chicago White Sox,3.0,10.0,608566,686563,D.J. Reyburn,James Hoye,"78 degrees, Cloudy.","4 mph, R To L.",7:11 PM.,"47,351.",9,2,2,2,6
777223,2025-07-05,R,2025,Petco Park,San Diego Padres,Texas Rangers,4.0,7.0,663568,571578,Alan Porter,Jim Wolf,"70 degrees, Clear.","6 mph, L To R.",6:42 PM.,"43,297.",9,0,1,2,5
777227,2025-07-05,R,2025,Sutter Health Park,Athletics,San Francisco Giants,2.0,7.0,622663,657277,Tripp Gibson,Malachi Moore,"86 degrees, Clear.","9 mph, Out To RF.",7:05 PM.,"12,298.",9,0,2,1,5
777225,2025-07-05,R,2025,T-Mobile Park,Seattle Mariners,Pittsburgh Pirates,1.0,0.0,622491,681347,Chris Guccione,Edwin Jimenez,"72 degrees, Clear.","9 mph, In From LF.",7:11 PM.,"32,295.",9,0,0,0,0
777222,2025-07-06,R,2025,Truist Park,Atlanta Braves,Baltimore Orioles,1.0,2.0,656550,669432,Erich Bacchus,Gabe Morales,"86 degrees, Sunny.","4 mph, L To R.",11:36 AM.,"34,012.",9,0,0,0,2
777213,2025-07-06,R,2025,Nationals Park,Washington Nationals,Boston Red Sox,4.0,6.0,829272,676979,Ben May,Roberto Ortiz,"86 degrees, Partly Cloudy.","5 mph, Out To LF.",1:35 PM.,"26,771.",9,0,4,2,4
777217,2025-07-06,R,2025,Citizens Bank Park,Philadelphia Phillies,Cincinnati Reds,3.0,1.0,554430,695505,Lance Barksdale,Ryan Additon,"88 degrees, Partly Cloudy.","6 mph, Out To CF.",1:38 PM.,"42,055.",9,0,0,1,1
777214,2025-07-06,R,2025,Rogers Centre,Toronto Blue Jays,Los Angeles Angels,3.0,2.0,592332,542881,Charlie Ramos,Stu Scheurwater,"68 degrees, Roof Closed.","0 mph, None.",1:39 PM.,"40,114.",9,0,1,2,2
777226,2025-07-06,R,2025,Progressive Field,Cleveland Guardians,Detroit Tigers,2.0,7.0,668909,669373,Jeremie Rehak,Chris Conroy,"91 degrees, Partly Cloudy.","9 mph, Out To RF.",1:41 PM.,"30,953.",10,0,0,0,0
777216,2025-07-06,R,2025,Citi Field,New York Mets,New York Yankees,4.0,6.0,606965,608331,John Bacon,Brian O'Nora,"87 degrees, Sunny.","11 mph, Out To LF.",1:41 PM.,"41,117.",9,0,0,2,5
777224,2025-07-06,R,2025,loanDepot park,Miami Marlins,Milwaukee Brewers,1.0,3.0,665795,605540,Ron Kulpa,Manny Gonzalez,"72 degrees, Roof Closed.","0 mph, None.",1:40 PM.,"12,513.",9,0,0,1,2
777220,2025-07-06,R,2025,Target Field,Minnesota Twins,Tampa Bay Rays,5.0,7.0,657746,656876,Jacob Metz,Vic Carapazza,"80 degrees, Sunny.","7 mph, L To R.",1:12 PM.,"21,294.",10,1,0,1,2
777215,2025-07-06,R,2025,Coors Field,Colorado Rockies,Chicago White Sox,6.0,4.0,801403,681343,James Hoye,Sean Barber,"88 degrees, Partly Cloudy.","6 mph, R To L.",1:11 PM.,"25,662.",9,1,0,6,4
777218,2025-07-06,R,2025,Chase Field,Arizona Diamondbacks,Kansas City Royals,0.0,4.0,543101,547179,Nick Mahrley,Brock Ballou,"76 degrees, Roof Closed.","0 mph, None.",1:11 PM.,"22,949.",9,0,0,0,4
777206,2025-07-06,R,2025,Dodger Stadium,Los Angeles Dodgers,Houston Astros,1.0,5.0,686218,687473,Paul Clemons,Ramon De Jesus,"84 degrees, Sunny.","2 mph, L To R.",1:11 PM.,"41,291.",9,0,0,1,1
777205,2025-07-06,R,2025,T-Mobile Park,Seattle Mariners,Pittsburgh Pirates,1.0,0.0,669923,694973,Edwin Jimenez,Chad Whitson,"72 degrees, Sunny.","8 mph, L To R.",1:11 PM.,"35,174.",9,0,0,0,0
777219,2025-07-06,R,2025,Wrigley Field,Chicago Cubs,St. Louis Cardinals,11.0,0.0,571510,607200,Todd Tichenor,Adam Hamari,"69 degrees, Overcast.","14 mph, In From LF.",6:10 PM.,"40,319.",9,1,0,11,0
777207,2025-07-06,R,2025,Petco Park,San Diego Padres,Texas Rangers,4.0,1.0,688158,683004,Jim Wolf,Chris Segal,"70 degrees, Clear.","11 mph, L To R.",6:11 PM.,"40,711.",9,0,1,2,1
777210,2025-07-06,R,2025,Sutter Health Park,Athletics,San Francisco Giants,2.0,6.0,682052,806185,Malachi Moore,David Arrieta,"88 degrees, Clear.","9 mph, R To L.",7:05 PM.,"12,180.",9,0,1,1,5
777211,2025-07-07,R,2025,Comerica Park,Detroit Tigers,Tampa Bay Rays,5.0,1.0,672456,669358,Stu Scheurwater,Jordan Baker,"74 degrees, Partly Cloudy.","4 mph, In From LF.",6:40 PM.,"22,657.",9,0,0,3,1
777209,2025-07-07,R,2025,Fenway Park,Boston Red Sox,Colorado Rockies,9.0,3.0,690916,596295,Alfonso Márquez,Carlos Torres,"83 degrees, Partly Cloudy.","7 mph, Out To LF.",7:11 PM.,"32,441.",9,0,0,5,1
777208,2025-07-07,R,2025,Great American Ball Park,Cincinnati Reds,Miami Marlins,1.0,5.0,663903,676083,Chris Conroy,John Tumpane,"78 degrees, Overcast.","6 mph, Out To LF.",8:17 PM.,"17,167.",9,0,0,1,2
777204,2025-07-07,R,2025,Kauffman Stadium,Kansas City Royals,Pittsburgh Pirates,9.0,3.0,702070,571760,Brian O'Nora,Mike Estabrook,"89 degrees, Partly Cloudy.","8 mph, R To L.",6:42 PM.,"18,614.",9,1,0,7,2
777212,2025-07-07,R,2025,Rate Field,Chicago White Sox,Toronto Blue Jays,4.0,8.0,680732,621244,CB Bucknor,Scott Barry,"75 degrees, Clear.","8 mph, L To R.",6:42 PM.,"13,292.",9,0,0,1,3
777201,2025-07-07,R,2025,American Family Field,Milwaukee Brewers,Los Angeles Dodgers,9.0,1.0,642547,808967,Sean Barber,John Libka,"68 degrees, Partly Cloudy.","8 mph, L To R.",6:40 PM.,"35,365.",9,5,0,7,0
777202,2025-07-07,R,2025,Daikin Park,Houston Astros,Cleveland Guardians,5.0,7.0,676467,676440,Mike Muchlinski,Gabe Morales,"73 degrees, Roof Closed.","0 mph, None.",7:11 PM.,"27,472.",9,0,0,4,4
777200,2025-07-07,R,2025,Angel Stadium,Los Angeles Angels,Texas Rangers,6.0,5.0,579328,594798,Brock Ballou,Shane Livensparger,"76 degrees, Clear.","6 mph, Out To CF.",6:38 PM.,"24,382.",9,1,2,3,4
777203,2025-07-07,R,2025,Petco Park,San Diego Padres,Arizona Diamondbacks,3.0,6.0,506433,668678,Junior Valentine,Brian Walsh,"70 degrees, Clear.","8 mph, L To R.",6:41 PM.,"40,045.",9,1,0,1,4
777199,2025-07-07,R,2025,Oracle Park,San Francisco Giants,Philadelphia Phillies,3.0,1.0,694738,650911,Phil Cuzzi,Clint Vondrak,"61 degrees, Clear.","12 mph, Out To CF.",6:45 PM.,"40,043.",9,0,0,1,1
777198,2025-07-08,R,2025,Oriole Park at Camden Yards,Baltimore Orioles,New York Mets,6.0,7.0,687064,605280,David Arrieta,Jansen Visconti,"81 degrees, Overcast.","6 mph, Out To CF.",7:21 PM.,"35,200.",10,0,0,1,0
777195,2025-07-08,R,2025,Comerica Park,Detroit Tigers,Tampa Bay Rays,4.0,2.0,656427,686752,Jordan Baker,Dan Merzel,"83 degrees, Clear.","4 mph, In From RF.",6:40 PM.,"25,198.",9,0,1,2,2
777187,2025-07-08,R,2025,Yankee Stadium,New York Yankees,Seattle Mariners,10.0,3.0,701542,669302,Vic Carapazza,Mark Ripperger,"88 degrees, Cloudy.","6 mph, Out To RF.",7:09 PM.,"38,641.",9,0,0,1,0
777196,2025-07-08,R,2025,Fenway Park,Boston Red Sox,Colorado Rockies,10.0,2.0,678394,607536,Carlos Torres,Lance Barrett,"90 degrees, Partly Cloudy.","5 mph, L To R.",7:12 PM.,"30,169.",9,0,0,0,0
777197,2025-07-08,R,2025,Great American Ball Park,Cincinnati Reds,Miami Marlins,2.0,12.0,607259,691587,John Tumpane,Brennan Miller,"86 degrees, Partly Cloudy.","2 mph, Out To RF.",7:11 PM.,"22,399.",9,1,0,1,7
777194,2025-07-08,R,2025,Kauffman Stadium,Kansas City Royals,Pittsburgh Pirates,4.0,3.0,607625,656605,Mike Estabrook,Laz Diaz,"86 degrees, Partly Cloudy.","7 mph, L To R.",6:40 PM.,"22,855.",9,0,0,1,1
777190,2025-07-08,R,2025,Target Field,Minnesota Twins,Chicago Cubs,8.0,1.0,680573,684007,Chris Segal,Alex MacKay,"82 degrees, Partly Cloudy.","8 mph, In From LF.",6:41 PM.,"30,384.",9,2,0,2,0
777188,2025-07-08,R,2025,Rate Field,Chicago White Sox,Toronto Blue Jays,1.0,6.0,650644,605135,Scott Barry,Adam Beck,"77 degrees, Cloudy.","2 mph, R To L.",6:41 PM.,"13,027.",7,0,0,0,5
777193,2025-07-08,R,2025,American Family Field,Milwaukee Brewers,Los Angeles Dodgers,3.0,1.0,694819,477132,John Libka,D.J. Reyburn,"79 degrees, Partly Cloudy.","7 mph, R To L.",6:40 PM.,"38,175.",9,0,1,2,1
777191,2025-07-08,R,2025,Busch Stadium,St. Louis Cardinals,Washington Nationals,4.0,2.0,543243,663623,Ramon De Jesus,Quinn Wolcott,"73 degrees, Overcast.","7 mph, Out To RF.",9:04 PM.,"20,658.",9,0,0,3,2
777192,2025-07-08,R,2025,Daikin Park,Houston Astros,Cleveland Guardians,6.0,10.0,686613,676282,Gabe Morales,Emil Jimenez,"73 degrees, Roof Closed.","0 mph, None.",7:11 PM.,"30,681.",10,1,2,4,6
777180,2025-07-08,R,2025,Angel Stadium,Los Angeles Angels,Texas Rangers,1.0,13.0,667755,543135,Shane Livensparger,Bruce Dreckman,"83 degrees, Clear.","8 mph, Out To CF.",6:38 PM.,"26,368.",9,1,0,1,9
777185,2025-07-08,R,2025,Petco Park,San Diego Padres,Arizona Diamondbacks,1.0,0.0,601713,518876,Brian Walsh,Tripp Gibson,"72 degrees, Clear.","10 mph, L To R.",6:42 PM.,"38,670.",9,0,0,0,0
777186,2025-07-08,R,2025,Oracle Park,San Francisco Giants,Philadelphia Phillies,4.0,3.0,592662,592836,Clint Vondrak,Edwin Jimenez,"63 degrees, Partly Cloudy.","13 mph, Out To CF.",6:45 PM.,"40,212.",9,0,0,1,0
777189,2025-07-08,R,2025,Sutter Health Park,Athletics,Atlanta Braves,10.0,1.0,605488,800311,Chad Whitson,Edwin Moscoso,"85 degrees, Clear.","11 mph, Out To RF.",7:05 PM.,"8,620.",9,5,0,10,1
777172,2025-07-09,R,2025,Rate Field,Chicago White Sox,Toronto Blue Jays,2.0,1.0,605288,641778,Adam Beck,Dan Iassogna,"80 degrees, Cloudy.","10 mph, L To R.",1:22 PM.,"11,123.",9,0,0,2,1
777175,2025-07-09,R,2025,American Family Field,Milwaukee Brewers,Los Angeles Dodgers,3.0,2.0,500779,607192,D.J. Reyburn,James Hoye,"71 degrees, Sunny.","9 mph, L To R.",1:11 PM.,"33,607.",10,0,0,1,1
777163,2025-07-09,R,2025,Oracle Park,San Francisco Giants,Philadelphia Phillies,0.0,13.0,434378,666200,Edwin Jimenez,Marvin Hudson,"64 degrees, Partly Cloudy.","10 mph, Out To CF.",12:45 PM.,"37,334.",9,0,0,0,2
777182,2025-07-09,R,2025,Comerica Park,Detroit Tigers,Tampa Bay Rays,3.0,7.0,681857,641793,Dan Merzel,Charlie Ramos,"80 degrees, Partly Cloudy.","7 mph, In From RF.",5:10 PM.,"22,019.",9,0,2,3,2
777184,2025-07-09,R,2025,Yankee Stadium,New York Yankees,Seattle Mariners,9.0,6.0,693645,688138,Mark Ripperger,Nic Lentz,"88 degrees, Partly Cloudy.","9 mph, R To L.",7:10 PM.,"35,651.",9,3,0,6,2
777179,2025-07-09,R,2025,Fenway Park,Boston Red Sox,Colorado Rockies,10.0,2.0,608337,622608,Lance Barrett,Tom Hanahan,"72 degrees, Partly Cloudy.","5 mph, In From RF.",7:11 PM.,"31,691.",9,0,0,4,0
777183,2025-07-09,R,2025,Great American Ball Park,Cincinnati Reds,Miami Marlins,7.0,2.0,671096,645261,Brennan Miller,Jeremie Rehak,"82 degrees, Partly Cloudy.","3 mph, In From RF.",7:11 PM.,"15,867.",9,3,0,6,0
777177,2025-07-09,R,2025,Kauffman Stadium,Kansas City Royals,Pittsburgh Pirates,4.0,3.0,663460,663559,Laz Diaz,Erich Bacchus,"91 degrees, Clear.","4 mph, R To L.",6:41 PM.,"18,398.",9,0,0,3,0
777173,2025-07-09,R,2025,Target Field,Minnesota Twins,Chicago Cubs,4.0,2.0,701581,690990,Alex MacKay,Alan Porter,"85 degrees, Partly Cloudy.","6 mph, In From LF.",6:41 PM.,"33,470.",9,2,0,4,2
777178,2025-07-09,R,2025,Busch Stadium,St. Louis Cardinals,Washington Nationals,2.0,8.0,669467,669022,Quinn Wolcott,Adrian Johnson,"87 degrees, Clear.","6 mph, In From LF.",6:46 PM.,"20,956.",9,1,3,1,7
777174,2025-07-09,R,2025,Daikin Park,Houston Astros,Cleveland Guardians,2.0,4.0,687888,677944,Emil Jimenez,Austin Jones,"73 degrees, Roof Closed.","0 mph, None.",7:14 PM.,"27,683.",9,0,2,0,2
777171,2025-07-09,R,2025,Angel Stadium,Los Angeles Angels,Texas Rangers,11.0,8.0,543294,677958,Bruce Dreckman,Nate Tomlinson,"82 degrees, Clear.","5 mph, R To L.",6:39 PM.,"25,462.",9,0,1,6,5
777162,2025-07-09,R,2025,Petco Park,San Diego Padres,Arizona Diamondbacks,2.0,8.0,656302,694297,Tripp Gibson,Ryan Blakney,"72 degrees, Clear.","11 mph, L To R.",6:41 PM.,"43,066.",9,0,0,1,6
777176,2025-07-09,R,2025,Sutter Health Park,Athletics,Atlanta Braves,2.0,9.0,687765,693821,Edwin Moscoso,Chris Guccione,"90 degrees, Clear.","7 mph, Varies.",7:05 PM.,"9,273.",9,0,4,1,7
777181,2025-07-09,R,2025,Oriole Park at Camden Yards,Baltimore Orioles,New York Mets,,,608372,663399,Malachi Moore,David Rackley,"82 degrees, Partly Cloudy.","3 mph, Out To LF.",5:06 PM.,"17,961.",9,0,2,5,3
777165,2025-07-10,R,2025,Oriole Park at Camden Yards,Baltimore Orioles,New York Mets,3.0,1.0,450203,656849,Jansen Visconti,Tyler Jones,"81 degrees, Cloudy.","1 mph, Out To RF.",12:05 PM.,"25,262.",9,0,0,0,1
777181,2025-07-10,R,2025,Oriole Park at Camden Yards,Baltimore Orioles,New York Mets,7.0,3.0,608372,663399,Malachi Moore,David Rackley,"82 degrees, Partly Cloudy.","3 mph, Out To LF.",5:06 PM.,"17,961.",9,0,2,5,3
777166,2025-07-10,R,2025,Target Field,Minnesota Twins,Chicago Cubs,1.0,8.0,663978,607067,Alan Porter,Jim Wolf,"81 degrees, Overcast.","9 mph, R To L.",12:11 PM.,"34,391.",9,0,0,1,6
777168,2025-07-10,R,2025,Great American Ball Park,Cincinnati Reds,Miami Marlins,6.0,0.0,666157,615698,Jeremie Rehak,Chris Conroy,"87 degrees, Partly Cloudy.","3 mph, Out To LF.",5:12 PM.,"28,950.",9,1,0,2,0
777169,2025-07-10,R,2025,Yankee Stadium,New York Yankees,Seattle Mariners,6.0,5.0,573186,693433,Nic Lentz,Jacob Metz,"80 degrees, Partly Cloudy.","7 mph, In From LF.",7:09 PM.,"41,241.",10,0,0,0,2
777170,2025-07-10,R,2025,Fenway Park,Boston Red Sox,Tampa Bay Rays,4.0,3.0,621111,671737,Dan Iassogna,CB Bucknor,"69 degrees, Overcast.","5 mph, In From RF.",7:11 PM.,"31,884.",9,0,0,1,2
777167,2025-07-10,R,2025,Busch Stadium,St. Louis Cardinals,Washington Nationals,8.0,1.0,571945,647336,Adrian Johnson,Paul Clemons,"87 degrees, Clear.","8 mph, Out To LF.",6:46 PM.,"21,141.",9,1,0,2,0
777156,2025-07-10,R,2025,Sutter Health Park,Athletics,Atlanta Braves,5.0,4.0,676664,675911,Chris Guccione,Jonathan Parra,"99 degrees, Clear.","8 mph, Out To RF.",6:06 PM.,"10,258.",11,3,0,3,3
777159,2025-07-10,R,2025,Angel Stadium,Los Angeles Angels,Texas Rangers,4.0,11.0,686799,571578,Nate Tomlinson,Nick Mahrley,"79 degrees, Partly Cloudy.","6 mph, Varies.",6:38 PM.,"27,071.",9,0,2,2,9
777158,2025-07-10,R,2025,Petco Park,San Diego Padres,Arizona Diamondbacks,4.0,3.0,681190,593958,Ryan Blakney,Junior Valentine,"72 degrees, Clear.","8 mph, L To R.",6:40 PM.,"39,079.",9,0,0,4,2
777164,2025-07-10,R,2025,Rate Field,Chicago White Sox,Cleveland Guardians,,,681343,671106,Stu Scheurwater,Charlie Ramos,"84 degrees, Cloudy.","7 mph, R To L.",2:10 PM.,"12,869.",9,0,0,2,2
777164,2025-07-11,R,2025,Rate Field,Chicago White Sox,Cleveland Guardians,2.0,4.0,681343,671106,Stu Scheurwater,Charlie Ramos,"84 degrees, Cloudy.","7 mph, R To L.",2:10 PM.,"12,869.",9,0,0,2,2
777146,2025-07-11,R,2025,Rate Field,Chicago White Sox,Cleveland Guardians,5.0,4.0,686563,668909,Dan Bellino,Jordan Baker,"85 degrees, Cloudy.","8 mph, R To L.",7:30 PM.,"25,084.",11,1,0,3,2
777157,2025-07-11,R,2025,Oriole Park at Camden Yards,Baltimore Orioles,Miami Marlins,5.0,2.0,665152,665795,Jacob Metz,Vic Carapazza,"87 degrees, Partly Cloudy.","3 mph, Out To LF.",7:08 PM.,"22,213.",9,2,0,4,0
777153,2025-07-11,R,2025,Yankee Stadium,New York Yankees,Chicago Cubs,11.0,0.0,607074,623167,Paul Clemons,Ramon De Jesus,"81 degrees, Partly Cloudy.","10 mph, R To L.",7:10 PM.,"46,327.",9,0,0,5,0
777160,2025-07-11,R,2025,Great American Ball Park,Cincinnati Reds,Colorado Rockies,2.0,3.0,695505,608566,David Rackley,David Arrieta,"89 degrees, Clear.","6 mph, R To L.",7:11 PM.,"31,092.",9,0,0,1,2
777161,2025-07-11,R,2025,Comerica Park,Detroit Tigers,Seattle Mariners,3.0,12.0,669373,622491,James Hoye,Erich Bacchus,"83 degrees, Partly Cloudy.","7 mph, In From RF.",7:10 PM.,"41,681.",9,0,0,1,4
777155,2025-07-11,R,2025,Fenway Park,Boston Red Sox,Tampa Bay Rays,5.0,4.0,690928,656876,CB Bucknor,Scott Barry,"78 degrees, Partly Cloudy.","4 mph, In From RF.",7:11 PM.,"35,452.",9,0,1,3,4
777151,2025-07-11,R,2025,Kauffman Stadium,Kansas City Royals,New York Mets,3.0,8.0,608379,673540,Jim Wolf,Chris Segal,"83 degrees, Overcast.","12 mph, L To R.",8:31 PM.,"28,268.",9,0,0,0,1
777154,2025-07-11,R,2025,Daikin Park,Houston Astros,Texas Rangers,3.0,7.0,621121,683004,Marvin Hudson,Phil Cuzzi,"73 degrees, Roof Closed.","0 mph, None.",7:10 PM.,"40,233.",9,1,2,3,5
777148,2025-07-11,R,2025,Target Field,Minnesota Twins,Pittsburgh Pirates,2.0,1.0,657746,694973,Austin Jones,Mike Muchlinski,"83 degrees, Overcast.","4 mph, Out To RF.",7:33 PM.,"40,100.",9,0,0,2,1
777149,2025-07-11,R,2025,American Family Field,Milwaukee Brewers,Washington Nationals,8.0,3.0,669084,680730,Tom Hanahan,Alfonso Márquez,"76 degrees, Roof Closed.","0 mph, None.",7:11 PM.,"35,057.",9,0,0,7,1
777147,2025-07-11,R,2025,Busch Stadium,St. Louis Cardinals,Atlanta Braves,5.0,6.0,669461,656550,Chris Conroy,John Tumpane,"91 degrees, Partly Cloudy.","9 mph, Out To LF.",7:16 PM.,"29,625.",9,2,3,5,6
777150,2025-07-11,R,2025,Angel Stadium,Los Angeles Angels,Arizona Diamondbacks,6.0,5.0,542881,669194,Jonathan Parra,Chad Whitson,"74 degrees, Clear.","8 mph, Out To RF.",6:39 PM.,"35,209.",9,4,0,5,4
777139,2025-07-11,R,2025,Petco Park,San Diego Padres,Philadelphia Phillies,4.0,2.0,686701,624133,Nick Mahrley,Shane Livensparger,"68 degrees, Partly Cloudy.","7 mph, Out To RF.",6:41 PM.,"43,856.",9,0,0,3,2
777152,2025-07-11,R,2025,Sutter Health Park,Athletics,Toronto Blue Jays,6.0,7.0,622663,453286,Junior Valentine,Brian Walsh,"96 degrees, Clear.","10 mph, Out To CF.",7:05 PM.,"7,950.",9,0,0,0,7
777143,2025-07-11,R,2025,Oracle Park,San Francisco Giants,Los Angeles Dodgers,8.0,7.0,657277,669160,Brian O'Nora,Mike Estabrook,"60 degrees, Clear.","9 mph, Out To CF.",7:15 PM.,"40,785.",9,0,0,8,2
777142,2025-07-12,R,2025,Yankee Stadium,New York Yankees,Chicago Cubs,2.0,5.0,608331,571510,Ramon De Jesus,Quinn Wolcott,"84 degrees, Partly Cloudy.","6 mph, In From CF.",1:09 PM.,"46,839.",9,0,1,0,4
777145,2025-07-12,R,2025,Comerica Park,Detroit Tigers,Seattle Mariners,7.0,15.0,663554,669923,Erich Bacchus,John Libka,"80 degrees, Partly Cloudy.","13 mph, In From RF.",2:45 PM.,"36,438.",9,1,0,4,7
777134,2025-07-12,R,2025,Target Field,Minnesota Twins,Pittsburgh Pirates,12.0,4.0,663485,681347,Mike Muchlinski,Gabe Morales,"77 degrees, Cloudy.","12 mph, Out To CF.",1:11 PM.,"26,496.",9,0,0,9,2
777133,2025-07-12,R,2025,Busch Stadium,St. Louis Cardinals,Atlanta Braves,6.0,7.0,607200,607481,John Tumpane,Brennan Miller,"83 degrees, Overcast.","11 mph, Out To CF.",1:15 PM.,"31,807.",9,0,1,3,3
777127,2025-07-12,R,2025,Oracle Park,San Francisco Giants,Los Angeles Dodgers,1.0,2.0,694738,660271,Mike Estabrook,John Bacon,"62 degrees, Sunny.","9 mph, Out To CF.",1:05 PM.,"41,029.",9,0,0,0,1
777141,2025-07-12,R,2025,Oriole Park at Camden Yards,Baltimore Orioles,Miami Marlins,0.0,6.0,669432,676083,Vic Carapazza,Mark Ripperger,"89 degrees, Partly Cloudy.","4 mph, Out To LF.",4:07 PM.,"34,332.",9,0,0,0,0
777140,2025-07-12,R,2025,Great American Ball Park,Cincinnati Reds,Colorado Rockies,4.0,3.0,663903,687134,David Arrieta,Jansen Visconti,"86 degrees, Cloudy.","9 mph, R To L.",4:11 PM.,"33,663.",9,1,0,1,2
777136,2025-07-12,R,2025,Kauffman Stadium,Kansas City Royals,New York Mets,1.0,3.0,672582,593423,Chris Segal,Alex MacKay,"84 degrees, Partly Cloudy.","1 mph, In From LF.",3:10 PM.,"24,620.",9,0,0,0,2
777144,2025-07-12,R,2025,Fenway Park,Boston Red Sox,Tampa Bay Rays,1.0,0.0,676979,669358,Scott Barry,Adam Beck,"80 degrees, Partly Cloudy.","4 mph, Out To CF.",4:10 PM.,"36,453.",9,0,0,1,0
777138,2025-07-12,R,2025,Rate Field,Chicago White Sox,Cleveland Guardians,2.0,6.0,680732,676440,Jordan Baker,Dan Merzel,"83 degrees, Cloudy.","9 mph, Out To LF.",3:30 PM.,"21,785.",9,0,1,2,2
777135,2025-07-12,R,2025,American Family Field,Milwaukee Brewers,Washington Nationals,6.0,5.0,605540,829272,Alfonso Márquez,Carlos Torres,"83 degrees, Partly Cloudy.","9 mph, R To L.",3:10 PM.,"35,015.",9,0,0,3,2
777137,2025-07-12,R,2025,Daikin Park,Houston Astros,Texas Rangers,5.0,4.0,664285,594798,Phil Cuzzi,Clint Vondrak,"73 degrees, Roof Closed.","0 mph, None.",6:38 PM.,"39,696.",11,1,1,2,1
777126,2025-07-12,R,2025,Petco Park,San Diego Padres,Philadelphia Phillies,5.0,4.0,506433,554430,Shane Livensparger,Bruce Dreckman,"71 degrees, Sunny.","8 mph, L To R.",4:36 PM.,"43,444.",9,0,0,3,4
777131,2025-07-12,R,2025,Angel Stadium,Los Angeles Angels,Arizona Diamondbacks,10.0,5.0,579328,668678,Chad Whitson,Edwin Moscoso,"74 degrees, Clear.","8 mph, R To L.",6:39 PM.,"43,008.",9,1,0,6,2
777132,2025-07-12,R,2025,Sutter Health Park,Athletics,Toronto Blue Jays,4.0,3.0,682052,592332,Brian Walsh,Tripp Gibson,"87 degrees, Clear.","12 mph, Out To LF.",7:06 PM.,"8,738.",9,0,0,4,2
777130,2025-07-13,R,2025,Fenway Park,Boston Red Sox,Tampa Bay Rays,4.0,1.0,678394,686752,Adam Beck,Dan Iassogna,"77 degrees, Sunny.","3 mph, R To L.",1:37 PM.,"36,497.",9,0,0,1,1
777129,2025-07-13,R,2025,Oriole Park at Camden Yards,Baltimore Orioles,Miami Marlins,1.0,11.0,687064,691587,Mark Ripperger,Nic Lentz,"87 degrees, Overcast.","4 mph, R To L.",3:13 PM.,"17,759.",9,0,0,0,7
777122,2025-07-13,R,2025,Yankee Stadium,New York Yankees,Chicago Cubs,1.0,4.0,701542,684007,Quinn Wolcott,Adrian Johnson,"81 degrees, Partly Cloudy.","7 mph, In From RF.",1:39 PM.,"45,435.",9,0,1,1,1
777128,2025-07-13,R,2025,Great American Ball Park,Cincinnati Reds,Colorado Rockies,4.0,2.0,607259,596295,Jansen Visconti,Malachi Moore,"78 degrees, Partly Cloudy.","6 mph, R To L.",1:41 PM.,"24,541.",9,1,0,3,2
777121,2025-07-13,R,2025,Comerica Park,Detroit Tigers,Seattle Mariners,4.0,8.0,656427,669302,John Libka,D.J. Reyburn,"86 degrees, Sunny.","6 mph, In From RF.",1:40 PM.,"34,671.",9,2,0,2,2
777124,2025-07-13,R,2025,Kauffman Stadium,Kansas City Royals,New York Mets,3.0,2.0,702070,605280,Alex MacKay,Alan Porter,"85 degrees, Sunny.","6 mph, Out To RF.",1:53 PM.,"22,121.",9,0,0,2,0
777125,2025-07-13,R,2025,Daikin Park,Houston Astros,Texas Rangers,1.0,5.0,686613,543135,Clint Vondrak,Tony Randazzo,"73 degrees, Roof Closed.","0 mph, None.",1:12 PM.,"37,939.",9,0,0,0,4
777113,2025-07-13,R,2025,Target Field,Minnesota Twins,Pittsburgh Pirates,1.0,2.0,680573,656605,Gabe Morales,Emil Jimenez,"84 degrees, Partly Cloudy.","10 mph, In From RF.",1:11 PM.,"24,959.",9,0,0,1,1
777120,2025-07-13,R,2025,Rate Field,Chicago White Sox,Cleveland Guardians,5.0,6.0,650644,676282,Dan Merzel,Stu Scheurwater,"83 degrees, Cloudy.","2 mph, R To L.",1:10 PM.,"24,680.",10,0,0,3,0
777123,2025-07-13,R,2025,American Family Field,Milwaukee Brewers,Washington Nationals,8.0,1.0,642547,663623,Carlos Torres,Lance Barrett,"80 degrees, Sunny.","8 mph, R To L.",1:11 PM.,"32,135.",9,0,0,3,0
777118,2025-07-13,R,2025,Busch Stadium,St. Louis Cardinals,Atlanta Braves,5.0,4.0,543243,669721,Brennan Miller,Jeremie Rehak,"78 degrees, Rain.","6 mph, R To L.",1:16 PM.,"26,959.",9,0,0,3,3
777119,2025-07-13,R,2025,Oracle Park,San Francisco Giants,Los Angeles Dodgers,2.0,5.0,592662,808967,John Bacon,Laz Diaz,"64 degrees, Sunny.","10 mph, Varies.",1:05 PM.,"41,048.",11,0,0,0,2
777116,2025-07-13,R,2025,Sutter Health Park,Athletics,Toronto Blue Jays,6.0,3.0,605488,621244,Tripp Gibson,Ryan Blakney,"85 degrees, Sunny.","6 mph, Varies.",1:06 PM.,"8,884.",9,0,0,6,1
777115,2025-07-13,R,2025,Angel Stadium,Los Angeles Angels,Arizona Diamondbacks,1.0,5.0,667755,518876,Edwin Moscoso,Chris Guccione,"79 degrees, Sunny.","6 mph, Out To CF.",1:08 PM.,"26,773.",9,0,0,1,5
777117,2025-07-13,R,2025,Petco Park,San Diego Padres,Philadelphia Phillies,1.0,2.0,601713,650911,Bruce Dreckman,Nate Tomlinson,"72 degrees, Sunny.","6 mph, L To R.",1:11 PM.,"43,398.",9,0,1,0,1
777101,2025-07-18,R,2025,Wrigley Field,Chicago Cubs,Boston Red Sox,4.0,1.0,607067,608337,Will Little,Ryan Wills,"75 degrees, Sunny.","8 mph, In From RF.",1:20 PM.,"41,011.",9,3,0,3,1
777107,2025-07-18,R,2025,PNC Park,Pittsburgh Pirates,Chicago White Sox,1.0,10.0,663559,686563,Malachi Moore,John Tumpane,"75 degrees, Partly Cloudy.","2 mph, L To R.",6:42 PM.,"28,899.",9,0,3,1,4
777112,2025-07-18,R,2025,Nationals Park,Washington Nationals,San Diego Padres,2.0,7.0,647336,656302,Laz Diaz,Erich Bacchus,"86 degrees, Partly Cloudy.","3 mph, In From RF.",6:45 PM.,"22,316.",9,0,0,0,1
777106,2025-07-18,R,2025,Citizens Bank Park,Philadelphia Phillies,Los Angeles Angels,5.0,6.0,666200,666171,Jeremie Rehak,Chris Conroy,"84 degrees, Partly Cloudy.","8 mph, L To R.",6:46 PM.,"44,482.",9,1,0,4,4
777108,2025-07-18,R,2025,Rogers Centre,Toronto Blue Jays,San Francisco Giants,4.0,0.0,605135,434378,Chris Guccione,David Rackley,"72 degrees, Clear.","6 mph, R To L.",7:09 PM.,"41,339.",9,0,0,4,0
777111,2025-07-18,R,2025,Citi Field,New York Mets,Cincinnati Reds,4.0,8.0,640455,666157,Alex Tosi,Manny Gonzalez,"82 degrees, Clear.","8 mph, In From RF.",7:10 PM.,"42,390.",9,1,0,2,3
777105,2025-07-18,R,2025,Progressive Field,Cleveland Guardians,Athletics,8.0,6.0,677944,676664,Alan Porter,Jim Wolf,"74 degrees, Clear.","8 mph, In From RF.",7:11 PM.,"34,691.",9,0,0,8,1
777109,2025-07-18,R,2025,loanDepot park,Miami Marlins,Kansas City Royals,8.0,7.0,645261,607625,Jordan Baker,James Jean,"72 degrees, Roof Closed.","0 mph, None.",7:10 PM.,"14,442.",10,3,0,5,4
777114,2025-07-18,R,2025,Truist Park,Atlanta Braves,New York Yankees,7.0,3.0,675911,641656,Nate Tomlinson,Mark Wegner,"79 degrees, Cloudy.","5 mph, In From RF.",7:17 PM.,"41,844.",9,3,0,7,0
777110,2025-07-18,R,2025,George M. Steinbrenner Field,Tampa Bay Rays,Baltimore Orioles,11.0,1.0,671737,450203,Sean Barber,D.J. Reyburn,"91 degrees, Partly Cloudy.","5 mph, L To R.",7:35 PM.,"10,046.",9,3,0,5,0
777098,2025-07-18,R,2025,Globe Life Field,Texas Rangers,Detroit Tigers,2.0,0.0,571578,681857,Lance Barrett,Tom Hanahan,"74 degrees, Roof Closed.","0 mph, None.",7:08 PM.,"36,068.",9,0,0,0,0
777102,2025-07-18,R,2025,Coors Field,Colorado Rockies,Minnesota Twins,6.0,4.0,607536,663978,Ryan Blakney,Junior Valentine,"74 degrees, Cloudy.","4 mph, In From CF.",6:40 PM.,"37,759.",9,4,0,5,1
777100,2025-07-18,R,2025,Chase Field,Arizona Diamondbacks,St. Louis Cardinals,7.0,3.0,694297,669467,Doug Eddings,Emil Jimenez,"76 degrees, Roof Closed.","0 mph, None.",6:40 PM.,"31,938.",9,0,0,6,0
777099,2025-07-18,R,2025,T-Mobile Park,Seattle Mariners,Houston Astros,6.0,1.0,622491,687888,Adam Hamari,Nestor Ceja,"71 degrees, Partly Cloudy.","6 mph, Out To CF.",7:12 PM.,"41,834.",9,0,0,1,0
777103,2025-07-18,R,2025,Dodger Stadium,Los Angeles Dodgers,Milwaukee Brewers,0.0,2.0,607192,682990,Roberto Ortiz,Bill Miller,"73 degrees, Partly Cloudy.","4 mph, L To R.",7:10 PM.,"49,281.",9,0,0,0,1
777094,2025-07-19,R,2025,Rogers Centre,Toronto Blue Jays,San Francisco Giants,6.0,3.0,641778,657277,David Rackley,Chad Whitson,"74 degrees, Sunny.","5 mph, Out To CF.",3:08 PM.,"42,015.",9,0,0,0,1
777092,2025-07-19,R,2025,Citi Field,New York Mets,Cincinnati Reds,2.0,5.0,605280,607259,Manny Gonzalez,Ron Kulpa,"81 degrees, Cloudy.","8 mph, Out To LF.",4:30 PM.,"42,605.",9,1,0,2,3
777093,2025-07-19,R,2025,loanDepot park,Miami Marlins,Kansas City Royals,3.0,1.0,615698,608379,James Jean,Edwin Moscoso,"72 degrees, Roof Closed.","0 mph, None.",4:10 PM.,"14,292.",9,1,0,1,0
777089,2025-07-19,R,2025,Citizens Bank Park,Philadelphia Phillies,Los Angeles Angels,9.0,5.0,592836,579328,Chris Conroy,Steven Jaschinski,"78 degrees, Partly Cloudy.","6 mph, Out To CF.",6:05 PM.,"43,124.",9,1,0,2,3
777090,2025-07-19,R,2025,PNC Park,Pittsburgh Pirates,Chicago White Sox,4.0,10.0,681347,605288,John Tumpane,Jansen Visconti,"84 degrees, Partly Cloudy.","6 mph, Out To CF.",6:41 PM.,"38,041.",9,0,0,4,2
777091,2025-07-19,R,2025,Nationals Park,Washington Nationals,San Diego Padres,4.0,2.0,680730,506433,Erich Bacchus,Brian O'Nora,"76 degrees, Cloudy.","8 mph, In From RF.",7:50 PM.,"31,136.",9,0,0,3,2
777095,2025-07-19,R,2025,George M. Steinbrenner Field,Tampa Bay Rays,Baltimore Orioles,4.0,3.0,641793,665152,D.J. Reyburn,James Hoye,"91 degrees, Partly Cloudy.","5 mph, L To R.",7:05 PM.,"10,046.",9,0,2,0,2
777088,2025-07-19,R,2025,Globe Life Field,Texas Rangers,Detroit Tigers,4.0,1.0,677958,672456,Tom Hanahan,Alfonso Márquez,"74 degrees, Roof Closed.","0 mph, None.",6:08 PM.,"37,045.",9,0,0,4,0
777104,2025-07-19,R,2025,Progressive Field,Cleveland Guardians,Athletics,2.0,8.0,671106,622663,Jim Wolf,Chris Segal,"80 degrees, Overcast.","8 mph, In From CF.",7:10 PM.,"32,949.",9,0,0,2,3
777096,2025-07-19,R,2025,Wrigley Field,Chicago Cubs,Boston Red Sox,6.0,0.0,684007,678394,Ryan Wills,Ryan Additon,"85 degrees, Partly Cloudy.","8 mph, Out To RF.",6:15 PM.,"40,703.",9,2,0,3,0
777081,2025-07-19,R,2025,Chase Field,Arizona Diamondbacks,St. Louis Cardinals,10.0,1.0,669194,543243,Emil Jimenez,Gabe Morales,"78 degrees, Roof Closed.","0 mph, None.",4:15 PM.,"42,817.",9,3,0,9,0
777097,2025-07-19,R,2025,Truist Park,Atlanta Braves,New York Yankees,9.0,12.0,666214,701542,Mark Wegner,Shane Livensparger,"91 degrees, Cloudy.","11 mph, Out To LF.",7:16 PM.,"42,530.",9,0,0,7,2
777080,2025-07-19,R,2025,Coors Field,Colorado Rockies,Minnesota Twins,10.0,6.0,622608,805673,Junior Valentine,Tyler Jones,"81 degrees, Partly Cloudy.","6 mph, Out To LF.",6:48 PM.,"42,131.",9,0,0,6,3
777085,2025-07-19,R,2025,Dodger Stadium,Los Angeles Dodgers,Milwaukee Brewers,7.0,8.0,686218,642547,Bill Miller,Chad Fairchild,"74 degrees, Clear.","9 mph, Out To RF.",6:10 PM.,"53,540.",9,0,0,4,5
777086,2025-07-19,R,2025,T-Mobile Park,Seattle Mariners,Houston Astros,7.0,6.0,688138,621121,Nestor Ceja,Todd Tichenor,"69 degrees, Clear.","4 mph, In From LF.",6:40 PM.,"31,700.",11,0,0,4,2
777079,2025-07-20,R,2025,Rogers Centre,Toronto Blue Jays,San Francisco Giants,8.0,6.0,621244,592662,Chad Whitson,Stu Scheurwater,"74 degrees, Partly Cloudy.","9 mph, In From CF.",12:07 PM.,"41,693.",9,1,1,7,2
777076,2025-07-20,R,2025,George M. Steinbrenner Field,Tampa Bay Rays,Baltimore Orioles,3.0,5.0,686752,669432,James Hoye,John Libka,"93 degrees, Sunny.","3 mph, Out To RF.",12:10 PM.,"9,195.",9,0,1,2,4
777077,2025-07-20,R,2025,Nationals Park,Washington Nationals,San Diego Padres,1.0,8.0,669022,601713,Brian O'Nora,Mike Estabrook,"87 degrees, Partly Cloudy.","12 mph, L To R.",1:35 PM.,"21,996.",9,0,5,1,8
777078,2025-07-20,R,2025,Citizens Bank Park,Philadelphia Phillies,Los Angeles Angels,2.0,8.0,624133,667755,Steven Jaschinski,Brennan Miller,"84 degrees, Partly Cloudy.","7 mph, L To R.",2:16 PM.,"40,616.",9,0,0,1,6
777074,2025-07-20,R,2025,PNC Park,Pittsburgh Pirates,Chicago White Sox,2.0,7.0,571760,650644,Jansen Visconti,Edwin Jimenez,"83 degrees, Partly Cloudy.","10 mph, Out To CF.",1:39 PM.,"19,631.",9,0,4,1,7
777083,2025-07-20,R,2025,Truist Park,Atlanta Braves,New York Yankees,2.0,4.0,656550,573186,Shane Livensparger,Bruce Dreckman,"90 degrees, Partly Cloudy.","9 mph, R To L.",1:36 PM.,"40,125.",9,0,2,0,2
777087,2025-07-20,R,2025,Citi Field,New York Mets,Cincinnati Reds,3.0,2.0,656849,671096,Ron Kulpa,Cory Blaser,"87 degrees, Partly Cloudy.","4 mph, Out To CF.",1:41 PM.,"42,981.",9,0,1,2,1
777084,2025-07-20,R,2025,Progressive Field,Cleveland Guardians,Athletics,8.0,2.0,668909,605488,Chris Segal,Alex MacKay,"78 degrees, Cloudy.","12 mph, In From LF.",1:41 PM.,"25,855.",9,1,0,5,1
777082,2025-07-20,R,2025,loanDepot park,Miami Marlins,Kansas City Royals,4.0,7.0,676083,663460,Edwin Moscoso,Dan Merzel,"72 degrees, Roof Closed.","0 mph, None.",1:42 PM.,"18,219.",9,0,0,0,6
777075,2025-07-20,R,2025,Wrigley Field,Chicago Cubs,Boston Red Sox,1.0,6.0,690990,676979,Ryan Additon,Scott Barry,"73 degrees, Cloudy.","3 mph, In From CF.",1:20 PM.,"40,433.",9,0,0,1,0
777072,2025-07-20,R,2025,Coors Field,Colorado Rockies,Minnesota Twins,1.0,7.0,608566,657746,Tyler Jones,Tripp Gibson,"91 degrees, Partly Cloudy.","8 mph, In From LF.",1:10 PM.,"27,796.",9,0,0,1,4
777067,2025-07-20,R,2025,T-Mobile Park,Seattle Mariners,Houston Astros,3.0,11.0,693433,686613,Todd Tichenor,Willie Traynor,"67 degrees, Partly Cloudy.","4 mph, L To R.",1:12 PM.,"33,189.",9,0,0,3,3
777071,2025-07-20,R,2025,Chase Field,Arizona Diamondbacks,St. Louis Cardinals,5.0,3.0,518876,571945,Gabe Morales,Mike Muchlinski,"78 degrees, Roof Closed.","0 mph, None.",1:12 PM.,"31,288.",9,4,0,5,2
777070,2025-07-20,R,2025,Dodger Stadium,Los Angeles Dodgers,Milwaukee Brewers,5.0,6.0,477132,500779,Chad Fairchild,Ben May,"78 degrees, Sunny.","7 mph, Out To CF.",1:10 PM.,"40,376.",9,0,0,4,3
777073,2025-07-20,R,2025,Globe Life Field,Texas Rangers,Detroit Tigers,1.0,2.0,656641,669373,Alfonso Márquez,Carlos Torres,"74 degrees, Roof Closed.","0 mph, None.",6:10 PM.,"33,209.",9,0,0,0,1
777068,2025-07-21,R,2025,Progressive Field,Cleveland Guardians,Baltimore Orioles,10.0,5.0,676440,608372,Dan Bellino,Tony Randazzo,"75 degrees, Clear.","9 mph, In From RF.",6:40 PM.,"21,748.",9,3,3,5,5
777060,2025-07-21,R,2025,PNC Park,Pittsburgh Pirates,Detroit Tigers,3.0,0.0,694973,656427,Scott Barry,CB Bucknor,"81 degrees, Clear.","6 mph, L To R.",6:41 PM.,"19,379.",9,0,0,3,0
777062,2025-07-21,R,2025,loanDepot park,Miami Marlins,San Diego Padres,1.0,2.0,691587,681190,Adrian Johnson,Paul Clemons,"72 degrees, Roof Closed.","0 mph, None.",6:41 PM.,"11,828.",9,0,0,1,2
777064,2025-07-21,R,2025,Nationals Park,Washington Nationals,Cincinnati Reds,10.0,8.0,663623,663903,Stu Scheurwater,Dan Merzel,"86 degrees, Partly Cloudy.","10 mph, In From RF.",6:45 PM.,"15,558.",9,4,0,8,6
777063,2025-07-21,R,2025,Citizens Bank Park,Philadelphia Phillies,Boston Red Sox,3.0,2.0,554430,621111,Quinn Wolcott,Edwin Jimenez,"84 degrees, Partly Cloudy.","10 mph, In From LF.",6:45 PM.,"42,843.",10,0,1,2,1
777066,2025-07-21,R,2025,Rogers Centre,Toronto Blue Jays,New York Yankees,4.0,1.0,592332,607074,Cory Blaser,Alex Tosi,"70 degrees, Clear.","8 mph, Out To LF.",7:08 PM.,"41,788.",9,0,0,4,1
777061,2025-07-21,R,2025,Citi Field,New York Mets,Los Angeles Angels,7.0,5.0,673540,542881,Mike Estabrook,Laz Diaz,"81 degrees, Cloudy.","9 mph, In From LF.",7:12 PM.,"41,442.",9,0,0,2,4
777069,2025-07-21,R,2025,Truist Park,Atlanta Braves,San Francisco Giants,9.0,5.0,693821,806185,John Libka,Sean Barber,"83 degrees, Cloudy.","8 mph, Out To LF.",7:15 PM.,"34,857.",9,5,1,8,3
777059,2025-07-21,R,2025,George M. Steinbrenner Field,Tampa Bay Rays,Chicago White Sox,3.0,8.0,669358,680732,Bruce Dreckman,Nate Tomlinson,"89 degrees, Partly Cloudy.","5 mph, L To R.",7:36 PM.,"10,046.",9,0,0,2,8
777065,2025-07-21,R,2025,Wrigley Field,Chicago Cubs,Kansas City Royals,4.0,12.0,518489,702070,Clint Vondrak,Lance Barrett,"74 degrees, Partly Cloudy.","4 mph, In From RF.",7:04 PM.,"38,117.",9,0,0,4,7
777057,2025-07-21,R,2025,Globe Life Field,Texas Rangers,Athletics,7.0,2.0,683004,682052,Ben May,Roberto Ortiz,"74 degrees, Roof Closed.","0 mph, None.",7:08 PM.,"26,430.",9,0,0,5,1
777053,2025-07-21,R,2025,Coors Field,Colorado Rockies,St. Louis Cardinals,2.0,6.0,596295,700241,Willie Traynor,Adam Hamari,"88 degrees, Cloudy.","11 mph, L To R.",6:40 PM.,"27,707.",9,0,0,2,3
777055,2025-07-21,R,2025,Chase Field,Arizona Diamondbacks,Houston Astros,3.0,6.0,668678,676467,Nick Mahrley,Vic Carapazza,"76 degrees, Roof Closed.","0 mph, None.",6:41 PM.,"20,144.",9,1,0,3,4
777050,2025-07-21,R,2025,T-Mobile Park,Seattle Mariners,Milwaukee Brewers,0.0,6.0,669923,605540,Tripp Gibson,Ryan Blakney,"78 degrees, Partly Cloudy.","7 mph, Out To CF.",6:41 PM.,"30,085.",9,0,0,0,0
777051,2025-07-21,R,2025,Dodger Stadium,Los Angeles Dodgers,Minnesota Twins,5.0,2.0,660271,701581,Mike Muchlinski,Doug Eddings,"70 degrees, Clear.","2 mph, L To R.",7:09 PM.,"51,121.",9,2,1,3,1
777056,2025-07-22,R,2025,Progressive Field,Cleveland Guardians,Baltimore Orioles,6.0,3.0,676282,687064,Tony Randazzo,John Bacon,"76 degrees, Partly Cloudy.","15 mph, R To L.",6:40 PM.,"22,714.",9,1,0,3,1
777044,2025-07-22,R,2025,PNC Park,Pittsburgh Pirates,Detroit Tigers,8.0,5.0,656605,663554,CB Bucknor,Adam Beck,"81 degrees, Clear.","6 mph, Out To CF.",6:42 PM.,"17,257.",9,0,0,5,3
777052,2025-07-22,R,2025,loanDepot park,Miami Marlins,San Diego Padres,4.0,3.0,665795,663568,Paul Clemons,Austin Jones,"72 degrees, Roof Closed.","0 mph, None.",6:40 PM.,"11,621.",9,2,0,2,1
777042,2025-07-22,R,2025,Nationals Park,Washington Nationals,Cincinnati Reds,6.0,1.0,695418,695505,Dan Merzel,Jordan Baker,"84 degrees, Partly Cloudy.","3 mph, R To L.",6:45 PM.,"29,071.",9,0,0,3,1
777045,2025-07-22,R,2025,Citizens Bank Park,Philadelphia Phillies,Boston Red Sox,4.0,1.0,650911,690916,Edwin Jimenez,Nic Lentz,"79 degrees, Cloudy.","9 mph, In From RF.",6:48 PM.,"43,409.",9,2,0,4,1
777048,2025-07-22,R,2025,George M. Steinbrenner Field,Tampa Bay Rays,Chicago White Sox,4.0,3.0,656876,663436,Nate Tomlinson,Mark Wegner,"87 degrees, Partly Cloudy.","5 mph, R To L.",7:05 PM.,"10,046.",9,0,0,4,2
777046,2025-07-22,R,2025,Rogers Centre,Toronto Blue Jays,New York Yankees,4.0,5.0,453286,693645,Alex Tosi,Manny Gonzalez,"73 degrees, Clear.","7 mph, R To L.",7:07 PM.,"42,326.",9,1,3,2,4
777054,2025-07-22,R,2025,Citi Field,New York Mets,Los Angeles Angels,3.0,2.0,593423,543294,Laz Diaz,Erich Bacchus,"76 degrees, Partly Cloudy.","8 mph, Out To LF.",7:11 PM.,"43,055.",9,0,0,3,2
777058,2025-07-22,R,2025,Truist Park,Atlanta Braves,San Francisco Giants,0.0,9.0,669721,694738,Sean Barber,Ryan Wills,"94 degrees, Partly Cloudy.","6 mph, Out To CF.",7:15 PM.,"36,433.",9,0,0,0,5
777047,2025-07-22,R,2025,Wrigley Field,Chicago Cubs,Kansas City Royals,6.0,0.0,571510,448179,Lance Barrett,Tom Hanahan,"83 degrees, Clear.","9 mph, In From RF.",7:05 PM.,"40,092.",9,0,0,3,0
777043,2025-07-22,R,2025,Globe Life Field,Texas Rangers,Athletics,6.0,2.0,594798,669372,Roberto Ortiz,Bill Miller,"74 degrees, Roof Closed.","0 mph, None.",7:08 PM.,"23,032.",9,0,1,1,1
777049,2025-07-22,R,2025,Coors Field,Colorado Rockies,St. Louis Cardinals,8.0,4.0,687134,607200,Adam Hamari,Nestor Ceja,"79 degrees, Cloudy.","6 mph, L To R.",6:40 PM.,"30,137.",9,1,0,7,2
777040,2025-07-22,R,2025,Chase Field,Arizona Diamondbacks,Houston Astros,1.0,3.0,593958,664285,Vic Carapazza,Brian Walsh,"76 degrees, Roof Closed.","0 mph, None.",6:41 PM.,"25,650.",9,0,0,1,0
777035,2025-07-22,R,2025,T-Mobile Park,Seattle Mariners,Milwaukee Brewers,1.0,0.0,669302,694819,Ryan Blakney,Junior Valentine,"77 degrees, Clear.","5 mph, L To R.",6:41 PM.,"32,189.",9,0,0,0,0
777039,2025-07-22,R,2025,Dodger Stadium,Los Angeles Dodgers,Minnesota Twins,7.0,10.0,808967,680573,Doug Eddings,Charlie Ramos,"70 degrees, Clear.","4 mph, L To R.",7:10 PM.,"45,074.",9,0,0,3,3
777026,2025-07-23,R,2025,Nationals Park,Washington Nationals,Cincinnati Reds,0.0,5.0,647336,666157,Jordan Baker,James Jean,"82 degrees, Cloudy.","5 mph, Out To LF.",12:05 PM.,"21,567.",9,0,0,0,1
777037,2025-07-23,R,2025,loanDepot park,Miami Marlins,San Diego Padres,3.0,2.0,645261,656302,Austin Jones,Ramon De Jesus,"72 degrees, Roof Closed.","0 mph, None.",12:10 PM.,"15,137.",9,1,0,3,1
777041,2025-07-23,R,2025,Truist Park,Atlanta Braves,San Francisco Giants,3.0,9.0,675911,434378,Ryan Wills,D.J. Reyburn,"79 degrees, Cloudy.","9 mph, In From LF.",12:15 PM.,"33,352.",9,0,0,0,3
777029,2025-07-23,R,2025,PNC Park,Pittsburgh Pirates,Detroit Tigers,6.0,1.0,663559,675512,Adam Beck,Dan Iassogna,"77 degrees, Sunny.","4 mph, Out To CF.",12:37 PM.,"17,248.",9,1,0,6,0
777034,2025-07-23,R,2025,Citi Field,New York Mets,Los Angeles Angels,6.0,3.0,640455,656271,Erich Bacchus,Brian O'Nora,"80 degrees, Sunny.","9 mph, Out To LF.",1:10 PM.,"41,591.",9,1,0,6,1
777031,2025-07-23,R,2025,Wrigley Field,Chicago Cubs,Kansas City Royals,4.0,8.0,607067,607625,Tom Hanahan,Alfonso Márquez,"92 degrees, Partly Cloudy.","13 mph, Out To LF.",1:20 PM.,"38,624.",9,0,2,2,6
777028,2025-07-23,R,2025,Coors Field,Colorado Rockies,St. Louis Cardinals,6.0,0.0,685299,669467,Nestor Ceja,Todd Tichenor,"82 degrees, Partly Cloudy.","11 mph, R To L.",1:10 PM.,"27,711.",9,0,0,5,0
777032,2025-07-23,R,2025,Chase Field,Arizona Diamondbacks,Houston Astros,3.0,4.0,694297,687888,Brian Walsh,Mark Ripperger,"76 degrees, Roof Closed.","0 mph, None.",12:40 PM.,"22,513.",9,1,0,1,0
777024,2025-07-23,R,2025,T-Mobile Park,Seattle Mariners,Milwaukee Brewers,2.0,10.0,622491,682990,Junior Valentine,Marvin Hudson,"73 degrees, Sunny.","3 mph, Out To CF.",12:41 PM.,"41,449.",9,0,0,2,6
777022,2025-07-23,R,2025,Dodger Stadium,Los Angeles Dodgers,Minnesota Twins,4.0,3.0,607192,663978,Charlie Ramos,Emil Jimenez,"79 degrees, Sunny.","8 mph, Out To RF.",1:10 PM.,"40,094.",9,1,0,1,1
777036,2025-07-23,R,2025,Progressive Field,Cleveland Guardians,Baltimore Orioles,3.0,2.0,677944,621107,John Bacon,Phil Cuzzi,"82 degrees, Clear.","6 mph, In From CF.",6:40 PM.,"30,476.",9,0,0,2,1
777027,2025-07-23,R,2025,Rogers Centre,Toronto Blue Jays,New York Yankees,8.0,4.0,605135,608331,Manny Gonzalez,Ron Kulpa,"74 degrees, Clear.","9 mph, L To R.",7:07 PM.,"42,143.",9,0,0,4,2
777038,2025-07-23,R,2025,Citizens Bank Park,Philadelphia Phillies,Boston Red Sox,8.0,9.0,666200,608337,Nic Lentz,Malachi Moore,"81 degrees, Partly Cloudy.","10 mph, Out To CF.",7:10 PM.,"42,601.",11,3,0,5,6
777030,2025-07-23,R,2025,George M. Steinbrenner Field,Tampa Bay Rays,Chicago White Sox,9.0,11.0,671737,686563,Mark Wegner,Shane Livensparger,"80 degrees, Cloudy.","6 mph, R To L.",7:35 PM.,"10,046.",9,4,0,6,4
777033,2025-07-23,R,2025,Globe Life Field,Texas Rangers,Athletics,2.0,1.0,571578,676664,Bill Miller,Chad Fairchild,"74 degrees, Roof Closed.","0 mph, None.",7:08 PM.,"27,719.",9,0,0,1,0
777019,2025-07-24,R,2025,Progressive Field,Cleveland Guardians,Baltimore Orioles,3.0,4.0,671106,450203,Phil Cuzzi,Dan Bellino,"88 degrees, Partly Cloudy.","8 mph, Out To RF.",1:10 PM.,"26,223.",9,0,3,3,3
777021,2025-07-24,R,2025,Comerica Park,Detroit Tigers,Toronto Blue Jays,4.0,11.0,681857,641778,Ramon De Jesus,Adrian Johnson,"95 degrees, Partly Cloudy.","8 mph, Out To CF.",6:40 PM.,"30,051.",9,1,0,1,0
777023,2025-07-24,R,2025,Busch Stadium,St. Louis Cardinals,San Diego Padres,9.0,7.0,543243,506433,Alfonso Márquez,Clint Vondrak,"93 degrees, Clear.","7 mph, Out To LF.",6:46 PM.,"30,601.",9,1,2,8,7
777025,2025-07-24,R,2025,Daikin Park,Houston Astros,Athletics,2.0,5.0,669920,622663,Dan Iassogna,Scott Barry,"73 degrees, Roof Closed.","0 mph, None.",7:10 PM.,"32,386.",9,0,0,0,4
777018,2025-07-24,R,2025,Angel Stadium,Los Angeles Angels,Seattle Mariners,2.0,4.0,579328,688138,Emil Jimenez,Mike Muchlinski,"80 degrees, Partly Cloudy.","9 mph, Out To CF.",6:38 PM.,"28,532.",9,1,0,1,3
777008,2025-07-25,R,2025,American Family Field,Milwaukee Brewers,Miami Marlins,1.0,5.0,642547,615698,Dan Bellino,Tony Randazzo,"75 degrees, Cloudy.","10 mph, L To R.",3:12 PM.,"41,944.",9,0,0,1,1
777014,2025-07-25,R,2025,PNC Park,Pittsburgh Pirates,Arizona Diamondbacks,0.0,1.0,681347,669194,Shane Livensparger,Bruce Dreckman,"84 degrees, Partly Cloudy.","7 mph, Out To RF.",6:41 PM.,"21,296.",11,0,0,0,0
777020,2025-07-25,R,2025,Oriole Park at Camden Yards,Baltimore Orioles,Colorado Rockies,5.0,6.0,665152,607536,Chad Fairchild,Ben May,"92 degrees, Partly Cloudy.","6 mph, Out To RF.",7:07 PM.,"25,090.",9,2,0,4,5
777015,2025-07-25,R,2025,Yankee Stadium,New York Yankees,Philadelphia Phillies,5.0,12.0,701542,592836,D.J. Reyburn,John Libka,"85 degrees, Partly Cloudy.","7 mph, Out To RF.",7:08 PM.,"47,018.",9,1,0,2,2
777012,2025-07-25,R,2025,Fenway Park,Boston Red Sox,Los Angeles Dodgers,2.0,5.0,678394,686218,James Jean,Stu Scheurwater,"86 degrees, Cloudy.","3 mph, L To R.",7:12 PM.,"36,369.",9,0,0,2,3
777013,2025-07-25,R,2025,Great American Ball Park,Cincinnati Reds,Tampa Bay Rays,7.0,2.0,607259,641793,Todd Tichenor,Willie Traynor,"90 degrees, Partly Cloudy.","3 mph, Out To LF.",7:12 PM.,"30,110.",9,0,0,3,2
777016,2025-07-25,R,2025,Comerica Park,Detroit Tigers,Toronto Blue Jays,2.0,6.0,672456,621244,Adrian Johnson,Paul Clemons,"79 degrees, Partly Cloudy.","6 mph, In From LF.",7:09 PM.,"37,820.",9,0,0,1,6
777005,2025-07-25,R,2025,Busch Stadium,St. Louis Cardinals,San Diego Padres,3.0,0.0,571945,601713,Clint Vondrak,Lance Barrett,"88 degrees, Partly Cloudy.","8 mph, R To L.",6:16 PM.,"29,297.",9,0,0,3,0
777017,2025-07-25,R,2025,Rate Field,Chicago White Sox,Chicago Cubs,12.0,5.0,605288,684007,Mark Ripperger,Nick Mahrley,"78 degrees, Partly Cloudy.","7 mph, Out To RF.",6:41 PM.,"38,762.",9,3,0,11,0
777009,2025-07-25,R,2025,Globe Life Field,Texas Rangers,Atlanta Braves,8.0,3.0,543135,666214,Brian O'Nora,Mike Estabrook,"74 degrees, Roof Closed.","0 mph, None.",7:08 PM.,"34,643.",9,1,0,4,0
777007,2025-07-25,R,2025,Daikin Park,Houston Astros,Athletics,3.0,15.0,687473,605488,Scott Barry,CB Bucknor,"73 degrees, Roof Closed.","0 mph, None.",7:10 PM.,"37,700.",9,0,3,2,9
777011,2025-07-25,R,2025,Target Field,Minnesota Twins,Washington Nationals,1.0,0.0,805673,669022,Ron Kulpa,Cory Blaser,"83 degrees, Cloudy.","6 mph, R To L.",7:11 PM.,"27,736.",9,0,0,1,0
777006,2025-07-25,R,2025,Angel Stadium,Los Angeles Angels,Seattle Mariners,3.0,2.0,667755,693433,Mike Muchlinski,Doug Eddings,"73 degrees, Clear.","8 mph, R To L.",6:38 PM.,"37,821.",10,2,1,2,1
777004,2025-07-25,R,2025,Oracle Park,San Francisco Giants,New York Mets,1.0,8.0,657277,605280,Marvin Hudson,Tripp Gibson,"60 degrees, Partly Cloudy.","12 mph, Out To CF.",7:15 PM.,"41,163.",9,1,2,1,6
777010,2025-07-25,R,2025,Kauffman Stadium,Kansas City Royals,Cleveland Guardians,,,608379,668909,Malachi Moore,Brock Ballou,"86 degrees, Sunny.","7 mph, R To L.",1:41 PM.,"21,794.",10,0,0,2,1
777001,2025-07-26,R,2025,Yankee Stadium,New York Yankees,Philadelphia Phillies,4.0,9.0,573186,624133,John Libka,Sean Barber,"83 degrees, Cloudy.","9 mph, In From LF.",1:09 PM.,"46,621.",9,0,1,1,4
777010,2025-07-26,R,2025,Kauffman Stadium,Kansas City Royals,Cleveland Guardians,5.0,3.0,608379,668909,Malachi Moore,Brock Ballou,"86 degrees, Sunny.","7 mph, R To L.",1:41 PM.,"21,794.",10,0,0,2,1
776990,2025-07-26,R,2025,Kauffman Stadium,Kansas City Royals,Cleveland Guardians,4.0,6.0,663460,676440,Quinn Wolcott,Nic Lentz,"87 degrees, Partly Cloudy.","8 mph, R To L.",6:16 PM.,"25,278.",9,0,3,4,6
777003,2025-07-26,R,2025,Comerica Park,Detroit Tigers,Toronto Blue Jays,1.0,6.0,669373,592332,Paul Clemons,Austin Jones,"82 degrees, Overcast.","10 mph, In From RF.",6:10 PM.,"40,528.",9,0,0,0,0
777002,2025-07-26,R,2025,PNC Park,Pittsburgh Pirates,Arizona Diamondbacks,2.0,0.0,571760,518876,Bruce Dreckman,Nate Tomlinson,"88 degrees, Partly Cloudy.","7 mph, Out To LF.",7:21 PM.,"27,425.",9,0,0,2,0
777000,2025-07-26,R,2025,Great American Ball Park,Cincinnati Reds,Tampa Bay Rays,6.0,2.0,671096,686752,Willie Traynor,Adam Hamari,"87 degrees, Cloudy.","9 mph, R To L.",6:41 PM.,"39,848.",9,0,0,0,0
776999,2025-07-26,R,2025,Oriole Park at Camden Yards,Baltimore Orioles,Colorado Rockies,18.0,0.0,669432,622608,Ben May,Roberto Ortiz,"85 degrees, Partly Cloudy.","6 mph, R To L.",7:06 PM.,"20,188.",9,1,0,6,0
776993,2025-07-26,R,2025,Globe Life Field,Texas Rangers,Atlanta Braves,6.0,5.0,677958,656550,Mike Estabrook,Laz Diaz,"74 degrees, Roof Closed.","0 mph, None.",6:08 PM.,"38,318.",10,0,1,4,3
776991,2025-07-26,R,2025,Daikin Park,Houston Astros,Athletics,1.0,5.0,686613,682052,CB Bucknor,Adam Beck,"73 degrees, Roof Closed.","0 mph, None.",6:10 PM.,"36,213.",9,0,1,0,1
776997,2025-07-26,R,2025,Target Field,Minnesota Twins,Washington Nationals,3.0,9.0,657746,680730,Cory Blaser,Alex Tosi,"89 degrees, Clear.","11 mph, Out To LF.",6:12 PM.,"26,928.",9,0,0,0,5
776994,2025-07-26,R,2025,Rate Field,Chicago White Sox,Chicago Cubs,1.0,6.0,650644,690990,Nick Mahrley,Vic Carapazza,"81 degrees, Overcast.","7 mph, In From RF.",6:10 PM.,"38,432.",9,0,0,0,0
776996,2025-07-26,R,2025,American Family Field,Milwaukee Brewers,Miami Marlins,4.0,7.0,500779,676083,Tony Randazzo,John Bacon,"83 degrees, Partly Cloudy.","7 mph, In From RF.",6:11 PM.,"38,055.",9,0,0,3,5
776998,2025-07-26,R,2025,Fenway Park,Boston Red Sox,Los Angeles Dodgers,4.0,2.0,676979,477132,Stu Scheurwater,Dan Merzel,"78 degrees, Partly Cloudy.","4 mph, R To L.",7:15 PM.,"36,687.",9,0,2,4,2
776992,2025-07-26,R,2025,Busch Stadium,St. Louis Cardinals,San Diego Padres,1.0,3.0,669461,681190,Lance Barrett,Tom Hanahan,"93 degrees, Cloudy.","10 mph, In From RF.",6:16 PM.,"25,699.",9,0,0,1,2
776985,2025-07-26,R,2025,Oracle Park,San Francisco Giants,New York Mets,1.0,2.0,592662,656849,Tripp Gibson,Ryan Blakney,"61 degrees, Cloudy.","13 mph, Out To CF.",6:05 PM.,"39,029.",9,0,0,1,0
776995,2025-07-26,R,2025,Angel Stadium,Los Angeles Angels,Seattle Mariners,2.0,7.0,542881,669923,Doug Eddings,Charlie Ramos,"74 degrees, Partly Cloudy.","8 mph, Out To CF.",6:39 PM.,"40,836.",9,0,0,2,2
776986,2025-07-27,R,2025,Oriole Park at Camden Yards,Baltimore Orioles,Colorado Rockies,5.0,1.0,608372,596295,Roberto Ortiz,Bill Miller,"93 degrees, Partly Cloudy.","4 mph, Varies.",2:03 PM.,"16,407.",9,0,0,4,1
776983,2025-07-27,R,2025,Fenway Park,Boston Red Sox,Los Angeles Dodgers,4.0,3.0,621111,669160,Dan Merzel,Jordan Baker,"72 degrees, Cloudy.","4 mph, Out To LF.",2:16 PM.,"35,465.",9,1,0,4,3
776984,2025-07-27,R,2025,PNC Park,Pittsburgh Pirates,Arizona Diamondbacks,6.0,0.0,694973,668678,Nate Tomlinson,Mark Wegner,"83 degrees, Partly Cloudy.","5 mph, Out To LF.",1:39 PM.,"20,779.",9,0,0,3,0
776988,2025-07-27,R,2025,Yankee Stadium,New York Yankees,Philadelphia Phillies,4.0,3.0,607074,554430,Sean Barber,Ryan Wills,"80 degrees, Cloudy.","6 mph, Out To CF.",2:02 PM.,"45,612.",9,0,0,4,3
776982,2025-07-27,R,2025,Great American Ball Park,Cincinnati Reds,Tampa Bay Rays,2.0,1.0,663903,669358,Adam Hamari,Nestor Ceja,"88 degrees, Partly Cloudy.","7 mph, Out To LF.",1:41 PM.,"20,258.",9,2,0,2,0
776987,2025-07-27,R,2025,Comerica Park,Detroit Tigers,Toronto Blue Jays,10.0,4.0,656427,453286,Austin Jones,Ramon De Jesus,"88 degrees, Sunny.","2 mph, Out To CF.",1:40 PM.,"36,053.",9,0,0,3,0
776975,2025-07-27,R,2025,Kauffman Stadium,Kansas City Royals,Cleveland Guardians,4.0,1.0,702070,676282,Nic Lentz,Andy Fletcher,"90 degrees, Sunny.","10 mph, L To R.",1:11 PM.,"16,590.",9,2,0,4,0
776976,2025-07-27,R,2025,Daikin Park,Houston Astros,Athletics,1.0,7.0,676467,669372,Adam Beck,Dan Iassogna,"73 degrees, Roof Closed.","0 mph, None.",1:11 PM.,"36,976.",9,0,2,0,4
776979,2025-07-27,R,2025,Target Field,Minnesota Twins,Washington Nationals,2.0,7.0,663485,663623,Alex Tosi,Manny Gonzalez,"89 degrees, Partly Cloudy.","10 mph, R To L.",1:11 PM.,"20,374.",9,0,1,2,7
776989,2025-07-27,R,2025,Rate Field,Chicago White Sox,Chicago Cubs,4.0,5.0,691799,676962,Vic Carapazza,Brian Walsh,"85 degrees, Partly Cloudy.","3 mph, In From LF.",1:10 PM.,"38,036.",9,1,2,1,2
776978,2025-07-27,R,2025,American Family Field,Milwaukee Brewers,Miami Marlins,3.0,2.0,605540,691587,John Bacon,Phil Cuzzi,"86 degrees, Sunny.","7 mph, In From LF.",1:11 PM.,"40,158.",9,0,1,1,2
776980,2025-07-27,R,2025,Busch Stadium,St. Louis Cardinals,San Diego Padres,2.0,9.0,700241,663568,Tom Hanahan,Alfonso Márquez,"86 degrees, Cloudy.","7 mph, R To L.",1:15 PM.,"26,080.",9,0,2,0,7
776981,2025-07-27,R,2025,Globe Life Field,Texas Rangers,Atlanta Braves,8.0,1.0,683004,693821,Laz Diaz,Erich Bacchus,"74 degrees, Roof Closed.","0 mph, None.",1:38 PM.,"35,914.",9,3,0,8,1
776977,2025-07-27,R,2025,Angel Stadium,Los Angeles Angels,Seattle Mariners,4.0,1.0,543294,669302,Charlie Ramos,Emil Jimenez,"78 degrees, Sunny.","8 mph, Out To CF.",1:09 PM.,"27,219.",9,0,0,4,0
776974,2025-07-27,R,2025,Oracle Park,San Francisco Giants,New York Mets,3.0,5.0,657424,673540,Ryan Blakney,Junior Valentine,"64 degrees, Partly Cloudy.","16 mph, Varies.",4:10 PM.,"40,124.",9,0,0,3,2
776966,2025-07-28,R,2025,Oriole Park at Camden Yards,Baltimore Orioles,Toronto Blue Jays,11.0,4.0,621107,605135,Brian Walsh,Mark Ripperger,"97 degrees, Clear.","3 mph, In From LF.",6:36 PM.,"20,176.",9,0,0,10,4
776968,2025-07-28,R,2025,Progressive Field,Cleveland Guardians,Colorado Rockies,6.0,8.0,677944,687134,Mark Wegner,Shane Livensparger,"77 degrees, Cloudy.","3 mph, In From RF.",9:10 PM.,"19,130.",9,0,0,0,2
776973,2025-07-28,R,2025,Comerica Park,Detroit Tigers,Arizona Diamondbacks,5.0,1.0,675512,593958,Alex MacKay,Alan Porter,"81 degrees, Partly Cloudy.","5 mph, Calm.",6:40 PM.,"23,124.",9,1,0,4,0
776970,2025-07-28,R,2025,Yankee Stadium,New York Yankees,Tampa Bay Rays,2.0,4.0,693645,656876,Edwin Moscoso,Chris Guccione,"92 degrees, Clear.","7 mph, L To R.",7:09 PM.,"37,308.",9,2,2,2,3
776967,2025-07-28,R,2025,Great American Ball Park,Cincinnati Reds,Los Angeles Dodgers,2.0,5.0,695505,808967,Andy Fletcher,Jansen Visconti,"85 degrees, Partly Cloudy.","3 mph, Out To LF.",7:10 PM.,"33,589.",9,1,1,1,3
776961,2025-07-28,R,2025,Target Field,Minnesota Twins,Boston Red Sox,5.0,4.0,680573,690916,Carlos Torres,Alfonso Márquez,"87 degrees, Clear.","9 mph, R To L.",6:41 PM.,"24,443.",9,0,0,2,3
776971,2025-07-28,R,2025,Kauffman Stadium,Kansas City Royals,Atlanta Braves,7.0,10.0,448179,675911,Dan Iassogna,Scott Barry,"93 degrees, Partly Cloudy.","9 mph, R To L.",6:40 PM.,"23,850.",9,2,0,2,4
776972,2025-07-28,R,2025,Rate Field,Chicago White Sox,Philadelphia Phillies,6.0,2.0,663436,650911,Phil Cuzzi,Dan Bellino,"87 degrees, Partly Cloudy.","3 mph, L To R.",6:40 PM.,"15,106.",9,0,0,4,2
776965,2025-07-28,R,2025,American Family Field,Milwaukee Brewers,Chicago Cubs,8.0,4.0,694819,571510,James Hoye,D.J. Reyburn,"85 degrees, Clear.","6 mph, In From RF.",6:40 PM.,"41,076.",9,0,3,5,3
776960,2025-07-28,R,2025,Busch Stadium,St. Louis Cardinals,Miami Marlins,7.0,1.0,669467,665795,Erich Bacchus,Brian O'Nora,"92 degrees, Partly Cloudy.","8 mph, Out To LF.",6:45 PM.,"20,510.",9,0,0,2,0
776969,2025-07-28,R,2025,Daikin Park,Houston Astros,Washington Nationals,1.0,2.0,664285,695418,Lance Barksdale,Will Little,"73 degrees, Roof Closed.","0 mph, None.",7:11 PM.,"28,786.",9,0,0,1,0
776958,2025-07-28,R,2025,Angel Stadium,Los Angeles Angels,Texas Rangers,6.0,4.0,686799,594798,Junior Valentine,Marvin Hudson,"77 degrees, Clear.","8 mph, Out To RF.",6:38 PM.,"24,538.",9,0,0,3,2
776959,2025-07-28,R,2025,Petco Park,San Diego Padres,New York Mets,7.0,6.0,656302,593423,Emil Jimenez,Mike Muchlinski,"68 degrees, Clear.","9 mph, L To R.",6:42 PM.,"43,596.",9,0,0,6,5
776964,2025-07-28,R,2025,Oracle Park,San Francisco Giants,Pittsburgh Pirates,5.0,6.0,687931,656605,Manny Gonzalez,Brock Ballou,"64 degrees, Clear.","11 mph, Out To CF.",6:45 PM.,"35,572.",9,1,1,4,4
776957,2025-07-28,R,2025,Sutter Health Park,Athletics,Seattle Mariners,1.0,3.0,676664,622491,Brennan Miller,Jeremie Rehak,"88 degrees, Clear.","11 mph, Varies.",7:05 PM.,"9,536.",9,0,0,0,3
778372,2025-07-29,R,2025,Oriole Park at Camden Yards,Baltimore Orioles,Toronto Blue Jays,16.0,4.0,450203,687922,Mark Ripperger,James Jean,"97 degrees, Partly Cloudy.","1 mph, Varies.",12:36 PM.,"16,194.",9,2,0,4,3
776962,2025-07-29,R,2025,Oriole Park at Camden Yards,Baltimore Orioles,Toronto Blue Jays,3.0,2.0,687064,641778,Nick Mahrley,Vic Carapazza,"93 degrees, Partly Cloudy.","3 mph, Out To LF.",6:36 PM.,"14,929.",9,0,0,2,2
776951,2025-07-29,R,2025,Progressive Field,Cleveland Guardians,Colorado Rockies,10.0,4.0,671106,685299,Shane Livensparger,Bruce Dreckman,"84 degrees, Partly Cloudy.","1 mph, Calm.",6:40 PM.,"19,803.",9,2,0,9,1
776953,2025-07-29,R,2025,Comerica Park,Detroit Tigers,Arizona Diamondbacks,12.0,2.0,663554,694297,Alan Porter,Jim Wolf,"87 degrees, Clear.","4 mph, In From RF.",6:40 PM.,"27,697.",9,0,1,8,2
776949,2025-07-29,R,2025,Yankee Stadium,New York Yankees,Tampa Bay Rays,7.0,5.0,608331,671212,Chris Guccione,David Rackley,"92 degrees, Cloudy.","8 mph, Out To LF.",7:08 PM.,"35,660.",9,0,2,6,3
776963,2025-07-29,R,2025,Great American Ball Park,Cincinnati Reds,Los Angeles Dodgers,4.0,5.0,666157,607192,Jansen Visconti,Austin Jones,"91 degrees, Partly Cloudy.","4 mph, L To R.",7:11 PM.,"36,135.",9,0,0,4,2
776954,2025-07-29,R,2025,Target Field,Minnesota Twins,Boston Red Sox,5.0,8.0,701487,608337,Alfonso Márquez,Lance Barrett,"87 degrees, Partly Cloudy.","5 mph, In From LF.",6:41 PM.,"27,460.",9,0,0,1,5
776955,2025-07-29,R,2025,Kauffman Stadium,Kansas City Royals,Atlanta Braves,9.0,6.0,607625,607200,Scott Barry,CB Bucknor,"97 degrees, Clear.","4 mph, R To L.",6:40 PM.,"22,562.",9,1,0,4,0
776952,2025-07-29,R,2025,Rate Field,Chicago White Sox,Philadelphia Phillies,3.0,6.0,686563,666200,Dan Bellino,Clint Vondrak,"86 degrees, Partly Cloudy.","7 mph, In From CF.",6:40 PM.,"20,730.",9,0,0,0,6
776956,2025-07-29,R,2025,American Family Field,Milwaukee Brewers,Chicago Cubs,9.0,3.0,682990,607067,D.J. Reyburn,John Libka,"83 degrees, Clear.","4 mph, In From CF.",6:40 PM.,"40,136.",9,0,0,5,1
776946,2025-07-29,R,2025,Busch Stadium,St. Louis Cardinals,Miami Marlins,0.0,5.0,543243,645261,Brian O'Nora,Mike Estabrook,"93 degrees, Partly Cloudy.","6 mph, In From LF.",6:46 PM.,"20,523.",9,0,0,0,3
776950,2025-07-29,R,2025,Daikin Park,Houston Astros,Washington Nationals,7.0,4.0,669920,647336,Will Little,Ryan Additon,"73 degrees, Roof Closed.","0 mph, None.",7:10 PM.,"35,741.",9,1,0,3,2
776945,2025-07-29,R,2025,Angel Stadium,Los Angeles Angels,Texas Rangers,8.0,5.0,579328,571578,Marvin Hudson,Jacob Metz,"78 degrees, Clear.","8 mph, Out To RF.",6:38 PM.,"26,390.",9,2,0,3,2
776947,2025-07-29,R,2025,Petco Park,San Diego Padres,New York Mets,7.0,1.0,686701,640455,Mike Muchlinski,Derek Thomas,"70 degrees, Clear.","7 mph, In From LF.",6:41 PM.,"45,088.",9,1,0,1,1
776943,2025-07-29,R,2025,Oracle Park,San Francisco Giants,Pittsburgh Pirates,1.0,3.0,434378,663559,Brock Ballou,Ron Kulpa,"63 degrees, Partly Cloudy.","14 mph, Out To CF.",6:45 PM.,"38,142.",9,0,0,1,1
776944,2025-07-29,R,2025,Sutter Health Park,Athletics,Seattle Mariners,6.0,1.0,622663,688138,Jeremie Rehak,Chris Conroy,"87 degrees, Partly Cloudy.","11 mph, Out To CF.",7:05 PM.,"8,671.",9,0,0,6,1
776948,2025-07-30,R,2025,Oriole Park at Camden Yards,Baltimore Orioles,Toronto Blue Jays,8.0,9.0,665152,621244,Vic Carapazza,Brian Walsh,"97 degrees, Partly Cloudy.","3 mph, Out To LF.",12:36 PM.,"17,049.",9,3,0,5,3
776940,2025-07-30,R,2025,Comerica Park,Detroit Tigers,Arizona Diamondbacks,7.0,2.0,663978,669194,Jim Wolf,Chris Segal,"85 degrees, Sunny.","6 mph, L To R.",1:09 PM.,"29,033.",9,0,0,4,1
776935,2025-07-30,R,2025,Target Field,Minnesota Twins,Boston Red Sox,1.0,13.0,805673,678394,Lance Barrett,Tom Hanahan,"77 degrees, Partly Cloudy.","11 mph, L To R.",12:11 PM.,"29,146.",9,0,0,1,6
776937,2025-07-30,R,2025,Daikin Park,Houston Astros,Washington Nationals,9.0,1.0,687473,669022,Ryan Additon,Ryan Wills,"73 degrees, Roof Closed.","0 mph, None.",1:10 PM.,"31,357.",9,1,0,4,1
776936,2025-07-30,R,2025,Kauffman Stadium,Kansas City Royals,Atlanta Braves,1.0,0.0,672582,666214,CB Bucknor,Adam Beck,"85 degrees, Partly Cloudy.","7 mph, L To R.",1:11 PM.,"17,726.",10,0,0,0,0
776939,2025-07-30,R,2025,Rate Field,Chicago White Sox,Philadelphia Phillies,9.0,3.0,641302,592836,Clint Vondrak,John Bacon,"73 degrees, Overcast.","13 mph, Out To RF.",4:45 PM.,"12,718.",9,0,0,2,2
776929,2025-07-30,R,2025,American Family Field,Milwaukee Brewers,Chicago Cubs,3.0,10.0,642547,684007,John Libka,Sean Barber,"80 degrees, Roof Closed.","0 mph, None.",1:10 PM.,"42,807.",9,1,1,3,5
776933,2025-07-30,R,2025,Oracle Park,San Francisco Giants,Pittsburgh Pirates,1.0,2.0,657277,681347,Ron Kulpa,Alex Tosi,"62 degrees, Overcast.","11 mph, Out To CF.",12:45 PM.,"38,144.",10,0,0,1,1
776931,2025-07-30,R,2025,Petco Park,San Diego Padres,New York Mets,5.0,0.0,506433,605280,Derek Thomas,Doug Eddings,"73 degrees, Sunny.","8 mph, L To R.",1:11 PM.,"42,627.",9,0,0,4,0
776942,2025-07-30,R,2025,Progressive Field,Cleveland Guardians,Colorado Rockies,5.0,0.0,663465,607536,Bruce Dreckman,Nate Tomlinson,"83 degrees, Partly Cloudy.","8 mph, In From CF.",6:39 PM.,"21,560.",9,2,0,3,0
776938,2025-07-30,R,2025,Yankee Stadium,New York Yankees,Tampa Bay Rays,5.0,4.0,701542,641793,David Rackley,Chad Whitson,"89 degrees, Overcast.","8 mph, In From LF.",7:09 PM.,"45,355.",11,0,0,0,1
776941,2025-07-30,R,2025,Great American Ball Park,Cincinnati Reds,Los Angeles Dodgers,5.0,2.0,607259,660271,Austin Jones,Nic Lentz,"90 degrees, Clear.","5 mph, In From LF.",7:11 PM.,"32,976.",9,1,0,2,2
776934,2025-07-30,R,2025,Busch Stadium,St. Louis Cardinals,Miami Marlins,0.0,2.0,571945,615698,Mike Estabrook,Laz Diaz,"85 degrees, Cloudy.","5 mph, In From LF.",6:47 PM.,"20,813.",9,0,0,0,2
776932,2025-07-30,R,2025,Angel Stadium,Los Angeles Angels,Texas Rangers,3.0,6.0,667755,543135,Jacob Metz,Gabe Morales,"78 degrees, Clear.","8 mph, Out To CF.",6:38 PM.,"27,162.",9,0,0,1,1
776930,2025-07-30,R,2025,Sutter Health Park,Athletics,Seattle Mariners,5.0,4.0,605488,693433,Chris Conroy,John Tumpane,"81 degrees, Clear.","11 mph, R To L.",7:05 PM.,"9,165.",9,2,1,4,1
776927,2025-07-31,R,2025,Yankee Stadium,New York Yankees,Tampa Bay Rays,7.0,4.0,573186,686752,Chad Whitson,Edwin Moscoso,"86 degrees, Partly Cloudy.","11 mph, In From LF.",1:09 PM.,"44,292.",9,3,0,7,4
776928,2025-07-31,R,2025,Great American Ball Park,Cincinnati Reds,Atlanta Braves,11.0,12.0,671096,471911,Ryan Wills,Lance Barksdale,"73 degrees, Overcast.","10 mph, Out To RF.",7:12 PM.,"27,169.",10,0,0,3,1
776923,2025-07-31,R,2025,T-Mobile Park,Seattle Mariners,Texas Rangers,6.0,0.0,669923,677958,Sean Barber,James Hoye,"77 degrees, Partly Cloudy.","1 mph, Calm.",6:41 PM.,"28,293.",9,0,0,3,0
776921,2025-08-01,R,2025,Great American Ball Park,Cincinnati Reds,Atlanta Braves,3.0,2.0,663903,693821,Lance Barksdale,Will Little,"75 degrees, Sunny.","16 mph, L To R.",12:41 PM.,"29,269.",9,0,0,0,0
776915,2025-08-01,R,2025,Wrigley Field,Chicago Cubs,Baltimore Orioles,1.0,0.0,690990,669432,Doug Eddings,Emil Jimenez,"72 degrees, Sunny.","12 mph, In From CF.",1:20 PM.,"40,520.",9,0,0,1,0
776913,2025-08-01,R,2025,Citizens Bank Park,Philadelphia Phillies,Detroit Tigers,5.0,4.0,624133,656427,Brian Walsh,Mark Ripperger,"72 degrees, Partly Cloudy.","8 mph, In From RF.",7:11 PM.,"43,241.",9,0,0,0,3
776917,2025-08-01,R,2025,Nationals Park,Washington Nationals,Milwaukee Brewers,9.0,16.0,680730,500779,Edwin Moscoso,Chris Guccione,"73 degrees, Cloudy.","6 mph, In From RF.",6:45 PM.,"25,194.",9,1,0,2,9
776920,2025-08-01,R,2025,Rogers Centre,Toronto Blue Jays,Kansas City Royals,3.0,9.0,592332,608379,Nate Tomlinson,Mark Wegner,"72 degrees, Clear.","6 mph, Out To CF.",7:08 PM.,"41,492.",9,1,0,1,5
776922,2025-08-01,R,2025,Fenway Park,Boston Red Sox,Houston Astros,2.0,1.0,681867,686613,Laz Diaz,Erich Bacchus,"72 degrees, Clear.","3 mph, In From RF.",7:10 PM.,"36,881.",10,0,0,0,1
776926,2025-08-01,R,2025,Citi Field,New York Mets,San Francisco Giants,3.0,4.0,656849,592662,Nic Lentz,Andy Fletcher,"73 degrees, Partly Cloudy.","5 mph, In From LF.",7:10 PM.,"42,777.",10,0,0,0,2
776924,2025-08-01,R,2025,Progressive Field,Cleveland Guardians,Minnesota Twins,3.0,2.0,668909,657746,Adam Beck,Dan Iassogna,"71 degrees, Partly Cloudy.","13 mph, In From RF.",7:10 PM.,"32,777.",10,1,0,2,0
776925,2025-08-01,R,2025,loanDepot park,Miami Marlins,New York Yankees,13.0,12.0,676083,607074,Chris Segal,Alex MacKay,"72 degrees, Roof Closed.","0 mph, None.",7:12 PM.,"32,299.",9,0,0,4,6
776918,2025-08-01,R,2025,George M. Steinbrenner Field,Tampa Bay Rays,Los Angeles Dodgers,0.0,5.0,669358,477132,Tony Randazzo,Phil Cuzzi,"89 degrees, Partly Cloudy.","4 mph, L To R.",7:36 PM.,"10,046.",9,0,2,0,5
776919,2025-08-01,R,2025,Coors Field,Colorado Rockies,Pittsburgh Pirates,17.0,16.0,622608,571760,Charlie Ramos,Carlos Torres,"84 degrees, Partly Cloudy.","4 mph, Out To LF.",6:11 PM.,"36,030.",9,1,9,10,15
776916,2025-08-01,R,2025,Angel Stadium,Los Angeles Angels,Chicago White Sox,3.0,6.0,542881,681343,John Tumpane,Brennan Miller,"75 degrees, Clear.","5 mph, R To L.",6:39 PM.,"29,937.",9,0,0,2,3
776906,2025-08-01,R,2025,Petco Park,San Diego Padres,St. Louis Cardinals,4.0,1.0,601713,669461,Alex Tosi,Manny Gonzalez,"71 degrees, Clear.","7 mph, L To R.",6:40 PM.,"44,933.",9,0,0,4,1
776914,2025-08-01,R,2025,Sutter Health Park,Athletics,Arizona Diamondbacks,5.0,1.0,682052,543101,Gabe Morales,John Bacon,"85 degrees, Clear.","11 mph, Out To CF.",7:06 PM.,"8,730.",9,4,0,5,0
776908,2025-08-01,R,2025,T-Mobile Park,Seattle Mariners,Texas Rangers,4.0,3.0,669302,683004,James Hoye,James Jean,"75 degrees, Cloudy.","0 mph, Calm.",7:11 PM.,"40,984.",9,0,0,2,3
776901,2025-08-02,R,2025,George M. Steinbrenner Field,Tampa Bay Rays,Los Angeles Dodgers,4.0,0.0,656876,605483,Phil Cuzzi,Dan Bellino,"91 degrees, Partly Cloudy.","7 mph, Out To CF.",1:10 PM.,"10,046.",9,1,0,3,0
776902,2025-08-02,R,2025,Wrigley Field,Chicago Cubs,Baltimore Orioles,3.0,4.0,571510,608372,Emil Jimenez,Mike Muchlinski,"74 degrees, Partly Cloudy.","9 mph, R To L.",1:20 PM.,"40,781.",9,0,0,3,0
776900,2025-08-02,R,2025,Rogers Centre,Toronto Blue Jays,Kansas City Royals,4.0,2.0,453286,702070,Mark Wegner,Bruce Dreckman,"75 degrees, Sunny.","11 mph, Out To CF.",3:07 PM.,"41,842.",9,0,0,3,0
776904,2025-08-02,R,2025,Coors Field,Colorado Rockies,Pittsburgh Pirates,8.0,5.0,596295,694973,Carlos Torres,Alfonso Márquez,"88 degrees, Partly Cloudy.","8 mph, In From LF.",1:10 PM.,"33,046.",9,0,1,0,4
776912,2025-08-02,R,2025,Citizens Bank Park,Philadelphia Phillies,Detroit Tigers,5.0,7.0,554430,669373,Mark Ripperger,Nick Mahrley,"79 degrees, Partly Cloudy.","5 mph, In From CF.",4:06 PM.,"44,669.",9,0,0,0,2
776903,2025-08-02,R,2025,Nationals Park,Washington Nationals,Milwaukee Brewers,2.0,8.0,663623,605540,Chris Guccione,David Rackley,"79 degrees, Partly Cloudy.","3 mph, In From RF.",4:05 PM.,"28,869.",9,0,3,2,5
776909,2025-08-02,R,2025,Fenway Park,Boston Red Sox,Houston Astros,7.0,3.0,621111,676467,Erich Bacchus,Brian O'Nora,"73 degrees, Sunny.","7 mph, In From RF.",4:11 PM.,"36,215.",9,1,2,6,3
776911,2025-08-02,R,2025,Citi Field,New York Mets,San Francisco Giants,12.0,6.0,673540,678906,Andy Fletcher,Jansen Visconti,"79 degrees, Partly Cloudy.","4 mph, In From RF.",4:12 PM.,"43,455.",9,3,0,5,4
776897,2025-08-02,R,2025,T-Mobile Park,Seattle Mariners,Texas Rangers,4.0,6.0,622491,518876,James Jean,John Libka,"67 degrees, Cloudy.","3 mph, In From LF.",1:10 PM.,"37,226.",11,0,0,0,2
776905,2025-08-02,R,2025,Progressive Field,Cleveland Guardians,Minnesota Twins,5.0,4.0,676440,641927,Dan Iassogna,Scott Barry,"74 degrees, Partly Cloudy.","13 mph, In From RF.",4:11 PM.,"35,116.",9,0,0,4,4
776910,2025-08-02,R,2025,loanDepot park,Miami Marlins,New York Yankees,2.0,0.0,691587,693645,Alex MacKay,Alan Porter,"72 degrees, Roof Closed.","0 mph, None.",4:11 PM.,"34,645.",9,1,0,2,0
776907,2025-08-02,R,2025,Bristol Motor Speedway,Cincinnati Reds,Atlanta Braves,2.0,4.0,695505,680735,Will Little,Ryan Additon,"68 degrees, Overcast.","1 mph, Varies.",9:41 PM.,"91,032.",9,1,0,2,3
776899,2025-08-02,R,2025,Sutter Health Park,Athletics,Arizona Diamondbacks,2.0,7.0,669372,668678,John Bacon,Marvin Hudson,"88 degrees, Clear.","9 mph, Out To CF.",7:06 PM.,"8,687.",9,0,1,2,4
776898,2025-08-02,R,2025,Angel Stadium,Los Angeles Angels,Chicago White Sox,0.0,1.0,543294,650644,Brennan Miller,Jeremie Rehak,"77 degrees, Clear.","7 mph, Out To CF.",7:09 PM.,"39,161.",9,0,0,0,1
776896,2025-08-02,R,2025,Petco Park,San Diego Padres,St. Louis Cardinals,5.0,8.0,681190,700241,Manny Gonzalez,Brock Ballou,"70 degrees, Clear.","9 mph, L To R.",7:10 PM.,"44,533.",9,1,0,4,6
776895,2025-08-03,R,2025,Fenway Park,Boston Red Sox,Houston Astros,6.0,1.0,608337,664285,Brian O'Nora,Mike Estabrook,"80 degrees, Sunny.","3 mph, Varies.",11:38 AM.,"36,081.",9,0,0,6,1
776889,2025-08-03,R,2025,George M. Steinbrenner Field,Tampa Bay Rays,Los Angeles Dodgers,0.0,3.0,671212,808967,Dan Bellino,Clint Vondrak,"91 degrees, Partly Cloudy.","10 mph, Out To CF.",12:10 PM.,"10,046.",9,0,0,0,0
776907,2025-08-03,R,2025,Bristol Motor Speedway,Cincinnati Reds,Atlanta Braves,2.0,4.0,695505,680735,Will Little,Ryan Additon,"68 degrees, Overcast.","1 mph, Varies.",9:41 PM.,"91,032.",9,1,0,2,3
776894,2025-08-03,R,2025,Nationals Park,Washington Nationals,Milwaukee Brewers,3.0,14.0,695418,701656,David Rackley,Chad Whitson,"79 degrees, Partly Cloudy.","8 mph, In From RF.",1:35 PM.,"20,066.",9,0,1,1,3
776893,2025-08-03,R,2025,Rogers Centre,Toronto Blue Jays,Kansas City Royals,4.0,7.0,605135,607625,Bruce Dreckman,Shane Livensparger,"77 degrees, Sunny.","9 mph, Out To CF.",1:39 PM.,"41,461.",10,0,0,2,1
776887,2025-08-03,R,2025,Citi Field,New York Mets,San Francisco Giants,4.0,12.0,593423,687931,Jansen Visconti,Austin Jones,"83 degrees, Sunny.","6 mph, In From CF.",1:42 PM.,"42,876.",9,1,0,2,7
776892,2025-08-03,R,2025,Progressive Field,Cleveland Guardians,Minnesota Twins,4.0,5.0,676282,570632,Scott Barry,CB Bucknor,"77 degrees, Sunny.","10 mph, In From CF.",1:40 PM.,"29,240.",9,2,4,2,4
776891,2025-08-03,R,2025,loanDepot park,Miami Marlins,New York Yankees,7.0,3.0,665795,661563,Alan Porter,Jim Wolf,"72 degrees, Roof Closed.","0 mph, None.",1:41 PM.,"34,601.",9,0,1,6,1
776888,2025-08-03,R,2025,Wrigley Field,Chicago Cubs,Baltimore Orioles,5.0,3.0,607067,687064,Mike Muchlinski,Derek Thomas,"77 degrees, Sunny.","3 mph, In From RF.",1:20 PM.,"39,430.",9,2,0,2,2
776886,2025-08-03,R,2025,Coors Field,Colorado Rockies,Pittsburgh Pirates,5.0,9.0,687134,656605,Alfonso Márquez,Lance Barrett,"83 degrees, Sunny.","8 mph, In From LF.",1:10 PM.,"32,394.",9,0,3,1,5
776881,2025-08-03,R,2025,Sutter Health Park,Athletics,Arizona Diamondbacks,4.0,6.0,678022,593958,Marvin Hudson,Jacob Metz,"84 degrees, Sunny.","8 mph, Out To CF.",1:05 PM.,"8,830.",9,0,0,2,4
776885,2025-08-03,R,2025,Angel Stadium,Los Angeles Angels,Chicago White Sox,8.0,5.0,686799,680732,Jeremie Rehak,Chris Conroy,"82 degrees, Sunny.","6 mph, Out To CF.",1:08 PM.,"30,963.",9,0,4,0,5
776884,2025-08-03,R,2025,Petco Park,San Diego Padres,St. Louis Cardinals,7.0,3.0,656302,669467,Brock Ballou,Ron Kulpa,"72 degrees, Sunny.","8 mph, L To R.",1:11 PM.,"44,709.",9,0,0,2,0
776883,2025-08-03,R,2025,T-Mobile Park,Seattle Mariners,Texas Rangers,5.0,4.0,688138,594798,John Libka,Sean Barber,"67 degrees, Cloudy.","3 mph, Out To CF.",1:10 PM.,"29,510.",9,0,0,5,3
776890,2025-08-03,R,2025,Citizens Bank Park,Philadelphia Phillies,Detroit Tigers,2.0,0.0,650911,450203,Nick Mahrley,Vic Carapazza,"80 degrees, Clear.","4 mph, In From RF.",7:13 PM.,"41,569.",9,0,0,1,0
776879,2025-08-04,R,2025,PNC Park,Pittsburgh Pirates,San Francisco Giants,5.0,4.0,670912,434378,Ryan Additon,Ryan Wills,"81 degrees, Partly Cloudy.","5 mph, In From LF.",6:42 PM.,"13,921.",9,1,2,1,4
776874,2025-08-04,R,2025,Comerica Park,Detroit Tigers,Minnesota Twins,6.0,3.0,663554,701519,Bill Miller,Chad Fairchild,"78 degrees, Partly Cloudy.","7 mph, In From LF.",6:41 PM.,"24,018.",9,0,1,2,2
776875,2025-08-04,R,2025,loanDepot park,Miami Marlins,Houston Astros,2.0,8.0,645261,669920,Lance Barrett,Charlie Ramos,"72 degrees, Roof Closed.","0 mph, None.",6:40 PM.,"10,827.",9,0,0,0,5
776877,2025-08-04,R,2025,Citizens Bank Park,Philadelphia Phillies,Baltimore Orioles,13.0,3.0,666200,700249,Jim Wolf,Chris Segal,"87 degrees, Clear.","4 mph, Out To CF.",6:46 PM.,"41,099.",9,1,0,3,3
776880,2025-08-04,R,2025,Fenway Park,Boston Red Sox,Kansas City Royals,8.0,5.0,678394,663559,Chad Whitson,Edwin Moscoso,"82 degrees, Clear.","4 mph, Out To LF.",7:12 PM.,"37,585.",9,5,0,7,1
776876,2025-08-04,R,2025,Citi Field,New York Mets,Cleveland Guardians,6.0,7.0,640455,677944,Nestor Ceja,Todd Tichenor,"82 degrees, Clear.","7 mph, Out To LF.",7:10 PM.,"37,886.",10,0,0,0,0
776882,2025-08-04,R,2025,Truist Park,Atlanta Braves,Milwaukee Brewers,1.0,3.0,607200,682990,Austin Jones,Malachi Moore,"66 degrees, Overcast.","10 mph, L To R.",7:16 PM.,"30,790.",9,1,0,1,3
776878,2025-08-04,R,2025,Wrigley Field,Chicago Cubs,Cincinnati Reds,2.0,3.0,647336,666157,CB Bucknor,Adam Beck,"77 degrees, Partly Cloudy.","4 mph, In From RF.",7:05 PM.,"37,937.",9,0,0,2,1
776871,2025-08-04,R,2025,Globe Life Field,Texas Rangers,New York Yankees,8.0,5.0,571578,608331,Chris Conroy,John Tumpane,"74 degrees, Roof Closed.","0 mph, None.",7:08 PM.,"33,320.",10,0,1,4,5
776872,2025-08-04,R,2025,Coors Field,Colorado Rockies,Toronto Blue Jays,1.0,15.0,685299,641778,Jordan Baker,Derek Thomas,"94 degrees, Partly Cloudy.","6 mph, Out To CF.",6:42 PM.,"22,075.",9,0,1,1,9
776867,2025-08-04,R,2025,Angel Stadium,Los Angeles Angels,Tampa Bay Rays,5.0,1.0,579328,605288,Cory Blaser,Alex Tosi,"78 degrees, Partly Cloudy.","7 mph, Out To CF.",6:38 PM.,"25,754.",9,0,1,4,1
776873,2025-08-04,R,2025,Chase Field,Arizona Diamondbacks,San Diego Padres,6.0,2.0,694297,676664,D.J. Reyburn,Sean Barber,"78 degrees, Roof Closed.","0 mph, None.",6:40 PM.,"20,196.",9,1,0,5,1
776870,2025-08-04,R,2025,Dodger Stadium,Los Angeles Dodgers,St. Louis Cardinals,2.0,3.0,607192,543243,Ramon De Jesus,Adrian Johnson,"75 degrees, Partly Cloudy.","10 mph, Out To RF.",7:10 PM.,"46,628.",9,0,0,1,1
776866,2025-08-05,R,2025,PNC Park,Pittsburgh Pirates,San Francisco Giants,1.0,8.0,681347,657277,Ryan Wills,Lance Barksdale,"81 degrees, Partly Cloudy.","7 mph, In From LF.",6:42 PM.,"18,421.",9,0,0,1,6
776861,2025-08-05,R,2025,Comerica Park,Detroit Tigers,Minnesota Twins,3.0,6.0,663978,805673,Chad Fairchild,Ben May,"80 degrees, Clear.","3 mph, In From LF.",6:40 PM.,"26,313.",9,0,3,1,6
776862,2025-08-05,R,2025,loanDepot park,Miami Marlins,Houston Astros,3.0,7.0,615698,595345,Charlie Ramos,Willie Traynor,"72 degrees, Roof Closed.","0 mph, None.",6:41 PM.,"12,186.",9,0,2,2,7
776865,2025-08-05,R,2025,Nationals Park,Washington Nationals,Athletics,7.0,16.0,669022,622663,Clint Vondrak,Tony Randazzo,"79 degrees, Cloudy.","5 mph, Out To LF.",6:45 PM.,"21,636.",9,0,5,1,10
776868,2025-08-05,R,2025,Citizens Bank Park,Philadelphia Phillies,Baltimore Orioles,5.0,0.0,592836,665152,Chris Segal,Alex MacKay,"79 degrees, Partly Cloudy.","6 mph, Out To LF.",6:45 PM.,"43,660.",9,0,0,4,0
776864,2025-08-05,R,2025,Fenway Park,Boston Red Sox,Kansas City Royals,6.0,2.0,676979,686701,Edwin Moscoso,David Rackley,"70 degrees, Partly Cloudy.","6 mph, In From RF.",7:11 PM.,"37,013.",9,0,0,1,1
776863,2025-08-05,R,2025,Citi Field,New York Mets,Cleveland Guardians,2.0,3.0,605280,671106,Todd Tichenor,Adam Hamari,"78 degrees, Cloudy.","7 mph, R To L.",7:10 PM.,"39,895.",9,1,0,2,2
776869,2025-08-05,R,2025,Truist Park,Atlanta Braves,Milwaukee Brewers,2.0,7.0,666214,642547,Malachi Moore,Andy Fletcher,"68 degrees, Overcast.","6 mph, L To R.",7:16 PM.,"30,642.",9,0,0,1,4
776860,2025-08-05,R,2025,Wrigley Field,Chicago Cubs,Cincinnati Reds,1.0,5.0,684007,641793,Adam Beck,Dan Iassogna,"77 degrees, Clear.","9 mph, In From CF.",7:08 PM.,"39,797.",9,0,0,1,1
776855,2025-08-05,R,2025,Globe Life Field,Texas Rangers,New York Yankees,2.0,0.0,543135,701542,John Tumpane,Brennan Miller,"74 degrees, Roof Closed.","0 mph, None.",7:09 PM.,"35,399.",9,0,0,0,0
776854,2025-08-05,R,2025,Coors Field,Colorado Rockies,Toronto Blue Jays,4.0,10.0,683627,621244,Derek Thomas,Stu Scheurwater,"96 degrees, Cloudy.","5 mph, In From CF.",6:42 PM.,"25,141.",9,2,0,2,3
776848,2025-08-05,R,2025,Angel Stadium,Los Angeles Angels,Tampa Bay Rays,3.0,7.0,667755,686752,Alex Tosi,Manny Gonzalez,"79 degrees, Partly Cloudy.","7 mph, Out To CF.",6:38 PM.,"27,018.",9,0,0,2,7
776852,2025-08-05,R,2025,Chase Field,Arizona Diamondbacks,San Diego Padres,5.0,10.0,669194,506433,Sean Barber,James Hoye,"76 degrees, Roof Closed.","0 mph, None.",6:40 PM.,"20,903.",11,2,0,3,2
776857,2025-08-05,R,2025,T-Mobile Park,Seattle Mariners,Chicago White Sox,8.0,3.0,693433,663436,Ryan Blakney,John Bacon,"77 degrees, Cloudy.","5 mph, Out To LF.",6:41 PM.,"30,686.",9,0,1,3,1
776858,2025-08-05,R,2025,Dodger Stadium,Los Angeles Dodgers,St. Louis Cardinals,12.0,6.0,686218,571945,Adrian Johnson,Quinn Wolcott,"76 degrees, Clear.","10 mph, Out To RF.",7:10 PM.,"50,477.",9,2,0,5,2
776844,2025-08-06,R,2025,PNC Park,Pittsburgh Pirates,San Francisco Giants,2.0,4.0,571760,592662,Lance Barksdale,Will Little,"79 degrees, Partly Cloudy.","9 mph, In From RF.",12:38 PM.,"14,005.",9,1,0,2,1
776851,2025-08-06,R,2025,Citizens Bank Park,Philadelphia Phillies,Baltimore Orioles,1.0,5.0,624133,669432,Alex MacKay,Alan Porter,"80 degrees, Cloudy.","10 mph, In From RF.",12:37 PM.,"42,030.",9,0,0,1,4
776846,2025-08-06,R,2025,Citi Field,New York Mets,Cleveland Guardians,1.0,4.0,656849,668909,Adam Hamari,Tom Hanahan,"77 degrees, Cloudy.","4 mph, In From RF.",1:11 PM.,"40,072.",9,0,0,0,3
776859,2025-08-06,R,2025,Comerica Park,Detroit Tigers,Minnesota Twins,4.0,9.0,656427,701487,Ben May,Roberto Ortiz,"83 degrees, Sunny.","6 mph, In From LF.",1:10 PM.,"29,192.",9,0,2,4,6
776847,2025-08-06,R,2025,Wrigley Field,Chicago Cubs,Cincinnati Reds,6.0,1.0,690990,671096,Dan Iassogna,Scott Barry,"81 degrees, Partly Cloudy.","6 mph, In From RF.",1:20 PM.,"37,648.",9,0,0,1,0
776845,2025-08-06,R,2025,Globe Life Field,Texas Rangers,New York Yankees,2.0,3.0,683004,607074,Brennan Miller,Jeremie Rehak,"74 degrees, Roof Closed.","0 mph, None.",1:39 PM.,"35,565.",9,0,0,2,2
776836,2025-08-06,R,2025,Coors Field,Colorado Rockies,Toronto Blue Jays,1.0,20.0,607536,592332,Stu Scheurwater,Dan Merzel,"95 degrees, Partly Cloudy.","9 mph, In From LF.",1:11 PM.,"21,749.",9,1,0,1,6
776843,2025-08-06,R,2025,Angel Stadium,Los Angeles Angels,Tampa Bay Rays,4.0,5.0,542881,669358,Manny Gonzalez,Brock Ballou,"89 degrees, Sunny.","8 mph, Out To CF.",1:08 PM.,"22,064.",9,0,2,4,4
776839,2025-08-06,R,2025,Dodger Stadium,Los Angeles Dodgers,St. Louis Cardinals,3.0,5.0,660271,669461,Quinn Wolcott,Paul Clemons,"90 degrees, Sunny.","7 mph, Out To RF.",1:10 PM.,"44,621.",9,0,0,3,1
776849,2025-08-06,R,2025,loanDepot park,Miami Marlins,Houston Astros,6.0,4.0,676083,681293,Willie Traynor,Carlos Torres,"72 degrees, Roof Closed.","0 mph, None.",4:41 PM.,"10,073.",9,3,2,6,3
776850,2025-08-06,R,2025,Nationals Park,Washington Nationals,Athletics,2.0,1.0,676917,605488,Tony Randazzo,Phil Cuzzi,"75 degrees, Partly Cloudy.","7 mph, In From RF.",6:45 PM.,"14,980.",9,0,0,0,0
776856,2025-08-06,R,2025,Fenway Park,Boston Red Sox,Kansas City Royals,3.0,7.0,669160,608379,David Rackley,Chris Guccione,"72 degrees, Clear.","4 mph, L To R.",7:10 PM.,"37,012.",9,2,0,2,3
776853,2025-08-06,R,2025,Truist Park,Atlanta Braves,Milwaukee Brewers,4.0,5.0,675911,500779,Andy Fletcher,Jansen Visconti,"80 degrees, Clear.","6 mph, L To R.",7:16 PM.,"30,964.",9,1,0,2,5
776838,2025-08-06,R,2025,Chase Field,Arizona Diamondbacks,San Diego Padres,2.0,3.0,543101,641482,James Hoye,John Libka,"78 degrees, Roof Closed.","0 mph, None.",6:41 PM.,"22,692.",9,1,0,2,0
776841,2025-08-06,R,2025,T-Mobile Park,Seattle Mariners,Chicago White Sox,8.0,6.0,669923,686563,John Bacon,Marvin Hudson,"71 degrees, Partly Cloudy.","9 mph, Out To LF.",6:41 PM.,"32,756.",9,2,0,7,2
776837,2025-08-07,R,2025,Nationals Park,Washington Nationals,Athletics,0.0,6.0,680730,682052,Phil Cuzzi,Dan Bellino,"77 degrees, Partly Cloudy.","8 mph, R To L.",12:05 PM.,"14,519.",9,0,0,0,4
776830,2025-08-07,R,2025,T-Mobile Park,Seattle Mariners,Chicago White Sox,4.0,3.0,669302,681343,Marvin Hudson,Tripp Gibson,"63 degrees, Partly Cloudy.","2 mph, Out To CF.",1:11 PM.,"37,930.",11,0,0,2,1
776840,2025-08-07,R,2025,PNC Park,Pittsburgh Pirates,Cincinnati Reds,7.0,0.0,694973,663903,Alan Porter,Jim Wolf,"81 degrees, Partly Cloudy.","7 mph, In From CF.",6:42 PM.,"20,339.",9,3,0,4,0
776842,2025-08-07,R,2025,Truist Park,Atlanta Braves,Miami Marlins,8.0,6.0,471911,691587,Chris Guccione,Chad Whitson,"79 degrees, Partly Cloudy.","4 mph, L To R.",7:15 PM.,"32,460.",9,2,0,2,6
776829,2025-08-08,R,2025,PNC Park,Pittsburgh Pirates,Cincinnati Reds,3.0,2.0,656605,695505,Jim Wolf,Chris Segal,"84 degrees, Clear.","6 mph, In From CF.",6:41 PM.,"22,092.",9,0,0,1,1
776831,2025-08-08,R,2025,Oriole Park at Camden Yards,Baltimore Orioles,Athletics,3.0,2.0,608372,669372,Carlos Torres,Lance Barrett,"79 degrees, Clear.","6 mph, R To L.",7:07 PM.,"20,796.",9,3,0,3,1
776835,2025-08-08,R,2025,Yankee Stadium,New York Yankees,Houston Astros,3.0,5.0,693645,686613,Dan Merzel,Jordan Baker,"76 degrees, Clear.","8 mph, Out To LF.",7:09 PM.,"46,027.",10,0,2,0,2
776832,2025-08-08,R,2025,Comerica Park,Detroit Tigers,Los Angeles Angels,6.0,5.0,669373,543294,Tom Hanahan,Nestor Ceja,"84 degrees, Clear.","8 mph, In From CF.",7:10 PM.,"35,290.",9,0,0,3,4
776834,2025-08-08,R,2025,Truist Park,Atlanta Braves,Miami Marlins,1.0,5.0,693821,665795,Chad Whitson,Edwin Moscoso,"79 degrees, Cloudy.","8 mph, L To R.",7:16 PM.,"32,717.",9,0,0,0,5
776833,2025-08-08,R,2025,Rate Field,Chicago White Sox,Cleveland Guardians,5.0,9.0,650644,676440,Jansen Visconti,Austin Jones,"89 degrees, Partly Cloudy.","10 mph, In From RF.",6:40 PM.,"21,007.",9,0,5,1,9
776821,2025-08-08,R,2025,Globe Life Field,Texas Rangers,Philadelphia Phillies,1.0,9.0,518876,650911,Brock Ballou,Cory Blaser,"74 degrees, Roof Closed.","0 mph, None.",7:08 PM.,"27,575.",9,1,1,1,4
776827,2025-08-08,R,2025,Target Field,Minnesota Twins,Kansas City Royals,9.0,4.0,657746,607625,Dan Bellino,Clint Vondrak,"88 degrees, Partly Cloudy.","11 mph, R To L.",7:12 PM.,"28,242.",9,3,1,7,1
776828,2025-08-08,R,2025,American Family Field,Milwaukee Brewers,New York Mets,3.0,2.0,605540,673540,Will Little,Ryan Additon,"86 degrees, Clear.","10 mph, In From RF.",7:10 PM.,"43,469.",9,0,1,3,2
776826,2025-08-08,R,2025,Busch Stadium,St. Louis Cardinals,Chicago Cubs,5.0,0.0,700241,571510,Roberto Ortiz,Bill Miller,"91 degrees, Partly Cloudy.","11 mph, R To L.",7:16 PM.,"33,453.",9,0,0,3,0
776825,2025-08-08,R,2025,Chase Field,Arizona Diamondbacks,Colorado Rockies,6.0,1.0,668678,596295,Brian Walsh,Chris Conroy,"76 degrees, Roof Closed.","0 mph, None.",6:41 PM.,"29,941.",9,3,0,6,1
776820,2025-08-08,R,2025,Petco Park,San Diego Padres,Boston Red Sox,2.0,10.0,601713,621111,Scott Barry,CB Bucknor,"71 degrees, Partly Cloudy.","7 mph, L To R.",6:41 PM.,"44,061.",9,0,0,0,5
776824,2025-08-08,R,2025,T-Mobile Park,Seattle Mariners,Tampa Bay Rays,3.0,2.0,622491,656876,Paul Clemons,Ramon De Jesus,"74 degrees, Overcast.","8 mph, L To R.",6:41 PM.,"39,780.",9,0,1,0,1
776823,2025-08-08,R,2025,Dodger Stadium,Los Angeles Dodgers,Toronto Blue Jays,5.0,1.0,477132,453286,John Libka,D.J. Reyburn,"78 degrees, Clear.","2 mph, L To R.",7:10 PM.,"53,825.",9,0,0,2,1
776822,2025-08-08,R,2025,Oracle Park,San Francisco Giants,Washington Nationals,5.0,0.0,657424,663623,Tripp Gibson,Ryan Blakney,"65 degrees, Clear.","10 mph, Out To CF.",7:15 PM.,"38,679.",9,2,0,2,0
778431,2025-08-09,R,2025,Truist Park,Atlanta Braves,Miami Marlins,7.0,1.0,694462,687473,David Rackley,Jen Pawol,"77 degrees, Partly Cloudy.","10 mph, L To R.",1:16 PM.,"35,664.",9,0,0,3,0
776819,2025-08-09,R,2025,Truist Park,Atlanta Braves,Miami Marlins,8.0,6.0,607200,645261,Edwin Moscoso,Chris Guccione,"80 degrees, Partly Cloudy.","8 mph, L To R.",7:16 PM.,"35,433.",9,0,0,5,4
776815,2025-08-09,R,2025,Yankee Stadium,New York Yankees,Houston Astros,5.0,4.0,661563,664285,Jordan Baker,Derek Thomas,"83 degrees, Sunny.","7 mph, Out To CF.",2:08 PM.,"45,738.",9,2,1,4,2
776802,2025-08-09,R,2025,Oracle Park,San Francisco Giants,Washington Nationals,2.0,4.0,687931,695418,Ryan Blakney,John Bacon,"70 degrees, Sunny.","14 mph, Varies.",1:05 PM.,"38,742.",9,0,1,0,3
776813,2025-08-09,R,2025,Comerica Park,Detroit Tigers,Los Angeles Angels,4.0,7.0,450203,579328,Nestor Ceja,Todd Tichenor,"87 degrees, Clear.","8 mph, Out To RF.",6:10 PM.,"37,741.",9,0,1,4,6
776812,2025-08-09,R,2025,PNC Park,Pittsburgh Pirates,Cincinnati Reds,1.0,2.0,677952,607259,Chris Segal,Alex MacKay,"84 degrees, Partly Cloudy.","4 mph, Calm.",6:42 PM.,"30,274.",9,0,0,1,1
776811,2025-08-09,R,2025,Oriole Park at Camden Yards,Baltimore Orioles,Athletics,3.0,11.0,687064,678022,Lance Barrett,Charlie Ramos,"84 degrees, Clear.","6 mph, L To R.",7:06 PM.,"30,078.",9,3,2,3,11
776816,2025-08-09,R,2025,Target Field,Minnesota Twins,Kansas City Royals,0.0,2.0,641927,702070,Clint Vondrak,Tony Randazzo,"83 degrees, Partly Cloudy.","6 mph, R To L.",6:11 PM.,"22,539.",9,0,0,0,1
776814,2025-08-09,R,2025,Rate Field,Chicago White Sox,Cleveland Guardians,1.0,3.0,680732,676282,Austin Jones,Malachi Moore,"90 degrees, Partly Cloudy.","15 mph, Out To LF.",6:10 PM.,"17,893.",9,0,1,1,2
776817,2025-08-09,R,2025,American Family Field,Milwaukee Brewers,New York Mets,7.0,4.0,668964,657585,Ryan Additon,Ryan Wills,"86 degrees, Roof Closed.","0 mph, None.",6:10 PM.,"40,156.",9,0,0,3,4
776818,2025-08-09,R,2025,Busch Stadium,St. Louis Cardinals,Chicago Cubs,1.0,9.0,669467,607067,Bill Miller,Edwin Jimenez,"90 degrees, Partly Cloudy.","11 mph, R To L.",6:16 PM.,"40,048.",9,0,2,0,9
776810,2025-08-09,R,2025,Globe Life Field,Texas Rangers,Philadelphia Phillies,2.0,3.0,594798,666200,Cory Blaser,Alex Tosi,"74 degrees, Roof Closed.","0 mph, None.",6:15 PM.,"38,471.",9,1,0,1,0
776809,2025-08-09,R,2025,Chase Field,Arizona Diamondbacks,Colorado Rockies,6.0,5.0,593958,687134,Chris Conroy,John Tumpane,"76 degrees, Roof Closed.","0 mph, None.",5:11 PM.,"38,337.",9,1,0,5,4
776807,2025-08-09,R,2025,Petco Park,San Diego Padres,Boston Red Sox,5.0,4.0,650633,608337,CB Bucknor,Adam Beck,"72 degrees, Partly Cloudy.","6 mph, L To R.",5:41 PM.,"42,389.",10,0,1,4,3
776808,2025-08-09,R,2025,Dodger Stadium,Los Angeles Dodgers,Toronto Blue Jays,9.0,1.0,605483,605135,D.J. Reyburn,Sean Barber,"76 degrees, Partly Cloudy.","3 mph, Out To CF.",6:10 PM.,"44,727.",9,0,0,3,0
776805,2025-08-09,R,2025,T-Mobile Park,Seattle Mariners,Tampa Bay Rays,7.0,4.0,688138,671212,Ramon De Jesus,Adrian Johnson,"77 degrees, Clear.","8 mph, L To R.",6:57 PM.,"45,249.",9,2,1,6,1
776796,2025-08-10,R,2025,Target Field,Minnesota Twins,Kansas City Royals,5.0,3.0,570632,686701,Tony Randazzo,Phil Cuzzi,"79 degrees, Overcast.","6 mph, Out To CF.",12:07 PM.,"26,746.",11,0,1,2,1
776804,2025-08-10,R,2025,Oriole Park at Camden Yards,Baltimore Orioles,Athletics,2.0,3.0,700249,806960,Charlie Ramos,Willie Traynor,"86 degrees, Sunny.","4 mph, R To L.",1:35 PM.,"23,183.",9,0,0,1,0
776801,2025-08-10,R,2025,PNC Park,Pittsburgh Pirates,Cincinnati Reds,8.0,14.0,681347,641793,Alex MacKay,Alan Porter,"88 degrees, Sunny.","5 mph, R To L.",1:37 PM.,"21,239.",9,0,0,4,4
776803,2025-08-10,R,2025,Truist Park,Atlanta Braves,Miami Marlins,7.0,1.0,666214,615698,Jen Pawol,Chad Whitson,"77 degrees, Cloudy.","7 mph, Out To RF.",1:36 PM.,"31,203.",9,0,0,3,1
776797,2025-08-10,R,2025,Yankee Stadium,New York Yankees,Houston Astros,1.0,7.0,608331,669920,Derek Thomas,Stu Scheurwater,"87 degrees, Sunny.","2 mph, Out To RF.",1:39 PM.,"43,658.",9,0,1,0,4
776806,2025-08-10,R,2025,Comerica Park,Detroit Tigers,Los Angeles Angels,9.0,5.0,663554,686799,Todd Tichenor,Adam Hamari,"89 degrees, Sunny.","3 mph, In From RF.",1:40 PM.,"30,810.",9,2,0,7,2
776798,2025-08-10,R,2025,Rate Field,Chicago White Sox,Cleveland Guardians,6.0,4.0,663436,677944,Malachi Moore,Andy Fletcher,"88 degrees, Partly Cloudy.","15 mph, Out To LF.",1:10 PM.,"19,750.",9,3,0,5,1
776799,2025-08-10,R,2025,American Family Field,Milwaukee Brewers,New York Mets,7.0,6.0,682990,640455,Ryan Wills,Lance Barksdale,"79 degrees, Roof Closed.","0 mph, None.",1:10 PM.,"42,461.",9,0,2,5,6
776800,2025-08-10,R,2025,Globe Life Field,Texas Rangers,Philadelphia Phillies,2.0,4.0,571578,554430,Alex Tosi,Manny Gonzalez,"74 degrees, Roof Closed.","0 mph, None.",1:38 PM.,"32,444.",9,2,0,2,3
776793,2025-08-10,R,2025,Oracle Park,San Francisco Giants,Washington Nationals,0.0,8.0,434378,669022,John Bacon,Marvin Hudson,"65 degrees, Sunny.","12 mph, Out To CF.",1:06 PM.,"40,089.",9,0,0,0,5
776794,2025-08-10,R,2025,Chase Field,Arizona Diamondbacks,Colorado Rockies,13.0,6.0,694297,685299,John Tumpane,Brennan Miller,"76 degrees, Roof Closed.","0 mph, None.",1:11 PM.,"24,611.",9,3,0,12,3
776789,2025-08-10,R,2025,Petco Park,San Diego Padres,Boston Red Sox,6.0,2.0,656302,678394,Adam Beck,Jeremie Rehak,"75 degrees, Sunny.","7 mph, L To R.",1:12 PM.,"43,323.",9,0,0,3,0
776791,2025-08-10,R,2025,T-Mobile Park,Seattle Mariners,Tampa Bay Rays,6.0,3.0,693433,605288,Adrian Johnson,Quinn Wolcott,"81 degrees, Sunny.","9 mph, In From LF.",1:12 PM.,"37,434.",9,4,0,4,3
776788,2025-08-10,R,2025,Dodger Stadium,Los Angeles Dodgers,Toronto Blue Jays,4.0,5.0,607192,641778,Sean Barber,James Hoye,"83 degrees, Sunny.","8 mph, Out To CF.",1:10 PM.,"41,557.",9,2,1,3,1
776795,2025-08-10,R,2025,Busch Stadium,St. Louis Cardinals,Chicago Cubs,3.0,2.0,543243,684007,Edwin Jimenez,Ben May,"82 degrees, Cloudy.","17 mph, Out To RF.",7:03 PM.,"30,540.",9,0,0,2,2
776792,2025-08-11,R,2025,Great American Ball Park,Cincinnati Reds,Philadelphia Phillies,1.0,4.0,671096,592836,Alfonso Márquez,Willie Traynor,"90 degrees, Partly Cloudy.","3 mph, In From RF.",6:11 PM.,"43,800.",9,1,0,1,0
776790,2025-08-11,R,2025,Yankee Stadium,New York Yankees,Minnesota Twins,6.0,2.0,701542,805673,Doug Eddings,Gabe Morales,"84 degrees, Clear.","11 mph, Out To LF.",7:08 PM.,"36,744.",9,1,0,3,0
776784,2025-08-11,R,2025,Kauffman Stadium,Kansas City Royals,Washington Nationals,7.0,4.0,663559,676917,Lance Barksdale,Will Little,"82 degrees, Cloudy.","9 mph, R To L.",6:42 PM.,"17,568.",9,0,2,2,4
776781,2025-08-11,R,2025,Rate Field,Chicago White Sox,Detroit Tigers,1.0,2.0,665625,663978,Mike Estabrook,Laz Diaz,"88 degrees, Partly Cloudy.","6 mph, In From RF.",6:40 PM.,"16,054.",9,0,0,1,1
776786,2025-08-11,R,2025,American Family Field,Milwaukee Brewers,Pittsburgh Pirates,7.0,1.0,500779,571760,Ben May,Roberto Ortiz,"84 degrees, Partly Cloudy.","4 mph, In From RF.",6:41 PM.,"30,045.",9,1,0,6,1
776783,2025-08-11,R,2025,Busch Stadium,St. Louis Cardinals,Colorado Rockies,3.0,2.0,571945,801403,Adam Hamari,Tom Hanahan,"88 degrees, Clear.","7 mph, Out To CF.",6:46 PM.,"20,836.",9,0,0,1,0
776785,2025-08-11,R,2025,Globe Life Field,Texas Rangers,Arizona Diamondbacks,7.0,6.0,543135,669194,Shane Livensparger,Nate Tomlinson,"74 degrees, Roof Closed.","0 mph, None.",7:08 PM.,"25,781.",10,0,0,1,5
776782,2025-08-11,R,2025,Daikin Park,Houston Astros,Boston Red Sox,7.0,6.0,664299,676979,Junior Valentine,Tripp Gibson,"73 degrees, Roof Closed.","0 mph, None.",7:11 PM.,"39,330.",9,0,2,7,2
776779,2025-08-11,R,2025,Angel Stadium,Los Angeles Angels,Los Angeles Dodgers,7.0,4.0,667755,808967,Dan Iassogna,Scott Barry,"76 degrees, Clear.","9 mph, Out To CF.",6:38 PM.,"44,571.",9,2,0,6,0
776780,2025-08-11,R,2025,Oracle Park,San Francisco Giants,San Diego Padres,1.0,4.0,657277,506433,Quinn Wolcott,Paul Clemons,"62 degrees, Cloudy.","15 mph, Out To CF.",6:45 PM.,"31,018.",9,0,0,0,0
776787,2025-08-11,R,2025,Sutter Health Park,Athletics,Tampa Bay Rays,4.0,7.0,605488,686752,Brennan Miller,Brian Walsh,"84 degrees, Clear.","11 mph, Out To LF.",7:05 PM.,"7,731.",9,0,0,1,4
776776,2025-08-12,R,2025,Oriole Park at Camden Yards,Baltimore Orioles,Seattle Mariners,0.0,1.0,665152,669923,Mike Muchlinski,Jansen Visconti,"87 degrees, Partly Cloudy.","8 mph, Out To LF.",6:37 PM.,"19,356.",9,0,1,0,1
776777,2025-08-12,R,2025,Great American Ball Park,Cincinnati Reds,Philadelphia Phillies,6.0,1.0,663903,624133,Willie Traynor,Carlos Torres,"86 degrees, Partly Cloudy.","7 mph, In From RF.",6:41 PM.,"29,654.",9,0,0,3,0
776778,2025-08-12,R,2025,Progressive Field,Cleveland Guardians,Miami Marlins,4.0,3.0,671106,676083,Phil Cuzzi,James Jean,"86 degrees, Partly Cloudy.","6 mph, Out To RF.",6:40 PM.,"21,874.",9,2,0,3,3
776774,2025-08-12,R,2025,Yankee Stadium,New York Yankees,Minnesota Twins,9.0,1.0,607074,701519,Gabe Morales,Jacob Metz,"84 degrees, Clear.","11 mph, R To L.",7:10 PM.,"37,552.",9,1,1,5,1
776768,2025-08-12,R,2025,Rogers Centre,Toronto Blue Jays,Chicago Cubs,5.0,1.0,621244,665871,Alan Porter,Jim Wolf,"68 degrees, Roof Closed.","0 mph, None.",7:08 PM.,"43,003.",9,1,0,4,0
776772,2025-08-12,R,2025,Citi Field,New York Mets,Atlanta Braves,13.0,5.0,605280,675911,Vic Carapazza,Nic Lentz,"81 degrees, Clear.","10 mph, Out To LF.",7:10 PM.,"39,748.",9,0,1,10,5
776770,2025-08-12,R,2025,Kauffman Stadium,Kansas City Royals,Washington Nationals,8.0,5.0,608379,680730,Will Little,Ryan Additon,"85 degrees, Partly Cloudy.","6 mph, In From LF.",6:41 PM.,"19,334.",9,1,0,4,1
776773,2025-08-12,R,2025,Rate Field,Chicago White Sox,Detroit Tigers,9.0,6.0,672782,656427,Laz Diaz,Dan Bellino,"73 degrees, Overcast.","7 mph, R To L.",7:30 PM.,"19,494.",9,0,0,5,1
776771,2025-08-12,R,2025,American Family Field,Milwaukee Brewers,Pittsburgh Pirates,14.0,0.0,642547,694973,Roberto Ortiz,Bill Miller,"78 degrees, Partly Cloudy.","5 mph, In From RF.",6:40 PM.,"32,064.",9,1,0,6,0
776775,2025-08-12,R,2025,Busch Stadium,St. Louis Cardinals,Colorado Rockies,0.0,3.0,669461,607536,Tom Hanahan,Nestor Ceja,"81 degrees, Partly Cloudy.","5 mph, Out To LF.",7:26 PM.,"20,807.",9,0,0,0,3
776764,2025-08-12,R,2025,Globe Life Field,Texas Rangers,Arizona Diamondbacks,2.0,3.0,683004,543101,Nate Tomlinson,Derek Thomas,"74 degrees, Roof Closed.","0 mph, None.",7:09 PM.,"18,268.",9,0,0,2,1
776769,2025-08-12,R,2025,Daikin Park,Houston Astros,Boston Red Sox,1.0,14.0,681293,669160,Tripp Gibson,Ryan Blakney,"73 degrees, Roof Closed.","0 mph, None.",7:10 PM.,"34,396.",9,0,0,0,2
776763,2025-08-12,R,2025,Angel Stadium,Los Angeles Angels,Los Angeles Dodgers,7.0,6.0,682989,686218,Scott Barry,CB Bucknor,"75 degrees, Clear.","10 mph, R To L.",6:38 PM.,"44,741.",10,3,1,5,5
776767,2025-08-12,R,2025,Oracle Park,San Francisco Giants,San Diego Padres,1.0,5.0,592662,641482,Paul Clemons,Ramon De Jesus,"63 degrees, Overcast.","12 mph, Out To CF.",6:45 PM.,"35,186.",9,1,1,1,4
776762,2025-08-12,R,2025,Sutter Health Park,Athletics,Tampa Bay Rays,6.0,0.0,682052,669358,Brian Walsh,Chris Conroy,"82 degrees, Clear.","12 mph, R To L.",7:05 PM.,"8,305.",9,0,0,5,0
776759,2025-08-13,R,2025,Kauffman Stadium,Kansas City Royals,Washington Nationals,7.0,8.0,607625,663623,Ryan Additon,David Arrieta,"83 degrees, Sunny.","2 mph, L To R.",1:10 PM.,"13,669.",9,2,5,6,7
776754,2025-08-13,R,2025,Rate Field,Chicago White Sox,Detroit Tigers,0.0,1.0,681343,675512,Dan Bellino,Brian O'Nora,"79 degrees, Sunny.","8 mph, L To R.",1:10 PM.,"13,647.",9,0,0,0,0
776755,2025-08-13,R,2025,American Family Field,Milwaukee Brewers,Pittsburgh Pirates,12.0,5.0,605540,656605,Bill Miller,Edwin Jimenez,"80 degrees, Partly Cloudy.","7 mph, L To R.",1:11 PM.,"40,123.",9,0,0,6,3
776758,2025-08-13,R,2025,Busch Stadium,St. Louis Cardinals,Colorado Rockies,5.0,6.0,700241,596295,Nestor Ceja,Todd Tichenor,"85 degrees, Partly Cloudy.","4 mph, Out To RF.",1:16 PM.,"20,513.",9,0,0,5,2
776746,2025-08-13,R,2025,Globe Life Field,Texas Rangers,Arizona Diamondbacks,4.0,6.0,518876,668678,Derek Thomas,Mark Wegner,"74 degrees, Roof Closed.","0 mph, None.",1:38 PM.,"26,021.",9,1,0,3,2
776749,2025-08-13,R,2025,Oracle Park,San Francisco Giants,San Diego Padres,1.0,11.0,678906,601713,Ramon De Jesus,Adrian Johnson,"64 degrees, Overcast.","14 mph, Varies.",12:46 PM.,"35,080.",9,0,0,0,10
776765,2025-08-13,R,2025,Great American Ball Park,Cincinnati Reds,Philadelphia Phillies,8.0,0.0,668881,650911,Carlos Torres,Charlie Ramos,"83 degrees, Overcast.","5 mph, Out To LF.",6:11 PM.,"25,869.",9,0,0,1,0
776761,2025-08-13,R,2025,Oriole Park at Camden Yards,Baltimore Orioles,Seattle Mariners,4.0,3.0,669432,669302,Jansen Visconti,Austin Jones,"83 degrees, Cloudy.","0 mph, Calm.",8:15 PM.,"17,290.",9,0,0,0,0
776766,2025-08-13,R,2025,Progressive Field,Cleveland Guardians,Miami Marlins,4.0,13.0,668909,691587,James Jean,Clint Vondrak,"80 degrees, Clear.","3 mph, In From LF.",6:40 PM.,"19,738.",9,1,4,4,6
776760,2025-08-13,R,2025,Yankee Stadium,New York Yankees,Minnesota Twins,1.0,4.0,693645,657746,Jacob Metz,Emil Jimenez,"73 degrees, Partly Cloudy.","5 mph, L To R.",8:57 PM.,"44,466.",9,0,0,1,1
776757,2025-08-13,R,2025,Rogers Centre,Toronto Blue Jays,Chicago Cubs,1.0,4.0,592332,690990,Jim Wolf,Chris Segal,"68 degrees, Roof Closed.","0 mph, None.",7:08 PM.,"43,120.",9,0,0,0,2
776753,2025-08-13,R,2025,Daikin Park,Houston Astros,Boston Red Sox,4.0,1.0,686613,621111,Ryan Blakney,John Bacon,"73 degrees, Roof Closed.","0 mph, None.",6:11 PM.,"31,048.",9,2,0,2,1
776756,2025-08-13,R,2025,Citi Field,New York Mets,Atlanta Braves,6.0,11.0,656849,471911,Nic Lentz,Mark Ripperger,"73 degrees, Cloudy.","4 mph, Out To LF.",8:45 PM.,"38,647.",9,3,0,6,9
776752,2025-08-13,R,2025,Angel Stadium,Los Angeles Angels,Los Angeles Dodgers,6.0,5.0,543294,660271,CB Bucknor,Adam Beck,"76 degrees, Clear.","10 mph, Out To CF.",6:39 PM.,"44,893.",9,0,3,4,5
776751,2025-08-13,R,2025,Sutter Health Park,Athletics,Tampa Bay Rays,2.0,8.0,669372,656876,Chris Conroy,John Tumpane,"81 degrees, Clear.","13 mph, Out To LF.",7:06 PM.,"8,275.",9,0,4,2,6
776750,2025-08-14,R,2025,Oriole Park at Camden Yards,Baltimore Orioles,Seattle Mariners,5.0,3.0,608372,688138,Austin Jones,Malachi Moore,"88 degrees, Partly Cloudy.","2 mph, In From LF.",1:06 PM.,"14,083.",9,0,0,5,0
776747,2025-08-14,R,2025,Rogers Centre,Toronto Blue Jays,Chicago Cubs,2.0,1.0,453286,571510,Chris Segal,Alex MacKay,"74 degrees, Sunny.","11 mph, L To R.",3:07 PM.,"43,270.",9,0,0,0,0
776745,2025-08-14,R,2025,Progressive Field,Cleveland Guardians,Miami Marlins,9.0,4.0,676440,665795,Clint Vondrak,Tony Randazzo,"80 degrees, Clear.","7 mph, In From CF.",6:41 PM.,"22,605.",9,3,3,5,4
776743,2025-08-14,R,2025,Nationals Park,Washington Nationals,Philadelphia Phillies,3.0,2.0,695418,666200,Emil Jimenez,Doug Eddings,"79 degrees, Partly Cloudy.","4 mph, Out To LF.",6:45 PM.,"21,609.",9,0,0,1,2
776748,2025-08-14,R,2025,Citi Field,New York Mets,Atlanta Braves,3.0,4.0,673540,693821,Mark Ripperger,Nick Mahrley,"85 degrees, Partly Cloudy.","3 mph, R To L.",7:11 PM.,"41,782.",9,0,0,1,1
776744,2025-08-14,R,2025,Target Field,Minnesota Twins,Detroit Tigers,3.0,4.0,641927,669373,John Bacon,Junior Valentine,"71 degrees, Partly Cloudy.","12 mph, R To L.",6:41 PM.,"24,123.",11,0,0,3,2
776742,2025-08-14,R,2025,Coors Field,Colorado Rockies,Arizona Diamondbacks,2.0,8.0,687134,593958,Adrian Johnson,Quinn Wolcott,"88 degrees, Cloudy.","7 mph, In From CF.",6:42 PM.,"23,045.",9,0,3,1,7
776737,2025-08-15,R,2025,Wrigley Field,Chicago Cubs,Pittsburgh Pirates,2.0,3.0,607067,677952,Brock Ballou,Tony Randazzo,"81 degrees, Partly Cloudy.","6 mph, R To L.",1:20 PM.,"40,044.",9,0,0,1,1
776740,2025-08-15,R,2025,Great American Ball Park,Cincinnati Reds,Milwaukee Brewers,8.0,10.0,607259,694819,Erich Bacchus,Brian O'Nora,"88 degrees, Clear.","1 mph, Out To CF.",6:41 PM.,"25,470.",9,1,0,8,8
776739,2025-08-15,R,2025,Nationals Park,Washington Nationals,Philadelphia Phillies,2.0,6.0,669022,554430,Doug Eddings,Gabe Morales,"88 degrees, Partly Cloudy.","3 mph, Out To RF.",6:45 PM.,"35,143.",9,1,2,2,2
776735,2025-08-15,R,2025,Rogers Centre,Toronto Blue Jays,Texas Rangers,6.0,5.0,605135,594798,Malachi Moore,Mike Muchlinski,"78 degrees, Clear.","11 mph, R To L.",7:09 PM.,"42,260.",9,0,0,0,3
776736,2025-08-15,R,2025,Citi Field,New York Mets,Seattle Mariners,9.0,11.0,640455,622491,Mark Wegner,Shane Livensparger,"81 degrees, Clear.","8 mph, Out To LF.",7:10 PM.,"41,200.",9,1,1,6,4
776738,2025-08-15,R,2025,Progressive Field,Cleveland Guardians,Atlanta Braves,0.0,2.0,676282,694462,Charlie Ramos,Alfonso Márquez,"82 degrees, Clear.","6 mph, In From RF.",7:10 PM.,"33,571.",9,0,0,0,1
776741,2025-08-15,R,2025,Fenway Park,Boston Red Sox,Miami Marlins,2.0,1.0,608337,645261,Alex MacKay,Alan Porter,"74 degrees, Clear.","5 mph, In From RF.",7:12 PM.,"36,854.",9,0,0,0,1
776733,2025-08-15,R,2025,Daikin Park,Houston Astros,Baltimore Orioles,0.0,7.0,664285,687064,Chad Fairchild,Ben May,"73 degrees, Roof Closed.","0 mph, None.",7:13 PM.,"33,654.",9,0,0,0,3
776732,2025-08-15,R,2025,Target Field,Minnesota Twins,Detroit Tigers,0.0,7.0,701487,450203,Junior Valentine,Tripp Gibson,"84 degrees, Overcast.","7 mph, R To L.",7:36 PM.,"27,282.",9,0,5,0,7
776728,2025-08-15,R,2025,Kauffman Stadium,Kansas City Royals,Chicago White Sox,3.0,1.0,702070,650644,Todd Tichenor,Adam Hamari,"91 degrees, Clear.","10 mph, R To L.",7:10 PM.,"20,829.",9,1,0,2,1
776731,2025-08-15,R,2025,Busch Stadium,St. Louis Cardinals,New York Yankees,3.0,4.0,669467,661563,Nick Mahrley,Vic Carapazza,"95 degrees, Clear.","6 mph, Out To LF.",7:16 PM.,"31,169.",9,0,3,0,4
776730,2025-08-15,R,2025,Coors Field,Colorado Rockies,Arizona Diamondbacks,4.0,3.0,685299,694297,Quinn Wolcott,Paul Clemons,"90 degrees, Cloudy.","5 mph, Out To CF.",6:40 PM.,"26,081.",9,1,0,4,2
776734,2025-08-15,R,2025,Sutter Health Park,Athletics,Los Angeles Angels,10.0,3.0,678022,579328,David Arrieta,Lance Barksdale,"88 degrees, Clear.","13 mph, Out To CF.",7:06 PM.,"8,484.",9,1,0,6,3
776727,2025-08-15,R,2025,Dodger Stadium,Los Angeles Dodgers,San Diego Padres,3.0,2.0,477132,593974,John Tumpane,Brennan Miller,"72 degrees, Clear.","5 mph, L To R.",7:10 PM.,"53,119.",9,0,0,2,1
776729,2025-08-15,R,2025,Oracle Park,San Francisco Giants,Tampa Bay Rays,6.0,7.0,694738,671212,Adam Beck,Dan Iassogna,"65 degrees, Clear.","15 mph, Out To CF.",7:15 PM.,"34,172.",9,1,0,6,6
776719,2025-08-16,R,2025,Wrigley Field,Chicago Cubs,Pittsburgh Pirates,3.0,1.0,684007,681347,Tony Randazzo,Phil Cuzzi,"94 degrees, Overcast.","8 mph, R To L.",1:20 PM.,"40,062.",9,0,0,1,1
776723,2025-08-16,R,2025,Rogers Centre,Toronto Blue Jays,Texas Rangers,14.0,2.0,641778,571578,Mike Muchlinski,Jansen Visconti,"83 degrees, Sunny.","6 mph, Out To CF.",3:08 PM.,"42,686.",9,0,0,11,1
776725,2025-08-16,R,2025,Nationals Park,Washington Nationals,Philadelphia Phillies,2.0,0.0,676917,592836,Gabe Morales,Jacob Metz,"91 degrees, Partly Cloudy.","5 mph, In From RF.",4:05 PM.,"36,042.",9,0,0,2,0
776726,2025-08-16,R,2025,Citi Field,New York Mets,Seattle Mariners,3.0,1.0,690997,693433,Shane Livensparger,Nate Tomlinson,"84 degrees, Sunny.","9 mph, Out To LF.",4:10 PM.,"42,978.",9,0,0,1,0
776724,2025-08-16,R,2025,Fenway Park,Boston Red Sox,Miami Marlins,7.0,5.0,678394,615698,Alan Porter,Jim Wolf,"83 degrees, Sunny.","6 mph, R To L.",4:12 PM.,"36,192.",9,2,0,7,1
776721,2025-08-16,R,2025,Great American Ball Park,Cincinnati Reds,Milwaukee Brewers,5.0,6.0,641793,682990,Brian O'Nora,Mike Estabrook,"88 degrees, Partly Cloudy.","5 mph, Out To CF.",6:41 PM.,"39,022.",11,0,0,0,1
776722,2025-08-16,R,2025,Daikin Park,Houston Astros,Baltimore Orioles,5.0,4.0,669920,670329,Ben May,Roberto Ortiz,"73 degrees, Roof Closed.","0 mph, None.",6:10 PM.,"37,641.",12,0,0,3,2
776720,2025-08-16,R,2025,Progressive Field,Cleveland Guardians,Atlanta Braves,1.0,10.0,677944,666214,Alfonso Márquez,Willie Traynor,"84 degrees, Partly Cloudy.","7 mph, In From RF.",7:10 PM.,"34,059.",9,0,0,1,8
776712,2025-08-16,R,2025,Kauffman Stadium,Kansas City Royals,Chicago White Sox,6.0,2.0,547179,680732,Adam Hamari,Tom Hanahan,"94 degrees, Clear.","10 mph, R To L.",6:11 PM.,"28,355.",9,1,0,5,0
776716,2025-08-16,R,2025,Target Field,Minnesota Twins,Detroit Tigers,5.0,8.0,805673,663554,Tripp Gibson,Ryan Blakney,"79 degrees, Partly Cloudy.","7 mph, Out To RF.",6:16 PM.,"19,537.",9,0,1,3,2
776713,2025-08-16,R,2025,Busch Stadium,St. Louis Cardinals,New York Yankees,8.0,12.0,543243,608331,Vic Carapazza,Nic Lentz,"88 degrees, Cloudy.","6 mph, L To R.",6:16 PM.,"33,800.",9,1,2,5,6
776715,2025-08-16,R,2025,Coors Field,Colorado Rockies,Arizona Diamondbacks,10.0,7.0,801403,669194,Paul Clemons,Ramon De Jesus,"83 degrees, Partly Cloudy.","5 mph, L To R.",6:13 PM.,"27,929.",9,0,1,2,5
776711,2025-08-16,R,2025,Oracle Park,San Francisco Giants,Tampa Bay Rays,1.0,2.0,434378,605288,Dan Iassogna,Scott Barry,"65 degrees, Partly Cloudy.","17 mph, Varies.",6:05 PM.,"35,070.",9,0,0,0,0
776717,2025-08-16,R,2025,Dodger Stadium,Los Angeles Dodgers,San Diego Padres,6.0,0.0,605483,656302,Brennan Miller,Jeremie Rehak,"75 degrees, Clear.","5 mph, Out To RF.",6:10 PM.,"53,606.",9,3,0,6,0
776718,2025-08-16,R,2025,Sutter Health Park,Athletics,Los Angeles Angels,7.0,2.0,806960,542881,Lance Barksdale,Will Little,"80 degrees, Clear.","12 mph, Out To LF.",7:05 PM.,"10,035.",9,2,0,5,1
776708,2025-08-17,R,2025,Nationals Park,Washington Nationals,Philadelphia Phillies,9.0,11.0,680730,605400,Jacob Metz,Emil Jimenez,"85 degrees, Partly Cloudy.","2 mph, Out To RF.",11:35 AM.,"26,243.",9,0,1,6,8
776714,2025-08-17,R,2025,Fenway Park,Boston Red Sox,Miami Marlins,3.0,5.0,676979,676083,Jim Wolf,Chris Segal,"86 degrees, Cloudy.","3 mph, Out To CF.",1:36 PM.,"35,931.",9,0,0,2,1
776710,2025-08-17,R,2025,Rogers Centre,Toronto Blue Jays,Texas Rangers,4.0,10.0,621244,543135,Jansen Visconti,Austin Jones,"68 degrees, Roof Closed.","0 mph, None.",1:38 PM.,"42,549.",9,0,0,1,6
776706,2025-08-17,R,2025,Progressive Field,Cleveland Guardians,Atlanta Braves,4.0,5.0,671106,607200,Willie Traynor,Carlos Torres,"79 degrees, Partly Cloudy.","10 mph, In From LF.",1:40 PM.,"28,899.",9,0,0,4,3
776709,2025-08-17,R,2025,Great American Ball Park,Cincinnati Reds,Milwaukee Brewers,3.0,2.0,671096,500779,Mike Estabrook,Laz Diaz,"86 degrees, Partly Cloudy.","4 mph, Out To RF.",1:41 PM.,"26,426.",10,0,0,0,0
776705,2025-08-17,R,2025,Daikin Park,Houston Astros,Baltimore Orioles,0.0,12.0,664299,665152,Roberto Ortiz,Bill Miller,"73 degrees, Roof Closed.","0 mph, None.",1:10 PM.,"36,411.",9,0,0,0,5
776700,2025-08-17,R,2025,Target Field,Minnesota Twins,Detroit Tigers,8.0,1.0,641672,663978,Ryan Blakney,John Bacon,"75 degrees, Cloudy.","12 mph, In From CF.",1:36 PM.,"22,230.",9,0,0,8,1
776702,2025-08-17,R,2025,Kauffman Stadium,Kansas City Royals,Chicago White Sox,6.0,2.0,686701,663436,Tom Hanahan,Brian Walsh,"94 degrees, Sunny.","8 mph, R To L.",1:11 PM.,"15,114.",9,0,1,0,1
776698,2025-08-17,R,2025,Busch Stadium,St. Louis Cardinals,New York Yankees,4.0,8.0,571945,701542,Nic Lentz,Mark Ripperger,"89 degrees, Partly Cloudy.","8 mph, In From RF.",1:17 PM.,"25,365.",9,0,0,3,3
776704,2025-08-17,R,2025,Wrigley Field,Chicago Cubs,Pittsburgh Pirates,4.0,3.0,665871,669387,Phil Cuzzi,Clint Vondrak,"79 degrees, Partly Cloudy.","9 mph, In From CF.",1:20 PM.,"38,012.",9,0,0,2,1
776701,2025-08-17,R,2025,Coors Field,Colorado Rockies,Arizona Diamondbacks,6.0,5.0,622608,622503,Ramon De Jesus,Adrian Johnson,"88 degrees, Partly Cloudy.","8 mph, R To L.",1:12 PM.,"22,895.",9,0,0,1,0
776699,2025-08-17,R,2025,Sutter Health Park,Athletics,Los Angeles Angels,5.0,11.0,605488,667755,Will Little,Ryan Additon,"78 degrees, Sunny.","11 mph, Out To LF.",1:05 PM.,"8,876.",10,1,3,3,5
776703,2025-08-17,R,2025,Oracle Park,San Francisco Giants,Tampa Bay Rays,7.0,1.0,657277,686752,Scott Barry,CB Bucknor,"64 degrees, Partly Cloudy.","16 mph, Out To CF.",1:05 PM.,"38,876.",9,0,0,0,0
776697,2025-08-17,R,2025,Dodger Stadium,Los Angeles Dodgers,San Diego Padres,5.0,4.0,607192,506433,Jeremie Rehak,Chris Conroy,"83 degrees, Sunny.","4 mph, Out To CF.",1:10 PM.,"48,189.",9,4,0,4,2
776707,2025-08-17,R,2025,Journey Bank Ballpark,New York Mets,Seattle Mariners,7.0,3.0,605280,669923,Nate Tomlinson,Bruce Dreckman,"73 degrees, Cloudy.","5 mph, Out To RF.",7:46 PM.,"2,518.",9,0,0,7,1
777459,2025-08-18,R,2025,Wrigley Field,Chicago Cubs,Milwaukee Brewers,0.0,7.0,690990,642547,Stu Scheurwater,Brock Ballou,"79 degrees, Partly Cloudy.","2 mph, R To L.",1:20 PM.,"38,971.",9,0,0,0,2
776692,2025-08-18,R,2025,Comerica Park,Detroit Tigers,Houston Astros,10.0,0.0,656427,681293,Lance Barrett,Carlos Torres,"75 degrees, Clear.","9 mph, In From LF.",6:40 PM.,"27,008.",9,0,0,5,0
776694,2025-08-18,R,2025,PNC Park,Pittsburgh Pirates,Toronto Blue Jays,5.0,2.0,694973,592332,Mark Ripperger,Nick Mahrley,"83 degrees, Clear.","4 mph, L To R.",6:42 PM.,"17,477.",9,0,0,2,2
776688,2025-08-18,R,2025,loanDepot park,Miami Marlins,St. Louis Cardinals,3.0,8.0,691587,669461,John Bacon,Junior Valentine,"72 degrees, Roof Closed.","0 mph, None.",6:41 PM.,"8,555.",9,1,0,2,3
776689,2025-08-18,R,2025,Citizens Bank Park,Philadelphia Phillies,Seattle Mariners,12.0,7.0,624133,669302,Laz Diaz,Erich Bacchus,"69 degrees, Cloudy.","9 mph, In From RF.",6:46 PM.,"44,471.",9,0,0,6,0
776695,2025-08-18,R,2025,Fenway Park,Boston Red Sox,Baltimore Orioles,3.0,6.0,669160,669432,Ron Kulpa,Manny Gonzalez,"66 degrees, Cloudy.","3 mph, R To L.",7:11 PM.,"36,961.",9,0,0,0,2
776696,2025-08-18,R,2025,Truist Park,Atlanta Braves,Chicago White Sox,9.0,13.0,675911,672782,Emil Jimenez,Doug Eddings,"83 degrees, Partly Cloudy.","4 mph, R To L.",7:31 PM.,"27,868.",9,0,0,1,7
776690,2025-08-18,R,2025,Kauffman Stadium,Kansas City Royals,Texas Rangers,4.0,3.0,608379,683004,Adrian Johnson,Quinn Wolcott,"92 degrees, Clear.","8 mph, L To R.",6:40 PM.,"12,747.",9,1,0,4,1
776693,2025-08-18,R,2025,Coors Field,Colorado Rockies,Los Angeles Dodgers,4.0,3.0,607536,808967,Ryan Additon,Adam Hamari,"86 degrees, Clear.","7 mph, R To L.",6:40 PM.,"27,259.",9,0,0,2,2
776681,2025-08-18,R,2025,Angel Stadium,Los Angeles Angels,Cincinnati Reds,1.0,4.0,682989,663903,Chris Conroy,John Tumpane,"78 degrees, Clear.","4 mph, Out To CF.",6:39 PM.,"25,421.",9,1,2,1,3
776682,2025-08-18,R,2025,Chase Field,Arizona Diamondbacks,Cleveland Guardians,1.0,3.0,668678,668909,Chris Guccione,David Rackley,"78 degrees, Roof Closed.","0 mph, None.",6:41 PM.,"16,815.",9,0,0,0,3
776683,2025-08-18,R,2025,Petco Park,San Diego Padres,San Francisco Giants,3.0,4.0,641482,592662,James Hoye,John Libka,"72 degrees, Clear.","6 mph, L To R.",6:42 PM.,"42,730.",9,0,4,0,4
776691,2025-08-18,R,2025,Wrigley Field,Chicago Cubs,Milwaukee Brewers,,,571510,694477,Jordan Baker,Stu Scheurwater,"73 degrees, Overcast.","2 mph, In From CF.",1:20 PM.,"33,103.",9,2,0,5,2
776691,2025-08-19,R,2025,Wrigley Field,Chicago Cubs,Milwaukee Brewers,6.0,4.0,571510,694477,Jordan Baker,Stu Scheurwater,"73 degrees, Overcast.","2 mph, In From CF.",1:20 PM.,"33,103.",9,2,0,5,2
776676,2025-08-19,R,2025,Wrigley Field,Chicago Cubs,Milwaukee Brewers,4.0,1.0,592791,605540,Dan Merzel,Dan Bellino,"73 degrees, Cloudy.","8 mph, In From CF.",7:05 PM.,"34,540.",9,0,1,3,1
776685,2025-08-19,R,2025,Comerica Park,Detroit Tigers,Houston Astros,1.0,0.0,669373,686613,Carlos Torres,Charlie Ramos,"76 degrees, Cloudy.","3 mph, Out To LF.",7:15 PM.,"30,770.",10,0,0,0,0
776679,2025-08-19,R,2025,PNC Park,Pittsburgh Pirates,Toronto Blue Jays,3.0,7.0,656605,453286,Nick Mahrley,Vic Carapazza,"88 degrees, Clear.","9 mph, Out To LF.",6:43 PM.,"14,282.",9,0,3,1,5
776686,2025-08-19,R,2025,loanDepot park,Miami Marlins,St. Louis Cardinals,4.0,7.0,665795,700241,Junior Valentine,Marvin Hudson,"72 degrees, Roof Closed.","0 mph, None.",6:41 PM.,"7,612.",9,0,1,2,6
776678,2025-08-19,R,2025,Nationals Park,Washington Nationals,New York Mets,1.0,8.0,663623,656849,Nestor Ceja,Todd Tichenor,"71 degrees, Cloudy.","9 mph, In From RF.",6:45 PM.,"23,989.",9,0,0,0,5
776680,2025-08-19,R,2025,Citizens Bank Park,Philadelphia Phillies,Seattle Mariners,6.0,4.0,650911,682243,Erich Bacchus,Brian O'Nora,"75 degrees, Partly Cloudy.","9 mph, Out To LF.",6:48 PM.,"43,757.",9,1,0,4,1
776684,2025-08-19,R,2025,Fenway Park,Boston Red Sox,Baltimore Orioles,3.0,4.0,621111,608372,Manny Gonzalez,Cory Blaser,"69 degrees, Cloudy.","6 mph, R To L.",7:09 PM.,"37,435.",11,0,0,1,3
776687,2025-08-19,R,2025,Truist Park,Atlanta Braves,Chicago White Sox,11.0,10.0,693821,681343,Doug Eddings,Gabe Morales,"74 degrees, Cloudy.","3 mph, Calm.",7:16 PM.,"29,134.",9,2,0,4,8
776677,2025-08-19,R,2025,George M. Steinbrenner Field,Tampa Bay Rays,New York Yankees,3.0,13.0,669358,607074,Bill Miller,Chad Fairchild,"86 degrees, Partly Cloudy.","7 mph, In From LF.",9:31 PM.,"10,046.",9,0,3,2,10
776675,2025-08-19,R,2025,Kauffman Stadium,Kansas City Royals,Texas Rangers,5.0,2.0,607625,518876,Quinn Wolcott,Brian Walsh,"91 degrees, Clear.","8 mph, L To R.",6:40 PM.,"14,176.",9,1,1,1,2
776674,2025-08-19,R,2025,Target Field,Minnesota Twins,Athletics,3.0,6.0,657746,682052,Adam Beck,Dan Iassogna,"82 degrees, Partly Cloudy.","6 mph, Out To RF.",6:43 PM.,"22,725.",9,0,0,3,5
776671,2025-08-19,R,2025,Coors Field,Colorado Rockies,Los Angeles Dodgers,4.0,11.0,596295,686218,Adam Hamari,Lance Barksdale,"86 degrees, Partly Cloudy.","8 mph, Out To CF.",6:40 PM.,"25,480.",9,0,2,2,7
776668,2025-08-19,R,2025,Angel Stadium,Los Angeles Angels,Cincinnati Reds,4.0,6.0,543294,668881,John Tumpane,Brennan Miller,"82 degrees, Clear.","6 mph, Out To CF.",6:39 PM.,"22,276.",9,1,0,1,4
776672,2025-08-19,R,2025,Chase Field,Arizona Diamondbacks,Cleveland Guardians,6.0,5.0,593958,676440,David Rackley,Chad Whitson,"78 degrees, Roof Closed.","0 mph, None.",6:40 PM.,"19,723.",9,0,0,4,4
776667,2025-08-19,R,2025,Petco Park,San Diego Padres,San Francisco Giants,5.0,1.0,601713,678906,John Libka,D.J. Reyburn,"72 degrees, Clear.","8 mph, L To R.",6:41 PM.,"40,624.",9,1,1,4,1
776661,2025-08-20,R,2025,PNC Park,Pittsburgh Pirates,Toronto Blue Jays,2.0,1.0,670912,605135,Vic Carapazza,Nic Lentz,"75 degrees, Partly Cloudy.","7 mph, Out To LF.",12:37 PM.,"14,019.",9,2,1,2,1
776662,2025-08-20,R,2025,Citizens Bank Park,Philadelphia Phillies,Seattle Mariners,11.0,2.0,666200,622491,Brian O'Nora,Mike Estabrook,"71 degrees, Cloudy.","7 mph, R To L.",1:06 PM.,"38,331.",9,1,1,3,1
776673,2025-08-20,R,2025,Comerica Park,Detroit Tigers,Houston Astros,7.0,2.0,450203,664285,Charlie Ramos,Alfonso Márquez,"71 degrees, Cloudy.","9 mph, Out To RF.",1:10 PM.,"29,216.",9,6,0,7,2
776658,2025-08-20,R,2025,Chase Field,Arizona Diamondbacks,Cleveland Guardians,3.0,2.0,694297,800048,Chad Whitson,Edwin Moscoso,"76 degrees, Roof Closed.","0 mph, None.",12:40 PM.,"16,848.",10,1,1,1,2
776670,2025-08-20,R,2025,loanDepot park,Miami Marlins,St. Louis Cardinals,6.0,2.0,645261,669467,Ryan Blakney,Austin Jones,"72 degrees, Roof Closed.","0 mph, None.",6:41 PM.,"9,304.",9,0,0,4,1
776659,2025-08-20,R,2025,Nationals Park,Washington Nationals,New York Mets,5.0,4.0,695418,673540,Todd Tichenor,Mike Muchlinski,"80 degrees, Cloudy.","5 mph, In From RF.",6:45 PM.,"19,565.",9,0,0,5,1
776669,2025-08-20,R,2025,Truist Park,Atlanta Braves,Chicago White Sox,1.0,0.0,694462,527048,Gabe Morales,Jacob Metz,"89 degrees, Partly Cloudy.","1 mph, Varies.",7:17 PM.,"30,054.",9,0,0,1,0
776664,2025-08-20,R,2025,George M. Steinbrenner Field,Tampa Bay Rays,New York Yankees,4.0,6.0,656876,693645,Chad Fairchild,Ben May,"89 degrees, Clear.","5 mph, L To R.",7:35 PM.,"10,046.",10,0,1,0,2
776666,2025-08-20,R,2025,Kauffman Stadium,Kansas City Royals,Texas Rangers,3.0,6.0,702070,676961,Brian Walsh,Paul Clemons,"90 degrees, Clear.","7 mph, L To R.",6:40 PM.,"14,312.",9,3,1,3,2
776665,2025-08-20,R,2025,Target Field,Minnesota Twins,Athletics,2.0,4.0,641927,669372,Dan Iassogna,Edwin Jimenez,"81 degrees, Partly Cloudy.","8 mph, In From LF.",6:41 PM.,"18,448.",10,0,0,2,2
776663,2025-08-20,R,2025,Wrigley Field,Chicago Cubs,Milwaukee Brewers,4.0,3.0,607067,694819,Dan Bellino,Dan Merzel,"71 degrees, Cloudy.","14 mph, In From CF.",7:05 PM.,"36,327.",9,0,0,3,1
776660,2025-08-20,R,2025,Coors Field,Colorado Rockies,Los Angeles Dodgers,8.0,3.0,685299,660271,Lance Barksdale,Ryan Wills,"93 degrees, Clear.","5 mph, R To L.",6:41 PM.,"35,240.",9,0,0,5,0
776652,2025-08-20,R,2025,Angel Stadium,Los Angeles Angels,Cincinnati Reds,2.0,1.0,579328,607259,Brennan Miller,Jeremie Rehak,"87 degrees, Partly Cloudy.","8 mph, Out To RF.",6:38 PM.,"27,083.",9,0,0,1,1
776656,2025-08-20,R,2025,Petco Park,San Diego Padres,San Francisco Giants,8.0,1.0,676664,694738,D.J. Reyburn,Sean Barber,"75 degrees, Clear.","8 mph, L To R.",6:41 PM.,"42,589.",9,1,0,6,1
776653,2025-08-21,R,2025,Target Field,Minnesota Twins,Athletics,3.0,8.0,570632,678022,Edwin Jimenez,Willie Traynor,"77 degrees, Partly Cloudy.","6 mph, R To L.",12:11 PM.,"21,837.",9,0,0,2,6
776657,2025-08-21,R,2025,Kauffman Stadium,Kansas City Royals,Texas Rangers,6.0,4.0,547179,571578,Paul Clemons,Adrian Johnson,"78 degrees, Partly Cloudy.","10 mph, In From RF.",1:10 PM.,"13,527.",9,0,0,5,4
776651,2025-08-21,R,2025,Wrigley Field,Chicago Cubs,Milwaukee Brewers,1.0,4.0,684007,682990,Derek Thomas,Jordan Baker,"74 degrees, Partly Cloudy.","11 mph, In From CF.",1:20 PM.,"37,850.",9,0,0,1,2
776644,2025-08-21,R,2025,Coors Field,Colorado Rockies,Los Angeles Dodgers,5.0,9.0,801403,477132,Ryan Wills,Ryan Additon,"88 degrees, Sunny.","5 mph, R To L.",1:11 PM.,"28,305.",9,1,2,2,8
776650,2025-08-21,R,2025,Nationals Park,Washington Nationals,New York Mets,9.0,3.0,669022,640455,Mike Muchlinski,Tom Hanahan,"68 degrees, Overcast.","4 mph, In From RF.",4:06 PM.,"20,127.",9,0,1,4,3
776642,2025-08-21,R,2025,Petco Park,San Diego Padres,San Francisco Giants,8.0,4.0,656302,434378,Sean Barber,James Hoye,"79 degrees, Partly Cloudy.","9 mph, L To R.",1:10 PM.,"39,156.",9,0,0,8,2
776655,2025-08-21,R,2025,Oriole Park at Camden Yards,Baltimore Orioles,Houston Astros,2.0,7.0,687064,669920,Mike Estabrook,Laz Diaz,"72 degrees, Partly Cloudy.","10 mph, In From LF.",7:16 PM.,"18,061.",9,0,2,1,7
776654,2025-08-21,R,2025,Yankee Stadium,New York Yankees,Boston Red Sox,3.0,6.0,661563,608337,Alfonso Márquez,Lance Barrett,"69 degrees, Cloudy.","14 mph, L To R.",7:16 PM.,"47,036.",9,0,0,3,2
776631,2025-08-21,R,2025,George M. Steinbrenner Field,Tampa Bay Rays,St. Louis Cardinals,4.0,7.0,671212,543243,Jacob Metz,Emil Jimenez,"89 degrees, Partly Cloudy.","8 mph, L To R.",7:35 PM.,"9,182.",9,1,0,3,6
776637,2025-08-22,R,2025,PNC Park,Pittsburgh Pirates,Colorado Rockies,9.0,0.0,677952,622608,Alex Tosi,Ron Kulpa,"83 degrees, Partly Cloudy.","3 mph, L To R.",7:05 PM.,"22,886.",9,2,0,5,0
776648,2025-08-22,R,2025,Citizens Bank Park,Philadelphia Phillies,Washington Nationals,4.0,5.0,592836,676917,John Bacon,Cory Blaser,"82 degrees, Clear.","3 mph, Out To CF.",6:45 PM.,"44,757.",9,0,3,1,3
776643,2025-08-22,R,2025,Oriole Park at Camden Yards,Baltimore Orioles,Houston Astros,7.0,10.0,700249,621121,Laz Diaz,Erich Bacchus,"79 degrees, Clear.","3 mph, R To L.",7:05 PM.,"24,224.",9,0,0,3,7
776647,2025-08-22,R,2025,Yankee Stadium,New York Yankees,Boston Red Sox,0.0,1.0,608331,678394,Lance Barrett,Carlos Torres,"81 degrees, Clear.","5 mph, In From LF.",7:10 PM.,"46,064.",9,0,0,0,0
776649,2025-08-22,R,2025,Comerica Park,Detroit Tigers,Kansas City Royals,7.0,5.0,663554,686701,Willie Traynor,Adam Beck,"77 degrees, Clear.","6 mph, In From CF.",7:10 PM.,"33,467.",9,0,0,1,3
776646,2025-08-22,R,2025,loanDepot park,Miami Marlins,Toronto Blue Jays,2.0,5.0,687473,669456,Tom Hanahan,Nestor Ceja,"72 degrees, Roof Closed.","0 mph, None.",7:11 PM.,"14,923.",9,0,3,1,3
776645,2025-08-22,R,2025,Truist Park,Atlanta Braves,New York Mets,7.0,12.0,666214,690997,Ben May,Roberto Ortiz,"80 degrees, Cloudy.","7 mph, In From LF.",7:16 PM.,"40,076.",9,0,0,2,7
776633,2025-08-22,R,2025,George M. Steinbrenner Field,Tampa Bay Rays,St. Louis Cardinals,10.0,6.0,605288,571945,Emil Jimenez,Doug Eddings,"85 degrees, Partly Cloudy.","3 mph, L To R.",7:36 PM.,"10,046.",9,1,0,7,1
776639,2025-08-22,R,2025,Rate Field,Chicago White Sox,Minnesota Twins,7.0,9.0,650644,805673,Stu Scheurwater,Jordan Baker,"78 degrees, Partly Cloudy.","9 mph, In From CF.",6:41 PM.,"22,372.",9,1,0,4,4
776641,2025-08-22,R,2025,Globe Life Field,Texas Rangers,Cleveland Guardians,4.0,3.0,543135,677944,Jeremie Rehak,Chris Conroy,"74 degrees, Roof Closed.","0 mph, None.",7:09 PM.,"26,729.",9,0,0,1,1
776634,2025-08-22,R,2025,American Family Field,Milwaukee Brewers,San Francisco Giants,5.0,4.0,500779,687931,Nic Lentz,Mark Ripperger,"78 degrees, Partly Cloudy.","4 mph, In From RF.",7:11 PM.,"41,716.",9,0,1,2,2
776640,2025-08-22,R,2025,Angel Stadium,Los Angeles Angels,Chicago Cubs,2.0,3.0,542881,665871,Adrian Johnson,Quinn Wolcott,"83 degrees, Partly Cloudy.","7 mph, Out To RF.",6:38 PM.,"39,872.",9,0,1,1,2
776635,2025-08-22,R,2025,Chase Field,Arizona Diamondbacks,Cincinnati Reds,6.0,5.0,669194,641793,Ryan Additon,Adam Hamari,"76 degrees, Roof Closed.","0 mph, None.",6:40 PM.,"29,252.",11,1,0,4,2
776636,2025-08-22,R,2025,Petco Park,San Diego Padres,Los Angeles Dodgers,2.0,1.0,506433,605483,Edwin Moscoso,Chris Guccione,"74 degrees, Partly Cloudy.","7 mph, L To R.",6:40 PM.,"44,864.",9,0,0,2,1
776638,2025-08-22,R,2025,T-Mobile Park,Seattle Mariners,Athletics,3.0,2.0,693433,806960,James Hoye,John Libka,"81 degrees, Clear.","6 mph, L To R.",7:11 PM.,"36,958.",9,0,1,1,1
776627,2025-08-23,R,2025,Yankee Stadium,New York Yankees,Boston Red Sox,1.0,12.0,701542,676979,Carlos Torres,Charlie Ramos,"82 degrees, Sunny.","10 mph, Out To LF.",1:10 PM.,"45,512.",9,0,0,1,5
776630,2025-08-23,R,2025,loanDepot park,Miami Marlins,Toronto Blue Jays,6.0,7.0,676083,621244,Nestor Ceja,Todd Tichenor,"72 degrees, Roof Closed.","0 mph, None.",4:11 PM.,"24,943.",12,0,0,0,1
776628,2025-08-23,R,2025,Citizens Bank Park,Philadelphia Phillies,Washington Nationals,6.0,4.0,605400,680730,Cory Blaser,Junior Valentine,"81 degrees, Clear.","12 mph, Out To CF.",6:06 PM.,"44,771.",9,0,0,6,1
776625,2025-08-23,R,2025,Comerica Park,Detroit Tigers,Kansas City Royals,4.0,2.0,663978,608379,Adam Beck,Dan Iassogna,"76 degrees, Partly Cloudy.","13 mph, R To L.",6:10 PM.,"37,709.",9,0,0,3,1
776632,2025-08-23,R,2025,PNC Park,Pittsburgh Pirates,Colorado Rockies,5.0,1.0,681347,607536,Ron Kulpa,Jen Pawol,"84 degrees, Partly Cloudy.","8 mph, Out To LF.",6:41 PM.,"22,588.",9,0,0,5,0
776629,2025-08-23,R,2025,Oriole Park at Camden Yards,Baltimore Orioles,Houston Astros,8.0,9.0,665152,664299,Erich Bacchus,Brian O'Nora,"78 degrees, Partly Cloudy.","8 mph, Out To LF.",7:06 PM.,"30,159.",9,3,5,7,7
776623,2025-08-23,R,2025,Globe Life Field,Texas Rangers,Cleveland Guardians,10.0,0.0,683004,671106,Chris Conroy,John Tumpane,"74 degrees, Roof Closed.","0 mph, None.",6:08 PM.,"37,006.",9,0,0,9,0
776619,2025-08-23,R,2025,Rate Field,Chicago White Sox,Minnesota Twins,7.0,3.0,663436,690953,Jordan Baker,Dan Merzel,"79 degrees, Partly Cloudy.","15 mph, Out To CF.",6:10 PM.,"16,998.",9,0,0,6,2
776621,2025-08-23,R,2025,American Family Field,Milwaukee Brewers,San Francisco Giants,1.0,7.0,642547,657277,Mark Ripperger,Nick Mahrley,"73 degrees, Partly Cloudy.","14 mph, Out To LF.",6:10 PM.,"41,034.",9,0,0,1,0
776626,2025-08-23,R,2025,Truist Park,Atlanta Braves,New York Mets,2.0,9.0,615698,605280,Roberto Ortiz,Bill Miller,"72 degrees, Partly Cloudy.","8 mph, L To R.",7:15 PM.,"39,738.",9,0,0,2,3
776622,2025-08-23,R,2025,Chase Field,Arizona Diamondbacks,Cincinnati Reds,10.0,1.0,656222,671096,Adam Hamari,Lance Barksdale,"78 degrees, Roof Closed.","0 mph, None.",5:12 PM.,"36,567.",9,3,0,8,0
776617,2025-08-23,R,2025,Petco Park,San Diego Padres,Los Angeles Dodgers,5.0,1.0,641482,607192,Chris Guccione,David Rackley,"79 degrees, Partly Cloudy.","8 mph, L To R.",5:41 PM.,"46,326.",9,0,0,3,0
776618,2025-08-23,R,2025,Angel Stadium,Los Angeles Angels,Chicago Cubs,1.0,12.0,682989,690990,Quinn Wolcott,Brian Walsh,"87 degrees, Clear.","7 mph, Out To CF.",6:40 PM.,"44,355.",9,0,0,0,6
776620,2025-08-23,R,2025,T-Mobile Park,Seattle Mariners,Athletics,1.0,2.0,669923,605488,John Libka,D.J. Reyburn,"84 degrees, Partly Cloudy.","7 mph, L To R.",6:42 PM.,"36,524.",10,0,0,0,1
776610,2025-08-24,R,2025,PNC Park,Pittsburgh Pirates,Colorado Rockies,4.0,0.0,694973,685326,Jen Pawol,Manny Gonzalez,"79 degrees, Partly Cloudy.","9 mph, Out To CF.",12:08 PM.,"20,300.",9,0,0,4,0
776606,2025-08-24,R,2025,George M. Steinbrenner Field,Tampa Bay Rays,St. Louis Cardinals,7.0,2.0,686752,669461,Doug Eddings,Gabe Morales,"86 degrees, Overcast.","8 mph, Out To CF.",4:35 PM.,"8,809.",9,0,0,5,0
776612,2025-08-24,R,2025,Oriole Park at Camden Yards,Baltimore Orioles,Houston Astros,3.0,2.0,669432,681293,Brian O'Nora,Mike Estabrook,"81 degrees, Cloudy.","5 mph, Out To LF.",1:37 PM.,"19,746.",9,1,0,1,1
776613,2025-08-24,R,2025,Citizens Bank Park,Philadelphia Phillies,Washington Nationals,3.0,2.0,624133,663623,Junior Valentine,Ryan Blakney,"81 degrees, Partly Cloudy.","9 mph, Out To CF.",1:36 PM.,"42,580.",9,0,0,3,0
776624,2025-08-24,R,2025,Truist Park,Atlanta Braves,New York Mets,4.0,3.0,693821,656849,Bill Miller,Chad Fairchild,"80 degrees, Partly Cloudy.","4 mph, R To L.",1:36 PM.,"34,393.",9,0,0,0,2
776615,2025-08-24,R,2025,Comerica Park,Detroit Tigers,Kansas City Royals,8.0,10.0,656427,607625,Dan Iassogna,Scott Barry,"74 degrees, Sunny.","11 mph, Out To LF.",1:40 PM.,"31,538.",9,0,0,7,6
776614,2025-08-24,R,2025,loanDepot park,Miami Marlins,Toronto Blue Jays,5.0,3.0,691587,592332,Todd Tichenor,Mike Muchlinski,"72 degrees, Roof Closed.","0 mph, None.",1:40 PM.,"20,620.",9,0,0,4,0
776607,2025-08-24,R,2025,Rate Field,Chicago White Sox,Minnesota Twins,8.0,0.0,672782,671737,Dan Merzel,Derek Thomas,"72 degrees, Partly Cloudy.","13 mph, Out To LF.",1:10 PM.,"18,723.",9,3,0,7,0
776608,2025-08-24,R,2025,American Family Field,Milwaukee Brewers,San Francisco Giants,3.0,4.0,694477,592662,Nick Mahrley,Vic Carapazza,"70 degrees, Partly Cloudy.","14 mph, In From CF.",1:50 PM.,"42,053.",9,0,0,3,2
776611,2025-08-24,R,2025,Globe Life Field,Texas Rangers,Cleveland Guardians,5.0,0.0,518876,668909,John Tumpane,Edwin Jimenez,"74 degrees, Roof Closed.","0 mph, None.",1:38 PM.,"34,577.",9,0,0,4,0
776605,2025-08-24,R,2025,Angel Stadium,Los Angeles Angels,Chicago Cubs,3.0,4.0,543294,592791,Brian Walsh,Paul Clemons,"88 degrees, Sunny.","4 mph, Out To CF.",1:09 PM.,"41,206.",9,1,0,1,4
776609,2025-08-24,R,2025,Chase Field,Arizona Diamondbacks,Cincinnati Reds,1.0,6.0,668678,663903,Lance Barksdale,Ryan Wills,"76 degrees, Roof Closed.","0 mph, None.",1:12 PM.,"25,496.",9,1,0,1,0
776603,2025-08-24,R,2025,Petco Park,San Diego Padres,Los Angeles Dodgers,2.0,8.0,601713,808967,David Rackley,Chad Whitson,"77 degrees, Sunny.","10 mph, L To R.",1:11 PM.,"43,827.",9,0,1,2,1
776602,2025-08-24,R,2025,T-Mobile Park,Seattle Mariners,Athletics,11.0,4.0,669302,682052,D.J. Reyburn,Sean Barber,"79 degrees, Sunny.","6 mph, L To R.",1:11 PM.,"37,550.",9,2,0,11,1
776616,2025-08-24,R,2025,Yankee Stadium,New York Yankees,Boston Red Sox,7.0,2.0,607074,669160,Charlie Ramos,Alfonso Márquez,"75 degrees, Partly Cloudy.","12 mph, Out To CF.",7:12 PM.,"44,640.",9,0,0,5,0
776604,2025-08-25,R,2025,Oriole Park at Camden Yards,Baltimore Orioles,Boston Red Sox,3.0,4.0,608372,657514,Vic Carapazza,Nic Lentz,"81 degrees, Clear.","9 mph, Out To RF.",6:37 PM.,"15,740.",9,0,1,3,4
776601,2025-08-25,R,2025,Progressive Field,Cleveland Guardians,Tampa Bay Rays,0.0,9.0,676440,693855,Tom Hanahan,Adam Hamari,"67 degrees, Partly Cloudy.","12 mph, In From LF.",6:40 PM.,"16,325.",9,0,0,0,4
776600,2025-08-25,R,2025,loanDepot park,Miami Marlins,Atlanta Braves,2.0,1.0,665795,675911,Mark Wegner,Shane Livensparger,"72 degrees, Roof Closed.","0 mph, None.",6:41 PM.,"8,111.",9,0,0,1,0
776597,2025-08-25,R,2025,Yankee Stadium,New York Yankees,Washington Nationals,10.0,5.0,693645,695418,Mike Estabrook,Laz Diaz,"81 degrees, Partly Cloudy.","13 mph, Out To CF.",7:10 PM.,"36,939.",9,1,0,7,0
776596,2025-08-25,R,2025,Rogers Centre,Toronto Blue Jays,Minnesota Twins,10.0,4.0,453286,657746,Alfonso Márquez,Lance Barrett,"68 degrees, Clear.","21 mph, L To R.",7:09 PM.,"41,845.",9,4,0,6,1
776598,2025-08-25,R,2025,Citi Field,New York Mets,Philadelphia Phillies,13.0,3.0,673540,650911,Scott Barry,Willie Traynor,"80 degrees, Cloudy.","11 mph, Out To RF.",7:11 PM.,"41,983.",9,0,1,4,3
776599,2025-08-25,R,2025,Rate Field,Chicago White Sox,Kansas City Royals,7.0,0.0,681343,702070,Andy Fletcher,Malachi Moore,"68 degrees, Partly Cloudy.","9 mph, Out To CF.",6:40 PM.,"10,444.",9,3,0,6,0
776593,2025-08-25,R,2025,American Family Field,Milwaukee Brewers,Arizona Diamondbacks,7.0,5.0,605540,593958,Manny Gonzalez,Alex Tosi,"67 degrees, Partly Cloudy.","10 mph, Out To RF.",6:41 PM.,"28,486.",9,0,0,6,0
776589,2025-08-25,R,2025,Busch Stadium,St. Louis Cardinals,Pittsburgh Pirates,7.0,6.0,700241,670912,Derek Thomas,Stu Scheurwater,"71 degrees, Partly Cloudy.","7 mph, L To R.",6:46 PM.,"17,675.",9,0,1,6,4
776592,2025-08-25,R,2025,Globe Life Field,Texas Rangers,Los Angeles Angels,0.0,4.0,594798,667755,Alex MacKay,John Bacon,"74 degrees, Roof Closed.","0 mph, None.",7:08 PM.,"22,949.",9,0,1,0,2
776595,2025-08-25,R,2025,T-Mobile Park,Seattle Mariners,San Diego Padres,9.0,6.0,682243,676664,Ryan Wills,Edwin Jimenez,"84 degrees, Clear.","5 mph, In From LF.",6:41 PM.,"27,785.",9,1,0,9,4
776590,2025-08-25,R,2025,Sutter Health Park,Athletics,Detroit Tigers,8.0,3.0,669372,669373,Dan Bellino,Clint Vondrak,"88 degrees, Clear.","10 mph, Out To CF.",7:05 PM.,"8,105.",9,0,0,0,0
776594,2025-08-25,R,2025,Dodger Stadium,Los Angeles Dodgers,Cincinnati Reds,7.0,0.0,686218,668881,Paul Clemons,Quinn Wolcott,"77 degrees, Partly Cloudy.","4 mph, Out To CF.",7:10 PM.,"49,702.",9,0,0,3,0
776591,2025-08-26,R,2025,Oriole Park at Camden Yards,Baltimore Orioles,Boston Red Sox,0.0,5.0,680694,608337,Nic Lentz,Mark Ripperger,"79 degrees, Partly Cloudy.","6 mph, Out To RF.",6:36 PM.,"14,776.",9,0,0,0,2
776584,2025-08-26,R,2025,Progressive Field,Cleveland Guardians,Tampa Bay Rays,3.0,0.0,800048,669358,Adam Hamari,Nestor Ceja,"66 degrees, Clear.","10 mph, In From LF.",6:40 PM.,"19,729.",9,3,0,3,0
776581,2025-08-26,R,2025,loanDepot park,Miami Marlins,Atlanta Braves,2.0,11.0,645261,694462,Shane Livensparger,Tyler Jones,"72 degrees, Roof Closed.","0 mph, None.",6:41 PM.,"8,576.",9,1,1,1,2
776588,2025-08-26,R,2025,Yankee Stadium,New York Yankees,Washington Nationals,5.0,1.0,661563,669022,Laz Diaz,Erich Bacchus,"76 degrees, Cloudy.","9 mph, Out To CF.",7:08 PM.,"35,531.",9,0,0,3,1
776582,2025-08-26,R,2025,Rogers Centre,Toronto Blue Jays,Minnesota Twins,5.0,7.0,605135,641927,Lance Barrett,Carlos Torres,"68 degrees, Roof Closed.","0 mph, None.",7:08 PM.,"42,235.",9,2,0,4,0
776585,2025-08-26,R,2025,Citi Field,New York Mets,Philadelphia Phillies,6.0,5.0,640455,666200,Willie Traynor,CB Bucknor,"75 degrees, Partly Cloudy.","6 mph, Out To RF.",7:11 PM.,"41,914.",9,0,0,5,2
776583,2025-08-26,R,2025,Rate Field,Chicago White Sox,Kansas City Royals,4.0,5.0,527048,547179,Malachi Moore,Austin Jones,"72 degrees, Partly Cloudy.","8 mph, Out To RF.",6:41 PM.,"10,907.",9,0,0,1,0
776586,2025-08-26,R,2025,American Family Field,Milwaukee Brewers,Arizona Diamondbacks,9.0,8.0,694819,694297,Alex Tosi,Cory Blaser,"68 degrees, Partly Cloudy.","8 mph, L To R.",6:40 PM.,"32,850.",9,1,0,6,3
776578,2025-08-26,R,2025,Busch Stadium,St. Louis Cardinals,Pittsburgh Pirates,3.0,8.0,669467,656605,Stu Scheurwater,Jordan Baker,"75 degrees, Clear.","8 mph, In From LF.",6:45 PM.,"18,602.",9,0,5,2,8
776575,2025-08-26,R,2025,Globe Life Field,Texas Rangers,Los Angeles Angels,7.0,3.0,571578,579328,John Bacon,Alan Porter,"74 degrees, Roof Closed.","0 mph, None.",7:08 PM.,"28,485.",9,3,0,6,0
776587,2025-08-26,R,2025,Daikin Park,Houston Astros,Colorado Rockies,1.0,6.0,686613,685299,Sean Barber,James Hoye,"73 degrees, Roof Closed.","0 mph, None.",7:11 PM.,"35,433.",9,0,0,1,6
776577,2025-08-26,R,2025,T-Mobile Park,Seattle Mariners,San Diego Padres,6.0,7.0,622491,656302,Edwin Jimenez,Will Little,"84 degrees, Partly Cloudy.","5 mph, L To R.",6:41 PM.,"35,910.",9,0,5,6,5
776576,2025-08-26,R,2025,Oracle Park,San Francisco Giants,Chicago Cubs,5.0,2.0,434378,571510,Edwin Moscoso,Chris Guccione,"66 degrees, Partly Cloudy.","8 mph, Out To LF.",6:45 PM.,"35,060.",9,0,0,3,2
776573,2025-08-26,R,2025,Sutter Health Park,Athletics,Detroit Tigers,7.0,6.0,674370,450203,Clint Vondrak,Tony Randazzo,"88 degrees, Clear.","9 mph, Out To CF.",7:05 PM.,"9,043.",10,3,0,5,5
776574,2025-08-26,R,2025,Dodger Stadium,Los Angeles Dodgers,Cincinnati Reds,6.0,3.0,477132,607259,Quinn Wolcott,Ramon De Jesus,"76 degrees, Clear.","5 mph, Out To RF.",7:10 PM.,"44,943.",9,1,1,2,1
776570,2025-08-27,R,2025,Yankee Stadium,New York Yankees,Washington Nationals,11.0,2.0,608331,676917,Erich Bacchus,Brian O'Nora,"74 degrees, Partly Cloudy.","12 mph, Out To RF.",1:09 PM.,"35,501.",9,1,0,11,0
776580,2025-08-27,R,2025,Progressive Field,Cleveland Guardians,Tampa Bay Rays,4.0,3.0,677944,656876,Nestor Ceja,Todd Tichenor,"68 degrees, Partly Cloudy.","10 mph, In From LF.",1:10 PM.,"23,316.",10,0,0,2,3
776565,2025-08-27,R,2025,loanDepot park,Miami Marlins,Atlanta Braves,1.0,12.0,687473,666214,Tyler Jones,Nate Tomlinson,"72 degrees, Roof Closed.","0 mph, None.",1:11 PM.,"12,453.",9,0,1,1,9
776561,2025-08-27,R,2025,T-Mobile Park,Seattle Mariners,San Diego Padres,4.0,3.0,693433,506433,Will Little,Lance Barksdale,"73 degrees, Partly Cloudy.","6 mph, Out To LF.",1:11 PM.,"37,600.",9,0,0,4,0
776579,2025-08-27,R,2025,Oriole Park at Camden Yards,Baltimore Orioles,Boston Red Sox,2.0,3.0,608650,678394,Mark Ripperger,Nick Mahrley,"77 degrees, Clear.","9 mph, Out To RF.",6:35 PM.,"16,790.",9,0,1,1,1
776567,2025-08-27,R,2025,Rogers Centre,Toronto Blue Jays,Minnesota Twins,9.0,8.0,641778,680573,Carlos Torres,Brock Ballou,"70 degrees, Partly Cloudy.","10 mph, R To L.",7:08 PM.,"42,361.",9,0,1,5,8
776566,2025-08-27,R,2025,Citi Field,New York Mets,Philadelphia Phillies,6.0,0.0,690997,592836,CB Bucknor,Dan Iassogna,"72 degrees, Partly Cloudy.","10 mph, L To R.",7:10 PM.,"41,893.",9,0,0,4,0
776569,2025-08-27,R,2025,Rate Field,Chicago White Sox,Kansas City Royals,1.0,12.0,650644,686701,Austin Jones,Chris Segal,"72 degrees, Partly Cloudy.","9 mph, Out To LF.",6:40 PM.,"10,598.",9,0,0,1,8
776572,2025-08-27,R,2025,American Family Field,Milwaukee Brewers,Arizona Diamondbacks,2.0,3.0,676879,669194,Cory Blaser,James Jean,"72 degrees, Clear.","9 mph, Out To LF.",6:40 PM.,"26,176.",9,0,0,1,0
776568,2025-08-27,R,2025,Busch Stadium,St. Louis Cardinals,Pittsburgh Pirates,1.0,2.0,543243,669387,Jordan Baker,Dan Merzel,"80 degrees, Partly Cloudy.","4 mph, Out To LF.",6:46 PM.,"19,836.",9,0,0,1,0
776563,2025-08-27,R,2025,Globe Life Field,Texas Rangers,Los Angeles Angels,20.0,3.0,656641,686799,Alan Porter,Jim Wolf,"74 degrees, Roof Closed.","0 mph, None.",7:08 PM.,"22,353.",9,4,1,12,2
776571,2025-08-27,R,2025,Daikin Park,Houston Astros,Colorado Rockies,4.0,0.0,664285,801403,James Hoye,John Libka,"73 degrees, Roof Closed.","0 mph, None.",7:11 PM.,"28,338.",9,1,0,1,0
776562,2025-08-27,R,2025,Dodger Stadium,Los Angeles Dodgers,Cincinnati Reds,5.0,1.0,660271,666157,Ramon De Jesus,Brian Walsh,"84 degrees, Clear.","1 mph, L To R.",5:40 PM.,"49,199.",9,0,0,4,1
776557,2025-08-27,R,2025,Oracle Park,San Francisco Giants,Chicago Cubs,12.0,3.0,687931,607067,Chris Guccione,David Rackley,"67 degrees, Partly Cloudy.","16 mph, Varies.",6:45 PM.,"30,457.",9,1,0,7,3
776559,2025-08-27,R,2025,Sutter Health Park,Athletics,Detroit Tigers,7.0,0.0,806960,663554,Tony Randazzo,Phil Cuzzi,"86 degrees, Clear.","10 mph, L To R.",7:05 PM.,"8,551.",9,1,0,5,0
776564,2025-08-28,R,2025,Oriole Park at Camden Yards,Baltimore Orioles,Boston Red Sox,2.0,3.0,700249,676979,Nick Mahrley,Vic Carapazza,"73 degrees, Partly Cloudy.","3 mph, Out To CF.",1:05 PM.,"15,374.",9,0,1,2,2
776555,2025-08-28,R,2025,Daikin Park,Houston Astros,Colorado Rockies,4.0,3.0,669920,607536,John Libka,D.J. Reyburn,"73 degrees, Roof Closed.","0 mph, None.",1:10 PM.,"29,523.",9,2,0,3,3
776553,2025-08-28,R,2025,American Family Field,Milwaukee Brewers,Arizona Diamondbacks,4.0,6.0,500779,622503,James Jean,Manny Gonzalez,"68 degrees, Partly Cloudy.","13 mph, L To R.",1:10 PM.,"35,822.",9,1,0,4,6
776554,2025-08-28,R,2025,Busch Stadium,St. Louis Cardinals,Pittsburgh Pirates,4.0,1.0,571945,677952,Dan Merzel,Derek Thomas,"80 degrees, Partly Cloudy.","2 mph, R To L.",1:17 PM.,"18,894.",9,0,1,1,1
776550,2025-08-28,R,2025,Oracle Park,San Francisco Giants,Chicago Cubs,4.0,3.0,657277,684007,David Rackley,Chad Whitson,"67 degrees, Sunny.","5 mph, Out To CF.",12:45 PM.,"32,187.",9,2,1,2,2
776560,2025-08-28,R,2025,Citizens Bank Park,Philadelphia Phillies,Atlanta Braves,19.0,4.0,605400,615698,Brock Ballou,Alfonso Márquez,"74 degrees, Partly Cloudy.","8 mph, Out To CF.",6:47 PM.,"41,293.",9,5,3,15,3
776558,2025-08-28,R,2025,Citi Field,New York Mets,Miami Marlins,4.0,7.0,605280,800049,Jansen Visconti,Andy Fletcher,"72 degrees, Partly Cloudy.","10 mph, Out To LF.",7:10 PM.,"37,975.",9,2,1,4,4
776556,2025-08-28,R,2025,Rate Field,Chicago White Sox,New York Yankees,4.0,10.0,663436,701542,Todd Tichenor,Charlie Ramos,"69 degrees, Partly Cloudy.","3 mph, Out To RF.",6:40 PM.,"18,187.",9,0,2,4,6
776551,2025-08-29,R,2025,Great American Ball Park,Cincinnati Reds,St. Louis Cardinals,5.0,7.0,641793,669461,D.J. Reyburn,Sean Barber,"74 degrees, Partly Cloudy.","7 mph, R To L.",6:42 PM.,"21,587.",10,2,1,2,4
776545,2025-08-29,R,2025,Nationals Park,Washington Nationals,Tampa Bay Rays,1.0,4.0,680730,605288,Derek Thomas,Jordan Baker,"80 degrees, Clear.","3 mph, L To R.",6:46 PM.,"27,358.",9,1,2,1,3
776552,2025-08-29,R,2025,Citizens Bank Park,Philadelphia Phillies,Atlanta Braves,2.0,1.0,624133,693821,Alfonso Márquez,Lance Barrett,"75 degrees, Partly Cloudy.","10 mph, L To R.",6:46 PM.,"40,322.",9,0,0,1,1
776546,2025-08-29,R,2025,Rogers Centre,Toronto Blue Jays,Milwaukee Brewers,2.0,7.0,669456,642547,Brian O'Nora,Mike Estabrook,"63 degrees, Clear.","8 mph, Out To LF.",7:09 PM.,"41,390.",9,0,0,0,0
776549,2025-08-29,R,2025,Fenway Park,Boston Red Sox,Pittsburgh Pirates,2.0,4.0,801139,694973,Dan Iassogna,Chris Segal,"67 degrees, Cloudy.","4 mph, In From LF.",7:10 PM.,"36,344.",9,0,0,2,0
776547,2025-08-29,R,2025,Progressive Field,Cleveland Guardians,Seattle Mariners,5.0,4.0,671106,669923,Nate Tomlinson,Mark Wegner,"63 degrees, Cloudy.","7 mph, Out To LF.",7:10 PM.,"32,012.",9,0,4,0,4
776548,2025-08-29,R,2025,Citi Field,New York Mets,Miami Marlins,19.0,9.0,804636,691587,Andy Fletcher,Malachi Moore,"74 degrees, Cloudy.","5 mph, Out To RF.",7:10 PM.,"42,112.",9,5,0,12,4
776544,2025-08-29,R,2025,Rate Field,Chicago White Sox,New York Yankees,2.0,10.0,672782,607074,Charlie Ramos,Tom Hanahan,"66 degrees, Partly Cloudy.","9 mph, In From LF.",6:40 PM.,"28,069.",9,0,1,1,5
776543,2025-08-29,R,2025,Daikin Park,Houston Astros,Los Angeles Angels,2.0,0.0,664299,542881,Vic Carapazza,Nic Lentz,"73 degrees, Roof Closed.","0 mph, None.",7:10 PM.,"33,841.",9,0,0,0,0
776540,2025-08-29,R,2025,Kauffman Stadium,Kansas City Royals,Detroit Tigers,3.0,5.0,607625,663978,Lance Barksdale,Ryan Wills,"81 degrees, Partly Cloudy.","14 mph, L To R.",7:10 PM.,"34,494.",9,3,0,3,4
776541,2025-08-29,R,2025,Target Field,Minnesota Twins,San Diego Padres,7.0,4.0,805673,641482,Manny Gonzalez,Alex Tosi,"74 degrees, Partly Cloudy.","9 mph, Out To LF.",7:11 PM.,"24,336.",9,0,0,7,2
776542,2025-08-29,R,2025,Coors Field,Colorado Rockies,Chicago Cubs,7.0,11.0,608566,690990,Jim Wolf,Alex MacKay,"73 degrees, Cloudy.","8 mph, L To R.",6:41 PM.,"33,747.",9,0,0,2,9
776538,2025-08-29,R,2025,Sutter Health Park,Athletics,Texas Rangers,2.0,5.0,605488,683004,Chad Whitson,Edwin Moscoso,"87 degrees, Clear.","8 mph, Out To LF.",7:05 PM.,"8,413.",9,0,0,2,3
776534,2025-08-29,R,2025,Dodger Stadium,Los Angeles Dodgers,Arizona Diamondbacks,0.0,3.0,605483,668678,Phil Cuzzi,Dan Bellino,"78 degrees, Clear.","6 mph, L To R.",7:10 PM.,"45,701.",9,0,0,0,2
776533,2025-08-29,R,2025,Oracle Park,San Francisco Giants,Baltimore Orioles,15.0,8.0,592662,665152,Brian Walsh,Paul Clemons,"63 degrees, Clear.","13 mph, In From CF.",7:16 PM.,"40,043.",9,4,1,10,6
776527,2025-08-30,R,2025,Rogers Centre,Toronto Blue Jays,Milwaukee Brewers,1.0,4.0,592332,682990,Mike Estabrook,Laz Diaz,"70 degrees, Partly Cloudy.","11 mph, R To L.",3:09 PM.,"41,424.",9,0,0,0,0
776525,2025-08-30,R,2025,Nationals Park,Washington Nationals,Tampa Bay Rays,1.0,4.0,663623,686752,Jordan Baker,Dan Merzel,"74 degrees, Sunny.","3 mph, In From LF.",4:05 PM.,"26,148.",9,0,3,0,4
776539,2025-08-30,R,2025,Fenway Park,Boston Red Sox,Pittsburgh Pirates,3.0,10.0,669160,670912,Chris Segal,Willie Traynor,"75 degrees, Sunny.","8 mph, Out To RF.",4:12 PM.,"36,391.",9,0,1,2,4
776535,2025-08-30,R,2025,Citi Field,New York Mets,Miami Marlins,8.0,11.0,656849,665795,Malachi Moore,Austin Jones,"76 degrees, Sunny.","8 mph, L To R.",4:11 PM.,"42,726.",9,1,5,6,8
776532,2025-08-30,R,2025,Citizens Bank Park,Philadelphia Phillies,Atlanta Braves,3.0,2.0,650911,519242,Lance Barrett,Carlos Torres,"75 degrees, Clear.","8 mph, In From CF.",6:07 PM.,"43,462.",10,0,0,1,0
776536,2025-08-30,R,2025,Great American Ball Park,Cincinnati Reds,St. Louis Cardinals,2.0,4.0,671096,700241,Sean Barber,Steven Jaschinski,"75 degrees, Clear.","7 mph, L To R.",6:41 PM.,"32,076.",9,1,0,1,2
776531,2025-08-30,R,2025,Daikin Park,Houston Astros,Los Angeles Angels,1.0,4.0,681293,543294,Nic Lentz,Mark Ripperger,"73 degrees, Roof Closed.","0 mph, None.",6:10 PM.,"38,559.",9,0,0,1,1
776530,2025-08-30,R,2025,Target Field,Minnesota Twins,San Diego Padres,3.0,12.0,671737,601713,Alex Tosi,Cory Blaser,"75 degrees, Clear.","5 mph, In From CF.",6:10 PM.,"23,971.",9,0,0,3,1
776529,2025-08-30,R,2025,Rate Field,Chicago White Sox,New York Yankees,3.0,5.0,681343,693645,Tom Hanahan,Adam Hamari,"71 degrees, Partly Cloudy.","9 mph, L To R.",6:10 PM.,"26,624.",11,0,0,1,1
776528,2025-08-30,R,2025,Kauffman Stadium,Kansas City Royals,Detroit Tigers,3.0,1.0,663568,656427,Ryan Wills,Edwin Jimenez,"83 degrees, Cloudy.","6 mph, R To L.",6:15 PM.,"26,237.",9,0,0,1,1
776537,2025-08-30,R,2025,Progressive Field,Cleveland Guardians,Seattle Mariners,4.0,3.0,668909,669302,Mark Wegner,Shane Livensparger,"65 degrees, Clear.","6 mph, In From CF.",7:15 PM.,"33,203.",9,0,0,1,0
776516,2025-08-30,R,2025,Oracle Park,San Francisco Giants,Baltimore Orioles,1.0,11.0,693313,669432,Paul Clemons,Quinn Wolcott,"80 degrees, Sunny.","16 mph, Varies.",4:15 PM.,"37,711.",9,1,0,1,7
776526,2025-08-30,R,2025,Coors Field,Colorado Rockies,Chicago Cubs,3.0,4.0,685326,665871,Alex MacKay,John Bacon,"68 degrees, Clear.","4 mph, L To R.",6:30 PM.,"47,394.",9,0,1,1,3
776523,2025-08-30,R,2025,Dodger Stadium,Los Angeles Dodgers,Arizona Diamondbacks,1.0,6.0,607192,593958,Dan Bellino,Clint Vondrak,"86 degrees, Clear.","3 mph, L To R.",6:11 PM.,"47,632.",9,0,0,0,0
776524,2025-08-30,R,2025,Sutter Health Park,Athletics,Texas Rangers,3.0,9.0,686930,518876,Edwin Moscoso,Chris Guccione,"95 degrees, Clear.","6 mph, Calm.",7:05 PM.,"8,941.",9,0,0,2,5
776518,2025-08-31,R,2025,Great American Ball Park,Cincinnati Reds,St. Louis Cardinals,7.0,4.0,663903,669467,Steven Jaschinski,James Hoye,"72 degrees, Sunny.","9 mph, L To R.",12:11 PM.,"27,238.",9,0,2,5,3
776513,2025-08-31,R,2025,Target Field,Minnesota Twins,San Diego Padres,7.0,2.0,657746,688158,Cory Blaser,James Jean,"72 degrees, Partly Cloudy.","5 mph, Out To LF.",12:09 PM.,"26,956.",9,0,0,6,0
776517,2025-08-31,R,2025,Fenway Park,Boston Red Sox,Pittsburgh Pirates,5.0,2.0,608337,656605,Willie Traynor,CB Bucknor,"71 degrees, Sunny.","3 mph, In From CF.",1:37 PM.,"36,583.",9,0,0,4,1
776520,2025-08-31,R,2025,Nationals Park,Washington Nationals,Tampa Bay Rays,4.0,7.0,695418,693855,Dan Merzel,John Libka,"74 degrees, Sunny.","2 mph, In From RF.",1:36 PM.,"19,436.",9,0,0,4,7
776515,2025-08-31,R,2025,Rogers Centre,Toronto Blue Jays,Milwaukee Brewers,8.0,4.0,453286,605540,Laz Diaz,Erich Bacchus,"68 degrees, Sunny.","8 mph, Out To LF.",1:37 PM.,"41,488.",9,3,2,8,4
776521,2025-08-31,R,2025,Progressive Field,Cleveland Guardians,Seattle Mariners,2.0,4.0,676440,682243,Shane Livensparger,Tyler Jones,"70 degrees, Sunny.","7 mph, In From RF.",1:41 PM.,"34,136.",9,0,0,2,2
776519,2025-08-31,R,2025,Citi Field,New York Mets,Miami Marlins,1.0,5.0,673540,645261,Austin Jones,Jansen Visconti,"77 degrees, Sunny.","6 mph, In From RF.",1:42 PM.,"43,302.",9,0,1,0,5
776510,2025-08-31,R,2025,Daikin Park,Houston Astros,Los Angeles Angels,0.0,3.0,686613,667755,Mark Ripperger,Nick Mahrley,"73 degrees, Roof Closed.","0 mph, None.",1:10 PM.,"36,811.",9,0,0,0,1
776512,2025-08-31,R,2025,Kauffman Stadium,Kansas City Royals,Detroit Tigers,0.0,5.0,608379,669373,Edwin Jimenez,Will Little,"78 degrees, Partly Cloudy.","8 mph, In From LF.",1:12 PM.,"23,689.",9,0,0,0,4
776514,2025-08-31,R,2025,Rate Field,Chicago White Sox,New York Yankees,3.0,2.0,527048,661563,Adam Hamari,Todd Tichenor,"75 degrees, Partly Cloudy.","2 mph, In From LF.",1:12 PM.,"27,810.",9,0,1,1,2
776511,2025-08-31,R,2025,Coors Field,Colorado Rockies,Chicago Cubs,6.0,5.0,685299,571510,John Bacon,Alan Porter,"79 degrees, Sunny.","3 mph, Out To CF.",1:10 PM.,"40,264.",9,0,0,4,2
776507,2025-08-31,R,2025,Oracle Park,San Francisco Giants,Baltimore Orioles,13.0,2.0,434378,608372,Quinn Wolcott,Ramon De Jesus,"84 degrees, Partly Cloudy.","11 mph, Varies.",1:06 PM.,"39,220.",9,1,0,7,0
776508,2025-08-31,R,2025,Sutter Health Park,Athletics,Texas Rangers,6.0,9.0,669372,594798,Chris Guccione,David Rackley,"96 degrees, Sunny.","4 mph, Calm.",1:05 PM.,"8,716.",9,0,2,0,5
776509,2025-08-31,R,2025,Dodger Stadium,Los Angeles Dodgers,Arizona Diamondbacks,5.0,4.0,808967,694297,Clint Vondrak,Tony Randazzo,"94 degrees, Sunny.","8 mph, L To R.",1:10 PM.,"51,803.",9,2,0,4,1
776522,2025-08-31,R,2025,Citizens Bank Park,Philadelphia Phillies,Atlanta Braves,1.0,3.0,666200,694462,Carlos Torres,Brock Ballou,"73 degrees, Partly Cloudy.","4 mph, In From RF.",7:12 PM.,"43,770.",9,0,0,1,0
776498,2025-09-01,R,2025,Nationals Park,Washington Nationals,Miami Marlins,2.0,0.0,674841,669199,Brennan Miller,Jeremie Rehak,"75 degrees, Partly Cloudy.","11 mph, In From CF.",1:05 PM.,"13,835.",9,0,0,2,0
776501,2025-09-01,R,2025,Comerica Park,Detroit Tigers,New York Mets,8.0,10.0,450203,640455,John Libka,D.J. Reyburn,"75 degrees, Sunny.","9 mph, In From LF.",1:10 PM.,"38,912.",9,1,0,6,6
776503,2025-09-01,R,2025,Great American Ball Park,Cincinnati Reds,Toronto Blue Jays,5.0,4.0,668881,605135,Tyler Jones,Nate Tomlinson,"78 degrees, Sunny.","6 mph, L To R.",1:11 PM.,"21,773.",9,0,0,2,0
776505,2025-09-01,R,2025,Fenway Park,Boston Red Sox,Cleveland Guardians,6.0,4.0,678394,800048,Ben May,Derek Thomas,"72 degrees, Partly Cloudy.","3 mph, In From RF.",1:37 PM.,"36,021.",9,2,0,5,3
776499,2025-09-01,R,2025,Daikin Park,Houston Astros,Los Angeles Angels,8.0,3.0,677651,579328,Nick Mahrley,Nic Lentz,"73 degrees, Roof Closed.","0 mph, None.",1:10 PM.,"33,247.",9,0,0,4,3
776502,2025-09-01,R,2025,Target Field,Minnesota Twins,Chicago White Sox,5.0,6.0,641927,686642,CB Bucknor,Adam Beck,"77 degrees, Partly Cloudy.","7 mph, R To L.",1:11 PM.,"15,892.",9,0,0,2,4
776497,2025-09-01,R,2025,Busch Stadium,St. Louis Cardinals,Athletics,3.0,11.0,543243,806960,Marvin Hudson,Ryan Blakney,"79 degrees, Cloudy.","5 mph, In From LF.",1:18 PM.,"22,670.",9,0,0,1,3
776506,2025-09-01,R,2025,Wrigley Field,Chicago Cubs,Atlanta Braves,7.0,6.0,607067,675911,Jansen Visconti,Andy Fletcher,"77 degrees, Sunny.","2 mph, In From CF.",3:05 PM.,"39,673.",10,0,1,2,6
776492,2025-09-01,R,2025,Coors Field,Colorado Rockies,San Francisco Giants,2.0,8.0,801403,678906,Tony Randazzo,Phil Cuzzi,"80 degrees, Sunny.","10 mph, In From CF.",2:13 PM.,"28,805.",9,0,1,0,6
776500,2025-09-01,R,2025,American Family Field,Milwaukee Brewers,Philadelphia Phillies,8.0,10.0,694819,592836,Alan Porter,Jim Wolf,"76 degrees, Sunny.","7 mph, L To R.",3:10 PM.,"42,153.",9,3,0,5,3
776494,2025-09-01,R,2025,Petco Park,San Diego Padres,Baltimore Orioles,3.0,4.0,656302,680694,Gabe Morales,Mike Muchlinski,"82 degrees, Partly Cloudy.","10 mph, L To R.",3:41 PM.,"45,586.",9,0,0,3,3
776504,2025-09-01,R,2025,George M. Steinbrenner Field,Tampa Bay Rays,Seattle Mariners,10.0,2.0,669358,622491,James Jean,Manny Gonzalez,"84 degrees, Partly Cloudy.","12 mph, In From CF.",7:36 PM.,"10,046.",9,0,0,5,0
776495,2025-09-01,R,2025,Chase Field,Arizona Diamondbacks,Texas Rangers,5.0,7.0,669194,571578,Chad Fairchild,Bill Miller,"78 degrees, Roof Closed.","0 mph, None.",5:10 PM.,"26,489.",10,2,0,3,2
776490,2025-09-02,R,2025,Comerica Park,Detroit Tigers,New York Mets,5.0,12.0,687830,690997,D.J. Reyburn,Sean Barber,"75 degrees, Clear.","7 mph, In From RF.",6:40 PM.,"24,733.",9,2,1,2,6
776496,2025-09-02,R,2025,PNC Park,Pittsburgh Pirates,Los Angeles Dodgers,9.0,7.0,669387,477132,Nic Lentz,Jacob Metz,"75 degrees, Partly Cloudy.","3 mph, In From CF.",6:42 PM.,"14,330.",9,4,0,4,4
776491,2025-09-02,R,2025,Great American Ball Park,Cincinnati Reds,Toronto Blue Jays,9.0,12.0,605130,621244,Nate Tomlinson,Mark Wegner,"78 degrees, Partly Cloudy.","5 mph, In From RF.",6:42 PM.,"20,769.",9,1,4,8,10
776493,2025-09-02,R,2025,Fenway Park,Boston Red Sox,Cleveland Guardians,11.0,7.0,676979,677944,Derek Thomas,Jordan Baker,"74 degrees, Partly Cloudy.","8 mph, In From RF.",6:46 PM.,"34,902.",9,0,0,5,1
776482,2025-09-02,R,2025,Nationals Park,Washington Nationals,Miami Marlins,5.0,2.0,676917,800049,Jeremie Rehak,Chris Conroy,"75 degrees, Partly Cloudy.","5 mph, R To L.",6:45 PM.,"12,372.",9,0,0,5,2
776485,2025-09-02,R,2025,George M. Steinbrenner Field,Tampa Bay Rays,Seattle Mariners,6.0,5.0,656876,693433,Manny Gonzalez,Alex Tosi,"87 degrees, Partly Cloudy.","6 mph, L To R.",7:35 PM.,"7,883.",9,2,0,2,3
776488,2025-09-02,R,2025,Kauffman Stadium,Kansas City Royals,Los Angeles Angels,1.0,5.0,547179,815083,David Rackley,Brock Ballou,"80 degrees, Partly Cloudy.","4 mph, L To R.",6:40 PM.,"13,685.",9,0,0,1,0
776487,2025-09-02,R,2025,Wrigley Field,Chicago Cubs,Atlanta Braves,4.0,3.0,684007,666214,Andy Fletcher,Malachi Moore,"73 degrees, Partly Cloudy.","7 mph, In From RF.",6:40 PM.,"32,618.",9,0,0,4,3
776484,2025-09-02,R,2025,Target Field,Minnesota Twins,Chicago White Sox,3.0,12.0,680573,663436,Adam Beck,Scott Barry,"75 degrees, Partly Cloudy.","6 mph, Out To LF.",6:42 PM.,"11,721.",9,1,0,3,3
776483,2025-09-02,R,2025,Busch Stadium,St. Louis Cardinals,Athletics,2.0,1.0,571945,622663,Ryan Blakney,Tom Hanahan,"80 degrees, Partly Cloudy.","4 mph, Out To RF.",6:47 PM.,"17,002.",9,0,0,0,1
776489,2025-09-02,R,2025,Daikin Park,Houston Astros,New York Yankees,1.0,7.0,664285,608331,Ramon De Jesus,Brian Walsh,"73 degrees, Roof Closed.","0 mph, None.",7:13 PM.,"33,133.",9,0,0,0,6
776486,2025-09-02,R,2025,Coors Field,Colorado Rockies,San Francisco Giants,4.0,7.0,607536,657277,Phil Cuzzi,Dan Bellino,"80 degrees, Cloudy.","8 mph, L To R.",6:39 PM.,"18,934.",9,0,2,2,5
776480,2025-09-02,R,2025,Petco Park,San Diego Padres,Baltimore Orioles,2.0,6.0,506433,669330,Mike Muchlinski,Emil Jimenez,"75 degrees, Clear.","11 mph, L To R.",6:41 PM.,"42,536.",9,0,1,2,5
776481,2025-09-02,R,2025,Chase Field,Arizona Diamondbacks,Texas Rangers,5.0,3.0,622503,656641,Bill Miller,Roberto Ortiz,"76 degrees, Roof Closed.","0 mph, None.",6:40 PM.,"22,046.",9,0,0,0,2
776477,2025-09-03,R,2025,Nationals Park,Washington Nationals,Miami Marlins,10.0,5.0,680730,691587,Chris Conroy,John Tumpane,"77 degrees, Partly Cloudy.","3 mph, Out To LF.",1:05 PM.,"11,190.",9,3,0,7,4
776478,2025-09-03,R,2025,Comerica Park,Detroit Tigers,New York Mets,6.0,2.0,663554,605280,Sean Barber,Steven Jaschinski,"76 degrees, Sunny.","14 mph, In From RF.",1:10 PM.,"21,775.",9,0,0,3,1
776468,2025-09-03,R,2025,Chase Field,Arizona Diamondbacks,Texas Rangers,2.0,0.0,668678,683004,Roberto Ortiz,Edwin Jimenez,"78 degrees, Roof Closed.","0 mph, None.",12:40 PM.,"14,921.",9,1,0,2,0
776465,2025-09-03,R,2025,Petco Park,San Diego Padres,Baltimore Orioles,5.0,7.0,641482,700249,Emil Jimenez,Doug Eddings,"79 degrees, Sunny.","10 mph, L To R.",1:11 PM.,"35,019.",9,0,1,0,7
776479,2025-09-03,R,2025,PNC Park,Pittsburgh Pirates,Los Angeles Dodgers,3.0,0.0,677952,686218,Jacob Metz,Mark Ripperger,"81 degrees, Partly Cloudy.","9 mph, Out To LF.",6:42 PM.,"16,473.",9,1,0,2,0
776475,2025-09-03,R,2025,Great American Ball Park,Cincinnati Reds,Toronto Blue Jays,9.0,13.0,641793,669456,Mark Wegner,Tripp Gibson,"80 degrees, Partly Cloudy.","8 mph, R To L.",6:42 PM.,"17,134.",9,0,0,5,6
776474,2025-09-03,R,2025,Fenway Park,Boston Red Sox,Cleveland Guardians,1.0,8.0,657514,676282,Jordan Baker,Dan Merzel,"75 degrees, Clear.","3 mph, R To L.",6:46 PM.,"36,658.",9,0,1,1,7
776476,2025-09-03,R,2025,George M. Steinbrenner Field,Tampa Bay Rays,Seattle Mariners,9.0,4.0,605288,669923,Alex Tosi,Cory Blaser,"85 degrees, Partly Cloudy.","3 mph, L To R.",7:35 PM.,"8,589.",9,4,0,9,0
776466,2025-09-03,R,2025,Kauffman Stadium,Kansas City Royals,Los Angeles Angels,3.0,4.0,686701,702674,Brock Ballou,Edwin Moscoso,"83 degrees, Partly Cloudy.","6 mph, L To R.",6:40 PM.,"15,924.",9,0,0,2,0
776473,2025-09-03,R,2025,Wrigley Field,Chicago Cubs,Atlanta Braves,1.0,5.0,690990,693821,Malachi Moore,Austin Jones,"67 degrees, Overcast.","8 mph, L To R.",6:40 PM.,"31,933.",9,0,0,1,0
776469,2025-09-03,R,2025,Target Field,Minnesota Twins,Chicago White Sox,3.0,4.0,805673,672782,Scott Barry,Willie Traynor,"62 degrees, Partly Cloudy.","6 mph, L To R.",6:41 PM.,"11,904.",9,2,0,2,1
776471,2025-09-03,R,2025,American Family Field,Milwaukee Brewers,Philadelphia Phillies,6.0,3.0,500779,605400,Jim Wolf,Chris Segal,"65 degrees, Roof Closed.","0 mph, None.",6:40 PM.,"28,528.",9,5,0,6,1
776470,2025-09-03,R,2025,Busch Stadium,St. Louis Cardinals,Athletics,5.0,1.0,669461,605488,Tom Hanahan,Junior Valentine,"84 degrees, Partly Cloudy.","7 mph, Out To RF.",6:45 PM.,"17,516.",9,0,0,2,0
776472,2025-09-03,R,2025,Daikin Park,Houston Astros,New York Yankees,8.0,7.0,669920,701542,Brian Walsh,Adrian Johnson,"73 degrees, Roof Closed.","0 mph, None.",7:10 PM.,"30,693.",9,0,0,1,3
776467,2025-09-03,R,2025,Coors Field,Colorado Rockies,San Francisco Giants,8.0,10.0,608566,592662,Dan Bellino,Clint Vondrak,"84 degrees, Clear.","3 mph, Out To RF.",6:41 PM.,"19,802.",9,0,0,5,4
776459,2025-09-04,R,2025,American Family Field,Milwaukee Brewers,Philadelphia Phillies,0.0,2.0,642547,624133,Chris Segal,Alex MacKay,"63 degrees, Partly Cloudy.","13 mph, Out To LF.",3:10 PM.,"26,583.",9,0,0,0,0
776461,2025-09-04,R,2025,PNC Park,Pittsburgh Pirates,Los Angeles Dodgers,5.0,3.0,694973,605483,Mark Ripperger,Nick Mahrley,"64 degrees, Rain.","3 mph, Out To CF.",6:42 PM.,"20,563.",9,0,0,5,0
776458,2025-09-04,R,2025,George M. Steinbrenner Field,Tampa Bay Rays,Cleveland Guardians,4.0,2.0,686752,671106,Austin Jones,Jansen Visconti,"84 degrees, Partly Cloudy.","6 mph, Out To CF.",7:35 PM.,"8,306.",9,1,0,2,0
776463,2025-09-04,R,2025,Kauffman Stadium,Kansas City Royals,Los Angeles Angels,4.0,3.0,702070,543294,Chris Guccione,Steven Jaschinski,"75 degrees, Clear.","5 mph, Out To LF.",6:40 PM.,"17,352.",9,0,3,2,3
776462,2025-09-04,R,2025,Target Field,Minnesota Twins,Chicago White Sox,8.0,11.0,671737,686642,Willie Traynor,CB Bucknor,"57 degrees, Overcast.","14 mph, Out To LF.",8:10 PM.,"13,188.",9,0,0,6,4
776464,2025-09-04,R,2025,Daikin Park,Houston Astros,New York Yankees,4.0,8.0,664299,607074,Adrian Johnson,Paul Clemons,"73 degrees, Roof Closed.","0 mph, None.",6:41 PM.,"35,018.",9,0,0,1,4
776455,2025-09-05,R,2025,Wrigley Field,Chicago Cubs,Washington Nationals,11.0,5.0,665871,663623,Clint Vondrak,Tony Randazzo,"65 degrees, Partly Cloudy.","4 mph, Out To RF.",1:20 PM.,"32,320.",9,5,0,8,2
776450,2025-09-05,R,2025,Great American Ball Park,Cincinnati Reds,New York Mets,4.0,5.0,671096,656849,Nick Mahrley,Nic Lentz,"78 degrees, Partly Cloudy.","10 mph, Out To CF.",6:41 PM.,"21,231.",9,0,3,4,5
776452,2025-09-05,R,2025,Comerica Park,Detroit Tigers,Chicago White Sox,5.0,7.0,656427,681343,Cory Blaser,James Jean,"68 degrees, Partly Cloudy.","16 mph, Out To LF.",6:40 PM.,"35,216.",9,0,1,4,4
776453,2025-09-05,R,2025,PNC Park,Pittsburgh Pirates,Milwaukee Brewers,2.0,5.0,670912,682990,Paul Clemons,Ramon De Jesus,"79 degrees, Cloudy.","9 mph, Out To LF.",6:43 PM.,"14,122.",9,0,1,2,1
776454,2025-09-05,R,2025,Oriole Park at Camden Yards,Baltimore Orioles,Los Angeles Dodgers,2.0,1.0,665152,660271,John Tumpane,Brennan Miller,"84 degrees, Partly Cloudy.","7 mph, Out To LF.",7:07 PM.,"25,481.",9,0,0,1,0
776457,2025-09-05,R,2025,Yankee Stadium,New York Yankees,Toronto Blue Jays,1.0,7.0,693645,592332,Alex MacKay,Alan Porter,"79 degrees, Partly Cloudy.","10 mph, Out To LF.",7:11 PM.,"46,055.",9,0,3,1,5
776456,2025-09-05,R,2025,loanDepot park,Miami Marlins,Philadelphia Phillies,3.0,9.0,678368,650911,James Hoye,John Libka,"72 degrees, Roof Closed.","0 mph, None.",7:10 PM.,"15,118.",9,0,1,1,5
776460,2025-09-05,R,2025,Truist Park,Atlanta Braves,Seattle Mariners,4.0,1.0,519242,669302,Dan Merzel,Stu Scheurwater,"88 degrees, Partly Cloudy.","9 mph, In From RF.",7:16 PM.,"36,203.",9,1,0,1,0
776451,2025-09-05,R,2025,George M. Steinbrenner Field,Tampa Bay Rays,Cleveland Guardians,1.0,7.0,643377,668909,Jansen Visconti,Andy Fletcher,"87 degrees, Cloudy.","7 mph, R To L.",7:47 PM.,"8,836.",9,0,0,0,5
776446,2025-09-05,R,2025,Kauffman Stadium,Kansas City Royals,Minnesota Twins,2.0,1.0,608379,641154,Bruce Dreckman,Tyler Jones,"63 degrees, Cloudy.","5 mph, L To R.",6:40 PM.,"16,255.",9,0,0,2,1
776449,2025-09-05,R,2025,Globe Life Field,Texas Rangers,Houston Astros,4.0,3.0,518876,676467,Doug Eddings,Gabe Morales,"74 degrees, Roof Closed.","0 mph, None.",7:09 PM.,"31,662.",12,0,0,3,1
776445,2025-09-05,R,2025,Busch Stadium,St. Louis Cardinals,San Francisco Giants,2.0,8.0,700241,693313,CB Bucknor,Adam Beck,"68 degrees, Cloudy.","6 mph, Out To RF.",7:16 PM.,"25,837.",9,0,2,1,6
776442,2025-09-05,R,2025,Coors Field,Colorado Rockies,San Diego Padres,3.0,0.0,607536,601713,David Rackley,Ben May,"64 degrees, Clear.","7 mph, In From CF.",6:40 PM.,"30,073.",9,0,0,2,0
776444,2025-09-05,R,2025,Angel Stadium,Los Angeles Angels,Athletics,4.0,10.0,667755,686930,Edwin Jimenez,Chad Fairchild,"82 degrees, Clear.","6 mph, Out To CF.",6:38 PM.,"30,779.",9,4,2,4,9
776448,2025-09-05,R,2025,Chase Field,Arizona Diamondbacks,Boston Red Sox,10.0,5.0,593958,801139,Junior Valentine,Tripp Gibson,"76 degrees, Roof Closed.","0 mph, None.",6:40 PM.,"39,126.",9,1,0,6,1
776436,2025-09-06,R,2025,Yankee Stadium,New York Yankees,Toronto Blue Jays,3.0,1.0,661563,605135,Alan Porter,Jim Wolf,"83 degrees, Partly Cloudy.","12 mph, R To L.",1:10 PM.,"45,123.",9,0,0,2,1
776440,2025-09-06,R,2025,Wrigley Field,Chicago Cubs,Washington Nationals,1.0,2.0,571510,695418,Tony Randazzo,Phil Cuzzi,"65 degrees, Cloudy.","11 mph, Out To RF.",1:20 PM.,"38,011.",9,0,1,1,2
776433,2025-09-06,R,2025,loanDepot park,Miami Marlins,Philadelphia Phillies,2.0,4.0,645261,666200,John Libka,D.J. Reyburn,"72 degrees, Roof Closed.","0 mph, None.",4:10 PM.,"23,895.",9,0,2,2,4
776435,2025-09-06,R,2025,Comerica Park,Detroit Tigers,Chicago White Sox,6.0,0.0,669373,527048,James Jean,Manny Gonzalez,"63 degrees, Partly Cloudy.","13 mph, Out To LF.",6:10 PM.,"32,115.",9,1,0,6,0
776439,2025-09-06,R,2025,Great American Ball Park,Cincinnati Reds,New York Mets,6.0,3.0,663903,804636,Nic Lentz,Jacob Metz,"69 degrees, Clear.","6 mph, Out To LF.",6:40 PM.,"26,782.",9,0,0,4,1
776441,2025-09-06,R,2025,PNC Park,Pittsburgh Pirates,Milwaukee Brewers,1.0,4.0,656605,605540,Ramon De Jesus,Brian Walsh,"64 degrees, Cloudy.","7 mph, Out To LF.",6:41 PM.,"17,975.",9,0,0,0,2
776443,2025-09-06,R,2025,Oriole Park at Camden Yards,Baltimore Orioles,Los Angeles Dodgers,4.0,3.0,669432,808967,Brennan Miller,Jeremie Rehak,"73 degrees, Cloudy.","3 mph, Out To RF.",7:25 PM.,"42,612.",9,0,0,0,2
776438,2025-09-06,R,2025,George M. Steinbrenner Field,Tampa Bay Rays,Cleveland Guardians,2.0,3.0,669358,676440,Andy Fletcher,Malachi Moore,"87 degrees, Partly Cloudy.","8 mph, L To R.",7:06 PM.,"10,046.",9,0,0,1,2
776437,2025-09-06,R,2025,Busch Stadium,St. Louis Cardinals,San Francisco Giants,3.0,2.0,669467,434378,Adam Beck,Scott Barry,"73 degrees, Partly Cloudy.","8 mph, L To R.",6:16 PM.,"26,085.",9,0,0,0,2
776432,2025-09-06,R,2025,Globe Life Field,Texas Rangers,Houston Astros,0.0,11.0,594798,686613,Gabe Morales,Mike Muchlinski,"74 degrees, Roof Closed.","0 mph, None.",6:16 PM.,"38,332.",9,0,0,0,2
776434,2025-09-06,R,2025,Kauffman Stadium,Kansas City Royals,Minnesota Twins,11.0,2.0,663568,657746,Tyler Jones,Nate Tomlinson,"74 degrees, Clear.","9 mph, L To R.",6:15 PM.,"21,771.",9,5,0,9,2
776447,2025-09-06,R,2025,Truist Park,Atlanta Braves,Seattle Mariners,2.0,10.0,694462,682243,Stu Scheurwater,Derek Thomas,"76 degrees, Cloudy.","6 mph, Out To CF.",7:16 PM.,"35,700.",9,0,2,1,2
776424,2025-09-06,R,2025,Chase Field,Arizona Diamondbacks,Boston Red Sox,5.0,1.0,694297,608337,Tripp Gibson,Marvin Hudson,"76 degrees, Roof Closed.","0 mph, None.",5:10 PM.,"35,679.",9,0,0,4,1
776431,2025-09-06,R,2025,Coors Field,Colorado Rockies,San Diego Padres,8.0,10.0,685326,681190,Ben May,Brock Ballou,"80 degrees, Partly Cloudy.","4 mph, R To L.",6:10 PM.,"43,461.",9,0,0,2,10
776430,2025-09-06,R,2025,Angel Stadium,Los Angeles Angels,Athletics,4.0,17.0,579328,669372,Chad Fairchild,Bill Miller,"87 degrees, Clear.","3 mph, R To L.",6:38 PM.,"35,816.",9,0,3,1,8
776428,2025-09-07,R,2025,Truist Park,Atlanta Braves,Seattle Mariners,2.0,18.0,666214,622491,Derek Thomas,Jordan Baker,"72 degrees, Cloudy.","8 mph, Out To CF.",12:06 PM.,"31,119.",9,0,0,1,10
776421,2025-09-07,R,2025,George M. Steinbrenner Field,Tampa Bay Rays,Cleveland Guardians,1.0,2.0,656876,800048,Malachi Moore,Austin Jones,"85 degrees, Partly Cloudy.","6 mph, R To L.",12:10 PM.,"8,155.",9,0,0,1,0
776427,2025-09-07,R,2025,Oriole Park at Camden Yards,Baltimore Orioles,Los Angeles Dodgers,2.0,5.0,608372,477132,Jeremie Rehak,Chris Conroy,"70 degrees, Partly Cloudy.","4 mph, L To R.",1:37 PM.,"27,874.",9,0,1,0,4
776423,2025-09-07,R,2025,Yankee Stadium,New York Yankees,Toronto Blue Jays,4.0,3.0,608331,453286,Jim Wolf,Chris Segal,"64 degrees, Overcast.","1 mph, Out To RF.",1:38 PM.,"43,266.",9,3,0,4,3
776419,2025-09-07,R,2025,PNC Park,Pittsburgh Pirates,Milwaukee Brewers,2.0,10.0,696149,694819,Brian Walsh,Adrian Johnson,"67 degrees, Partly Cloudy.","8 mph, Out To LF.",1:38 PM.,"12,443.",9,0,4,1,9
776429,2025-09-07,R,2025,Great American Ball Park,Cincinnati Reds,New York Mets,3.0,2.0,668881,687075,Jacob Metz,Mark Ripperger,"70 degrees, Partly Cloudy.","5 mph, Out To RF.",1:41 PM.,"25,662.",9,0,0,1,1
776425,2025-09-07,R,2025,Comerica Park,Detroit Tigers,Chicago White Sox,4.0,6.0,450203,663436,Manny Gonzalez,Alex Tosi,"67 degrees, Sunny.","9 mph, Out To LF.",1:40 PM.,"29,292.",9,3,2,4,3
776426,2025-09-07,R,2025,loanDepot park,Miami Marlins,Philadelphia Phillies,5.0,4.0,663969,592836,D.J. Reyburn,Sean Barber,"72 degrees, Roof Closed.","0 mph, None.",1:40 PM.,"30,223.",9,4,0,4,1
776422,2025-09-07,R,2025,Kauffman Stadium,Kansas City Royals,Minnesota Twins,1.0,5.0,547179,641927,Nate Tomlinson,Mark Wegner,"73 degrees, Sunny.","4 mph, R To L.",1:11 PM.,"26,505.",9,0,1,0,3
776416,2025-09-07,R,2025,Busch Stadium,St. Louis Cardinals,San Francisco Giants,4.0,3.0,543243,678906,Scott Barry,Willie Traynor,"72 degrees, Sunny.","8 mph, In From RF.",1:16 PM.,"29,923.",9,0,0,4,0
776420,2025-09-07,R,2025,Wrigley Field,Chicago Cubs,Washington Nationals,3.0,6.0,519141,674841,Phil Cuzzi,Dan Bellino,"65 degrees, Partly Cloudy.","7 mph, In From CF.",1:20 PM.,"33,343.",9,0,0,2,1
776418,2025-09-07,R,2025,Globe Life Field,Texas Rangers,Houston Astros,4.0,2.0,571578,664285,Mike Muchlinski,Emil Jimenez,"74 degrees, Roof Closed.","0 mph, None.",1:38 PM.,"35,449.",9,0,0,1,0
776417,2025-09-07,R,2025,Coors Field,Colorado Rockies,San Diego Padres,1.0,8.0,685299,656302,Brock Ballou,Chris Guccione,"81 degrees, Partly Cloudy.","2 mph, R To L.",1:10 PM.,"27,555.",9,0,2,1,8
776414,2025-09-07,R,2025,Angel Stadium,Los Angeles Angels,Athletics,4.0,3.0,815083,622663,Bill Miller,Roberto Ortiz,"88 degrees, Sunny.","8 mph, R To L.",1:08 PM.,"33,053.",9,2,0,3,1
776415,2025-09-07,R,2025,Chase Field,Arizona Diamondbacks,Boston Red Sox,4.0,7.0,669194,678394,Marvin Hudson,Ryan Blakney,"76 degrees, Roof Closed.","0 mph, None.",1:11 PM.,"31,346.",9,0,0,2,1
776413,2025-09-08,R,2025,Progressive Field,Cleveland Guardians,Kansas City Royals,10.0,2.0,677944,686701,Dan Bellino,Clint Vondrak,"66 degrees, Clear.","9 mph, In From CF.",6:40 PM.,"15,875.",9,1,0,9,0
776409,2025-09-08,R,2025,loanDepot park,Miami Marlins,Washington Nationals,7.0,15.0,676083,676917,Erich Bacchus,Brian O'Nora,"72 degrees, Roof Closed.","0 mph, None.",6:41 PM.,"7,992.",9,0,0,2,8
776405,2025-09-08,R,2025,Citizens Bank Park,Philadelphia Phillies,New York Mets,1.0,0.0,605400,690997,Will Little,Ryan Additon,"73 degrees, Clear.","7 mph, In From CF.",6:46 PM.,"40,388.",9,0,0,1,0
776412,2025-09-08,R,2025,Truist Park,Atlanta Braves,Chicago Cubs,4.0,1.0,693821,684007,Dan Iassogna,CB Bucknor,"76 degrees, Partly Cloudy.","9 mph, L To R.",7:15 PM.,"33,430.",9,3,0,3,0
776406,2025-09-08,R,2025,Globe Life Field,Texas Rangers,Milwaukee Brewers,5.0,0.0,656641,500779,Charlie Ramos,Alfonso Márquez,"81 degrees, Clear.","7 mph, R To L.",7:08 PM.,"20,791.",9,0,0,4,0
776411,2025-09-08,R,2025,Angel Stadium,Los Angeles Angels,Minnesota Twins,3.0,12.0,702674,680573,Ryan Blakney,Jen Pawol,"79 degrees, Clear.","7 mph, Out To CF.",6:39 PM.,"28,824.",9,0,0,3,5
776407,2025-09-08,R,2025,Petco Park,San Diego Padres,Cincinnati Reds,4.0,3.0,506433,666157,Roberto Ortiz,Tripp Gibson,"73 degrees, Clear.","7 mph, L To R.",6:40 PM.,"40,248.",10,0,1,0,2
776400,2025-09-08,R,2025,T-Mobile Park,Seattle Mariners,St. Louis Cardinals,4.0,2.0,693433,571945,Chris Guccione,Chad Whitson,"72 degrees, Clear.","7 mph, L To R.",6:41 PM.,"22,899.",9,0,0,0,2
776399,2025-09-08,R,2025,Oracle Park,San Francisco Giants,Arizona Diamondbacks,11.0,5.0,657277,622503,Emil Jimenez,Doug Eddings,"70 degrees, Clear.","8 mph, Out To CF.",6:45 PM.,"26,699.",9,0,0,4,4
776410,2025-09-08,R,2025,Sutter Health Park,Athletics,Boston Red Sox,0.0,7.0,806960,676979,Todd Tichenor,Nestor Ceja,"77 degrees, Partly Cloudy.","11 mph, Out To CF.",7:05 PM.,"10,079.",9,0,1,0,5
776408,2025-09-08,R,2025,Dodger Stadium,Los Angeles Dodgers,Colorado Rockies,3.0,1.0,607192,801403,Mark Wegner,Bruce Dreckman,"75 degrees, Clear.","4 mph, Out To CF.",7:10 PM.,"48,433.",9,0,0,0,1
776401,2025-09-09,R,2025,Oriole Park at Camden Yards,Baltimore Orioles,Pittsburgh Pirates,3.0,2.0,680694,681347,Alex MacKay,Alan Porter,"74 degrees, Partly Cloudy.","8 mph, In From RF.",6:36 PM.,"15,488.",11,1,1,1,1
776403,2025-09-09,R,2025,Progressive Field,Cleveland Guardians,Kansas City Royals,2.0,0.0,676282,702070,Clint Vondrak,Tony Randazzo,"71 degrees, Clear.","5 mph, In From RF.",6:40 PM.,"15,458.",9,1,0,2,0
776397,2025-09-09,R,2025,loanDepot park,Miami Marlins,Washington Nationals,5.0,7.0,800049,680730,Brian O'Nora,Mike Estabrook,"72 degrees, Roof Closed.","0 mph, None.",6:40 PM.,"8,634.",9,0,3,1,6
776404,2025-09-09,R,2025,Citizens Bank Park,Philadelphia Phillies,New York Mets,9.0,3.0,624133,640455,Ryan Additon,Ryan Wills,"69 degrees, Partly Cloudy.","13 mph, Out To LF.",6:47 PM.,"41,609.",9,2,0,4,0
776398,2025-09-09,R,2025,Yankee Stadium,New York Yankees,Detroit Tigers,2.0,12.0,701542,663554,Austin Jones,Jansen Visconti,"68 degrees, Partly Cloudy.","6 mph, R To L.",7:10 PM.,"35,653.",9,1,0,2,2
776393,2025-09-09,R,2025,Rogers Centre,Toronto Blue Jays,Houston Astros,4.0,3.0,669456,677651,Chris Conroy,John Tumpane,"62 degrees, Clear.","11 mph, R To L.",7:07 PM.,"40,252.",10,0,2,0,2
776402,2025-09-09,R,2025,Truist Park,Atlanta Braves,Chicago Cubs,1.0,6.0,675911,690990,CB Bucknor,Adam Beck,"77 degrees, Clear.","5 mph, Calm.",7:16 PM.,"32,721.",9,0,1,1,2
776388,2025-09-09,R,2025,Rate Field,Chicago White Sox,Tampa Bay Rays,4.0,5.0,672782,605288,Vic Carapazza,Nic Lentz,"71 degrees, Partly Cloudy.","6 mph, R To L.",6:40 PM.,"12,487.",9,1,0,2,4
776395,2025-09-09,R,2025,Globe Life Field,Texas Rangers,Milwaukee Brewers,5.0,4.0,683004,694477,Alfonso Márquez,Lance Barrett,"85 degrees, Clear.","9 mph, R To L.",7:08 PM.,"24,581.",9,0,0,5,3
776390,2025-09-09,R,2025,Angel Stadium,Los Angeles Angels,Minnesota Twins,12.0,2.0,543294,805673,Jen Pawol,Junior Valentine,"75 degrees, Clear.","10 mph, Out To CF.",6:39 PM.,"29,694.",9,3,0,5,0
776392,2025-09-09,R,2025,Petco Park,San Diego Padres,Cincinnati Reds,2.0,4.0,650633,641793,Tripp Gibson,Chad Fairchild,"72 degrees, Partly Cloudy.","9 mph, L To R.",6:40 PM.,"41,364.",9,0,1,2,2
776391,2025-09-09,R,2025,T-Mobile Park,Seattle Mariners,St. Louis Cardinals,5.0,3.0,669923,669461,Chad Whitson,Ben May,"71 degrees, Partly Cloudy.","5 mph, In From LF.",6:41 PM.,"23,044.",9,0,0,5,3
776394,2025-09-09,R,2025,Oracle Park,San Francisco Giants,Arizona Diamondbacks,5.0,3.0,592662,668678,Doug Eddings,Gabe Morales,"68 degrees, Drizzle.","11 mph, Out To CF.",6:45 PM.,"30,883.",9,3,0,5,2
776396,2025-09-09,R,2025,Sutter Health Park,Athletics,Boston Red Sox,0.0,6.0,605488,813349,Nestor Ceja,James Jean,"72 degrees, Partly Cloudy.","11 mph, Out To RF.",7:05 PM.,"10,066.",9,0,4,0,5
776389,2025-09-09,R,2025,Dodger Stadium,Los Angeles Dodgers,Colorado Rockies,7.0,2.0,686218,608566,Bruce Dreckman,Shane Livensparger,"72 degrees, Clear.","6 mph, Out To RF.",7:10 PM.,"44,126.",9,0,0,5,0
776375,2025-09-10,R,2025,Globe Life Field,Texas Rangers,Milwaukee Brewers,6.0,3.0,518876,642547,Lance Barrett,Carlos Torres,"74 degrees, Roof Closed.","0 mph, None.",1:39 PM.,"24,682.",9,0,2,5,2
776379,2025-09-10,R,2025,Sutter Health Park,Athletics,Boston Red Sox,5.0,4.0,686930,801139,James Jean,Adam Hamari,"75 degrees, Partly Cloudy.","6 mph, R To L.",12:35 PM.,"9,634.",9,1,0,4,3
776374,2025-09-10,R,2025,Oracle Park,San Francisco Giants,Arizona Diamondbacks,3.0,5.0,693313,593958,Gabe Morales,Mike Muchlinski,"67 degrees, Partly Cloudy.","11 mph, Varies.",12:46 PM.,"33,810.",9,0,1,0,4
776376,2025-09-10,R,2025,Angel Stadium,Los Angeles Angels,Minnesota Twins,4.0,3.0,570632,671737,Junior Valentine,Marvin Hudson,"79 degrees, Sunny.","8 mph, Out To CF.",1:08 PM.,"20,746.",9,0,0,3,1
776387,2025-09-10,R,2025,Oriole Park at Camden Yards,Baltimore Orioles,Pittsburgh Pirates,2.0,1.0,669330,694973,Alan Porter,Jim Wolf,"68 degrees, Cloudy.","8 mph, In From LF.",6:36 PM.,"18,210.",10,0,0,0,1
776382,2025-09-10,R,2025,Progressive Field,Cleveland Guardians,Kansas City Royals,3.0,4.0,671106,680742,Tony Randazzo,Phil Cuzzi,"72 degrees, Clear.","7 mph, In From CF.",6:40 PM.,"16,816.",9,2,1,3,2
776386,2025-09-10,R,2025,loanDepot park,Miami Marlins,Washington Nationals,8.0,3.0,691587,663623,Mike Estabrook,Laz Diaz,"72 degrees, Roof Closed.","0 mph, None.",6:41 PM.,"9,038.",9,0,0,0,1
776384,2025-09-10,R,2025,Citizens Bank Park,Philadelphia Phillies,New York Mets,11.0,3.0,650911,605280,Ryan Wills,Stu Scheurwater,"71 degrees, Partly Cloudy.","8 mph, In From RF.",6:48 PM.,"38,090.",9,2,0,4,1
776383,2025-09-10,R,2025,Yankee Stadium,New York Yankees,Detroit Tigers,1.0,11.0,607074,656427,Jansen Visconti,Andy Fletcher,"72 degrees, Partly Cloudy.","6 mph, In From LF.",7:10 PM.,"36,727.",9,0,0,0,2
776385,2025-09-10,R,2025,Rogers Centre,Toronto Blue Jays,Houston Astros,2.0,3.0,621244,669920,Brennan Miller,Jeremie Rehak,"69 degrees, Clear.","5 mph, Out To LF.",7:07 PM.,"36,760.",9,0,0,0,1
776381,2025-09-10,R,2025,Truist Park,Atlanta Braves,Chicago Cubs,2.0,3.0,519242,592791,Adam Beck,Scott Barry,"80 degrees, Clear.","7 mph, Out To CF.",7:16 PM.,"35,757.",9,0,0,2,3
776378,2025-09-10,R,2025,Rate Field,Chicago White Sox,Tampa Bay Rays,6.0,5.0,680732,643377,Nic Lentz,Jonathan Parra,"75 degrees, Partly Cloudy.","9 mph, In From LF.",6:40 PM.,"12,099.",9,0,1,6,4
776377,2025-09-10,R,2025,Petco Park,San Diego Padres,Cincinnati Reds,1.0,2.0,601713,671096,Chad Fairchild,Bill Miller,"73 degrees, Clear.","10 mph, L To R.",5:41 PM.,"40,045.",9,0,0,1,0
776373,2025-09-10,R,2025,T-Mobile Park,Seattle Mariners,St. Louis Cardinals,4.0,2.0,669302,700241,Ben May,Brock Ballou,"72 degrees, Clear.","5 mph, In From LF.",6:41 PM.,"25,495.",13,0,1,1,1
776380,2025-09-10,R,2025,Dodger Stadium,Los Angeles Dodgers,Colorado Rockies,9.0,0.0,605483,607536,Shane Livensparger,Nate Tomlinson,"71 degrees, Clear.","6 mph, Out To RF.",7:10 PM.,"50,805.",9,0,0,4,0
776372,2025-09-11,R,2025,Oriole Park at Camden Yards,Baltimore Orioles,Pittsburgh Pirates,3.0,2.0,700249,670912,Jim Wolf,Manny Gonzalez,"75 degrees, Partly Cloudy.","5 mph, In From LF.",1:07 PM.,"13,957.",9,1,1,2,2
776364,2025-09-11,R,2025,Rate Field,Chicago White Sox,Tampa Bay Rays,5.0,1.0,681343,693855,Jonathan Parra,Jacob Metz,"74 degrees, Sunny.","9 mph, L To R.",1:10 PM.,"11,850.",9,2,0,2,0
776369,2025-09-11,R,2025,Rogers Centre,Toronto Blue Jays,Houston Astros,6.0,0.0,592332,664299,Jeremie Rehak,Tom Hanahan,"72 degrees, Sunny.","8 mph, Out To CF.",3:08 PM.,"41,224.",9,2,0,4,0
776367,2025-09-11,R,2025,loanDepot park,Miami Marlins,Washington Nationals,5.0,0.0,677960,669022,Laz Diaz,Erich Bacchus,"72 degrees, Roof Closed.","0 mph, None.",6:40 PM.,"10,110.",9,2,0,2,0
776368,2025-09-11,R,2025,Yankee Stadium,New York Yankees,Detroit Tigers,9.0,3.0,693645,663947,Andy Fletcher,Malachi Moore,"75 degrees, Clear.","8 mph, L To R.",7:15 PM.,"40,608.",9,1,0,9,1
776370,2025-09-11,R,2025,Progressive Field,Cleveland Guardians,Kansas City Royals,3.0,2.0,668909,663568,Phil Cuzzi,Dan Bellino,"71 degrees, Clear.","5 mph, In From CF.",7:16 PM.,"15,962.",9,0,2,1,2
776371,2025-09-11,R,2025,Citizens Bank Park,Philadelphia Phillies,New York Mets,6.0,4.0,666200,656849,Stu Scheurwater,Will Little,"75 degrees, Clear.","7 mph, In From CF.",7:16 PM.,"40,098.",9,0,4,3,4
776365,2025-09-11,R,2025,Petco Park,San Diego Padres,Colorado Rockies,2.0,0.0,681190,685326,Adam Hamari,Todd Tichenor,"72 degrees, Partly Cloudy.","7 mph, L To R.",6:41 PM.,"38,844.",9,0,0,2,0
776362,2025-09-11,R,2025,T-Mobile Park,Seattle Mariners,Los Angeles Angels,7.0,6.0,682243,667755,Mike Muchlinski,Emil Jimenez,"67 degrees, Cloudy.","0 mph, Calm.",6:41 PM.,"19,129.",12,0,0,4,4
776352,2025-09-12,R,2025,Wrigley Field,Chicago Cubs,Tampa Bay Rays,6.0,4.0,571510,669358,Marvin Hudson,Ryan Blakney,"80 degrees, Cloudy.","9 mph, R To L.",1:20 PM.,"38,794.",9,0,3,6,4
776351,2025-09-12,R,2025,Nationals Park,Washington Nationals,Pittsburgh Pirates,6.0,5.0,695418,656605,Malachi Moore,Austin Jones,"78 degrees, Clear.","4 mph, In From RF.",6:45 PM.,"18,021.",9,0,0,0,3
776354,2025-09-12,R,2025,Citizens Bank Park,Philadelphia Phillies,Kansas City Royals,8.0,2.0,621111,547179,Carlos Torres,Charlie Ramos,"76 degrees, Partly Cloudy.","5 mph, In From RF.",6:46 PM.,"41,099.",9,0,1,6,1
776353,2025-09-12,R,2025,Rogers Centre,Toronto Blue Jays,Baltimore Orioles,6.0,1.0,605135,669432,Jacob Metz,Vic Carapazza,"66 degrees, Partly Cloudy.","2 mph, Out To LF.",7:09 PM.,"34,376.",9,0,0,1,1
776359,2025-09-12,R,2025,Citi Field,New York Mets,Texas Rangers,3.0,8.0,804636,594798,Scott Barry,Dan Iassogna,"73 degrees, Clear.","6 mph, Out To LF.",7:11 PM.,"41,040.",9,0,6,3,6
776361,2025-09-12,R,2025,Progressive Field,Cleveland Guardians,Chicago White Sox,4.0,0.0,676440,527048,Erich Bacchus,Brian O'Nora,"70 degrees, Clear.","5 mph, In From RF.",7:10 PM.,"21,779.",9,0,0,2,0
776366,2025-09-12,R,2025,loanDepot park,Miami Marlins,Detroit Tigers,8.0,2.0,645261,669373,Chris Segal,Alex MacKay,"72 degrees, Roof Closed.","0 mph, None.",7:10 PM.,"16,926.",9,1,0,5,1
776363,2025-09-12,R,2025,Fenway Park,Boston Red Sox,New York Yankees,1.0,4.0,608337,661563,Will Little,Ryan Additon,"67 degrees, Clear.","4 mph, In From RF.",7:12 PM.,"36,760.",9,0,1,0,2
776360,2025-09-12,R,2025,Truist Park,Atlanta Braves,Houston Astros,3.0,11.0,694462,681151,Dan Bellino,Clint Vondrak,"83 degrees, Clear.","5 mph, L To R.",7:16 PM.,"34,030.",9,0,0,0,10
776355,2025-09-12,R,2025,Target Field,Minnesota Twins,Arizona Diamondbacks,9.0,8.0,641154,694297,David Rackley,Edwin Moscoso,"77 degrees, Cloudy.","6 mph, In From RF.",7:11 PM.,"18,177.",9,0,1,5,2
776356,2025-09-12,R,2025,American Family Field,Milwaukee Brewers,St. Louis Cardinals,8.0,2.0,682990,669467,Tom Hanahan,Chris Conroy,"69 degrees, Partly Cloudy.","9 mph, L To R.",7:10 PM.,"40,525.",9,0,0,5,0
776357,2025-09-12,R,2025,Petco Park,San Diego Padres,Colorado Rockies,2.0,4.0,676664,685299,Todd Tichenor,Nestor Ceja,"72 degrees, Partly Cloudy.","8 mph, L To R.",6:41 PM.,"40,014.",9,1,0,1,4
776358,2025-09-12,R,2025,Sutter Health Park,Athletics,Cincinnati Reds,3.0,0.0,669372,663903,Nate Tomlinson,Mark Wegner,"81 degrees, Clear.","10 mph, Out To CF.",7:05 PM.,"8,333.",9,1,0,2,0
776345,2025-09-12,R,2025,T-Mobile Park,Seattle Mariners,Los Angeles Angels,2.0,1.0,622491,579328,Emil Jimenez,Doug Eddings,"70 degrees, Clear.","3 mph, L To R.",7:11 PM.,"36,143.",9,0,0,1,0
776350,2025-09-12,R,2025,Oracle Park,San Francisco Giants,Los Angeles Dodgers,5.0,1.0,434378,808967,Bill Miller,Roberto Ortiz,"64 degrees, Clear.","14 mph, Varies.",7:16 PM.,"40,509.",10,1,0,1,0
776338,2025-09-13,R,2025,Wrigley Field,Chicago Cubs,Tampa Bay Rays,4.0,5.0,607067,656876,Ryan Blakney,Ben May,"71 degrees, Partly Cloudy.","12 mph, Out To LF.",1:20 PM.,"39,712.",9,0,0,3,1
776343,2025-09-13,R,2025,Rogers Centre,Toronto Blue Jays,Baltimore Orioles,5.0,4.0,453286,608372,Vic Carapazza,Nick Mahrley,"67 degrees, Cloudy.","2 mph, L To R.",3:07 PM.,"42,461.",9,0,2,1,2
776336,2025-09-13,R,2025,Nationals Park,Washington Nationals,Pittsburgh Pirates,1.0,5.0,674841,696149,Austin Jones,Jansen Visconti,"83 degrees, Sunny.","2 mph, Out To RF.",4:05 PM.,"29,887.",9,0,0,0,0
776349,2025-09-13,R,2025,Citi Field,New York Mets,Texas Rangers,2.0,3.0,687075,571578,Dan Iassogna,CB Bucknor,"77 degrees, Sunny.","10 mph, Out To LF.",4:31 PM.,"41,752.",9,0,0,1,0
776347,2025-09-13,R,2025,loanDepot park,Miami Marlins,Detroit Tigers,6.0,4.0,676083,450203,Alex MacKay,Alan Porter,"72 degrees, Roof Closed.","0 mph, None.",4:11 PM.,"21,014.",11,1,0,2,3
776344,2025-09-13,R,2025,Fenway Park,Boston Red Sox,New York Yankees,3.0,5.0,678394,608331,Ryan Additon,Ryan Wills,"75 degrees, Partly Cloudy.","4 mph, R To L.",4:12 PM.,"36,315.",9,0,2,1,4
776342,2025-09-13,R,2025,Citizens Bank Park,Philadelphia Phillies,Kansas City Royals,8.0,6.0,592836,686701,Charlie Ramos,Alfonso Márquez,"81 degrees, Partly Cloudy.","9 mph, Out To RF.",6:06 PM.,"43,326.",9,2,3,6,4
776348,2025-09-13,R,2025,Progressive Field,Cleveland Guardians,Chicago White Sox,3.0,1.0,800048,663436,Brian O'Nora,Mike Estabrook,"70 degrees, Cloudy.","5 mph, In From CF.",6:10 PM.,"28,463.",9,0,1,2,1
776337,2025-09-13,R,2025,Target Field,Minnesota Twins,Arizona Diamondbacks,2.0,5.0,657746,669194,Edwin Moscoso,Chris Guccione,"82 degrees, Cloudy.","8 mph, In From CF.",6:13 PM.,"21,227.",10,0,0,0,2
776346,2025-09-13,R,2025,Truist Park,Atlanta Braves,Houston Astros,2.0,6.0,693821,686613,Clint Vondrak,Tony Randazzo,"82 degrees, Clear.","6 mph, Out To RF.",7:16 PM.,"36,826.",9,0,0,1,6
776339,2025-09-13,R,2025,American Family Field,Milwaukee Brewers,St. Louis Cardinals,9.0,8.0,694819,543243,Chris Conroy,Brennan Miller,"68 degrees, Partly Cloudy.","6 mph, In From LF.",7:15 PM.,"41,807.",10,0,2,1,4
776341,2025-09-13,R,2025,Petco Park,San Diego Padres,Colorado Rockies,11.0,3.0,656302,687134,Nestor Ceja,James Jean,"72 degrees, Partly Cloudy.","8 mph, L To R.",5:41 PM.,"41,854.",9,1,1,9,1
776328,2025-09-13,R,2025,Oracle Park,San Francisco Giants,Los Angeles Dodgers,7.0,13.0,657277,477132,Roberto Ortiz,Tripp Gibson,"65 degrees, Clear.","13 mph, Varies.",6:05 PM.,"40,474.",9,4,1,7,9
776333,2025-09-13,R,2025,T-Mobile Park,Seattle Mariners,Los Angeles Angels,5.0,3.0,693433,815083,Doug Eddings,Gabe Morales,"74 degrees, Clear.","8 mph, Out To CF.",6:41 PM.,"38,962.",9,2,0,5,2
776340,2025-09-13,R,2025,Sutter Health Park,Athletics,Cincinnati Reds,11.0,5.0,622663,668881,Mark Wegner,John Bacon,"78 degrees, Clear.","10 mph, Out To LF.",7:05 PM.,"8,758.",9,0,0,5,5
776320,2025-09-14,R,2025,Nationals Park,Washington Nationals,Pittsburgh Pirates,4.0,3.0,676917,681347,Jansen Visconti,Andy Fletcher,"78 degrees, Sunny.","1 mph, Out To LF.",11:35 AM.,"20,208.",9,0,3,3,3
776334,2025-09-14,R,2025,Citizens Bank Park,Philadelphia Phillies,Kansas City Royals,3.0,10.0,605400,702070,Alfonso Márquez,Lance Barrett,"83 degrees, Sunny.","8 mph, In From CF.",1:36 PM.,"42,513.",9,2,0,2,2
776329,2025-09-14,R,2025,Truist Park,Atlanta Braves,Houston Astros,8.0,3.0,666214,664285,Tony Randazzo,Phil Cuzzi,"84 degrees, Partly Cloudy.","2 mph, Out To CF.",1:36 PM.,"32,807.",9,1,1,5,2
776322,2025-09-14,R,2025,Rogers Centre,Toronto Blue Jays,Baltimore Orioles,11.0,2.0,669456,544150,Nick Mahrley,Nic Lentz,"72 degrees, Partly Cloudy.","5 mph, Out To CF.",1:37 PM.,"42,032.",9,0,0,4,1
776335,2025-09-14,R,2025,Citi Field,New York Mets,Texas Rangers,5.0,2.0,690997,656641,CB Bucknor,Adam Beck,"81 degrees, Partly Cloudy.","4 mph, In From CF.",1:41 PM.,"40,024.",10,0,0,1,0
776331,2025-09-14,R,2025,Progressive Field,Cleveland Guardians,Chicago White Sox,3.0,2.0,677944,672782,Mike Estabrook,Laz Diaz,"76 degrees, Sunny.","12 mph, In From CF.",1:41 PM.,"22,320.",9,0,0,2,2
776332,2025-09-14,R,2025,loanDepot park,Miami Marlins,Detroit Tigers,0.0,2.0,800049,672456,Alan Porter,Jim Wolf,"72 degrees, Roof Closed.","0 mph, None.",1:42 PM.,"24,638.",9,0,0,0,2
776324,2025-09-14,R,2025,Target Field,Minnesota Twins,Arizona Diamondbacks,4.0,6.0,641927,622503,Chris Guccione,Chad Whitson,"82 degrees, Partly Cloudy.","9 mph, In From RF.",1:13 PM.,"18,376.",9,0,0,2,4
776326,2025-09-14,R,2025,American Family Field,Milwaukee Brewers,St. Louis Cardinals,2.0,3.0,500779,571945,Brennan Miller,Jeremie Rehak,"76 degrees, Sunny.","8 mph, L To R.",1:12 PM.,"42,269.",9,0,0,2,3
776321,2025-09-14,R,2025,Wrigley Field,Chicago Cubs,Tampa Bay Rays,4.0,3.0,684007,605288,Ben May,Junior Valentine,"79 degrees, Sunny.","2 mph, In From RF.",1:20 PM.,"37,186.",9,1,2,1,3
776327,2025-09-14,R,2025,Sutter Health Park,Athletics,Cincinnati Reds,7.0,4.0,806960,666157,John Bacon,Shane Livensparger,"81 degrees, Sunny.","3 mph, Out To CF.",1:06 PM.,"8,778.",9,0,1,4,3
776325,2025-09-14,R,2025,Oracle Park,San Francisco Giants,Los Angeles Dodgers,2.0,10.0,592662,607192,Tripp Gibson,Chad Fairchild,"70 degrees, Sunny.","12 mph, Varies.",1:05 PM.,"40,112.",9,0,0,1,6
776323,2025-09-14,R,2025,Petco Park,San Diego Padres,Colorado Rockies,9.0,6.0,506433,608566,James Jean,Adam Hamari,"72 degrees, Partly Cloudy.","7 mph, L To R.",1:12 PM.,"40,693.",9,3,0,7,1
776317,2025-09-14,R,2025,T-Mobile Park,Seattle Mariners,Los Angeles Angels,11.0,2.0,669923,543294,Gabe Morales,Mike Muchlinski,"65 degrees, Cloudy.","5 mph, R To L.",1:12 PM.,"42,513.",9,2,0,11,1
776330,2025-09-14,R,2025,Fenway Park,Boston Red Sox,New York Yankees,6.0,4.0,676979,701542,Ryan Wills,Stu Scheurwater,"69 degrees, Clear.","3 mph, In From RF.",7:11 PM.,"35,437.",9,6,0,6,3
776318,2025-09-15,R,2025,PNC Park,Pittsburgh Pirates,Chicago Cubs,0.0,4.0,677952,592791,Lance Barrett,Carlos Torres,"82 degrees, Partly Cloudy.","5 mph, In From LF.",6:43 PM.,"15,706.",9,0,0,0,3
776315,2025-09-15,R,2025,Nationals Park,Washington Nationals,Atlanta Braves,3.0,11.0,680730,675911,Ramon De Jesus,Adrian Johnson,"76 degrees, Partly Cloudy.","11 mph, In From RF.",6:45 PM.,"13,979.",9,0,0,1,5
776316,2025-09-15,R,2025,George M. Steinbrenner Field,Tampa Bay Rays,Toronto Blue Jays,1.0,2.0,671212,702056,Laz Diaz,Erich Bacchus,"85 degrees, Clear.","8 mph, L To R.",7:35 PM.,"8,972.",11,1,0,1,0
776314,2025-09-15,R,2025,Rate Field,Chicago White Sox,Baltimore Orioles,1.0,4.0,656457,680694,Chad Whitson,David Rackley,"77 degrees, Clear.","9 mph, L To R.",6:40 PM.,"11,020.",9,1,0,1,1
776313,2025-09-15,R,2025,Target Field,Minnesota Twins,New York Yankees,7.0,0.0,680573,607074,Sean Barber,James Hoye,"83 degrees, Partly Cloudy.","10 mph, R To L.",6:42 PM.,"22,001.",9,0,0,2,0
776312,2025-09-15,R,2025,Busch Stadium,St. Louis Cardinals,Cincinnati Reds,6.0,11.0,669461,641793,Lance Barksdale,Will Little,"85 degrees, Partly Cloudy.","4 mph, In From CF.",6:46 PM.,"18,095.",9,0,0,1,3
776319,2025-09-15,R,2025,Daikin Park,Houston Astros,Texas Rangers,6.0,3.0,669920,683004,Alex Tosi,Cory Blaser,"73 degrees, Roof Closed.","0 mph, None.",7:10 PM.,"30,484.",9,2,0,4,3
776309,2025-09-15,R,2025,Chase Field,Arizona Diamondbacks,San Francisco Giants,8.0,1.0,668678,678906,Stu Scheurwater,Jordan Baker,"78 degrees, Roof Closed.","0 mph, None.",6:41 PM.,"21,521.",9,1,0,1,1
776311,2025-09-15,R,2025,Dodger Stadium,Los Angeles Dodgers,Philadelphia Phillies,5.0,6.0,607455,624133,Adam Hamari,Todd Tichenor,"74 degrees, Clear.","3 mph, Out To RF.",7:10 PM.,"43,602.",10,0,1,3,1
777825,2025-09-16,R,2025,Nationals Park,Washington Nationals,Atlanta Braves,3.0,6.0,663623,660761,Adrian Johnson,Austin Jones,"69 degrees, Cloudy.","5 mph, In From RF.",1:05 PM.,"15,584.",9,0,0,2,5
776307,2025-09-16,R,2025,Nationals Park,Washington Nationals,Atlanta Braves,0.0,5.0,669022,519242,Quinn Wolcott,Edwin Jimenez,"62 degrees, Drizzle.","8 mph, In From CF.",8:45 PM.,"19,216.",10,0,0,0,0
776303,2025-09-16,R,2025,Comerica Park,Detroit Tigers,Cleveland Guardians,5.0,7.0,663554,676282,Jeremie Rehak,Tom Hanahan,"79 degrees, Clear.","6 mph, In From LF.",6:40 PM.,"31,639.",10,0,0,1,2
776308,2025-09-16,R,2025,PNC Park,Pittsburgh Pirates,Chicago Cubs,1.0,4.0,694973,690990,Carlos Torres,Charlie Ramos,"81 degrees, Cloudy.","5 mph, Calm.",6:41 PM.,"14,714.",9,1,2,1,4
776310,2025-09-16,R,2025,Fenway Park,Boston Red Sox,Athletics,1.0,2.0,813349,605488,Mark Ripperger,Jacob Metz,"69 degrees, Partly Cloudy.","3 mph, In From CF.",6:46 PM.,"35,886.",9,0,0,1,0
776304,2025-09-16,R,2025,Citi Field,New York Mets,San Diego Padres,8.0,3.0,605280,650633,Jim Wolf,Chris Segal,"69 degrees, Partly Cloudy.","7 mph, In From RF.",7:11 PM.,"41,819.",9,5,0,8,2
776305,2025-09-16,R,2025,George M. Steinbrenner Field,Tampa Bay Rays,Toronto Blue Jays,5.0,6.0,686752,621244,Erich Bacchus,Brian O'Nora,"82 degrees, Clear.","8 mph, L To R.",7:35 PM.,"8,908.",9,0,1,3,6
776302,2025-09-16,R,2025,Kauffman Stadium,Kansas City Royals,Seattle Mariners,5.0,12.0,608379,669302,Chad Fairchild,Bill Miller,"89 degrees, Partly Cloudy.","6 mph, R To L.",6:41 PM.,"20,017.",9,0,2,1,10
776306,2025-09-16,R,2025,Rate Field,Chicago White Sox,Baltimore Orioles,7.0,8.0,681343,665152,David Rackley,Brian Walsh,"76 degrees, Clear.","8 mph, Out To RF.",6:40 PM.,"12,428.",9,2,0,2,6
776298,2025-09-16,R,2025,Target Field,Minnesota Twins,New York Yankees,9.0,10.0,805673,693645,James Hoye,John Libka,"84 degrees, Overcast.","6 mph, R To L.",6:41 PM.,"25,500.",9,1,2,4,10
776295,2025-09-16,R,2025,American Family Field,Milwaukee Brewers,Los Angeles Angels,9.0,2.0,642547,702674,Shane Livensparger,Nate Tomlinson,"75 degrees, Clear.","6 mph, In From LF.",6:40 PM.,"28,566.",9,1,0,5,1
776300,2025-09-16,R,2025,Busch Stadium,St. Louis Cardinals,Cincinnati Reds,3.0,0.0,700241,671096,Will Little,Ryan Additon,"90 degrees, Clear.","7 mph, In From LF.",6:46 PM.,"21,848.",9,1,0,3,0
776301,2025-09-16,R,2025,Daikin Park,Houston Astros,Texas Rangers,6.0,5.0,805123,518876,Cory Blaser,Manny Gonzalez,"73 degrees, Roof Closed.","0 mph, None.",7:10 PM.,"35,026.",9,1,0,6,1
776293,2025-09-16,R,2025,Coors Field,Colorado Rockies,Miami Marlins,5.0,6.0,607536,691587,Dexter Kelley,Jen Pawol,"69 degrees, Partly Cloudy.","3 mph, In From CF.",6:40 PM.,"22,764.",9,0,0,0,3
776294,2025-09-16,R,2025,Chase Field,Arizona Diamondbacks,San Francisco Giants,6.0,5.0,593958,663941,Jordan Baker,Dan Merzel,"78 degrees, Roof Closed.","0 mph, None.",6:40 PM.,"26,431.",9,0,4,5,5
776297,2025-09-16,R,2025,Dodger Stadium,Los Angeles Dodgers,Philadelphia Phillies,6.0,9.0,660271,650911,Todd Tichenor,Nestor Ceja,"81 degrees, Clear.","6 mph, Out To RF.",7:10 PM.,"44,063.",9,0,0,4,0
776287,2025-09-17,R,2025,PNC Park,Pittsburgh Pirates,Chicago Cubs,4.0,8.0,670912,571510,Charlie Ramos,Alfonso Márquez,"75 degrees, Partly Cloudy.","8 mph, In From CF.",12:37 PM.,"13,488.",9,3,4,4,4
776283,2025-09-17,R,2025,Busch Stadium,St. Louis Cardinals,Cincinnati Reds,2.0,6.0,669467,663903,Ryan Additon,Ryan Wills,"85 degrees, Sunny.","2 mph, In From CF.",12:16 PM.,"23,462.",9,1,0,1,4
776285,2025-09-17,R,2025,Rate Field,Chicago White Sox,Baltimore Orioles,1.0,3.0,527048,669330,Brian Walsh,Edwin Moscoso,"77 degrees, Sunny.","7 mph, L To R.",1:10 PM.,"10,919.",9,0,1,1,3
776279,2025-09-17,R,2025,Chase Field,Arizona Diamondbacks,San Francisco Giants,1.0,5.0,694297,434378,Dan Merzel,John Bacon,"76 degrees, Roof Closed.","0 mph, None.",12:41 PM.,"19,513.",11,0,0,0,0
776286,2025-09-17,R,2025,Nationals Park,Washington Nationals,Atlanta Braves,4.0,9.0,695418,694462,Edwin Jimenez,Ramon De Jesus,"69 degrees, Overcast.","4 mph, In From CF.",4:05 PM.,"14,420.",9,0,0,3,0
776296,2025-09-17,R,2025,Comerica Park,Detroit Tigers,Cleveland Guardians,0.0,4.0,656427,668909,Tom Hanahan,Chris Conroy,"78 degrees, Clear.","5 mph, In From LF.",6:40 PM.,"34,415.",9,0,0,0,1
776299,2025-09-17,R,2025,Fenway Park,Boston Red Sox,Athletics,5.0,4.0,608337,686930,Jacob Metz,Nick Mahrley,"66 degrees, Partly Cloudy.","2 mph, In From RF.",6:46 PM.,"36,404.",10,1,0,3,4
776290,2025-09-17,R,2025,George M. Steinbrenner Field,Tampa Bay Rays,Toronto Blue Jays,2.0,1.0,693855,592332,Brian O'Nora,Mike Estabrook,"75 degrees, Overcast.","6 mph, R To L.",7:25 PM.,"8,959.",9,1,0,1,1
776288,2025-09-17,R,2025,Citi Field,New York Mets,San Diego Padres,4.0,7.0,656849,601713,Chris Segal,Alex MacKay,"68 degrees, Partly Cloudy.","6 mph, In From RF.",7:10 PM.,"41,783.",9,1,1,3,6
776289,2025-09-17,R,2025,Kauffman Stadium,Kansas City Royals,Seattle Mariners,7.0,5.0,666142,682243,Bill Miller,Roberto Ortiz,"85 degrees, Partly Cloudy.","5 mph, Out To RF.",6:40 PM.,"19,127.",9,3,0,3,2
776284,2025-09-17,R,2025,Target Field,Minnesota Twins,New York Yankees,5.0,10.0,671737,661563,John Libka,D.J. Reyburn,"78 degrees, Overcast.","8 mph, R To L.",6:42 PM.,"20,206.",9,0,1,5,7
776291,2025-09-17,R,2025,American Family Field,Milwaukee Brewers,Los Angeles Angels,9.0,2.0,605540,667755,Nate Tomlinson,Bruce Dreckman,"78 degrees, Clear.","5 mph, In From CF.",6:41 PM.,"28,493.",9,0,0,5,1
776292,2025-09-17,R,2025,Daikin Park,Houston Astros,Texas Rangers,5.0,2.0,664299,594798,Manny Gonzalez,Gabe Morales,"73 degrees, Dome.","0 mph, None.",7:10 PM.,"33,084.",9,2,0,5,2
776277,2025-09-17,R,2025,Coors Field,Colorado Rockies,Miami Marlins,4.0,8.0,685326,677960,Jen Pawol,Doug Eddings,"61 degrees, Cloudy.","10 mph, In From LF.",7:20 PM.,"21,862.",9,0,0,3,3
776280,2025-09-17,R,2025,Dodger Stadium,Los Angeles Dodgers,Philadelphia Phillies,5.0,0.0,605483,666200,Nestor Ceja,James Jean,"72 degrees, Cloudy.","2 mph, Calm.",7:10 PM.,"50,859.",9,0,0,3,0
776275,2025-09-18,R,2025,Comerica Park,Detroit Tigers,Cleveland Guardians,1.0,3.0,669373,676440,Chris Conroy,Brennan Miller,"81 degrees, Sunny.","3 mph, Out To CF.",1:10 PM.,"34,267.",9,0,0,1,1
776276,2025-09-18,R,2025,Citi Field,New York Mets,San Diego Padres,6.0,1.0,804636,681190,Alex MacKay,Alan Porter,"78 degrees, Sunny.","4 mph, Out To RF.",1:10 PM.,"38,127.",9,1,0,5,1
776269,2025-09-18,R,2025,George M. Steinbrenner Field,Tampa Bay Rays,Toronto Blue Jays,4.0,0.0,669358,605135,Laz Diaz,Brock Ballou,"87 degrees, Partly Cloudy.","4 mph, L To R.",1:10 PM.,"8,042.",9,0,0,3,0
776281,2025-09-18,R,2025,Fenway Park,Boston Red Sox,Athletics,3.0,5.0,678394,669372,Nick Mahrley,Vic Carapazza,"72 degrees, Cloudy.","1 mph, In From CF.",1:37 PM.,"32,838.",9,1,3,2,4
776272,2025-09-18,R,2025,Kauffman Stadium,Kansas City Royals,Seattle Mariners,0.0,2.0,663568,622491,Roberto Ortiz,Ben May,"68 degrees, Overcast.","2 mph, Calm.",1:10 PM.,"18,137.",9,0,0,0,1
776270,2025-09-18,R,2025,Coors Field,Colorado Rockies,Miami Marlins,7.0,9.0,685299,645261,Doug Eddings,Emil Jimenez,"70 degrees, Sunny.","5 mph, R To L.",1:11 PM.,"21,760.",9,0,0,2,4
776282,2025-09-18,R,2025,Great American Ball Park,Cincinnati Reds,Chicago Cubs,1.0,0.0,668881,607067,Edwin Moscoso,Chad Whitson,"85 degrees, Clear.","2 mph, Out To RF.",7:16 PM.,"18,532.",9,0,0,1,0
776278,2025-09-18,R,2025,Oriole Park at Camden Yards,Baltimore Orioles,New York Yankees,0.0,7.0,700249,608331,Ramon De Jesus,Adrian Johnson,"79 degrees, Partly Cloudy.","2 mph, Out To LF.",7:16 PM.,"25,253.",9,0,2,0,3
776274,2025-09-18,R,2025,American Family Field,Milwaukee Brewers,Los Angeles Angels,5.0,2.0,682990,579328,Bruce Dreckman,Mike Muchlinski,"74 degrees, Clear.","8 mph, In From RF.",6:40 PM.,"34,261.",9,0,0,1,2
776271,2025-09-18,R,2025,Dodger Stadium,Los Angeles Dodgers,San Francisco Giants,2.0,1.0,808967,657277,Ryan Wills,Lance Barksdale,"76 degrees, Partly Cloudy.","2 mph, Calm.",7:10 PM.,"41,225.",9,0,0,0,0
776267,2025-09-19,R,2025,Great American Ball Park,Cincinnati Reds,Chicago Cubs,7.0,4.0,666157,684007,Chad Whitson,David Rackley,"84 degrees, Partly Cloudy.","3 mph, R To L.",6:42 PM.,"25,584.",9,1,0,4,4
776266,2025-09-19,R,2025,PNC Park,Pittsburgh Pirates,Athletics,3.0,4.0,656605,622663,Austin Jones,Emil Jimenez,"82 degrees, Clear.","4 mph, Calm.",6:42 PM.,"20,584.",9,3,0,3,4
776268,2025-09-19,R,2025,Comerica Park,Detroit Tigers,Atlanta Braves,1.0,10.0,450203,693821,Alfonso Márquez,Ben May,"76 degrees, Clear.","11 mph, L To R.",6:40 PM.,"33,554.",9,0,3,1,6
776273,2025-09-19,R,2025,Oriole Park at Camden Yards,Baltimore Orioles,New York Yankees,4.0,2.0,669432,701542,Adrian Johnson,Quinn Wolcott,"82 degrees, Clear.","3 mph, In From RF.",7:07 PM.,"26,269.",9,0,0,1,0
776259,2025-09-19,R,2025,Citi Field,New York Mets,Washington Nationals,12.0,6.0,687075,674841,Brennan Miller,Jeremie Rehak,"78 degrees, Clear.","5 mph, L To R.",7:10 PM.,"39,484.",9,1,0,8,6
776261,2025-09-19,R,2025,George M. Steinbrenner Field,Tampa Bay Rays,Boston Red Sox,7.0,11.0,656876,676979,Alan Porter,Jim Wolf,"87 degrees, Clear.","5 mph, In From CF.",7:35 PM.,"10,046.",9,1,0,3,2
776260,2025-09-19,R,2025,Kauffman Stadium,Kansas City Royals,Toronto Blue Jays,20.0,1.0,547179,453286,James Jean,Adam Hamari,"80 degrees, Clear.","9 mph, L To R.",6:41 PM.,"26,459.",9,7,1,10,1
776264,2025-09-19,R,2025,Rate Field,Chicago White Sox,San Diego Padres,4.0,3.0,663436,656302,Erich Bacchus,Mike Estabrook,"78 degrees, Partly Cloudy.","5 mph, In From CF.",6:40 PM.,"30,505.",9,2,0,4,2
776251,2025-09-19,R,2025,Globe Life Field,Texas Rangers,Miami Marlins,4.0,6.0,641816,676083,John Bacon,Stu Scheurwater,"74 degrees, Roof Closed.","0 mph, None.",7:08 PM.,"26,374.",12,0,0,1,0
776253,2025-09-19,R,2025,Coors Field,Colorado Rockies,Los Angeles Angels,7.0,6.0,687134,815083,Brock Ballou,Chad Fairchild,"78 degrees, Partly Cloudy.","7 mph, Out To LF.",6:10 PM.,"47,587.",9,2,0,7,6
776262,2025-09-19,R,2025,Daikin Park,Houston Astros,Seattle Mariners,0.0,4.0,686613,693433,Mike Muchlinski,Shane Livensparger,"73 degrees, Roof Closed.","0 mph, None.",7:11 PM.,"41,471.",9,0,1,0,2
776263,2025-09-19,R,2025,Target Field,Minnesota Twins,Cleveland Guardians,2.0,6.0,641154,800048,Vic Carapazza,Mark Ripperger,"67 degrees, Rain.","5 mph, In From RF.",7:16 PM.,"20,159.",9,0,2,0,2
776265,2025-09-19,R,2025,Busch Stadium,St. Louis Cardinals,Milwaukee Brewers,7.0,1.0,543243,694819,D.J. Reyburn,Sean Barber,"79 degrees, Clear.","4 mph, In From RF.",7:16 PM.,"29,752.",9,1,0,7,1
776255,2025-09-19,R,2025,Chase Field,Arizona Diamondbacks,Philadelphia Phillies,2.0,8.0,669194,592836,Gabe Morales,Alex Tosi,"76 degrees, Roof Closed.","0 mph, None.",6:41 PM.,"36,981.",9,2,0,2,2
776256,2025-09-19,R,2025,Dodger Stadium,Los Angeles Dodgers,San Francisco Giants,6.0,3.0,477132,592662,Lance Barksdale,Will Little,"73 degrees, Clear.","2 mph, Out To RF.",7:10 PM.,"53,037.",9,0,1,5,2
776258,2025-09-20,R,2025,Comerica Park,Detroit Tigers,Atlanta Braves,5.0,6.0,672456,666214,Ben May,Carlos Torres,"76 degrees, Sunny.","11 mph, L To R.",1:10 PM.,"38,079.",9,1,0,2,3
777839,2025-09-20,R,2025,Target Field,Minnesota Twins,Cleveland Guardians,0.0,6.0,657746,677944,Mark Ripperger,Jonathan Parra,"71 degrees, Cloudy.","7 mph, R To L.",1:13 PM.,"22,160.",9,0,1,0,5
776243,2025-09-20,R,2025,Target Field,Minnesota Twins,Cleveland Guardians,0.0,8.0,641927,671106,Jacob Metz,Nick Mahrley,"71 degrees, Partly Cloudy.","7 mph, R To L.",6:11 PM.,"23,242.",9,0,0,0,6
776252,2025-09-20,R,2025,Citi Field,New York Mets,Washington Nationals,3.0,5.0,690997,676917,Jeremie Rehak,John Tumpane,"74 degrees, Sunny.","7 mph, In From CF.",4:10 PM.,"43,412.",11,0,1,0,3
776254,2025-09-20,R,2025,Great American Ball Park,Cincinnati Reds,Chicago Cubs,6.0,3.0,641793,665871,David Rackley,Brian Walsh,"84 degrees, Clear.","4 mph, In From CF.",6:43 PM.,"31,756.",9,0,0,3,2
776249,2025-09-20,R,2025,PNC Park,Pittsburgh Pirates,Athletics,2.0,0.0,696149,806960,Emil Jimenez,Jen Pawol,"80 degrees, Cloudy.","5 mph, In From CF.",6:42 PM.,"18,209.",9,0,0,2,0
776247,2025-09-20,R,2025,George M. Steinbrenner Field,Tampa Bay Rays,Boston Red Sox,3.0,6.0,605288,690986,Jim Wolf,Chris Segal,"91 degrees, Clear.","8 mph, In From CF.",7:06 PM.,"10,046.",9,0,0,1,2
776242,2025-09-20,R,2025,Globe Life Field,Texas Rangers,Miami Marlins,3.0,4.0,683004,800049,Stu Scheurwater,Jordan Baker,"74 degrees, Roof Closed.","0 mph, None.",6:08 PM.,"36,054.",9,0,0,2,2
776257,2025-09-20,R,2025,Oriole Park at Camden Yards,Baltimore Orioles,New York Yankees,1.0,6.0,608372,607074,Quinn Wolcott,Edwin Jimenez,"73 degrees, Cloudy.","6 mph, R To L.",7:07 PM.,"37,675.",9,0,3,0,5
776248,2025-09-20,R,2025,Daikin Park,Houston Astros,Seattle Mariners,4.0,6.0,664285,669923,Shane Livensparger,Nate Tomlinson,"73 degrees, Roof Closed.","0 mph, None.",6:13 PM.,"42,065.",9,0,1,0,5
776245,2025-09-20,R,2025,Kauffman Stadium,Kansas City Royals,Toronto Blue Jays,2.0,1.0,702070,669456,Adam Hamari,Todd Tichenor,"81 degrees, Partly Cloudy.","9 mph, R To L.",6:11 PM.,"25,774.",9,0,0,2,0
776250,2025-09-20,R,2025,Rate Field,Chicago White Sox,San Diego Padres,3.0,7.0,672782,506433,Mike Estabrook,Lance Barrett,"73 degrees, Drizzle.","6 mph, Varies.",6:10 PM.,"27,345.",9,1,0,2,1
776244,2025-09-20,R,2025,Busch Stadium,St. Louis Cardinals,Milwaukee Brewers,2.0,3.0,571945,694477,Sean Barber,James Hoye,"74 degrees, Cloudy.","9 mph, In From RF.",6:17 PM.,"36,212.",10,0,0,2,1
776241,2025-09-20,R,2025,Coors Field,Colorado Rockies,Los Angeles Angels,0.0,3.0,608566,543294,Chad Fairchild,Bill Miller,"77 degrees, Cloudy.","2 mph, R To L.",6:11 PM.,"36,407.",9,0,0,0,1
776246,2025-09-20,R,2025,Chase Field,Arizona Diamondbacks,Philadelphia Phillies,4.0,3.0,668678,605400,Alex Tosi,Cory Blaser,"76 degrees, Roof Closed.","0 mph, None.",5:11 PM.,"35,498.",9,1,2,2,3
776233,2025-09-20,R,2025,Dodger Stadium,Los Angeles Dodgers,San Francisco Giants,7.0,5.0,607192,678906,Will Little,Ryan Additon,"74 degrees, Clear.","7 mph, Out To RF.",6:10 PM.,"53,251.",9,2,4,5,4
776238,2025-09-21,R,2025,Comerica Park,Detroit Tigers,Atlanta Braves,2.0,6.0,663554,675911,Carlos Torres,Charlie Ramos,"79 degrees, Cloudy.","4 mph, In From CF.",1:10 PM.,"34,042.",9,0,0,0,3
776234,2025-09-21,R,2025,PNC Park,Pittsburgh Pirates,Athletics,11.0,0.0,681347,687765,Jen Pawol,Doug Eddings,"83 degrees, Sunny.","8 mph, In From RF.",1:38 PM.,"16,107.",9,2,0,10,0
776240,2025-09-21,R,2025,Oriole Park at Camden Yards,Baltimore Orioles,New York Yankees,1.0,7.0,680694,693645,Edwin Jimenez,Ramon De Jesus,"72 degrees, Overcast.","6 mph, In From RF.",1:38 PM.,"31,974.",10,0,0,1,0
776239,2025-09-21,R,2025,Great American Ball Park,Cincinnati Reds,Chicago Cubs,1.0,0.0,671096,592791,Brian Walsh,Edwin Moscoso,"83 degrees, Cloudy.","9 mph, Varies.",2:51 PM.,"29,661.",9,0,0,1,0
776237,2025-09-21,R,2025,Citi Field,New York Mets,Washington Nationals,2.0,3.0,640455,663623,John Tumpane,Chris Conroy,"72 degrees, Partly Cloudy.","7 mph, In From RF.",1:40 PM.,"42,960.",9,0,0,1,3
776229,2025-09-21,R,2025,Kauffman Stadium,Kansas City Royals,Toronto Blue Jays,5.0,8.0,608379,702056,Todd Tichenor,Nestor Ceja,"78 degrees, Partly Cloudy.","6 mph, L To R.",1:12 PM.,"32,936.",9,0,0,4,6
776225,2025-09-21,R,2025,Target Field,Minnesota Twins,Cleveland Guardians,6.0,2.0,680573,676282,Nick Mahrley,Vic Carapazza,"73 degrees, Partly Cloudy.","8 mph, Out To LF.",1:12 PM.,"22,526.",9,0,2,1,2
776235,2025-09-21,R,2025,Rate Field,Chicago White Sox,San Diego Padres,2.0,3.0,680732,650633,Lance Barrett,Laz Diaz,"78 degrees, Partly Cloudy.","8 mph, R To L.",1:10 PM.,"24,205.",9,0,0,0,3
776231,2025-09-21,R,2025,Busch Stadium,St. Louis Cardinals,Milwaukee Brewers,5.0,1.0,669461,688107,James Hoye,John Libka,"82 degrees, Partly Cloudy.","6 mph, R To L.",1:17 PM.,"32,723.",9,0,0,4,1
776226,2025-09-21,R,2025,Globe Life Field,Texas Rangers,Miami Marlins,2.0,4.0,518876,691587,Jordan Baker,Dan Merzel,"74 degrees, Roof Closed.","0 mph, None.",1:39 PM.,"27,331.",9,0,0,0,3
776232,2025-09-21,R,2025,Coors Field,Colorado Rockies,Los Angeles Angels,3.0,1.0,607536,702674,Bill Miller,Roberto Ortiz,"74 degrees, Partly Cloudy.","3 mph, L To R.",1:09 PM.,"28,516.",9,0,1,2,1
776227,2025-09-21,R,2025,Dodger Stadium,Los Angeles Dodgers,San Francisco Giants,1.0,3.0,686218,686790,Ryan Additon,Ryan Wills,"82 degrees, Cloudy.","5 mph, L To R.",1:10 PM.,"46,601.",9,0,0,0,0
776230,2025-09-21,R,2025,Chase Field,Arizona Diamondbacks,Philadelphia Phillies,9.0,2.0,593958,624133,Cory Blaser,Manny Gonzalez,"76 degrees, Roof Closed.","0 mph, None.",1:10 PM.,"37,105.",9,1,0,6,0
776228,2025-09-21,R,2025,Daikin Park,Houston Astros,Seattle Mariners,3.0,7.0,669920,669302,Nate Tomlinson,Bruce Dreckman,"73 degrees, Roof Closed.","0 mph, None.",6:12 PM.,"41,893.",9,0,0,1,7
776236,2025-09-21,R,2025,George M. Steinbrenner Field,Tampa Bay Rays,Boston Red Sox,7.0,3.0,671212,813349,Chris Segal,Alex MacKay,"89 degrees, Partly Cloudy.","4 mph, L To R.",7:35 PM.,"10,046.",9,3,0,3,1
776221,2025-09-22,R,2025,Truist Park,Atlanta Braves,Washington Nationals,11.0,5.0,519242,669022,Dan Iassogna,Manny Gonzalez,"82 degrees, Clear.","8 mph, In From CF.",7:17 PM.,"35,248.",9,1,1,8,5
776222,2025-09-22,R,2025,Petco Park,San Diego Padres,Milwaukee Brewers,5.0,4.0,601713,642547,Roberto Ortiz,Ben May,"71 degrees, Cloudy.","7 mph, L To R.",6:41 PM.,"42,371.",11,1,0,2,3
776220,2025-09-22,R,2025,Oracle Park,San Francisco Giants,St. Louis Cardinals,5.0,6.0,434378,700241,Andy Fletcher,Malachi Moore,"66 degrees, Clear.","13 mph, Varies.",6:45 PM.,"31,301.",9,1,0,5,6
776223,2025-09-23,R,2025,Oriole Park at Camden Yards,Baltimore Orioles,Tampa Bay Rays,6.0,0.0,665152,686752,Nestor Ceja,James Jean,"75 degrees, Cloudy.","0 mph, Calm.",7:46 PM.,"15,267.",9,2,0,4,0
776218,2025-09-23,R,2025,Progressive Field,Cleveland Guardians,Detroit Tigers,5.0,2.0,668909,669373,Edwin Moscoso,Chad Whitson,"72 degrees, Clear.","2 mph, In From CF.",6:40 PM.,"29,571.",9,0,0,0,1
776224,2025-09-23,R,2025,Great American Ball Park,Cincinnati Reds,Pittsburgh Pirates,2.0,4.0,663903,670912,Ramon De Jesus,Adrian Johnson,"76 degrees, Cloudy.","3 mph, Out To LF.",6:42 PM.,"29,847.",9,0,0,2,4
776215,2025-09-23,R,2025,Citizens Bank Park,Philadelphia Phillies,Miami Marlins,5.0,6.0,650911,665795,Vic Carapazza,Mark Ripperger,"80 degrees, Cloudy.","9 mph, Out To CF.",6:47 PM.,"38,041.",11,1,0,3,0
776216,2025-09-23,R,2025,Yankee Stadium,New York Yankees,Chicago White Sox,3.0,2.0,661563,681343,Phil Cuzzi,Dan Bellino,"76 degrees, Cloudy.","5 mph, R To L.",7:10 PM.,"38,318.",9,0,0,1,0
776217,2025-09-23,R,2025,Rogers Centre,Toronto Blue Jays,Boston Red Sox,1.0,4.0,592332,608337,Doug Eddings,Gabe Morales,"68 degrees, Roof Closed.","0 mph, None.",7:09 PM.,"42,927.",9,0,0,1,1
776219,2025-09-23,R,2025,Truist Park,Atlanta Braves,Washington Nationals,3.0,2.0,694462,695418,Manny Gonzalez,Tyler Jones,"85 degrees, Cloudy.","3 mph, L To R.",7:16 PM.,"37,322.",9,0,0,1,1
776209,2025-09-23,R,2025,Wrigley Field,Chicago Cubs,New York Mets,7.0,9.0,690990,656849,John Libka,D.J. Reyburn,"67 degrees, Cloudy.","3 mph, In From LF.",6:40 PM.,"35,729.",9,2,1,6,6
776210,2025-09-23,R,2025,Globe Life Field,Texas Rangers,Minnesota Twins,1.0,4.0,571578,805673,Mark Wegner,Emil Jimenez,"74 degrees, Roof Closed.","0 mph, None.",7:08 PM.,"24,674.",9,1,0,1,2
776207,2025-09-23,R,2025,Angel Stadium,Los Angeles Angels,Kansas City Royals,4.0,8.0,691951,666142,Lance Barksdale,Will Little,"78 degrees, Partly Cloudy.","7 mph, R To L.",6:39 PM.,"30,861.",9,0,2,2,3
776213,2025-09-23,R,2025,Chase Field,Arizona Diamondbacks,Los Angeles Dodgers,5.0,4.0,694297,660271,Junior Valentine,Marvin Hudson,"78 degrees, Roof Closed.","0 mph, None.",6:40 PM.,"42,882.",9,0,0,0,1
776212,2025-09-23,R,2025,T-Mobile Park,Seattle Mariners,Colorado Rockies,4.0,3.0,682243,685326,Adam Beck,John Bacon,"69 degrees, Clear.","6 mph, L To R.",6:42 PM.,"35,925.",9,0,0,1,1
776214,2025-09-23,R,2025,Petco Park,San Diego Padres,Milwaukee Brewers,7.0,0.0,681190,669145,Ben May,Chad Fairchild,"72 degrees, Clear.","6 mph, L To R.",6:41 PM.,"44,089.",9,4,0,6,0
776211,2025-09-23,R,2025,Oracle Park,San Francisco Giants,St. Louis Cardinals,8.0,9.0,657277,669467,Malachi Moore,Paul Clemons,"76 degrees, Clear.","9 mph, Out To CF.",6:45 PM.,"37,012.",9,0,3,7,3
776208,2025-09-23,R,2025,Sutter Health Park,Athletics,Houston Astros,5.0,1.0,605488,664299,Dan Merzel,Stu Scheurwater,"91 degrees, Clear.","5 mph, L To R.",7:06 PM.,"9,465.",9,1,0,4,1
776200,2025-09-24,R,2025,Truist Park,Atlanta Braves,Washington Nationals,3.0,4.0,693821,674841,Tyler Jones,CB Bucknor,"85 degrees, Partly Cloudy.","4 mph, R To L.",12:15 PM.,"32,898.",9,0,1,0,2
776198,2025-09-24,R,2025,Petco Park,San Diego Padres,Milwaukee Brewers,1.0,3.0,656302,694477,Chad Fairchild,Bill Miller,"76 degrees, Sunny.","10 mph, L To R.",1:11 PM.,"41,462.",9,0,0,0,1
776203,2025-09-24,R,2025,Oriole Park at Camden Yards,Baltimore Orioles,Tampa Bay Rays,2.0,6.0,669330,669358,James Jean,Adam Hamari,"73 degrees, Cloudy.","3 mph, R To L.",6:36 PM.,"18,367.",9,0,1,0,3
776204,2025-09-24,R,2025,Progressive Field,Cleveland Guardians,Detroit Tigers,5.0,1.0,676440,656427,Chad Whitson,Brennan Miller,"69 degrees, Cloudy.","5 mph, R To L.",7:16 PM.,"26,293.",9,0,0,3,1
776202,2025-09-24,R,2025,Great American Ball Park,Cincinnati Reds,Pittsburgh Pirates,3.0,4.0,668881,694973,Adrian Johnson,Quinn Wolcott,"73 degrees, Overcast.","3 mph, Out To CF.",6:41 PM.,"30,725.",11,0,0,0,1
776201,2025-09-24,R,2025,Citizens Bank Park,Philadelphia Phillies,Miami Marlins,11.0,1.0,666200,677960,Mike Estabrook,Jacob Metz,"72 degrees, Overcast.","4 mph, Out To LF.",6:46 PM.,"36,816.",9,0,0,6,1
776199,2025-09-24,R,2025,Yankee Stadium,New York Yankees,Chicago White Sox,8.0,1.0,608331,686642,Dan Bellino,Clint Vondrak,"74 degrees, Overcast.","7 mph, Out To LF.",7:10 PM.,"37,751.",9,0,0,5,1
776206,2025-09-24,R,2025,Rogers Centre,Toronto Blue Jays,Boston Red Sox,1.0,7.0,453286,676979,Gabe Morales,Mike Muchlinski,"68 degrees, Roof Closed.","0 mph, None.",7:07 PM.,"39,438.",9,0,3,0,4
776205,2025-09-24,R,2025,Wrigley Field,Chicago Cubs,New York Mets,10.0,3.0,571510,804636,D.J. Reyburn,Sean Barber,"66 degrees, Partly Cloudy.","12 mph, In From CF.",7:08 PM.,"35,060.",9,0,0,8,2
776192,2025-09-24,R,2025,Globe Life Field,Texas Rangers,Minnesota Twins,4.0,2.0,594798,671737,Emil Jimenez,Shane Livensparger,"74 degrees, Roof Closed.","0 mph, None.",7:08 PM.,"24,622.",9,0,1,1,1
776197,2025-09-24,R,2025,Angel Stadium,Los Angeles Angels,Kansas City Royals,3.0,2.0,579328,663568,Will Little,Brian Walsh,"79 degrees, Clear.","7 mph, Out To CF.",6:39 PM.,"29,266.",9,0,0,3,1
776193,2025-09-24,R,2025,Chase Field,Arizona Diamondbacks,Los Angeles Dodgers,4.0,5.0,669194,605483,Marvin Hudson,Ryan Blakney,"78 degrees, Roof Closed.","0 mph, None.",6:40 PM.,"43,417.",11,1,1,1,3
776194,2025-09-24,R,2025,T-Mobile Park,Seattle Mariners,Colorado Rockies,9.0,2.0,622491,685299,John Bacon,Alex Tosi,"68 degrees, Clear.","5 mph, L To R.",6:40 PM.,"42,883.",9,3,0,7,1
776196,2025-09-24,R,2025,Oracle Park,San Francisco Giants,St. Louis Cardinals,4.0,3.0,664141,543243,Paul Clemons,Jansen Visconti,"68 degrees, Partly Cloudy.","9 mph, Varies.",6:45 PM.,"32,409.",9,0,0,3,2
776195,2025-09-24,R,2025,Sutter Health Park,Athletics,Houston Astros,6.0,0.0,622663,686613,Stu Scheurwater,Nic Lentz,"77 degrees, Partly Cloudy.","7 mph, L To R.",7:05 PM.,"9,753.",9,0,0,4,0
776190,2025-09-25,R,2025,Great American Ball Park,Cincinnati Reds,Pittsburgh Pirates,2.0,1.0,666157,677952,Quinn Wolcott,Edwin Jimenez,"71 degrees, Overcast.","6 mph, Out To RF.",2:02 PM.,"24,249.",9,0,0,2,0
776191,2025-09-25,R,2025,Oriole Park at Camden Yards,Baltimore Orioles,Tampa Bay Rays,6.0,5.0,700249,656876,Adam Hamari,Todd Tichenor,"75 degrees, Overcast.","7 mph, In From RF.",1:06 PM.,"16,777.",9,0,0,2,3
776183,2025-09-25,R,2025,Globe Life Field,Texas Rangers,Minnesota Twins,0.0,4.0,641816,641927,Shane Livensparger,Bruce Dreckman,"84 degrees, Partly Cloudy.","11 mph, In From LF.",1:39 PM.,"23,298.",9,0,1,0,1
776182,2025-09-25,R,2025,Sutter Health Park,Athletics,Houston Astros,5.0,11.0,669372,664285,Nic Lentz,Jordan Baker,"79 degrees, Partly Cloudy.","4 mph, R To L.",12:36 PM.,"8,293.",9,0,2,0,9
776185,2025-09-25,R,2025,Chase Field,Arizona Diamondbacks,Los Angeles Dodgers,0.0,8.0,656222,808967,Ryan Blakney,Tripp Gibson,"76 degrees, Roof Closed.","0 mph, None.",12:40 PM.,"34,952.",9,0,0,0,8
776188,2025-09-25,R,2025,Citizens Bank Park,Philadelphia Phillies,Miami Marlins,1.0,0.0,621111,676083,Jacob Metz,Mark Ripperger,"80 degrees, Overcast.","13 mph, Out To CF.",6:06 PM.,"36,265.",9,1,0,1,0
776189,2025-09-25,R,2025,Progressive Field,Cleveland Guardians,Detroit Tigers,2.0,4.0,800048,675512,Brennan Miller,Chris Guccione,"69 degrees, Clear.","7 mph, In From LF.",6:40 PM.,"30,942.",9,0,2,1,4
776184,2025-09-25,R,2025,Yankee Stadium,New York Yankees,Chicago White Sox,5.0,3.0,607074,663436,Clint Vondrak,Tony Randazzo,"76 degrees, Overcast.","7 mph, R To L.",7:11 PM.,"38,545.",9,1,0,4,3
776186,2025-09-25,R,2025,Rogers Centre,Toronto Blue Jays,Boston Red Sox,6.0,1.0,686973,678394,Mike Muchlinski,Scott Barry,"68 degrees, Partly Cloudy.","5 mph, Out To RF.",7:07 PM.,"42,129.",9,0,0,0,0
776187,2025-09-25,R,2025,Wrigley Field,Chicago Cubs,New York Mets,5.0,8.0,684007,690997,Sean Barber,James Hoye,"67 degrees, Clear.","4 mph, In From RF.",6:40 PM.,"38,465.",9,0,2,2,6
776178,2025-09-25,R,2025,Angel Stadium,Los Angeles Angels,Kansas City Royals,4.0,9.0,815083,547179,Brian Walsh,Willie Traynor,"72 degrees, Clear.","6 mph, Out To CF.",6:40 PM.,"35,752.",9,0,2,1,4
776179,2025-09-25,R,2025,T-Mobile Park,Seattle Mariners,Colorado Rockies,6.0,2.0,676106,687134,Alex Tosi,Cory Blaser,"60 degrees, Cloudy.","4 mph, In From CF.",6:40 PM.,"40,686.",9,0,0,6,0
776167,2025-09-26,R,2025,Wrigley Field,Chicago Cubs,St. Louis Cardinals,12.0,1.0,607067,571945,Bill Miller,Roberto Ortiz,"76 degrees, Sunny.","10 mph, Out To CF.",1:20 PM.,"35,611.",9,1,0,4,0
776176,2025-09-26,R,2025,Citizens Bank Park,Philadelphia Phillies,Minnesota Twins,3.0,1.0,605400,657746,Edwin Jimenez,Adrian Johnson,"78 degrees, Partly Cloudy.","6 mph, In From CF.",6:46 PM.,"40,073.",9,1,0,2,0
776165,2025-09-26,R,2025,Nationals Park,Washington Nationals,Chicago White Sox,9.0,10.0,676917,672782,Jen Pawol,Steven Jaschinski,"82 degrees, Cloudy.","3 mph, In From LF.",6:46 PM.,"33,938.",9,1,4,2,8
776174,2025-09-26,R,2025,Yankee Stadium,New York Yankees,Baltimore Orioles,8.0,4.0,701542,669432,CB Bucknor,Ramon De Jesus,"76 degrees, Partly Cloudy.","4 mph, Out To LF.",7:10 PM.,"44,596.",9,2,0,6,3
776177,2025-09-26,R,2025,Rogers Centre,Toronto Blue Jays,Tampa Bay Rays,4.0,2.0,669456,605288,Tony Randazzo,Phil Cuzzi,"70 degrees, Clear.","8 mph, Out To RF.",7:09 PM.,"42,184.",9,1,0,4,2
776181,2025-09-26,R,2025,Fenway Park,Boston Red Sox,Detroit Tigers,4.0,3.0,690986,663554,Todd Tichenor,Nestor Ceja,"76 degrees, Clear.","5 mph, Out To RF.",7:12 PM.,"37,052.",9,0,0,1,3
776175,2025-09-26,R,2025,Progressive Field,Cleveland Guardians,Texas Rangers,3.0,7.0,677944,683004,James Hoye,John Libka,"70 degrees, Clear.","2 mph, In From LF.",7:11 PM.,"36,275.",9,2,4,2,4
776173,2025-09-26,R,2025,loanDepot park,Miami Marlins,New York Mets,6.0,2.0,645261,687075,Chris Guccione,Edwin Moscoso,"72 degrees, Roof Closed.","0 mph, None.",7:10 PM.,"34,546.",9,0,2,6,2
776180,2025-09-26,R,2025,Truist Park,Atlanta Braves,Pittsburgh Pirates,3.0,9.0,666214,656605,Bruce Dreckman,Brock Ballou,"76 degrees, Partly Cloudy.","3 mph, Out To CF.",7:16 PM.,"34,500.",9,1,0,1,4
776171,2025-09-26,R,2025,American Family Field,Milwaukee Brewers,Cincinnati Reds,1.0,3.0,682990,641793,Scott Barry,Doug Eddings,"73 degrees, Roof Closed.","0 mph, None.",7:10 PM.,"40,316.",9,0,0,1,1
776169,2025-09-26,R,2025,Angel Stadium,Los Angeles Angels,Houston Astros,4.0,3.0,543294,669920,Jansen Visconti,Andy Fletcher,"71 degrees, Partly Cloudy.","2 mph, Out To CF.",6:39 PM.,"37,448.",9,0,0,2,3
776170,2025-09-26,R,2025,Petco Park,San Diego Padres,Arizona Diamondbacks,7.0,4.0,506433,668678,Lance Barksdale,Adam Beck,"68 degrees, Cloudy.","8 mph, L To R.",6:41 PM.,"44,547.",9,0,1,6,2
776168,2025-09-26,R,2025,T-Mobile Park,Seattle Mariners,Los Angeles Dodgers,2.0,3.0,669923,686218,Jordan Baker,Dan Merzel,"67 degrees, Partly Cloudy.","5 mph, Out To CF.",6:42 PM.,"45,458.",9,1,0,1,2
776172,2025-09-26,R,2025,Sutter Health Park,Athletics,Kansas City Royals,4.0,3.0,686930,702070,Cory Blaser,John Bacon,"83 degrees, Clear.","4 mph, Out To LF.",7:05 PM.,"10,543.",9,0,0,3,3
776166,2025-09-26,R,2025,Oracle Park,San Francisco Giants,Colorado Rockies,6.0,3.0,686790,608566,Tripp Gibson,Junior Valentine,"63 degrees, Clear.","7 mph, Out To LF.",7:15 PM.,"40,048.",9,2,0,6,3
776162,2025-09-27,R,2025,Yankee Stadium,New York Yankees,Baltimore Orioles,6.0,1.0,693645,608372,Ramon De Jesus,Dan Iassogna,"76 degrees, Cloudy.","2 mph, In From CF.",1:09 PM.,"46,085.",9,1,0,6,0
776164,2025-09-27,R,2025,Wrigley Field,Chicago Cubs,St. Louis Cardinals,7.0,3.0,592791,700241,Roberto Ortiz,Ben May,"78 degrees, Sunny.","7 mph, Out To CF.",1:20 PM.,"38,035.",9,1,0,3,1
776159,2025-09-27,R,2025,Rogers Centre,Toronto Blue Jays,Tampa Bay Rays,5.0,1.0,702056,671212,Phil Cuzzi,Dan Bellino,"73 degrees, Partly Cloudy.","6 mph, Out To CF.",3:07 PM.,"42,624.",9,0,0,4,0
776146,2025-09-27,R,2025,Oracle Park,San Francisco Giants,Colorado Rockies,4.0,3.0,434378,607536,Junior Valentine,Marvin Hudson,"66 degrees, Partly Cloudy.","13 mph, Out To CF.",1:07 PM.,"38,201.",9,0,1,3,2
776160,2025-09-27,R,2025,Nationals Park,Washington Nationals,Chicago White Sox,6.0,5.0,663623,656457,Steven Jaschinski,Vic Carapazza,"74 degrees, Overcast.","6 mph, In From RF.",4:45 PM.,"24,360.",9,0,0,2,4
776157,2025-09-27,R,2025,Fenway Park,Boston Red Sox,Detroit Tigers,1.0,2.0,813349,672456,Nestor Ceja,Mark Ripperger,"75 degrees, Partly Cloudy.","5 mph, In From RF.",4:10 PM.,"36,478.",9,0,0,1,2
776161,2025-09-27,R,2025,loanDepot park,Miami Marlins,New York Mets,0.0,5.0,691587,605280,Edwin Moscoso,David Rackley,"72 degrees, Roof Closed.","0 mph, None.",4:11 PM.,"35,609.",9,0,1,0,2
776163,2025-09-27,R,2025,Citizens Bank Park,Philadelphia Phillies,Minnesota Twins,0.0,5.0,624133,690953,Adrian Johnson,Dexter Kelley,"78 degrees, Cloudy.","6 mph, Out To LF.",6:06 PM.,"40,506.",9,0,1,0,3
776158,2025-09-27,R,2025,Progressive Field,Cleveland Guardians,Texas Rangers,3.0,2.0,676282,656641,John Libka,D.J. Reyburn,"75 degrees, Clear.","2 mph, In From LF.",7:15 PM.,"36,000.",9,2,1,2,2
776156,2025-09-27,R,2025,Truist Park,Atlanta Braves,Pittsburgh Pirates,1.0,3.0,675911,696149,Brock Ballou,Derek Thomas,"80 degrees, Partly Cloudy.","6 mph, Out To CF.",7:16 PM.,"35,007.",9,0,0,1,1
776153,2025-09-27,R,2025,American Family Field,Milwaukee Brewers,Cincinnati Reds,4.0,7.0,688107,671096,Doug Eddings,Gabe Morales,"83 degrees, Clear.","5 mph, In From RF.",6:15 PM.,"40,801.",9,0,0,2,6
776152,2025-09-27,R,2025,Petco Park,San Diego Padres,Arizona Diamondbacks,5.0,1.0,650633,593958,Adam Beck,Emil Jimenez,"73 degrees, Partly Cloudy.","8 mph, L To R.",5:44 PM.,"44,457.",9,3,0,5,1
776155,2025-09-27,R,2025,Angel Stadium,Los Angeles Angels,Houston Astros,1.0,6.0,702674,805123,Andy Fletcher,Malachi Moore,"70 degrees, Cloudy.","9 mph, R To L.",6:39 PM.,"36,487.",9,0,0,0,5
776150,2025-09-27,R,2025,T-Mobile Park,Seattle Mariners,Los Angeles Dodgers,3.0,5.0,669302,607192,Dan Merzel,Stu Scheurwater,"66 degrees, Clear.","4 mph, In From LF.",6:41 PM.,"45,701.",9,0,0,3,2
776154,2025-09-27,R,2025,Sutter Health Park,Athletics,Kansas City Royals,2.0,4.0,806960,608379,John Bacon,Willie Traynor,"70 degrees, Clear.","13 mph, Out To CF.",7:06 PM.,"10,047.",9,0,1,0,3
776151,2025-09-28,R,2025,Fenway Park,Boston Red Sox,Detroit Tigers,4.0,3.0,592254,663978,Mark Ripperger,Adam Hamari,"82 degrees, Sunny.","5 mph, Out To RF.",3:06 PM.,"35,503.",9,1,0,4,3
776138,2025-09-28,R,2025,Sutter Health Park,Athletics,Kansas City Royals,2.0,9.0,669620,666142,Willie Traynor,Alex Tosi,"71 degrees, Cloudy.","8 mph, Out To CF.",12:05 PM.,"8,754.",9,0,0,0,4
776137,2025-09-28,R,2025,Oracle Park,San Francisco Giants,Colorado Rockies,4.0,0.0,657277,685326,Marvin Hudson,Ryan Blakney,"65 degrees, Cloudy.","7 mph, Out To CF.",12:05 PM.,"37,536.",9,1,0,2,0
776141,2025-09-28,R,2025,Citizens Bank Park,Philadelphia Phillies,Minnesota Twins,2.0,1.0,650911,680573,Dexter Kelley,Quinn Wolcott,"82 degrees, Sunny.","4 mph, In From LF.",3:07 PM.,"42,637.",10,0,0,0,0
776143,2025-09-28,R,2025,Nationals Park,Washington Nationals,Chicago White Sox,0.0,8.0,695418,681343,Vic Carapazza,Jacob Metz,"82 degrees, Partly Cloudy.","4 mph, In From LF.",3:06 PM.,"22,473.",9,0,2,0,7
776140,2025-09-28,R,2025,Yankee Stadium,New York Yankees,Baltimore Orioles,3.0,2.0,661563,680694,Dan Iassogna,Shane Livensparger,"82 degrees, Sunny.","5 mph, L To R.",3:09 PM.,"45,004.",9,1,0,2,2
776135,2025-09-28,R,2025,Angel Stadium,Los Angeles Angels,Houston Astros,2.0,6.0,691951,621121,Malachi Moore,Paul Clemons,"78 degrees, Partly Cloudy.","4 mph, Out To CF.",12:08 PM.,"30,609.",9,1,1,1,5
776145,2025-09-28,R,2025,Rogers Centre,Toronto Blue Jays,Tampa Bay Rays,13.0,4.0,592332,693855,Dan Bellino,Clint Vondrak,"74 degrees, Sunny.","11 mph, In From LF.",3:08 PM.,"42,083.",9,5,1,8,4
776136,2025-09-28,R,2025,Petco Park,San Diego Padres,Arizona Diamondbacks,12.0,4.0,676664,694297,Emil Jimenez,Will Little,"74 degrees, Cloudy.","5 mph, L To R.",12:11 PM.,"45,072.",9,5,1,9,2
776139,2025-09-28,R,2025,T-Mobile Park,Seattle Mariners,Los Angeles Dodgers,1.0,6.0,682243,477132,Stu Scheurwater,Nic Lentz,"67 degrees, Partly Cloudy.","8 mph, Out To LF.",12:11 PM.,"45,658.",9,0,0,0,4
776147,2025-09-28,R,2025,Progressive Field,Cleveland Guardians,Texas Rangers,9.0,8.0,671106,571578,D.J. Reyburn,Sean Barber,"76 degrees, Sunny.","7 mph, In From CF.",3:11 PM.,"31,054.",10,2,0,3,4
776148,2025-09-28,R,2025,loanDepot park,Miami Marlins,New York Mets,4.0,0.0,665795,640455,David Rackley,Chad Whitson,"72 degrees, Roof Closed.","0 mph, None.",3:10 PM.,"34,660.",9,0,0,4,0
776144,2025-09-28,R,2025,American Family Field,Milwaukee Brewers,Cincinnati Reds,4.0,2.0,642547,663903,Gabe Morales,Mike Muchlinski,"73 degrees, Sunny.","7 mph, In From RF.",2:10 PM.,"41,055.",9,0,0,4,2
776149,2025-09-28,R,2025,Truist Park,Atlanta Braves,Pittsburgh Pirates,4.0,1.0,450203,670912,Derek Thomas,Mark Wegner,"85 degrees, Partly Cloudy.","8 mph, L To R.",3:16 PM.,"35,827.",9,2,0,2,0
776142,2025-09-28,R,2025,Wrigley Field,Chicago Cubs,St. Louis Cardinals,2.0,0.0,665871,681517,Ben May,Chad Fairchild,"73 degrees, Sunny.","2 mph, In From CF.",2:20 PM.,"37,497.",9,0,0,1,0
813072,2025-09-30,F,2025,Progressive Field,Cleveland Guardians,Detroit Tigers,1.0,2.0,668909,669373,Shane Livensparger,Adam Beck,"74 degrees, Sunny.","10 mph, In From RF.",1:08 PM.,"26,186.",9,0,1,1,1
813066,2025-09-30,F,2025,Wrigley Field,Chicago Cubs,San Diego Padres,3.0,1.0,571510,601713,Erich Bacchus,Cory Blaser,"75 degrees, Sunny.","3 mph, In From CF.",2:08 PM.,"39,114.",9,0,0,2,1
813074,2025-09-30,F,2025,Yankee Stadium,New York Yankees,Boston Red Sox,1.0,3.0,608331,676979,Junior Valentine,Scott Barry,"77 degrees, Partly Cloudy.","8 mph, L To R.",6:08 PM.,"47,027.",9,0,0,1,0
813069,2025-09-30,F,2025,Dodger Stadium,Los Angeles Dodgers,Cincinnati Reds,10.0,5.0,605483,668881,Nick Mahrley,Lance Barrett,"71 degrees, Clear.","4 mph, Out To RF.",6:08 PM.,"50,555.",9,1,0,6,0
813071,2025-10-01,F,2025,Progressive Field,Cleveland Guardians,Detroit Tigers,6.0,1.0,676440,663554,Adam Beck,David Rackley,"71 degrees, Sunny.","13 mph, In From RF.",1:08 PM.,"26,669.",9,1,0,1,1
813064,2025-10-01,F,2025,Wrigley Field,Chicago Cubs,San Diego Padres,0.0,3.0,552640,656302,Cory Blaser,D.J. Reyburn,"72 degrees, Cloudy.","10 mph, R To L.",2:08 PM.,"41,083.",9,0,1,0,3
813070,2025-10-01,F,2025,Yankee Stadium,New York Yankees,Boston Red Sox,4.0,3.0,607074,678394,Scott Barry,Mark Ripperger,"68 degrees, Clear.","10 mph, L To R.",6:10 PM.,"47,993.",9,2,0,3,2
813068,2025-10-01,F,2025,Dodger Stadium,Los Angeles Dodgers,Cincinnati Reds,8.0,4.0,808967,641793,Lance Barrett,Quinn Wolcott,"73 degrees, Clear.","2 mph, Calm.",6:08 PM.,"50,465.",9,0,2,3,2
813073,2025-10-02,F,2025,Progressive Field,Cleveland Guardians,Detroit Tigers,3.0,6.0,677944,656427,David Rackley,Vic Carapazza,"75 degrees, Partly Cloudy.","9 mph, In From LF.",3:08 PM.,"29,891.",9,0,0,1,1
813059,2025-10-02,F,2025,Wrigley Field,Chicago Cubs,San Diego Padres,3.0,1.0,592791,506433,D.J. Reyburn,Todd Tichenor,"79 degrees, Sunny.","2 mph, R To L.",4:08 PM.,"40,895.",9,0,0,2,0
813065,2025-10-02,F,2025,Yankee Stadium,New York Yankees,Boston Red Sox,4.0,0.0,693645,813349,Mark Ripperger,Dan Iassogna,"60 degrees, Clear.","6 mph, Varies.",8:11 PM.,"48,833.",9,0,0,4,0
813047,2025-10-04,D,2025,American Family Field,Milwaukee Brewers,Chicago Cubs,9.0,3.0,642547,571510,Edwin Moscoso,Mike Estabrook,"85 degrees, Sunny.","4 mph, R To L.",1:08 PM.,"42,678.",9,6,1,9,1
813063,2025-10-04,D,2025,Rogers Centre,Toronto Blue Jays,New York Yankees,10.0,1.0,592332,661563,Chris Segal,Adam Hamari,"77 degrees, Sunny.","3 mph, R To L.",4:09 PM.,"44,655.",9,1,0,2,0
813051,2025-10-04,D,2025,Citizens Bank Park,Philadelphia Phillies,Los Angeles Dodgers,3.0,5.0,650911,660271,Nestor Ceja,Adrian Johnson,"77 degrees, Cloudy.","6 mph, Varies.",6:40 PM.,"45,777.",9,0,0,3,0
813058,2025-10-04,D,2025,T-Mobile Park,Seattle Mariners,Detroit Tigers,2.0,3.0,669923,675512,Alex Tosi,Jeremie Rehak,"62 degrees, Cloudy.","8 mph, L To R.",5:40 PM.,"47,290.",11,0,0,1,2
813062,2025-10-05,D,2025,Rogers Centre,Toronto Blue Jays,New York Yankees,13.0,7.0,702056,608331,Adam Hamari,Jordan Baker,"74 degrees, Sunny.","8 mph, In From RF.",4:08 PM.,"44,764.",9,0,0,12,0
813057,2025-10-05,D,2025,T-Mobile Park,Seattle Mariners,Detroit Tigers,3.0,2.0,622491,669373,Jeremie Rehak,John Tumpane,"63 degrees, Clear.","8 mph, In From LF.",5:03 PM.,"47,371.",9,0,0,1,0
813052,2025-10-06,D,2025,Citizens Bank Park,Philadelphia Phillies,Los Angeles Dodgers,3.0,4.0,666200,605483,Adrian Johnson,Nic Lentz,"78 degrees, Partly Cloudy.","9 mph, R To L.",6:08 PM.,"45,653.",9,0,0,0,0
813048,2025-10-06,D,2025,American Family Field,Milwaukee Brewers,Chicago Cubs,7.0,3.0,676879,684007,Mike Estabrook,Will Little,"75 degrees, Roof Closed.","0 mph, None.",8:08 PM.,"42,787.",9,3,3,7,3
813056,2025-10-07,D,2025,Comerica Park,Detroit Tigers,Seattle Mariners,4.0,8.0,656427,669302,John Tumpane,Chris Guccione,"58 degrees, Cloudy.","5 mph, Out To RF.",7:01 PM.,"41,525.",9,0,0,1,4
813061,2025-10-07,D,2025,Yankee Stadium,New York Yankees,Toronto Blue Jays,9.0,6.0,607074,669456,Jordan Baker,Tony Randazzo,"70 degrees, Cloudy.","13 mph, Out To LF.",8:09 PM.,"47,399.",9,1,2,8,6
813055,2025-10-08,D,2025,Comerica Park,Detroit Tigers,Seattle Mariners,9.0,3.0,663554,682243,Chris Guccione,Alan Porter,"62 degrees, Sunny.","8 mph, L To R.",3:08 PM.,"37,069.",9,0,0,3,3
813049,2025-10-08,D,2025,Wrigley Field,Chicago Cubs,Milwaukee Brewers,4.0,3.0,592791,682990,Will Little,Lance Barksdale,"61 degrees, Partly Cloudy.","10 mph, In From RF.",4:08 PM.,"40,737.",9,4,1,4,2
813060,2025-10-08,D,2025,Yankee Stadium,New York Yankees,Toronto Blue Jays,2.0,5.0,693645,686973,Tony Randazzo,Dan Bellino,"66 degrees, Clear.","12 mph, In From LF.",7:09 PM.,"47,823.",9,0,1,1,2
813041,2025-10-08,D,2025,Dodger Stadium,Los Angeles Dodgers,Philadelphia Phillies,2.0,8.0,808967,605400,Nic Lentz,Mark Wegner,"69 degrees, Clear.","4 mph, Calm.",6:08 PM.,"53,689.",9,0,0,1,3
813042,2025-10-09,D,2025,Dodger Stadium,Los Angeles Dodgers,Philadelphia Phillies,2.0,1.0,607192,650911,Mark Wegner,Jim Wolf,"75 degrees, Partly Cloudy.","5 mph, L To R.",3:08 PM.,"50,563.",11,0,0,0,0
813050,2025-10-09,D,2025,Wrigley Field,Chicago Cubs,Milwaukee Brewers,6.0,0.0,571510,642547,Lance Barksdale,Chris Conroy,"58 degrees, Clear.","1 mph, In From RF.",8:08 PM.,"41,770.",9,3,0,3,0
813054,2025-10-10,D,2025,T-Mobile Park,Seattle Mariners,Detroit Tigers,3.0,2.0,669923,669373,Alan Porter,Nate Tomlinson,"61 degrees, Roof Closed.","0 mph, None.",5:09 PM.,"47,025.",15,0,0,1,0
813046,2025-10-11,D,2025,American Family Field,Milwaukee Brewers,Chicago Cubs,3.0,1.0,656730,519141,Chris Conroy,Ryan Blakney,"67 degrees, Roof Closed.","0 mph, None.",7:08 PM.,"42,743.",9,1,0,2,1
813040,2025-10-12,L,2025,Rogers Centre,Toronto Blue Jays,Seattle Mariners,1.0,3.0,592332,682243,Ryan Additon,Ben May,"72 degrees, Roof Closed.","0 mph, None.",8:04 PM.,"44,474.",9,1,0,1,0
813044,2025-10-13,L,2025,Rogers Centre,Toronto Blue Jays,Seattle Mariners,3.0,10.0,702056,669302,Doug Eddings,Alfonso Márquez,"62 degrees, Partly Cloudy.","6 mph, R To L.",5:03 PM.,"44,814.",9,2,3,3,6
813036,2025-10-13,L,2025,American Family Field,Milwaukee Brewers,Los Angeles Dodgers,1.0,2.0,676879,605483,John Libka,James Hoye,"68 degrees, Roof Closed.","0 mph, None.",7:08 PM.,"41,737.",9,0,0,0,0
813034,2025-10-14,L,2025,American Family Field,Milwaukee Brewers,Los Angeles Dodgers,1.0,5.0,642547,808967,Gabe Morales,Adam Beck,"68 degrees, Roof Closed.","0 mph, None.",7:08 PM.,"41,427.",9,1,0,1,2
813043,2025-10-15,L,2025,T-Mobile Park,Seattle Mariners,Toronto Blue Jays,4.0,13.0,669923,669456,Ben May,Marvin Hudson,"59 degrees, Clear.","4 mph, L To R.",5:10 PM.,"46,471.",9,2,0,2,8
813033,2025-10-16,L,2025,Dodger Stadium,Los Angeles Dodgers,Milwaukee Brewers,3.0,1.0,607192,676879,James Hoye,Vic Carapazza,"77 degrees, Sunny.","4 mph, L To R.",3:08 PM.,"51,251.",9,1,0,1,1
813035,2025-10-16,L,2025,T-Mobile Park,Seattle Mariners,Toronto Blue Jays,2.0,8.0,622491,453286,Alfonso Márquez,D.J. Reyburn,"58 degrees, Cloudy.","3 mph, Out To RF.",5:35 PM.,"46,981.",9,0,0,1,5
813039,2025-10-17,L,2025,T-Mobile Park,Seattle Mariners,Toronto Blue Jays,6.0,2.0,682243,592332,Marvin Hudson,Quinn Wolcott,"60 degrees, Roof Closed.","1 mph, Varies.",3:10 PM.,"46,758.",9,0,0,1,1
813031,2025-10-17,L,2025,Dodger Stadium,Los Angeles Dodgers,Milwaukee Brewers,5.0,1.0,660271,500779,Adam Beck,Chad Fairchild,"75 degrees, Clear.","6 mph, L To R.",5:39 PM.,"52,883.",9,3,0,4,0
813038,2025-10-19,L,2025,Rogers Centre,Toronto Blue Jays,Seattle Mariners,6.0,2.0,702056,669302,D.J. Reyburn,Ryan Additon,"68 degrees, Roof Closed.","0 mph, None.",8:04 PM.,"44,764.",9,0,0,5,0
813037,2025-10-20,L,2025,Rogers Centre,Toronto Blue Jays,Seattle Mariners,4.0,3.0,669456,669923,Quinn Wolcott,Doug Eddings,"68 degrees, Roof Closed.","0 mph, None.",8:10 PM.,"44,770.",9,1,1,1,3
813027,2025-10-24,W,2025,Rogers Centre,Toronto Blue Jays,Los Angeles Dodgers,11.0,4.0,702056,605483,Will Little,Mark Wegner,"68 degrees, Roof Closed.","0 mph, None.",8:14 PM.,"44,353.",9,0,0,2,2
813026,2025-10-25,W,2025,Rogers Centre,Toronto Blue Jays,Los Angeles Dodgers,1.0,5.0,592332,808967,Adrian Johnson,John Tumpane,"68 degrees, Roof Closed.","0 mph, None.",8:09 PM.,"44,607.",9,0,1,1,1
813032,2025-10-27,W,2025,Dodger Stadium,Los Angeles Dodgers,Toronto Blue Jays,6.0,5.0,607192,453286,Mark Wegner,Alan Porter,"71 degrees, Clear.","9 mph, Varies.",5:11 PM.,"52,654.",18,0,0,4,4
813023,2025-10-28,W,2025,Dodger Stadium,Los Angeles Dodgers,Toronto Blue Jays,2.0,6.0,660271,669456,John Tumpane,Adam Hamari,"85 degrees, Clear.","9 mph, Varies.",5:11 PM.,"52,552.",9,0,0,1,2
813022,2025-10-29,W,2025,Dodger Stadium,Los Angeles Dodgers,Toronto Blue Jays,1.0,6.0,605483,702056,Alan Porter,Jordan Baker,"86 degrees, Clear.","10 mph, Out To RF.",5:10 PM.,"52,175.",9,0,2,1,3
813025,2025-10-31,W,2025,Rogers Centre,Toronto Blue Jays,Los Angeles Dodgers,1.0,3.0,592332,808967,Adam Hamari,Will Little,"72 degrees, Roof Closed.","0 mph, None.",8:10 PM.,"44,710.",9,0,0,1,3
813024,2025-11-01,W,2025,Rogers Centre,Toronto Blue Jays,Los Angeles Dodgers,4.0,5.0,453286,660271,Jordan Baker,Adrian Johnson,"68 degrees, Roof Closed.","0 mph, None.",8:10 PM.,"44,713.",11,0,0,3,1
