game_pk,date,game_type,season,venue,home,away,home_runs,away_runs,home_sp,away_sp,ump_hp,ump_1b,weather,wind,first_pitch,att,innings,f1_home,f1_away,f5_home,f5_away
823244,2026-03-25,R,2026,Oracle Park,San Francisco Giants,New York Yankees,0.0,7.0,657277.0,608331.0,Bill Miller,Chad Fairchild,"63 degrees, Partly Cloudy.","19 mph, Out To CF.",5:25 PM.,"40,856.",9,0.0,0.0,0,7
823649,2026-03-26,R,2026,Citi Field,New York Mets,Pittsburgh Pirates,11.0,7.0,642547.0,694973.0,Adrian Johnson,Quinn Wolcott,"67 degrees, Sunny.","4 mph, Out To CF.",1:21 PM.,"41,449.",9,5.0,2.0,9,4
823812,2026-03-26,R,2026,American Family Field,Milwaukee Brewers,Chicago White Sox,14.0,2.0,694819.0,681343.0,Mark Wegner,Bruce Dreckman,"65 degrees, Roof Closed.","0 mph, None.",1:11 PM.,"43,001.",9,0.0,1.0,8,1
824704,2026-03-26,R,2026,Wrigley Field,Chicago Cubs,Washington Nationals,4.0,10.0,571510.0,676917.0,Alan Porter,Jim Wolf,"49 degrees, Cloudy.","22 mph, In From LF.",1:20 PM.,"39,712.",9,0.0,0.0,3,7
824865,2026-03-26,R,2026,Oriole Park at Camden Yards,Baltimore Orioles,Minnesota Twins,2.0,1.0,669432.0,657746.0,Laz Diaz,Brian O'Nora,"77 degrees, Partly Cloudy.","10 mph, Out To LF.",3:11 PM.,"42,134.",9,0.0,0.0,0,0
824541,2026-03-26,R,2026,Great American Ball Park,Cincinnati Reds,Boston Red Sox,0.0,3.0,671096.0,676979.0,Dan Iassogna,CB Bucknor,"81 degrees, Sunny.","15 mph, R To L.",4:12 PM.,"43,897.",9,0.0,0.0,0,0
824218,2026-03-26,R,2026,Daikin Park,Houston Astros,Los Angeles Angels,0.0,3.0,686613.0,667755.0,Chris Conroy,John Tumpane,"73 degrees, Roof Closed.","0 mph, None.",3:11 PM.,"41,329.",9,0.0,0.0,0,0
823325,2026-03-26,R,2026,Petco Park,San Diego Padres,Detroit Tigers,2.0,8.0,601713.0,669373.0,Alfonso Márquez,Lance Barrett,"74 degrees, Sunny.","7 mph, L To R.",1:12 PM.,"45,673.",9,0.0,4.0,0,8
823081,2026-03-26,R,2026,Busch Stadium,St. Louis Cardinals,Tampa Bay Rays,9.0,7.0,669461.0,656876.0,Chris Guccione,David Rackley,"91 degrees, Partly Cloudy.","16 mph, Out To LF.",3:18 PM.,"45,037.",9,0.0,0.0,1,1
823486,2026-03-26,R,2026,Citizens Bank Park,Philadelphia Phillies,Texas Rangers,5.0,3.0,650911.0,543135.0,James Hoye,D.J. Reyburn,"76 degrees, Partly Cloudy.","16 mph, Out To CF.",4:16 PM.,"44,610.",9,2.0,0.0,5,0
823974,2026-03-26,R,2026,UNIQLO Field at Dodger Stadium,Los Angeles Dodgers,Arizona Diamondbacks,8.0,2.0,808967.0,668678.0,Andy Fletcher,Cory Blaser,"76 degrees, Clear.","7 mph, Out To RF.",5:31 PM.,"53,712.",9,0.0,0.0,4,2
823163,2026-03-26,R,2026,T-Mobile Park,Seattle Mariners,Cleveland Guardians,4.0,6.0,669302.0,676440.0,Lance Barksdale,Will Little,"52 degrees, Clear.","5 mph, Out To CF.",7:12 PM.,"44,938.",9,1.0,1.0,3,3
823243,2026-03-27,R,2026,Oracle Park,San Francisco Giants,New York Yankees,0.0,3.0,592662.0,693645.0,Chad Fairchild,Chad Whitson,"64 degrees, Partly Cloudy.","6 mph, Out To CF.",1:35 PM.,"40,273.",9,0.0,0.0,0,0
822839,2026-03-27,R,2026,Rogers Centre,Toronto Blue Jays,Athletics,3.0,2.0,592332.0,622663.0,Marvin Hudson,Tripp Gibson,"68 degrees, Roof Closed.","0 mph, None.",7:42 PM.,"42,728.",9,0.0,0.0,2,1
823893,2026-03-27,R,2026,loanDepot park,Miami Marlins,Colorado Rockies,2.0,1.0,645261.0,607536.0,Jordan Baker,Rob Drake,"79 degrees, Partly Cloudy.","2 mph, In From LF.",7:10 PM.,"32,459.",9,0.0,0.0,2,1
824946,2026-03-27,R,2026,Truist Park,Atlanta Braves,Kansas City Royals,6.0,0.0,519242.0,666142.0,Doug Eddings,Mike Muchlinski,"77 degrees, Partly Cloudy.","12 mph, R To L.",7:18 PM.,"39,697.",9,1.0,0.0,4,0
824216,2026-03-27,R,2026,Daikin Park,Houston Astros,Los Angeles Angels,2.0,6.0,681347.0,579328.0,John Tumpane,Ben May,"73 degrees, Roof Closed.","0 mph, None.",7:15 PM.,"30,788.",9,1.0,1.0,2,5
823324,2026-03-27,R,2026,Petco Park,San Diego Padres,Detroit Tigers,2.0,5.0,650633.0,664285.0,Lance Barrett,Malachi Moore,"66 degrees, Partly Cloudy.","7 mph, L To R.",6:40 PM.,"44,896.",9,0.0,0.0,1,0
823162,2026-03-27,R,2026,T-Mobile Park,Seattle Mariners,Cleveland Guardians,5.0,1.0,669923.0,668909.0,Will Little,Ryan Additon,"52 degrees, Cloudy.","7 mph, In From LF.",6:46 PM.,"36,987.",9,0.0,1.0,3,1
823971,2026-03-27,R,2026,UNIQLO Field at Dodger Stadium,Los Angeles Dodgers,Arizona Diamondbacks,5.0,4.0,686218.0,669194.0,Cory Blaser,Jansen Visconti,"67 degrees, Partly Cloudy.","2 mph, Out To RF.",7:11 PM.,"51,540.",9,0.0,0.0,4,4
823082,2026-03-28,R,2026,Busch Stadium,St. Louis Cardinals,Tampa Bay Rays,6.0,5.0,700241.0,671212.0,David Rackley,Nestor Ceja,"51 degrees, Sunny.","5 mph, Out To CF.",1:15 PM.,"25,951.",10,2.0,0.0,2,0
824701,2026-03-28,R,2026,Wrigley Field,Chicago Cubs,Washington Nationals,10.0,2.0,690990.0,571945.0,Jim Wolf,Roberto Ortiz,"41 degrees, Sunny.","9 mph, Out To CF.",1:20 PM.,"34,834.",9,0.0,0.0,6,2
822838,2026-03-28,R,2026,Rogers Centre,Toronto Blue Jays,Athletics,8.0,7.0,656302.0,605488.0,Tripp Gibson,Ryan Blakney,"68 degrees, Roof Closed.","0 mph, None.",3:08 PM.,"40,268.",11,0.0,0.0,1,0
824862,2026-03-28,R,2026,Oriole Park at Camden Yards,Baltimore Orioles,Minnesota Twins,1.0,4.0,680694.0,671737.0,Brian O'Nora,Chris Segal,"46 degrees, Sunny.","9 mph, In From LF.",4:05 PM.,"26,057.",9,0.0,0.0,1,3
823488,2026-03-28,R,2026,Citizens Bank Park,Philadelphia Phillies,Texas Rangers,4.0,5.0,605400.0,656641.0,D.J. Reyburn,Sean Barber,"45 degrees, Sunny.","18 mph, In From LF.",4:06 PM.,"40,051.",10,0.0,1.0,0,3
824540,2026-03-28,R,2026,Great American Ball Park,Cincinnati Reds,Boston Red Sox,6.0,5.0,663903.0,543243.0,CB Bucknor,Adam Beck,"49 degrees, Sunny.","2 mph, L To R.",4:11 PM.,"38,298.",11,2.0,0.0,5,3
823651,2026-03-28,R,2026,Citi Field,New York Mets,Pittsburgh Pirates,4.0,2.0,656849.0,656605.0,Quinn Wolcott,Ramon De Jesus,"42 degrees, Sunny.","4 mph, L To R.",4:11 PM.,"37,183.",11,0.0,0.0,0,0
823892,2026-03-28,R,2026,loanDepot park,Miami Marlins,Colorado Rockies,4.0,3.0,691587.0,547179.0,Rob Drake,Stu Scheurwater,"72 degrees, Roof Closed.","0 mph, None.",4:10 PM.,"10,160.",9,0.0,0.0,3,3
824213,2026-03-28,R,2026,Daikin Park,Houston Astros,Los Angeles Angels,11.0,9.0,664299.0,672282.0,Ben May,Brennan Miller,"73 degrees, Roof Closed.","0 mph, None.",6:11 PM.,"30,740.",9,0.0,0.0,3,6
823811,2026-03-28,R,2026,American Family Field,Milwaukee Brewers,Chicago White Sox,6.0,1.0,694477.0,680732.0,Bruce Dreckman,Carlos Torres,"63 degrees, Roof Closed.","0 mph, None.",6:10 PM.,"36,030.",9,3.0,0.0,4,1
824945,2026-03-28,R,2026,Truist Park,Atlanta Braves,Kansas City Royals,6.0,2.0,625643.0,608379.0,Mike Muchlinski,Gabe Morales,"64 degrees, Clear.","10 mph, L To R.",7:16 PM.,"39,362.",9,0.0,0.0,0,0
823241,2026-03-28,R,2026,Oracle Park,San Francisco Giants,New York Yankees,1.0,3.0,641816.0,701542.0,Chad Whitson,Brian Walsh,"61 degrees, Sunny.","13 mph, Varies.",4:15 PM.,"40,634.",9,0.0,0.0,1,3
823323,2026-03-28,R,2026,Petco Park,San Diego Padres,Detroit Tigers,3.0,0.0,681190.0,656427.0,Malachi Moore,Mike Estabrook,"71 degrees, Partly Cloudy.","11 mph, L To R.",5:41 PM.,"44,368.",9,0.0,0.0,3,0
823973,2026-03-28,R,2026,UNIQLO Field at Dodger Stadium,Los Angeles Dodgers,Arizona Diamondbacks,3.0,2.0,607192.0,593958.0,Jansen Visconti,Alex Tosi,"76 degrees, Partly Cloudy.","6 mph, L To R.",6:10 PM.,"53,340.",9,0.0,1.0,0,2
823161,2026-03-28,R,2026,T-Mobile Park,Seattle Mariners,Cleveland Guardians,5.0,6.0,693433.0,676282.0,Ryan Additon,Ryan Wills,"53 degrees, Partly Cloudy.","6 mph, In From LF.",6:41 PM.,"43,283.",10,0.0,0.0,2,0
824864,2026-03-29,R,2026,Oriole Park at Camden Yards,Baltimore Orioles,Minnesota Twins,8.0,6.0,669358.0,641927.0,Chris Segal,Erich Bacchus,"56 degrees, Partly Cloudy.","13 mph, Out To LF.",1:38 PM.,"18,071.",9,0.0,0.0,3,4
823487,2026-03-29,R,2026,Citizens Bank Park,Philadelphia Phillies,Texas Rangers,3.0,8.0,666200.0,669022.0,Sean Barber,Hunter Wendelstedt,"54 degrees, Sunny.","13 mph, Out To CF.",1:36 PM.,"38,013.",9,0.0,0.0,0,5
824944,2026-03-29,R,2026,Truist Park,Atlanta Braves,Kansas City Royals,1.0,4.0,656550.0,607625.0,Gabe Morales,Emil Jimenez,"57 degrees, Cloudy.","10 mph, L To R.",1:35 PM.,"37,961.",9,0.0,0.0,0,3
822837,2026-03-29,R,2026,Rogers Centre,Toronto Blue Jays,Athletics,5.0,2.0,641778.0,806960.0,Ryan Blakney,Nick Mahrley,"68 degrees, Roof Closed.","0 mph, None.",1:38 PM.,"36,484.",9,1.0,0.0,5,2
824538,2026-03-29,R,2026,Great American Ball Park,Cincinnati Reds,Boston Red Sox,3.0,2.0,695076.0,813349.0,Adam Beck,Jeremie Rehak,"60 degrees, Partly Cloudy.","11 mph, R To L.",1:41 PM.,"27,084.",9,0.0,0.0,0,2
823647,2026-03-29,R,2026,Citi Field,New York Mets,Pittsburgh Pirates,3.0,4.0,690997.0,669387.0,Ramon De Jesus,Paul Clemons,"49 degrees, Sunny.","4 mph, Out To LF.",1:41 PM.,"36,940.",10,0.0,1.0,2,2
823891,2026-03-29,R,2026,loanDepot park,Miami Marlins,Colorado Rockies,4.0,3.0,676974.0,500779.0,Stu Scheurwater,Junior Valentine,"72 degrees, Roof Closed.","0 mph, None.",1:40 PM.,"17,355.",9,1.0,3.0,2,3
824215,2026-03-29,R,2026,Daikin Park,Houston Astros,Los Angeles Angels,9.0,7.0,837227.0,686799.0,Brennan Miller,Chris Conroy,"73 degrees, Roof Closed.","0 mph, None.",1:10 PM.,"30,848.",9,0.0,0.0,6,6
823810,2026-03-29,R,2026,American Family Field,Milwaukee Brewers,Chicago White Sox,9.0,7.0,687075.0,641743.0,Carlos Torres,Nate Tomlinson,"62 degrees, Roof Closed.","0 mph, None.",1:11 PM.,"32,737.",9,2.0,4.0,2,7
823079,2026-03-29,R,2026,Busch Stadium,St. Louis Cardinals,Tampa Bay Rays,7.0,11.0,669160.0,571927.0,Nestor Ceja,Charlie Ramos,"65 degrees, Partly Cloudy.","11 mph, Out To LF.",1:15 PM.,"27,653.",9,0.0,0.0,4,6
824700,2026-03-29,R,2026,Wrigley Field,Chicago Cubs,Washington Nationals,3.0,6.0,684007.0,663623.0,Roberto Ortiz,Alex MacKay,"59 degrees, Cloudy.","4 mph, Out To CF.",1:20 PM.,"33,559.",9,0.0,3.0,2,3
823160,2026-03-29,R,2026,T-Mobile Park,Seattle Mariners,Cleveland Guardians,8.0,0.0,676106.0,677944.0,Ryan Wills,Lance Barksdale,"43 degrees, Roof Closed.","0 mph, None.",4:21 PM.,"30,800.",9,0.0,0.0,6,0
824135,2026-03-30,R,2026,Kauffman Stadium,Kansas City Royals,Minnesota Twins,3.0,1.0,663460.0,680573.0,Alex Tosi,Andy Fletcher,"85 degrees, Sunny.","18 mph, R To L.",3:11 PM.,"39,320.",9,0.0,0.0,2,1
824863,2026-03-30,R,2026,Oriole Park at Camden Yards,Baltimore Orioles,Texas Rangers,2.0,5.0,605135.0,683004.0,Ron Kulpa,Scott Barry,"70 degrees, Partly Cloudy.","8 mph, Out To RF.",6:35 PM.,"11,209.",9,1.0,1.0,2,4
824539,2026-03-30,R,2026,Great American Ball Park,Cincinnati Reds,Pittsburgh Pirates,2.0,0.0,695505.0,677952.0,Junior Valentine,Jordan Baker,"74 degrees, Partly Cloudy.","14 mph, In From RF.",6:40 PM.,"13,626.",9,0.0,0.0,2,0
823484,2026-03-30,R,2026,Citizens Bank Park,Philadelphia Phillies,Washington Nationals,2.0,13.0,592836.0,656492.0,Nick Mahrley,Marvin Hudson,"67 degrees, Cloudy.","16 mph, Out To CF.",6:40 PM.,"35,609.",9,0.0,4.0,2,7
823890,2026-03-30,R,2026,loanDepot park,Miami Marlins,Chicago White Sox,4.0,9.0,663978.0,663436.0,Emil Jimenez,Doug Eddings,"72 degrees, Roof Closed.","0 mph, None.",6:39 PM.,"6,515.",9,0.0,0.0,3,8
822834,2026-03-30,R,2026,Rogers Centre,Toronto Blue Jays,Colorado Rockies,5.0,14.0,664074.0,608372.0,Erich Bacchus,Laz Diaz,"68 degrees, Roof Closed.","0 mph, None.",7:07 PM.,"35,490.",9,0.0,0.0,1,2
824943,2026-03-30,R,2026,Truist Park,Atlanta Braves,Athletics,4.0,0.0,693821.0,682052.0,Dan Bellino,Mark Ripperger,"70 degrees, Cloudy.","5 mph, In From LF.",7:16 PM.,"24,478.",9,3.0,0.0,3,0
824702,2026-03-30,R,2026,Wrigley Field,Chicago Cubs,Los Angeles Angels,7.0,2.0,665795.0,696270.0,Charlie Ramos,Chris Guccione,"77 degrees, Partly Cloudy.","18 mph, Out To LF.",6:40 PM.,"36,702.",9,3.0,0.0,6,0
823809,2026-03-30,R,2026,American Family Field,Milwaukee Brewers,Tampa Bay Rays,2.0,3.0,690986.0,607259.0,Jeremie Rehak,Dan Iassogna,"64 degrees, Roof Closed.","0 mph, None.",6:40 PM.,"20,022.",9,0.0,1.0,0,1
823080,2026-03-30,R,2026,Busch Stadium,St. Louis Cardinals,New York Mets,2.0,4.0,681517.0,605280.0,Vic Carapazza,Hunter Wendelstedt,"84 degrees, Clear.","14 mph, Out To LF.",6:46 PM.,"21,307.",9,1.0,1.0,1,2
824214,2026-03-30,R,2026,Daikin Park,Houston Astros,Boston Red Sox,8.0,1.0,621121.0,624133.0,Nate Tomlinson,Mark Wegner,"73 degrees, Roof Closed.","0 mph, None.",7:10 PM.,"23,532.",9,1.0,0.0,4,0
823320,2026-03-30,R,2026,Petco Park,San Diego Padres,San Francisco Giants,2.0,3.0,621111.0,694738.0,Lance Barksdale,Will Little,"68 degrees, Cloudy.","6 mph, Out To RF.",6:40 PM.,"43,611.",9,0.0,0.0,0,3
823159,2026-03-30,R,2026,T-Mobile Park,Seattle Mariners,New York Yankees,2.0,1.0,622491.0,677960.0,Mike Estabrook,Alfonso Márquez,"48 degrees, Clear.","12 mph, L To R.",6:41 PM.,"27,291.",9,0.0,0.0,1,0
825108,2026-03-30,R,2026,Chase Field,Arizona Diamondbacks,Detroit Tigers,9.0,6.0,647336.0,434378.0,Todd Tichenor,Bill Miller,"88 degrees, Cloudy.","6 mph, Varies.",7:10 PM.,"48,350.",9,2.0,0.0,8,0
823972,2026-03-30,R,2026,UNIQLO Field at Dodger Stadium,Los Angeles Dodgers,Cleveland Guardians,2.0,4.0,808963.0,800048.0,Paul Clemons,Adrian Johnson,"68 degrees, Partly Cloudy.","1 mph, Calm.",7:10 PM.,"52,173.",9,0.0,0.0,0,1
824861,2026-03-31,R,2026,Oriole Park at Camden Yards,Baltimore Orioles,Texas Rangers,5.0,8.0,621107.0,594798.0,Scott Barry,Manny Gonzalez,"82 degrees, Partly Cloudy.","17 mph, Out To CF.",6:35 PM.,"13,542.",9,0.0,0.0,3,3
824537,2026-03-31,R,2026,Great American Ball Park,Cincinnati Reds,Pittsburgh Pirates,3.0,8.0,682227.0,696149.0,Jordan Baker,Rob Drake,"78 degrees, Partly Cloudy.","16 mph, R To L.",6:41 PM.,"22,390.",9,0.0,0.0,1,6
823485,2026-03-31,R,2026,Citizens Bank Park,Philadelphia Phillies,Washington Nationals,3.0,2.0,691725.0,676571.0,Marvin Hudson,Tripp Gibson,"78 degrees, Partly Cloudy.","16 mph, Out To CF.",6:42 PM.,"40,709.",9,0.0,0.0,3,0
823888,2026-03-31,R,2026,loanDepot park,Miami Marlins,Chicago White Sox,9.0,2.0,676083.0,607200.0,Doug Eddings,Mike Muchlinski,"77 degrees, Partly Cloudy.","13 mph, In From LF.",6:41 PM.,"6,667.",9,0.0,0.0,4,2
822836,2026-03-31,R,2026,Rogers Centre,Toronto Blue Jays,Colorado Rockies,5.0,1.0,453286.0,663372.0,Laz Diaz,Brian O'Nora,"68 degrees, Roof Closed.","0 mph, None.",7:07 PM.,"38,871.",9,0.0,0.0,2,0
824942,2026-03-31,R,2026,Truist Park,Atlanta Braves,Athletics,2.0,5.0,660761.0,650644.0,Mark Ripperger,Shane Livensparger,"79 degrees, Partly Cloudy.","10 mph, R To L.",7:16 PM.,"30,799.",9,1.0,0.0,2,5
824699,2026-03-31,R,2026,Wrigley Field,Chicago Cubs,Los Angeles Angels,0.0,2.0,592791.0,667755.0,Chris Guccione,David Rackley,"44 degrees, Cloudy.","14 mph, In From CF.",6:40 PM.,"26,288.",9,0.0,0.0,0,0
823807,2026-03-31,R,2026,American Family Field,Milwaukee Brewers,Tampa Bay Rays,6.0,2.0,605540.0,663556.0,Dan Iassogna,CB Bucknor,"65 degrees, Roof Closed.","0 mph, None.",6:41 PM.,"20,010.",9,0.0,1.0,3,2
823077,2026-03-31,R,2026,Busch Stadium,St. Louis Cardinals,New York Mets,3.0,0.0,669467.0,673540.0,Hunter Wendelstedt,Nic Lentz,"80 degrees, Partly Cloudy.","10 mph, Out To LF.",6:46 PM.,"22,823.",9,0.0,0.0,2,0
824212,2026-03-31,R,2026,Daikin Park,Houston Astros,Boston Red Sox,9.0,2.0,686613.0,678394.0,Mark Wegner,Bruce Dreckman,"73 degrees, Roof Closed.","0 mph, None.",7:11 PM.,"26,930.",9,1.0,0.0,6,1
825107,2026-03-31,R,2026,Chase Field,Arizona Diamondbacks,Detroit Tigers,7.0,5.0,694297.0,663554.0,Bill Miller,Adam Hamari,"86 degrees, Partly Cloudy.","1 mph, In From RF.",6:41 PM.,"28,780.",9,0.0,0.0,1,5
823322,2026-03-31,R,2026,Petco Park,San Diego Padres,San Francisco Giants,3.0,9.0,608566.0,657277.0,Will Little,Ryan Additon,"67 degrees, Overcast.","5 mph, L To R.",6:41 PM.,"41,891.",9,0.0,3.0,3,4
823158,2026-03-31,R,2026,T-Mobile Park,Seattle Mariners,New York Yankees,0.0,5.0,669302.0,608331.0,Alfonso Márquez,Lance Barrett,"53 degrees, Partly Cloudy.","0 mph, None.",6:41 PM.,"32,790.",9,0.0,2.0,0,2
823969,2026-03-31,R,2026,UNIQLO Field at Dodger Stadium,Los Angeles Dodgers,Cleveland Guardians,4.0,1.0,660271.0,676440.0,Adrian Johnson,Quinn Wolcott,"66 degrees, Overcast.","4 mph, L To R.",7:10 PM.,"53,614.",9,0.0,0.0,1,0
824940,2026-04-01,R,2026,Truist Park,Atlanta Braves,Athletics,5.0,1.0,519242.0,622663.0,Shane Livensparger,Dan Merzel,"72 degrees, Partly Cloudy.","3 mph, Out To LF.",12:16 PM.,"27,568.",9,0.0,0.0,5,1
824860,2026-04-01,R,2026,Oriole Park at Camden Yards,Baltimore Orioles,Texas Rangers,8.0,3.0,669432.0,543135.0,Manny Gonzalez,Tom Hanahan,"81 degrees, Partly Cloudy.","5 mph, Out To RF.",12:36 PM.,"14,324.",9,0.0,0.0,7,2
824536,2026-04-01,R,2026,Great American Ball Park,Cincinnati Reds,Pittsburgh Pirates,3.0,8.0,671096.0,694973.0,Rob Drake,Stu Scheurwater,"73 degrees, Partly Cloudy.","8 mph, R To L.",12:41 PM.,"15,007.",9,0.0,3.0,1,3
823483,2026-04-01,R,2026,Citizens Bank Park,Philadelphia Phillies,Washington Nationals,6.0,5.0,650911.0,676917.0,Tripp Gibson,Ryan Blakney,"79 degrees, Cloudy.","10 mph, L To R.",1:07 PM.,"37,469.",10,1.0,0.0,1,1
822835,2026-04-01,R,2026,Rogers Centre,Toronto Blue Jays,Colorado Rockies,1.0,2.0,592332.0,607536.0,Brian O'Nora,Chris Segal,"68 degrees, Roof Closed.","0 mph, None.",1:08 PM.,"37,208.",10,0.0,0.0,1,0
823889,2026-04-01,R,2026,loanDepot park,Miami Marlins,Chicago White Sox,10.0,0.0,645261.0,681343.0,Mike Muchlinski,Gabe Morales,"72 degrees, Roof Closed.","0 mph, None.",1:10 PM.,"6,505.",9,4.0,0.0,8,0
823078,2026-04-01,R,2026,Busch Stadium,St. Louis Cardinals,New York Mets,2.0,1.0,669461.0,642547.0,Nic Lentz,Edwin Moscoso,"58 degrees, Overcast.","7 mph, L To R.",1:15 PM.,"21,684.",11,0.0,0.0,0,0
823806,2026-04-01,R,2026,American Family Field,Milwaukee Brewers,Tampa Bay Rays,8.0,2.0,694819.0,656876.0,CB Bucknor,Chad Fairchild,"62 degrees, Roof Closed.","0 mph, None.",12:40 PM.,"21,949.",9,0.0,0.0,2,2
824211,2026-04-01,R,2026,Daikin Park,Houston Astros,Boston Red Sox,6.0,4.0,681347.0,676979.0,Bruce Dreckman,Carlos Torres,"73 degrees, Roof Closed.","0 mph, None.",1:10 PM.,"25,272.",9,2.0,1.0,5,2
824698,2026-04-01,R,2026,Wrigley Field,Chicago Cubs,Los Angeles Angels,6.0,2.0,571510.0,579328.0,David Rackley,Nestor Ceja,"39 degrees, Cloudy.","21 mph, In From LF.",1:20 PM.,"25,125.",9,0.0,0.0,5,0
825106,2026-04-01,R,2026,Chase Field,Arizona Diamondbacks,Detroit Tigers,1.0,0.0,668678.0,669373.0,Adam Hamari,Clint Vondrak,"80 degrees, Partly Cloudy.","11 mph, Varies.",12:41 PM.,"23,166.",9,1.0,0.0,1,0
823321,2026-04-01,R,2026,Petco Park,San Diego Padres,San Francisco Giants,7.0,1.0,601713.0,605288.0,Ryan Additon,Ryan Wills,"70 degrees, Partly Cloudy.","10 mph, L To R.",1:10 PM.,"41,491.",9,1.0,0.0,2,0
823157,2026-04-01,R,2026,T-Mobile Park,Seattle Mariners,New York Yankees,3.0,5.0,669923.0,693645.0,Lance Barrett,Edwin Jimenez,"47 degrees, Roof Closed.","0 mph, None.",1:11 PM.,"23,415.",9,0.0,1.0,0,1
824136,2026-04-01,R,2026,Kauffman Stadium,Kansas City Royals,Minnesota Twins,13.0,9.0,702070.0,657746.0,Andy Fletcher,Cory Blaser,"55 degrees, Cloudy.","6 mph, In From RF.",6:40 PM.,"10,870.",9,0.0,0.0,5,1
823970,2026-04-01,R,2026,UNIQLO Field at Dodger Stadium,Los Angeles Dodgers,Cleveland Guardians,1.0,4.0,808967.0,668909.0,Quinn Wolcott,Ramon De Jesus,"68 degrees, Partly Cloudy.","12 mph, Varies.",5:20 PM.,"45,556.",9,0.0,0.0,0,2
824133,2026-04-02,R,2026,Kauffman Stadium,Kansas City Royals,Minnesota Twins,1.0,5.0,666142.0,671737.0,Cory Blaser,Jansen Visconti,"72 degrees, Partly Cloudy.","14 mph, R To L.",1:10 PM.,"11,694.",9,0.0,0.0,0,1
825105,2026-04-02,R,2026,Chase Field,Arizona Diamondbacks,Atlanta Braves,2.0,17.0,669194.0,625643.0,Malachi Moore,Mike Estabrook,"80 degrees, Partly Cloudy.","0 mph, None.",6:41 PM.,"21,600.",9,0.0,1.0,1,10
823242,2026-04-02,R,2026,Oracle Park,San Francisco Giants,New York Mets,7.0,2.0,592662.0,656849.0,Nestor Ceja,Charlie Ramos,"56 degrees, Clear.","12 mph, Out To CF.",6:45 PM.,"32,073.",9,3.0,1.0,6,2
822758,2026-04-03,R,2026,Nationals Park,Washington Nationals,Los Angeles Dodgers,6.0,13.0,571945.0,686218.0,Gabe Morales,Doug Eddings,"62 degrees, Partly Cloudy.","4 mph, Out To RF.",1:06 PM.,"41,161.",9,3.0,0.0,4,11
824299,2026-04-03,R,2026,Comerica Park,Detroit Tigers,St. Louis Cardinals,4.0,0.0,664285.0,700241.0,Carlos Torres,Nate Tomlinson,"73 degrees, Partly Cloudy.","18 mph, Out To LF.",1:13 PM.,"45,008.",9,0.0,0.0,3,0
823568,2026-04-03,R,2026,Yankee Stadium,New York Yankees,Miami Marlins,8.0,2.0,701542.0,691587.0,Tom Hanahan,Ron Kulpa,"58 degrees, Partly Cloudy.","8 mph, Out To LF.",1:41 PM.,"48,788.",9,2.0,1.0,4,2
824786,2026-04-03,R,2026,Fenway Park,Boston Red Sox,San Diego Padres,5.0,2.0,543243.0,650633.0,Chris Segal,Erich Bacchus,"56 degrees, Sunny.","6 mph, Out To CF.",2:21 PM.,"36,233.",9,0.0,0.0,2,2
824621,2026-04-03,R,2026,Rate Field,Chicago White Sox,Toronto Blue Jays,5.0,4.0,691799.0,656302.0,Stu Scheurwater,Junior Valentine,"53 degrees, Partly Cloudy.","6 mph, L To R.",1:10 PM.,"33,171.",10,1.0,0.0,3,1
822919,2026-04-03,R,2026,Globe Life Field,Texas Rangers,Cincinnati Reds,3.0,5.0,669022.0,663903.0,Clint Vondrak,Todd Tichenor,"74 degrees, Roof Closed.","0 mph, None.",3:08 PM.,"37,635.",9,0.0,0.0,2,2
824458,2026-04-03,R,2026,Progressive Field,Cleveland Guardians,Chicago Cubs,4.0,1.0,676282.0,690990.0,Dan Merzel,Dan Bellino,"70 degrees, Cloudy.","10 mph, L To R.",4:11 PM.,"37,360.",9,0.0,0.0,1,1
823732,2026-04-03,R,2026,Target Field,Minnesota Twins,Tampa Bay Rays,10.0,4.0,641927.0,671212.0,Ryan Blakney,Nick Mahrley,"38 degrees, Overcast.","9 mph, In From LF.",4:07 PM.,"36,042.",9,0.0,2.0,3,3
824377,2026-04-03,R,2026,Coors Field,Colorado Rockies,Philadelphia Phillies,1.0,10.0,547179.0,605400.0,Jansen Visconti,Alex Tosi,"51 degrees, Sunny.","19 mph, In From LF.",2:12 PM.,"48,366.",9,0.0,7.0,1,10
823406,2026-04-03,R,2026,PNC Park,Pittsburgh Pirates,Baltimore Orioles,5.0,4.0,656605.0,680694.0,Jeremie Rehak,Dan Iassogna,"75 degrees, Cloudy.","16 mph, Out To LF.",4:13 PM.,"38,986.",9,0.0,0.0,5,2
824056,2026-04-03,R,2026,Angel Stadium,Los Angeles Angels,Seattle Mariners,1.0,3.0,672282.0,693433.0,Ramon De Jesus,Paul Clemons,"77 degrees, Partly Cloudy.","12 mph, Out To LF.",7:05 PM.,"44,931.",10,0.0,0.0,0,0
825026,2026-04-03,R,2026,Sutter Health Park,Athletics,Houston Astros,11.0,4.0,605488.0,664299.0,Edwin Moscoso,Vic Carapazza,"73 degrees, Clear.","3 mph, Out To RF.",6:41 PM.,"12,410.",9,0.0,0.0,11,1
825103,2026-04-03,R,2026,Chase Field,Arizona Diamondbacks,Atlanta Braves,0.0,2.0,593958.0,656550.0,Mike Estabrook,Alfonso Márquez,"83 degrees, Partly Cloudy.","4 mph, In From CF.",6:45 PM.,"29,192.",9,0.0,0.0,0,0
823240,2026-04-03,R,2026,Oracle Park,San Francisco Giants,New York Mets,3.0,10.0,641816.0,690997.0,Charlie Ramos,David Rackley,"59 degrees, Clear.","8 mph, Out To CF.",7:15 PM.,"38,613.",9,0.0,2.0,0,5
824295,2026-04-04,R,2026,Comerica Park,Detroit Tigers,St. Louis Cardinals,11.0,6.0,656427.0,669160.0,Nate Tomlinson,Mark Wegner,"56 degrees, Partly Cloudy.","15 mph, In From RF.",1:11 PM.,"28,708.",9,3.0,0.0,8,6
824622,2026-04-04,R,2026,Rate Field,Chicago White Sox,Toronto Blue Jays,6.0,3.0,691799.0,689254.0,Junior Valentine,Jordan Baker,"50 degrees, Cloudy.","16 mph, Out To LF.",1:10 PM.,"18,389.",9,1.0,0.0,1,0
824132,2026-04-04,R,2026,Kauffman Stadium,Kansas City Royals,Milwaukee Brewers,2.0,5.0,679883.0,694477.0,Ryan Wills,Jen Pawol,"47 degrees, Partly Cloudy.","15 mph, L To R.",1:10 PM.,"17,055.",9,0.0,2.0,0,5
824134,2026-04-04,R,2026,Kauffman Stadium,Kansas City Royals,Milwaukee Brewers,8.0,2.0,607625.0,701656.0,Lance Barksdale,Will Little,"55 degrees, Partly Cloudy.","15 mph, L To R.",6:10 PM.,"12,732.",9,0.0,0.0,2,2
822757,2026-04-04,R,2026,Nationals Park,Washington Nationals,Los Angeles Dodgers,5.0,10.0,663623.0,607192.0,Doug Eddings,Willie Traynor,"87 degrees, Partly Cloudy.","5 mph, Out To LF.",4:05 PM.,"40,046.",9,0.0,2.0,2,9
825027,2026-04-04,R,2026,Sutter Health Park,Athletics,Houston Astros,0.0,11.0,806960.0,837227.0,Vic Carapazza,Nic Lentz,"76 degrees, Sunny.","4 mph, Out To RF.",1:05 PM.,"12,015.",9,0.0,2.0,0,7
823404,2026-04-04,R,2026,PNC Park,Pittsburgh Pirates,Baltimore Orioles,3.0,2.0,669387.0,669358.0,Dan Iassogna,James Jean,"82 degrees, Partly Cloudy.","15 mph, Out To LF.",4:07 PM.,"27,949.",9,0.0,0.0,1,2
824782,2026-04-04,R,2026,Fenway Park,Boston Red Sox,San Diego Padres,2.0,3.0,813349.0,681190.0,Erich Bacchus,Laz Diaz,"43 degrees, Cloudy.","13 mph, In From RF.",4:12 PM.,"36,405.",9,0.0,0.0,1,2
822920,2026-04-04,R,2026,Globe Life Field,Texas Rangers,Cincinnati Reds,0.0,2.0,677958.0,695076.0,Todd Tichenor,Bill Miller,"74 degrees, Roof Closed.","0 mph, None.",6:08 PM.,"36,393.",9,0.0,2.0,0,2
823569,2026-04-04,R,2026,Yankee Stadium,New York Yankees,Miami Marlins,9.0,7.0,677960.0,676974.0,Ron Kulpa,Scott Barry,"52 degrees, Partly Cloudy.","14 mph, L To R.",7:08 PM.,"44,150.",9,0.0,2.0,2,4
823730,2026-04-04,R,2026,Target Field,Minnesota Twins,Tampa Bay Rays,1.0,7.0,690953.0,571927.0,Nick Mahrley,Marvin Hudson,"39 degrees, Cloudy.","14 mph, Out To RF.",6:12 PM.,"15,256.",9,0.0,0.0,1,6
825104,2026-04-04,R,2026,Chase Field,Arizona Diamondbacks,Atlanta Braves,2.0,1.0,647336.0,693821.0,Alfonso Márquez,Lance Barrett,"89 degrees, Partly Cloudy.","1 mph, Varies.",4:15 PM.,"37,457.",9,0.0,0.0,2,1
824378,2026-04-04,R,2026,Coors Field,Colorado Rockies,Philadelphia Phillies,1.0,2.0,657514.0,666200.0,Alex Tosi,Andy Fletcher,"60 degrees, Clear.","7 mph, R To L.",6:12 PM.,"39,718.",9,0.0,1.0,1,2
823239,2026-04-04,R,2026,Oracle Park,San Francisco Giants,New York Mets,0.0,9.0,694738.0,605280.0,David Rackley,Edwin Jimenez,"67 degrees, Partly Cloudy.","10 mph, Out To CF.",6:06 PM.,"36,553.",9,0.0,0.0,0,8
824054,2026-04-04,R,2026,Angel Stadium,Los Angeles Angels,Seattle Mariners,1.0,0.0,686799.0,676106.0,Paul Clemons,Adrian Johnson,"82 degrees, Partly Cloudy.","8 mph, Out To LF.",6:39 PM.,"44,084.",9,1.0,0.0,1,0
824459,2026-04-05,R,2026,Progressive Field,Cleveland Guardians,Chicago Cubs,0.0,1.0,677944.0,665795.0,Dan Bellino,John Bacon,"44 degrees, Cloudy.","15 mph, L To R.",1:12 PM.,,9,0.0,0.0,0,0
824460,2026-04-05,R,2026,Progressive Field,Cleveland Guardians,Chicago Cubs,6.0,5.0,800048.0,684007.0,Mark Ripperger,Shane Livensparger,"44 degrees, Partly Cloudy.","16 mph, L To R.",4:35 PM.,"19,791.",9,0.0,0.0,0,1
822756,2026-04-05,R,2026,Nationals Park,Washington Nationals,Los Angeles Dodgers,6.0,8.0,656492.0,808963.0,Willie Traynor,Mike Muchlinski,"60 degrees, Overcast.","4 mph, In From LF.",3:44 PM.,"24,899.",9,0.0,0.0,6,1
823405,2026-04-05,R,2026,PNC Park,Pittsburgh Pirates,Baltimore Orioles,8.0,2.0,677952.0,605135.0,James Jean,Chad Fairchild,"45 degrees, Partly Cloudy.","16 mph, Out To LF.",1:38 PM.,"11,956.",9,2.0,0.0,6,1
824781,2026-04-05,R,2026,Fenway Park,Boston Red Sox,San Diego Padres,6.0,8.0,624133.0,621111.0,Laz Diaz,Brian O'Nora,"47 degrees, Overcast.","2 mph, Out To RF.",1:35 PM.,"29,240.",9,0.0,0.0,4,6
823566,2026-04-05,R,2026,Yankee Stadium,New York Yankees,Miami Marlins,6.0,7.0,608331.0,664126.0,Manny Gonzalez,Tom Hanahan,"55 degrees, Rain.","6 mph, L To R.",5:10 PM.,"34,807.",9,3.0,1.0,4,2
823729,2026-04-05,R,2026,Target Field,Minnesota Twins,Tampa Bay Rays,1.0,4.0,680573.0,607259.0,Marvin Hudson,Tripp Gibson,"50 degrees, Partly Cloudy.","13 mph, R To L.",1:11 PM.,"13,659.",10,0.0,0.0,1,1
824620,2026-04-05,R,2026,Rate Field,Chicago White Sox,Toronto Blue Jays,3.0,0.0,663436.0,641778.0,Jordan Baker,Rob Drake,"50 degrees, Partly Cloudy.","4 mph, Out To LF.",1:10 PM.,"22,326.",9,1.0,0.0,3,0
824131,2026-04-05,R,2026,Kauffman Stadium,Kansas City Royals,Milwaukee Brewers,5.0,8.0,663460.0,690986.0,Will Little,Ryan Additon,"56 degrees, Sunny.","10 mph, L To R.",1:11 PM.,"14,584.",9,0.0,3.0,2,4
822917,2026-04-05,R,2026,Globe Life Field,Texas Rangers,Cincinnati Reds,1.0,2.0,683004.0,695505.0,Bill Miller,Adam Hamari,"68 degrees, Partly Cloudy.","12 mph, Varies.",1:38 PM.,"31,561.",9,0.0,0.0,0,1
824379,2026-04-05,R,2026,Coors Field,Colorado Rockies,Philadelphia Phillies,4.0,1.0,608372.0,592836.0,Andy Fletcher,Cory Blaser,"60 degrees, Sunny.","9 mph, In From CF.",1:11 PM.,"29,757.",9,3.0,0.0,4,1
825025,2026-04-05,R,2026,Sutter Health Park,Athletics,Houston Astros,12.0,10.0,682052.0,621121.0,Nic Lentz,Jacob Metz,"78 degrees, Partly Cloudy.","4 mph, Out To RF.",1:05 PM.,"10,085.",10,0.0,0.0,5,3
823238,2026-04-05,R,2026,Oracle Park,San Francisco Giants,New York Mets,2.0,5.0,657277.0,673540.0,Edwin Jimenez,Nestor Ceja,"74 degrees, Sunny.","11 mph, Varies.",1:06 PM.,"37,079.",9,0.0,0.0,0,1
824053,2026-04-05,R,2026,Angel Stadium,Los Angeles Angels,Seattle Mariners,8.0,7.0,691946.0,622491.0,Adrian Johnson,Quinn Wolcott,"83 degrees, Sunny.","2 mph, Calm.",1:08 PM.,"27,712.",11,1.0,0.0,6,5
825102,2026-04-05,R,2026,Chase Field,Arizona Diamondbacks,Atlanta Braves,6.0,5.0,694297.0,527048.0,Lance Barrett,Malachi Moore,"76 degrees, Roof Closed.","0 mph, None.",1:11 PM.,"25,814.",10,1.0,1.0,3,3
824296,2026-04-05,R,2026,Comerica Park,Detroit Tigers,St. Louis Cardinals,3.0,5.0,672456.0,681517.0,Mark Wegner,Bruce Dreckman,"44 degrees, Cloudy.","15 mph, Out To LF.",7:20 PM.,"28,823.",9,0.0,0.0,2,4
823002,2026-04-06,R,2026,Tropicana Field,Tampa Bay Rays,Chicago Cubs,6.0,4.0,663556.0,592791.0,Brian Walsh,Chad Fairchild,"72 degrees, Dome.","0 mph, None.",4:10 PM.,"25,114.",9,0.0,0.0,4,2
824456,2026-04-06,R,2026,Progressive Field,Cleveland Guardians,Kansas City Royals,2.0,4.0,676440.0,608379.0,Adam Beck,Ben May,"47 degrees, Partly Cloudy.","5 mph, L To R.",6:11 PM.,"13,143.",9,0.0,0.0,1,1
823401,2026-04-06,R,2026,PNC Park,Pittsburgh Pirates,San Diego Padres,0.0,5.0,696149.0,608566.0,Tripp Gibson,Ryan Blakney,"52 degrees, Drizzle.","12 mph, Out To CF.",6:43 PM.,"8,446.",9,0.0,0.0,0,3
823886,2026-04-06,R,2026,loanDepot park,Miami Marlins,Cincinnati Reds,0.0,2.0,676083.0,682227.0,John Libka,James Hoye,"72 degrees, Roof Closed.","0 mph, None.",6:43 PM.,"10,934.",9,0.0,0.0,0,1
822755,2026-04-06,R,2026,Nationals Park,Washington Nationals,St. Louis Cardinals,9.0,6.0,641793.0,669467.0,Tom Hanahan,Derek Thomas,"61 degrees, Partly Cloudy.","7 mph, In From CF.",6:46 PM.,"12,319.",9,2.0,0.0,2,1
824783,2026-04-06,R,2026,Fenway Park,Boston Red Sox,Milwaukee Brewers,6.0,8.0,678394.0,605540.0,Chris Conroy,John Tumpane,"46 degrees, Partly Cloudy.","9 mph, Out To RF.",6:47 PM.,"35,107.",9,1.0,0.0,5,5
822832,2026-04-06,R,2026,Rogers Centre,Toronto Blue Jays,Los Angeles Dodgers,2.0,14.0,453286.0,680736.0,Shane Livensparger,Dan Merzel,"68 degrees, Roof Closed.","0 mph, None.",7:07 PM.,"40,991.",9,1.0,2.0,1,6
823728,2026-04-06,R,2026,Target Field,Minnesota Twins,Detroit Tigers,7.0,3.0,657746.0,663554.0,Rob Drake,Quinn Wolcott,"37 degrees, Clear.","6 mph, R To L.",6:42 PM.,"12,569.",9,0.0,0.0,5,3
824619,2026-04-06,R,2026,Rate Field,Chicago White Sox,Baltimore Orioles,1.0,2.0,691799.0,687064.0,Malachi Moore,Mike Estabrook,"48 degrees, Cloudy.","3 mph, Out To CF.",6:40 PM.,"17,221.",9,0.0,0.0,0,1
822918,2026-04-06,R,2026,Globe Life Field,Texas Rangers,Seattle Mariners,2.0,1.0,594798.0,669302.0,Alex MacKay,Alan Porter,"70 degrees, Partly Cloudy.","6 mph, Varies.",7:08 PM.,"23,901.",9,1.0,1.0,1,1
824376,2026-04-06,R,2026,Coors Field,Colorado Rockies,Houston Astros,9.0,7.0,663372.0,675989.0,Nestor Ceja,Charlie Ramos,"65 degrees, Cloudy.","12 mph, In From LF.",6:41 PM.,"16,301.",9,0.0,2.0,8,3
824052,2026-04-06,R,2026,Angel Stadium,Los Angeles Angels,Atlanta Braves,6.0,2.0,667755.0,519242.0,Hunter Wendelstedt,Edwin Moscoso,"72 degrees, Clear.","8 mph, Out To CF.",6:38 PM.,"25,471.",9,1.0,1.0,6,1
823237,2026-04-06,R,2026,Oracle Park,San Francisco Giants,Philadelphia Phillies,4.0,6.0,605288.0,691725.0,Adam Hamari,Clint Vondrak,"55 degrees, Partly Cloudy.","14 mph, Out To CF.",6:45 PM.,"32,898.",9,0.0,0.0,4,2
824457,2026-04-07,R,2026,Progressive Field,Cleveland Guardians,Kansas City Royals,2.0,1.0,668909.0,702070.0,Ben May,Dan Iassogna,"33 degrees, Sunny.","10 mph, L To R.",1:10 PM.,"10,328.",9,0.0,0.0,1,1
824618,2026-04-07,R,2026,Rate Field,Chicago White Sox,Baltimore Orioles,2.0,4.0,681343.0,669432.0,Mike Estabrook,Willie Traynor,"36 degrees, Sunny.","9 mph, In From LF.",2:11 PM.,"10,750.",9,0.0,0.0,2,1
823648,2026-04-07,R,2026,Citi Field,New York Mets,Arizona Diamondbacks,4.0,3.0,642547.0,668678.0,Brian O'Nora,Chris Segal,"50 degrees, Sunny.","17 mph, L To R.",4:11 PM.,"34,753.",10,1.0,0.0,2,3
823402,2026-04-07,R,2026,PNC Park,Pittsburgh Pirates,San Diego Padres,7.0,1.0,694973.0,601713.0,Ryan Blakney,Nick Mahrley,"41 degrees, Clear.","9 mph, Out To RF.",6:42 PM.,"9,061.",9,0.0,0.0,2,0
822999,2026-04-07,R,2026,Tropicana Field,Tampa Bay Rays,Chicago Cubs,2.0,9.0,669438.0,665871.0,Chad Fairchild,Chad Whitson,"69 degrees, Dome.","0 mph, None.",6:40 PM.,"21,377.",9,0.0,0.0,0,4
823887,2026-04-07,R,2026,loanDepot park,Miami Marlins,Cincinnati Reds,3.0,6.0,645261.0,671096.0,James Hoye,D.J. Reyburn,"72 degrees, Roof Closed.","0 mph, None.",6:40 PM.,"8,318.",10,0.0,0.0,2,0
822754,2026-04-07,R,2026,Nationals Park,Washington Nationals,St. Louis Cardinals,6.0,7.0,676917.0,669461.0,Derek Thomas,Scott Barry,"51 degrees, Clear.","14 mph, In From LF.",6:45 PM.,"20,036.",10,1.0,2.0,4,2
824780,2026-04-07,R,2026,Fenway Park,Boston Red Sox,Milwaukee Brewers,3.0,2.0,676979.0,694819.0,John Tumpane,Brennan Miller,"42 degrees, Clear.","12 mph, L To R.",6:45 PM.,"33,193.",9,0.0,0.0,0,0
823567,2026-04-07,R,2026,Yankee Stadium,New York Yankees,Athletics,5.0,3.0,693645.0,650644.0,Bruce Dreckman,Carlos Torres,"43 degrees, Clear.","16 mph, Out To RF.",7:09 PM.,"39,853.",9,0.0,0.0,1,3
822831,2026-04-07,R,2026,Rogers Centre,Toronto Blue Jays,Los Angeles Dodgers,1.0,4.0,592332.0,808967.0,Dan Merzel,Dan Bellino,"68 degrees, Roof Closed.","0 mph, None.",7:08 PM.,"40,971.",9,0.0,0.0,0,3
823727,2026-04-07,R,2026,Target Field,Minnesota Twins,Detroit Tigers,4.0,2.0,671737.0,669373.0,Quinn Wolcott,Steven Jaschinski,"44 degrees, Partly Cloudy.","11 mph, R To L.",6:40 PM.,"12,341.",9,0.0,0.0,4,0
822916,2026-04-07,R,2026,Globe Life Field,Texas Rangers,Seattle Mariners,3.0,2.0,543135.0,669923.0,Alan Porter,Brock Ballou,"71 degrees, Overcast.","8 mph, Varies.",7:09 PM.,"22,411.",9,0.0,1.0,3,2
824375,2026-04-07,R,2026,Coors Field,Colorado Rockies,Houston Astros,5.0,1.0,607536.0,681347.0,Charlie Ramos,David Rackley,"71 degrees, Partly Cloudy.","6 mph, In From CF.",6:42 PM.,"17,328.",9,0.0,0.0,3,1
824051,2026-04-07,R,2026,Angel Stadium,Los Angeles Angels,Atlanta Braves,2.0,7.0,579328.0,625643.0,Edwin Moscoso,Vic Carapazza,"72 degrees, Clear.","9 mph, Out To LF.",6:38 PM.,"40,450.",9,2.0,0.0,2,4
823235,2026-04-07,R,2026,Oracle Park,San Francisco Giants,Philadelphia Phillies,6.0,0.0,592662.0,650911.0,Clint Vondrak,Todd Tichenor,"59 degrees, Partly Cloudy.","12 mph, Out To CF.",6:45 PM.,"32,403.",9,1.0,0.0,3,0
823403,2026-04-08,R,2026,PNC Park,Pittsburgh Pirates,San Diego Padres,2.0,8.0,656605.0,650633.0,Nick Mahrley,Marvin Hudson,"46 degrees, Sunny.","8 mph, In From CF.",12:38 PM.,"10,046.",9,0.0,0.0,0,0
824455,2026-04-08,R,2026,Progressive Field,Cleveland Guardians,Kansas City Royals,10.0,2.0,676282.0,666142.0,Dan Iassogna,James Jean,"50 degrees, Sunny.","8 mph, Out To LF.",1:10 PM.,"14,734.",9,3.0,0.0,5,2
824779,2026-04-08,R,2026,Fenway Park,Boston Red Sox,Milwaukee Brewers,5.0,0.0,543243.0,675660.0,Brennan Miller,Dexter Kelley,"43 degrees, Sunny.","8 mph, In From RF.",1:36 PM.,"28,660.",9,0.0,0.0,3,0
824617,2026-04-08,R,2026,Rate Field,Chicago White Sox,Baltimore Orioles,3.0,5.0,680732.0,680694.0,Willie Traynor,Lance Barrett,"58 degrees, Partly Cloudy.","18 mph, In From RF.",1:11 PM.,"10,133.",9,0.0,0.0,3,2
822915,2026-04-08,R,2026,Globe Life Field,Texas Rangers,Seattle Mariners,3.0,0.0,669022.0,693433.0,Brock Ballou,Roberto Ortiz,"74 degrees, Roof Closed.","0 mph, None.",1:38 PM.,"20,997.",9,0.0,0.0,3,0
822833,2026-04-08,R,2026,Rogers Centre,Toronto Blue Jays,Los Angeles Dodgers,4.0,3.0,656302.0,660271.0,Dan Bellino,Mark Ripperger,"68 degrees, Roof Closed.","0 mph, None.",3:08 PM.,"37,766.",9,0.0,0.0,1,1
824374,2026-04-08,R,2026,Coors Field,Colorado Rockies,Houston Astros,9.0,1.0,547179.0,664299.0,David Rackley,Edwin Jimenez,"71 degrees, Partly Cloudy.","13 mph, In From LF.",1:10 PM.,"15,189.",9,1.0,0.0,7,1
823234,2026-04-08,R,2026,Oracle Park,San Francisco Giants,Philadelphia Phillies,5.0,0.0,641816.0,605400.0,Todd Tichenor,Austin Jones,"63 degrees, Partly Cloudy.","11 mph, Varies.",12:45 PM.,"36,106.",9,0.0,0.0,0,0
822753,2026-04-08,R,2026,Nationals Park,Washington Nationals,St. Louis Cardinals,1.0,6.0,571945.0,700241.0,Scott Barry,Manny Gonzalez,"52 degrees, Sunny.","6 mph, Out To LF.",4:04 PM.,"12,686.",9,0.0,0.0,1,3
824050,2026-04-08,R,2026,Angel Stadium,Los Angeles Angels,Atlanta Braves,2.0,8.0,672282.0,656550.0,Vic Carapazza,Nic Lentz,"74 degrees, Sunny.","4 mph, Out To CF.",1:07 PM.,"21,375.",9,0.0,1.0,2,7
823646,2026-04-08,R,2026,Citi Field,New York Mets,Arizona Diamondbacks,2.0,7.0,656849.0,669194.0,Chris Segal,Erich Bacchus,"48 degrees, Sunny.","6 mph, Out To LF.",4:10 PM.,"33,422.",9,0.0,1.0,0,5
823000,2026-04-08,R,2026,Tropicana Field,Tampa Bay Rays,Chicago Cubs,2.0,6.0,671212.0,607067.0,Chad Whitson,Bill Miller,"72 degrees, Dome.","0 mph, None.",6:40 PM.,"20,483.",9,0.0,1.0,1,6
823885,2026-04-08,R,2026,loanDepot park,Miami Marlins,Cincinnati Reds,7.0,4.0,691587.0,663903.0,D.J. Reyburn,Sean Barber,"72 degrees, Roof Closed.","0 mph, None.",6:40 PM.,"8,639.",9,2.0,2.0,6,4
823564,2026-04-08,R,2026,Yankee Stadium,New York Yankees,Athletics,2.0,3.0,701542.0,622663.0,Carlos Torres,Nate Tomlinson,"44 degrees, Clear.","8 mph, R To L.",7:08 PM.,"38,147.",9,2.0,0.0,2,2
823726,2026-04-08,R,2026,Target Field,Minnesota Twins,Detroit Tigers,8.0,6.0,641927.0,664285.0,Steven Jaschinski,Adrian Johnson,"51 degrees, Partly Cloudy.","15 mph, Out To CF.",6:41 PM.,"13,038.",9,6.0,0.0,7,0
823884,2026-04-09,R,2026,loanDepot park,Miami Marlins,Cincinnati Reds,8.0,1.0,676974.0,695076.0,Sean Barber,John Libka,"72 degrees, Roof Closed.","0 mph, None.",12:10 PM.,"9,578.",9,1.0,0.0,4,1
823565,2026-04-09,R,2026,Yankee Stadium,New York Yankees,Athletics,0.0,1.0,677960.0,605488.0,Nate Tomlinson,Mark Wegner,"50 degrees, Sunny.","10 mph, Out To LF.",1:37 PM.,"40,392.",9,0.0,0.0,0,0
823724,2026-04-09,R,2026,Target Field,Minnesota Twins,Detroit Tigers,3.0,1.0,690953.0,656427.0,Adrian Johnson,Rob Drake,"45 degrees, Partly Cloudy.","6 mph, Out To RF.",12:41 PM.,"19,054.",9,0.0,0.0,1,0
823645,2026-04-09,R,2026,Citi Field,New York Mets,Arizona Diamondbacks,1.0,7.0,690997.0,593958.0,Erich Bacchus,Laz Diaz,"45 degrees, Clear.","9 mph, Out To LF.",7:10 PM.,"35,783.",9,1.0,0.0,1,0
824130,2026-04-09,R,2026,Kauffman Stadium,Kansas City Royals,Chicago White Sox,0.0,2.0,607625.0,641743.0,Marvin Hudson,Tripp Gibson,"78 degrees, Partly Cloudy.","9 mph, Out To LF.",6:40 PM.,"13,001.",9,0.0,0.0,0,1
823319,2026-04-09,R,2026,Petco Park,San Diego Padres,Colorado Rockies,7.0,3.0,681190.0,623474.0,Nic Lentz,Hunter Wendelstedt,"69 degrees, Cloudy.","7 mph, L To R.",6:42 PM.,"41,390.",12,0.0,0.0,1,1
824695,2026-04-10,R,2026,Wrigley Field,Chicago Cubs,Pittsburgh Pirates,0.0,2.0,684007.0,669387.0,Roberto Ortiz,Alex MacKay,"49 degrees, Sunny.","10 mph, In From LF.",1:20 PM.,"28,811.",9,0.0,0.0,0,0
823482,2026-04-10,R,2026,Citizens Bank Park,Philadelphia Phillies,Arizona Diamondbacks,4.0,5.0,666200.0,647336.0,Quinn Wolcott,Brock Ballou,"68 degrees, Clear.","12 mph, Out To CF.",6:41 PM.,"41,683.",9,4.0,0.0,4,5
824297,2026-04-10,R,2026,Comerica Park,Detroit Tigers,Miami Marlins,2.0,0.0,672456.0,663978.0,Lance Barrett,Malachi Moore,"52 degrees, Cloudy.","7 mph, In From LF.",6:41 PM.,"20,285.",9,0.0,0.0,2,0
824534,2026-04-10,R,2026,Great American Ball Park,Cincinnati Reds,Los Angeles Angels,2.0,10.0,695505.0,686799.0,James Jean,Adam Beck,"70 degrees, Overcast.","12 mph, R To L.",6:45 PM.,"22,357.",9,0.0,0.0,1,4
822829,2026-04-10,R,2026,Rogers Centre,Toronto Blue Jays,Minnesota Twins,10.0,4.0,571578.0,680573.0,Manny Gonzalez,Tom Hanahan,"68 degrees, Roof Closed.","0 mph, None.",7:07 PM.,"40,721.",9,0.0,3.0,6,4
823643,2026-04-10,R,2026,Citi Field,New York Mets,Athletics,0.0,4.0,605280.0,669372.0,John Libka,James Hoye,"52 degrees, Clear.","11 mph, Out To CF.",7:10 PM.,"36,349.",9,0.0,0.0,0,1
822997,2026-04-10,R,2026,Tropicana Field,Tampa Bay Rays,New York Yankees,5.0,3.0,571927.0,661563.0,Mark Ripperger,Shane Livensparger,"72 degrees, Dome.","0 mph, None.",7:10 PM.,"20,511.",9,2.0,2.0,3,2
824858,2026-04-10,R,2026,Oriole Park at Camden Yards,Baltimore Orioles,San Francisco Giants,3.0,6.0,669358.0,694738.0,Laz Diaz,Brian O'Nora,"66 degrees, Partly Cloudy.","7 mph, Out To LF.",7:17 PM.,"32,294.",9,0.0,0.0,1,3
824941,2026-04-10,R,2026,Truist Park,Atlanta Braves,Cleveland Guardians,11.0,5.0,693821.0,677944.0,Dexter Kelley,Chris Conroy,"76 degrees, Clear.","3 mph, L To R.",7:15 PM.,"40,363.",9,0.0,0.0,1,2
824128,2026-04-10,R,2026,Kauffman Stadium,Kansas City Royals,Chicago White Sox,2.0,0.0,663460.0,663436.0,Tripp Gibson,Ryan Blakney,"57 degrees, Cloudy.","8 mph, In From RF.",6:41 PM.,"12,907.",9,0.0,0.0,1,0
823808,2026-04-10,R,2026,American Family Field,Milwaukee Brewers,Washington Nationals,3.0,7.0,676879.0,663623.0,Mark Wegner,Bruce Dreckman,"65 degrees, Roof Closed.","0 mph, None.",6:40 PM.,"30,196.",9,3.0,2.0,3,2
823076,2026-04-10,R,2026,Busch Stadium,St. Louis Cardinals,Boston Red Sox,3.0,2.0,669160.0,813349.0,Bill Miller,Brian Walsh,"63 degrees, Cloudy.","11 mph, In From RF.",7:15 PM.,"27,125.",9,0.0,0.0,3,2
823318,2026-04-10,R,2026,Petco Park,San Diego Padres,Colorado Rockies,5.0,2.0,621111.0,608372.0,Hunter Wendelstedt,Edwin Moscoso,"64 degrees, Partly Cloudy.","8 mph, L To R.",6:42 PM.,"42,454.",9,0.0,0.0,2,0
823156,2026-04-10,R,2026,T-Mobile Park,Seattle Mariners,Houston Astros,9.0,6.0,676106.0,837227.0,Austin Jones,Adam Hamari,"64 degrees, Overcast.","0 mph, None.",6:40 PM.,"44,468.",9,3.0,0.0,5,3
823968,2026-04-10,R,2026,UNIQLO Field at Dodger Stadium,Los Angeles Dodgers,Texas Rangers,8.0,7.0,607192.0,677958.0,Chris Guccione,Nestor Ceja,"65 degrees, Clear.","8 mph, L To R.",7:10 PM.,"53,675.",9,0.0,0.0,3,4
823480,2026-04-11,R,2026,Citizens Bank Park,Philadelphia Phillies,Arizona Diamondbacks,4.0,3.0,592836.0,694297.0,Brock Ballou,Dan Merzel,"62 degrees, Sunny.","14 mph, In From LF.",1:06 PM.,"41,201.",9,0.0,2.0,4,2
824294,2026-04-11,R,2026,Comerica Park,Detroit Tigers,Miami Marlins,6.0,1.0,663554.0,676083.0,Malachi Moore,Mike Estabrook,"52 degrees, Sunny.","5 mph, In From LF.",1:11 PM.,"31,414.",9,2.0,0.0,5,1
824697,2026-04-11,R,2026,Wrigley Field,Chicago Cubs,Pittsburgh Pirates,3.0,4.0,665795.0,677952.0,Alex MacKay,Alan Porter,"48 degrees, Partly Cloudy.","7 mph, In From RF.",1:20 PM.,"34,049.",11,0.0,0.0,1,3
822830,2026-04-11,R,2026,Rogers Centre,Toronto Blue Jays,Minnesota Twins,4.0,7.0,641778.0,657746.0,Tom Hanahan,Derek Thomas,"68 degrees, Roof Closed.","0 mph, None.",3:08 PM.,"41,591.",9,2.0,0.0,2,7
824535,2026-04-11,R,2026,Great American Ball Park,Cincinnati Reds,Los Angeles Angels,7.0,3.0,682227.0,691946.0,Adam Beck,Ben May,"68 degrees, Partly Cloudy.","6 mph, L To R.",4:11 PM.,"32,554.",9,4.0,0.0,5,3
823644,2026-04-11,R,2026,Citi Field,New York Mets,Athletics,6.0,11.0,673540.0,682052.0,James Hoye,D.J. Reyburn,"62 degrees, Sunny.","12 mph, L To R.",4:10 PM.,"38,244.",9,1.0,0.0,3,7
824129,2026-04-11,R,2026,Kauffman Stadium,Kansas City Royals,Chicago White Sox,2.0,0.0,608379.0,607200.0,Ryan Blakney,Nick Mahrley,"75 degrees, Cloudy.","11 mph, In From RF.",3:35 PM.,"16,214.",9,1.0,0.0,1,0
822996,2026-04-11,R,2026,Tropicana Field,Tampa Bay Rays,New York Yankees,5.0,4.0,607259.0,608331.0,Shane Livensparger,Dan Bellino,"72 degrees, Dome.","0 mph, None.",6:10 PM.,"21,620.",10,0.0,0.0,1,1
823805,2026-04-11,R,2026,American Family Field,Milwaukee Brewers,Washington Nationals,1.0,3.0,690986.0,656492.0,Bruce Dreckman,Carlos Torres,"67 degrees, Roof Closed.","0 mph, None.",6:11 PM.,"36,442.",9,0.0,0.0,0,2
824857,2026-04-11,R,2026,Oriole Park at Camden Yards,Baltimore Orioles,San Francisco Giants,6.0,2.0,605135.0,657277.0,Brian O'Nora,Chris Segal,"68 degrees, Clear.","3 mph, In From LF.",7:16 PM.,"29,444.",9,0.0,0.0,4,2
823074,2026-04-11,R,2026,Busch Stadium,St. Louis Cardinals,Boston Red Sox,1.0,7.0,681517.0,624133.0,Brian Walsh,Chad Fairchild,"73 degrees, Cloudy.","9 mph, In From RF.",6:15 PM.,"31,664.",9,0.0,0.0,0,2
824939,2026-04-11,R,2026,Truist Park,Atlanta Braves,Cleveland Guardians,0.0,6.0,527048.0,800048.0,Chris Conroy,John Tumpane,"81 degrees, Clear.","5 mph, R To L.",7:16 PM.,"40,195.",9,0.0,1.0,0,1
823316,2026-04-11,R,2026,Petco Park,San Diego Padres,Colorado Rockies,9.0,5.0,608566.0,663372.0,Edwin Moscoso,Vic Carapazza,"68 degrees, Clear.","11 mph, L To R.",5:42 PM.,"42,318.",9,0.0,2.0,6,4
823967,2026-04-11,R,2026,UNIQLO Field at Dodger Stadium,Los Angeles Dodgers,Texas Rangers,6.0,3.0,686218.0,683004.0,Nestor Ceja,Charlie Ramos,"67 degrees, Partly Cloudy.","10 mph, Out To RF.",6:10 PM.,"53,617.",9,4.0,1.0,5,1
823155,2026-04-11,R,2026,T-Mobile Park,Seattle Mariners,Houston Astros,8.0,7.0,622491.0,621121.0,Adam Hamari,Clint Vondrak,"55 degrees, Roof Closed.","0 mph, Calm.",6:40 PM.,"43,294.",9,2.0,0.0,7,7
824859,2026-04-12,R,2026,Oriole Park at Camden Yards,Baltimore Orioles,San Francisco Giants,6.0,2.0,700249.0,605288.0,Chris Segal,Erich Bacchus,"62 degrees, Sunny.","11 mph, R To L.",1:38 PM.,"24,091.",9,2.0,0.0,4,1
823479,2026-04-12,R,2026,Citizens Bank Park,Philadelphia Phillies,Arizona Diamondbacks,3.0,4.0,647315.0,668678.0,Dan Merzel,Adrian Johnson,"65 degrees, Sunny.","9 mph, Out To CF.",1:37 PM.,"43,060.",9,0.0,0.0,0,1
822828,2026-04-12,R,2026,Rogers Centre,Toronto Blue Jays,Minnesota Twins,2.0,8.0,453286.0,671737.0,Derek Thomas,Scott Barry,"68 degrees, Roof Closed.","0 mph, None.",1:38 PM.,"37,804.",9,1.0,0.0,1,8
824533,2026-04-12,R,2026,Great American Ball Park,Cincinnati Reds,Los Angeles Angels,6.0,9.0,671096.0,667755.0,Ben May,Dan Iassogna,"79 degrees, Partly Cloudy.","13 mph, In From RF.",1:41 PM.,"20,311.",9,0.0,3.0,0,7
823642,2026-04-12,R,2026,Citi Field,New York Mets,Athletics,0.0,1.0,642547.0,650644.0,D.J. Reyburn,Sean Barber,"55 degrees, Sunny.","6 mph, Out To LF.",1:41 PM.,"37,316.",9,0.0,0.0,0,1
824293,2026-04-12,R,2026,Comerica Park,Detroit Tigers,Miami Marlins,8.0,2.0,669373.0,645261.0,Mike Estabrook,Willie Traynor,"62 degrees, Partly Cloudy.","13 mph, In From RF.",1:40 PM.,"26,768.",9,3.0,0.0,4,0
822998,2026-04-12,R,2026,Tropicana Field,Tampa Bay Rays,New York Yankees,5.0,4.0,656876.0,693645.0,Dan Bellino,Steven Jaschinski,"72 degrees, Dome.","0 mph, None.",1:40 PM.,"20,796.",9,1.0,0.0,3,0
824126,2026-04-12,R,2026,Kauffman Stadium,Kansas City Royals,Chicago White Sox,5.0,6.0,702070.0,691799.0,Nick Mahrley,Marvin Hudson,"68 degrees, Cloudy.","12 mph, In From RF.",4:10 PM.,"20,552.",9,0.0,0.0,5,4
823804,2026-04-12,R,2026,American Family Field,Milwaukee Brewers,Washington Nationals,6.0,8.0,605540.0,641793.0,Carlos Torres,Nate Tomlinson,"68 degrees, Roof Closed.","0 mph, None.",1:12 PM.,"26,924.",9,0.0,0.0,3,2
823075,2026-04-12,R,2026,Busch Stadium,St. Louis Cardinals,Boston Red Sox,3.0,9.0,669467.0,678394.0,Chad Fairchild,Chad Whitson,"78 degrees, Cloudy.","18 mph, Out To LF.",1:17 PM.,"25,122.",9,0.0,2.0,1,7
824696,2026-04-12,R,2026,Wrigley Field,Chicago Cubs,Pittsburgh Pirates,7.0,6.0,592791.0,696149.0,Alan Porter,Jim Wolf,"80 degrees, Partly Cloudy.","6 mph, Out To CF.",1:20 PM.,"35,711.",9,0.0,1.0,3,6
823317,2026-04-12,R,2026,Petco Park,San Diego Padres,Colorado Rockies,7.0,2.0,601713.0,607536.0,Vic Carapazza,Nic Lentz,"67 degrees, Cloudy.","14 mph, L To R.",1:11 PM.,"39,786.",9,1.0,0.0,4,2
823154,2026-04-12,R,2026,T-Mobile Park,Seattle Mariners,Houston Astros,6.0,1.0,669302.0,675989.0,Clint Vondrak,Todd Tichenor,"56 degrees, Cloudy.","4 mph, L To R.",1:11 PM.,"29,071.",9,1.0,0.0,4,1
823966,2026-04-12,R,2026,UNIQLO Field at Dodger Stadium,Los Angeles Dodgers,Texas Rangers,2.0,5.0,808963.0,594798.0,Charlie Ramos,David Rackley,"65 degrees, Overcast.","7 mph, Out To CF.",1:10 PM.,"48,530.",9,1.0,0.0,1,2
824938,2026-04-12,R,2026,Truist Park,Atlanta Braves,Cleveland Guardians,13.0,1.0,519242.0,676440.0,John Tumpane,Brennan Miller,"81 degrees, Clear.","7 mph, L To R.",7:21 PM.,"29,084.",9,0.0,0.0,9,0
823153,2026-04-13,R,2026,T-Mobile Park,Seattle Mariners,Houston Astros,6.0,2.0,669923.0,681347.0,Todd Tichenor,Austin Jones,"53 degrees, Cloudy.","7 mph, Out To LF.",1:11 PM.,"18,648.",9,3.0,0.0,6,2
824856,2026-04-13,R,2026,Oriole Park at Camden Yards,Baltimore Orioles,Arizona Diamondbacks,9.0,7.0,665152.0,669194.0,Brennan Miller,Chris Conroy,"80 degrees, Partly Cloudy.","8 mph, Out To RF.",6:37 PM.,"10,289.",9,0.0,1.0,1,4
823400,2026-04-13,R,2026,PNC Park,Pittsburgh Pirates,Washington Nationals,16.0,5.0,694973.0,676917.0,Sean Barber,John Libka,"79 degrees, Partly Cloudy.","14 mph, Out To LF.",6:42 PM.,"11,532.",9,0.0,1.0,5,1
823481,2026-04-13,R,2026,Citizens Bank Park,Philadelphia Phillies,Chicago Cubs,13.0,7.0,650911.0,665871.0,Nate Tomlinson,Mark Wegner,"78 degrees, Clear.","16 mph, Out To RF.",6:42 PM.,"36,045.",9,1.0,0.0,9,2
823563,2026-04-13,R,2026,Yankee Stadium,New York Yankees,Los Angeles Angels,11.0,10.0,701542.0,579328.0,Ryan Additon,Ryan Wills,"77 degrees, Partly Cloudy.","15 mph, Out To CF.",7:08 PM.,"35,789.",9,2.0,0.0,7,4
824937,2026-04-13,R,2026,Truist Park,Atlanta Braves,Miami Marlins,4.0,10.0,656550.0,691587.0,Dan Iassogna,James Jean,"78 degrees, Clear.","7 mph, R To L.",7:16 PM.,"22,912.",9,0.0,0.0,4,6
823725,2026-04-13,R,2026,Target Field,Minnesota Twins,Boston Red Sox,13.0,6.0,641927.0,676979.0,Willie Traynor,Lance Barrett,"63 degrees, Overcast.","14 mph, Out To LF.",6:41 PM.,"14,535.",9,4.0,0.0,13,3
823073,2026-04-13,R,2026,Busch Stadium,St. Louis Cardinals,Cleveland Guardians,3.0,9.0,669461.0,668909.0,Jim Wolf,Roberto Ortiz,"80 degrees, Partly Cloudy.","15 mph, Out To LF.",6:45 PM.,"17,901.",9,1.0,1.0,1,4
825024,2026-04-13,R,2026,Sutter Health Park,Athletics,Texas Rangers,1.0,8.0,622663.0,543135.0,Mike Muchlinski,Gabe Morales,"66 degrees, Clear.","5 mph, Out To RF.",6:41 PM.,"8,344.",9,0.0,3.0,0,4
823964,2026-04-13,R,2026,UNIQLO Field at Dodger Stadium,Los Angeles Dodgers,New York Mets,4.0,0.0,680736.0,656849.0,Nic Lentz,Hunter Wendelstedt,"62 degrees, Partly Cloudy.","2 mph, Out To RF.",7:10 PM.,"52,838.",9,1.0,0.0,4,0
824853,2026-04-14,R,2026,Oriole Park at Camden Yards,Baltimore Orioles,Arizona Diamondbacks,3.0,4.0,669432.0,518876.0,Chris Conroy,John Tumpane,"86 degrees, Partly Cloudy.","7 mph, Out To CF.",6:36 PM.,"13,524.",9,0.0,0.0,2,4
824292,2026-04-14,R,2026,Comerica Park,Detroit Tigers,Kansas City Royals,2.0,1.0,664285.0,666142.0,Cory Blaser,Jansen Visconti,"77 degrees, Partly Cloudy.","10 mph, Out To LF.",6:42 PM.,"16,655.",9,0.0,0.0,0,1
823398,2026-04-14,R,2026,PNC Park,Pittsburgh Pirates,Washington Nationals,4.0,5.0,656605.0,676571.0,John Libka,James Hoye,"68 degrees, Cloudy.","10 mph, Varies.",6:58 PM.,"9,423.",9,1.0,3.0,4,5
824531,2026-04-14,R,2026,Great American Ball Park,Cincinnati Reds,San Francisco Giants,2.0,1.0,663903.0,592662.0,Paul Clemons,Quinn Wolcott,"81 degrees, Partly Cloudy.","13 mph, In From LF.",6:41 PM.,"20,690.",9,0.0,0.0,2,1
823478,2026-04-14,R,2026,Citizens Bank Park,Philadelphia Phillies,Chicago Cubs,4.0,10.0,605400.0,702303.0,Mark Wegner,Bruce Dreckman,"85 degrees, Partly Cloudy.","15 mph, Out To CF.",6:41 PM.,"37,426.",9,0.0,0.0,3,3
823562,2026-04-14,R,2026,Yankee Stadium,New York Yankees,Los Angeles Angels,1.0,7.0,677960.0,672282.0,Ryan Wills,Lance Barksdale,"81 degrees, Clear.","16 mph, R To L.",7:09 PM.,"37,792.",9,0.0,3.0,0,4
824935,2026-04-14,R,2026,Truist Park,Atlanta Braves,Miami Marlins,6.0,5.0,625643.0,676974.0,James Jean,Adam Beck,"81 degrees, Clear.","6 mph, In From RF.",7:16 PM.,"27,441.",9,0.0,1.0,3,4
823723,2026-04-14,R,2026,Target Field,Minnesota Twins,Boston Red Sox,6.0,0.0,690953.0,543243.0,Lance Barrett,Malachi Moore,"64 degrees, Partly Cloudy.","4 mph, R To L.",6:40 PM.,"16,220.",9,1.0,0.0,5,0
824616,2026-04-14,R,2026,Rate Field,Chicago White Sox,Tampa Bay Rays,5.0,8.0,702273.0,663556.0,Alex Tosi,Adam Hamari,"77 degrees, Partly Cloudy.","21 mph, In From RF.",6:40 PM.,"14,648.",9,0.0,3.0,3,4
823802,2026-04-14,R,2026,American Family Field,Milwaukee Brewers,Toronto Blue Jays,7.0,9.0,694819.0,592332.0,David Rackley,Chris Guccione,"76 degrees, Roof Closed.","0 mph, None.",6:40 PM.,"25,143.",10,0.0,0.0,3,1
823072,2026-04-14,R,2026,Busch Stadium,St. Louis Cardinals,Cleveland Guardians,6.0,5.0,700241.0,676282.0,Roberto Ortiz,Alex MacKay,"84 degrees, Clear.","15 mph, Out To LF.",6:45 PM.,"20,772.",10,1.0,1.0,2,2
824210,2026-04-14,R,2026,Daikin Park,Houston Astros,Colorado Rockies,7.0,6.0,676467.0,547179.0,Rob Drake,Stu Scheurwater,"73 degrees, Roof Closed.","0 mph, None.",7:11 PM.,"29,536.",9,0.0,1.0,7,5
823315,2026-04-14,R,2026,Petco Park,San Diego Padres,Seattle Mariners,4.0,1.0,650633.0,693433.0,Chad Whitson,Bill Miller,"66 degrees, Clear.","11 mph, L To R.",6:40 PM.,"38,152.",9,0.0,0.0,3,1
825022,2026-04-14,R,2026,Sutter Health Park,Athletics,Texas Rangers,2.0,1.0,605488.0,669022.0,Gabe Morales,Edwin Jimenez,"66 degrees, Clear.","8 mph, Out To RF.",6:40 PM.,"8,031.",9,0.0,1.0,2,1
823965,2026-04-14,R,2026,UNIQLO Field at Dodger Stadium,Los Angeles Dodgers,New York Mets,2.0,1.0,808967.0,690997.0,Hunter Wendelstedt,Edwin Moscoso,"65 degrees, Clear.","8 mph, Out To RF.",7:10 PM.,"48,138.",9,1.0,1.0,1,1
824855,2026-04-15,R,2026,Oriole Park at Camden Yards,Baltimore Orioles,Arizona Diamondbacks,5.0,8.0,680694.0,593958.0,John Tumpane,Jen Pawol,"85 degrees, Partly Cloudy.","5 mph, Out To RF.",12:36 PM.,"17,028.",10,0.0,0.0,4,3
823071,2026-04-15,R,2026,Busch Stadium,St. Louis Cardinals,Cleveland Guardians,5.0,3.0,669160.0,677944.0,Alex MacKay,Alan Porter,"72 degrees, Overcast.","10 mph, R To L.",12:21 PM.,"22,642.",9,0.0,1.0,1,1
823722,2026-04-15,R,2026,Target Field,Minnesota Twins,Boston Red Sox,5.0,9.0,680573.0,813349.0,Malachi Moore,Alfonso Márquez,"59 degrees, Partly Cloudy.","3 mph, In From LF.",12:41 PM.,"21,276.",9,1.0,0.0,1,7
824291,2026-04-15,R,2026,Comerica Park,Detroit Tigers,Kansas City Royals,2.0,1.0,656427.0,607625.0,Jansen Visconti,Andy Fletcher,"70 degrees, Partly Cloudy.","7 mph, R To L.",6:40 PM.,"19,609.",9,0.0,0.0,1,1
823399,2026-04-15,R,2026,PNC Park,Pittsburgh Pirates,Washington Nationals,2.0,0.0,682254.0,663623.0,James Hoye,D.J. Reyburn,"82 degrees, Partly Cloudy.","8 mph, Out To LF.",6:43 PM.,"11,244.",9,2.0,0.0,2,0
824532,2026-04-15,R,2026,Great American Ball Park,Cincinnati Reds,San Francisco Giants,8.0,3.0,695076.0,641816.0,Quinn Wolcott,Junior Valentine,"80 degrees, Partly Cloudy.","13 mph, In From RF.",6:42 PM.,"13,822.",9,4.0,0.0,8,2
823477,2026-04-15,R,2026,Citizens Bank Park,Philadelphia Phillies,Chicago Cubs,2.0,11.0,666200.0,684007.0,Bruce Dreckman,Carlos Torres,"86 degrees, Partly Cloudy.","14 mph, Out To RF.",6:41 PM.,"38,254.",9,1.0,0.0,1,5
823561,2026-04-15,R,2026,Yankee Stadium,New York Yankees,Los Angeles Angels,5.0,4.0,661563.0,686799.0,Lance Barksdale,Will Little,"83 degrees, Partly Cloudy.","10 mph, R To L.",7:08 PM.,"41,019.",9,1.0,0.0,3,4
824936,2026-04-15,R,2026,Truist Park,Atlanta Braves,Miami Marlins,6.0,3.0,693821.0,663978.0,Adam Beck,Jeremie Rehak,"81 degrees, Partly Cloudy.","5 mph, Out To LF.",7:15 PM.,"28,884.",9,0.0,0.0,2,0
824615,2026-04-15,R,2026,Rate Field,Chicago White Sox,Tampa Bay Rays,3.0,8.0,680732.0,642121.0,Adam Hamari,Austin Jones,"73 degrees, Partly Cloudy.","14 mph, In From RF.",6:52 PM.,"10,193.",9,0.0,0.0,0,3
823803,2026-04-15,R,2026,American Family Field,Milwaukee Brewers,Toronto Blue Jays,2.0,1.0,694477.0,656302.0,Chris Guccione,Nestor Ceja,"73 degrees, Roof Closed.","0 mph, None.",6:41 PM.,"23,092.",9,0.0,1.0,0,1
824209,2026-04-15,R,2026,Daikin Park,Houston Astros,Colorado Rockies,3.0,1.0,681293.0,500779.0,Stu Scheurwater,John Bacon,"73 degrees, Roof Closed.","0 mph, None.",7:10 PM.,"28,298.",9,2.0,0.0,3,1
823314,2026-04-15,R,2026,Petco Park,San Diego Padres,Seattle Mariners,7.0,6.0,681190.0,676106.0,Bill Miller,Brian Walsh,"64 degrees, Clear.","9 mph, L To R.",6:41 PM.,"46,095.",9,0.0,0.0,0,6
825021,2026-04-15,R,2026,Sutter Health Park,Athletics,Texas Rangers,6.0,5.0,669372.0,677958.0,Edwin Jimenez,Doug Eddings,"65 degrees, Partly Cloudy.","9 mph, Out To CF.",6:41 PM.,"9,252.",9,1.0,0.0,2,2
823963,2026-04-15,R,2026,UNIQLO Field at Dodger Stadium,Los Angeles Dodgers,New York Mets,8.0,2.0,660271.0,605280.0,Edwin Moscoso,Vic Carapazza,"66 degrees, Partly Cloudy.","7 mph, Out To RF.",7:11 PM.,"50,909.",9,0.0,0.0,2,1
823396,2026-04-16,R,2026,PNC Park,Pittsburgh Pirates,Washington Nationals,7.0,8.0,677952.0,656492.0,D.J. Reyburn,Sean Barber,"75 degrees, Partly Cloudy.","13 mph, Out To LF.",12:37 PM.,"10,504.",10,0.0,0.0,4,4
824530,2026-04-16,R,2026,Great American Ball Park,Cincinnati Reds,San Francisco Giants,0.0,3.0,695505.0,694738.0,Junior Valentine,Brock Ballou,"74 degrees, Partly Cloudy.","11 mph, R To L.",12:41 PM.,"16,898.",9,0.0,0.0,0,0
824289,2026-04-16,R,2026,Comerica Park,Detroit Tigers,Kansas City Royals,10.0,9.0,672456.0,663460.0,Andy Fletcher,Derek Thomas,"67 degrees, Cloudy.","8 mph, Out To LF.",2:15 PM.,"15,034.",9,0.0,0.0,6,1
823560,2026-04-16,R,2026,Yankee Stadium,New York Yankees,Los Angeles Angels,4.0,11.0,608331.0,608718.0,Will Little,Ryan Additon,"87 degrees, Cloudy.","10 mph, Out To LF.",1:40 PM.,"38,424.",9,1.0,2.0,3,2
823801,2026-04-16,R,2026,American Family Field,Milwaukee Brewers,Toronto Blue Jays,2.0,1.0,687075.0,571578.0,Nestor Ceja,Charlie Ramos,"71 degrees, Roof Closed.","8 mph, In From LF.",12:40 PM.,"23,098.",9,0.0,0.0,1,1
824614,2026-04-16,R,2026,Rate Field,Chicago White Sox,Tampa Bay Rays,3.0,5.0,673929.0,571927.0,Austin Jones,Todd Tichenor,"66 degrees, Partly Cloudy.","15 mph, Out To LF.",1:10 PM.,"10,128.",9,0.0,0.0,1,1
825023,2026-04-16,R,2026,Sutter Health Park,Athletics,Texas Rangers,6.0,9.0,682052.0,683004.0,Doug Eddings,Mike Muchlinski,"64 degrees, Sunny.","17 mph, L To R.",12:05 PM.,"8,764.",9,0.0,0.0,3,2
824453,2026-04-16,R,2026,Progressive Field,Cleveland Guardians,Baltimore Orioles,4.0,2.0,800048.0,669358.0,Carlos Torres,Nate Tomlinson,"65 degrees, Partly Cloudy.","9 mph, L To R.",6:10 PM.,"14,748.",9,2.0,0.0,3,0
824208,2026-04-16,R,2026,Daikin Park,Houston Astros,Colorado Rockies,2.0,3.0,680802.0,675848.0,John Bacon,Jordan Baker,"73 degrees, Roof Closed.","0 mph, None.",7:10 PM.,"27,842.",9,2.0,0.0,2,3
823313,2026-04-16,R,2026,Petco Park,San Diego Padres,Seattle Mariners,5.0,2.0,621111.0,622491.0,Brian Walsh,Chad Fairchild,"66 degrees, Partly Cloudy.","9 mph, Out To RF.",5:40 PM.,"39,008.",9,0.0,0.0,4,0
824693,2026-04-17,R,2026,Wrigley Field,Chicago Cubs,New York Mets,12.0,4.0,665795.0,673540.0,Todd Tichenor,Alex Tosi,"68 degrees, Partly Cloudy.","15 mph, Out To LF.",1:20 PM.,"34,282.",9,4.0,0.0,7,3
824454,2026-04-17,R,2026,Progressive Field,Cleveland Guardians,Baltimore Orioles,4.0,6.0,676440.0,605135.0,Nate Tomlinson,Mark Wegner,"64 degrees, Partly Cloudy.","3 mph, In From RF.",6:11 PM.,"23,988.",9,0.0,0.0,0,0
823476,2026-04-17,R,2026,Citizens Bank Park,Philadelphia Phillies,Atlanta Braves,0.0,9.0,592836.0,527048.0,John Libka,James Hoye,"78 degrees, Partly Cloudy.","11 mph, In From LF.",6:41 PM.,"43,048.",9,0.0,2.0,0,7
822752,2026-04-17,R,2026,Nationals Park,Washington Nationals,San Francisco Giants,5.0,10.0,641793.0,657277.0,Jen Pawol,Brennan Miller,"80 degrees, Clear.","6 mph, In From LF.",6:46 PM.,"25,108.",9,0.0,0.0,3,8
823397,2026-04-17,R,2026,PNC Park,Pittsburgh Pirates,Tampa Bay Rays,5.0,1.0,696149.0,607259.0,Brock Ballou,Adrian Johnson,"77 degrees, Clear.","2 mph, Out To CF.",6:46 PM.,"24,198.",9,0.0,0.0,1,0
823559,2026-04-17,R,2026,Yankee Stadium,New York Yankees,Kansas City Royals,4.0,2.0,693645.0,608379.0,Charlie Ramos,Tyler Jones,"74 degrees, Partly Cloudy.","8 mph, L To R.",7:09 PM.,"44,244.",9,0.0,0.0,2,0
823883,2026-04-17,R,2026,loanDepot park,Miami Marlins,Milwaukee Brewers,5.0,7.0,676083.0,689441.0,Derek Thomas,Sean Barber,"79 degrees, Partly Cloudy.","10 mph, In From LF.",7:12 PM.,"11,103.",10,0.0,0.0,1,3
824778,2026-04-17,R,2026,Fenway Park,Boston Red Sox,Detroit Tigers,1.0,0.0,624133.0,663554.0,Ryan Additon,Felix Neon,"58 degrees, Partly Cloudy.","3 mph, R To L.",7:15 PM.,"34,866.",10,0.0,0.0,0,0
824207,2026-04-17,R,2026,Daikin Park,Houston Astros,St. Louis Cardinals,4.0,9.0,663567.0,681517.0,Alfonso Márquez,Willie Traynor,"73 degrees, Roof Closed.","0 mph, None.",7:12 PM.,"33,086.",9,0.0,1.0,3,4
823720,2026-04-17,R,2026,Target Field,Minnesota Twins,Cincinnati Reds,1.0,2.0,657746.0,682227.0,Vic Carapazza,Nic Lentz,"43 degrees, Cloudy.","14 mph, Out To RF.",7:12 PM.,"31,220.",9,0.0,0.0,1,2
824373,2026-04-17,R,2026,Coors Field,Colorado Rockies,Los Angeles Dodgers,1.0,7.0,608372.0,607192.0,Jeremie Rehak,Dan Iassogna,"35 degrees, Partly Cloudy.","3 mph, R To L.",6:43 PM.,"28,783.",9,0.0,1.0,1,7
824048,2026-04-17,R,2026,Angel Stadium,Los Angeles Angels,San Diego Padres,8.0,0.0,667755.0,663362.0,Mike Muchlinski,Gabe Morales,"74 degrees, Clear.","9 mph, Out To RF.",6:39 PM.,"44,551.",9,0.0,0.0,8,0
823152,2026-04-17,R,2026,T-Mobile Park,Seattle Mariners,Texas Rangers,0.0,5.0,669302.0,594798.0,Jordan Baker,Rob Drake,"55 degrees, Partly Cloudy.","7 mph, L To R.",6:40 PM.,"28,253.",9,0.0,1.0,0,2
825101,2026-04-17,R,2026,Chase Field,Arizona Diamondbacks,Toronto Blue Jays,6.0,3.0,647336.0,680755.0,Alan Porter,Jim Wolf,"81 degrees, Clear.","3 mph, R To L.",6:40 PM.,"32,747.",9,0.0,0.0,3,1
825019,2026-04-17,R,2026,Sutter Health Park,Athletics,Chicago White Sox,2.0,9.0,650644.0,663436.0,Chad Fairchild,Chad Whitson,"72 degrees, Partly Cloudy.","2 mph, L To R.",6:42 PM.,"12,027.",9,0.0,1.0,1,5
823558,2026-04-18,R,2026,Yankee Stadium,New York Yankees,Kansas City Royals,13.0,4.0,701542.0,702070.0,Tyler Jones,Chris Guccione,"66 degrees, Partly Cloudy.","8 mph, L To R.",1:39 PM.,"42,070.",9,0.0,0.0,7,0
823721,2026-04-18,R,2026,Target Field,Minnesota Twins,Cincinnati Reds,4.0,5.0,671737.0,671096.0,Nic Lentz,Hunter Wendelstedt,"39 degrees, Partly Cloudy.","19 mph, Out To CF.",1:11 PM.,"20,198.",9,2.0,0.0,4,2
824694,2026-04-18,R,2026,Wrigley Field,Chicago Cubs,New York Mets,4.0,2.0,592791.0,642547.0,Alex Tosi,Adam Hamari,"51 degrees, Partly Cloudy.","16 mph, L To R.",1:20 PM.,"36,189.",9,0.0,0.0,1,1
823394,2026-04-18,R,2026,PNC Park,Pittsburgh Pirates,Tampa Bay Rays,7.0,8.0,694973.0,656876.0,Adrian Johnson,Paul Clemons,"81 degrees, Cloudy.","17 mph, Out To LF.",3:34 PM.,"37,773.",13,2.0,0.0,4,5
822751,2026-04-18,R,2026,Nationals Park,Washington Nationals,San Francisco Giants,6.0,7.0,676917.0,605288.0,Brennan Miller,Ryan Wills,"76 degrees, Cloudy.","4 mph, R To L.",4:06 PM.,"35,527.",12,1.0,0.0,5,3
825020,2026-04-18,R,2026,Sutter Health Park,Athletics,Chicago White Sox,7.0,6.0,622663.0,607200.0,Chad Whitson,Bill Miller,"74 degrees, Partly Cloudy.","1 mph, Calm.",1:05 PM.,"11,131.",11,0.0,0.0,3,5
824775,2026-04-18,R,2026,Fenway Park,Boston Red Sox,Detroit Tigers,1.0,4.0,678394.0,669373.0,Felix Neon,Lance Barksdale,"50 degrees, Cloudy.","9 mph, R To L.",4:11 PM.,"36,527.",9,0.0,1.0,1,4
823882,2026-04-18,R,2026,loanDepot park,Miami Marlins,Milwaukee Brewers,2.0,5.0,645261.0,605540.0,Sean Barber,Jansen Visconti,"83 degrees, Sunny.","10 mph, In From RF.",4:10 PM.,"15,446.",9,0.0,0.0,1,3
824451,2026-04-18,R,2026,Progressive Field,Cleveland Guardians,Baltimore Orioles,4.0,2.0,668909.0,665152.0,Mark Wegner,Bruce Dreckman,"53 degrees, Overcast.","15 mph, L To R.",6:11 PM.,"20,783.",9,0.0,0.0,3,1
824206,2026-04-18,R,2026,Daikin Park,Houston Astros,St. Louis Cardinals,5.0,7.0,621121.0,669467.0,Willie Traynor,Lance Barrett,"73 degrees, Roof Closed.","0 mph, None.",6:10 PM.,"33,319.",9,1.0,2.0,1,4
823151,2026-04-18,R,2026,T-Mobile Park,Seattle Mariners,Texas Rangers,7.0,3.0,669923.0,543135.0,Rob Drake,Stu Scheurwater,"70 degrees, Partly Cloudy.","6 mph, Out To RF.",4:16 PM.,"45,552.",9,1.0,0.0,3,0
823474,2026-04-18,R,2026,Citizens Bank Park,Philadelphia Phillies,Atlanta Braves,1.0,3.0,650911.0,519242.0,James Hoye,D.J. Reyburn,"67 degrees, Partly Cloudy.","13 mph, Out To RF.",7:17 PM.,"43,423.",9,0.0,0.0,1,3
824372,2026-04-18,R,2026,Coors Field,Colorado Rockies,Los Angeles Dodgers,4.0,3.0,663372.0,686218.0,Dan Iassogna,James Jean,"59 degrees, Partly Cloudy.","6 mph, Out To CF.",6:11 PM.,"47,925.",9,1.0,2.0,2,3
825098,2026-04-18,R,2026,Chase Field,Arizona Diamondbacks,Toronto Blue Jays,6.0,2.0,668678.0,453286.0,Jim Wolf,Roberto Ortiz,"89 degrees, Partly Cloudy.","1 mph, Varies.",5:11 PM.,"36,946.",9,1.0,1.0,2,1
824049,2026-04-18,R,2026,Angel Stadium,Los Angeles Angels,San Diego Padres,1.0,4.0,579328.0,608566.0,Gabe Morales,Edwin Jimenez,"75 degrees, Partly Cloudy.","8 mph, R To L.",6:38 PM.,"44,279.",9,0.0,0.0,0,0
822750,2026-04-19,R,2026,Nationals Park,Washington Nationals,San Francisco Giants,3.0,0.0,676571.0,592662.0,Ryan Wills,Chris Conroy,"51 degrees, Cloudy.","8 mph, L To R.",1:35 PM.,"20,026.",9,0.0,0.0,3,0
823393,2026-04-19,R,2026,PNC Park,Pittsburgh Pirates,Tampa Bay Rays,6.0,3.0,656605.0,663556.0,Paul Clemons,Steven Jaschinski,"50 degrees, Partly Cloudy.","15 mph, Out To CF.",1:38 PM.,"13,439.",9,1.0,0.0,4,2
823556,2026-04-19,R,2026,Yankee Stadium,New York Yankees,Kansas City Royals,7.0,0.0,677960.0,666142.0,Chris Guccione,Nestor Ceja,"42 degrees, Rain.","14 mph, Out To RF.",4:20 PM.,"40,198.",9,3.0,0.0,7,0
824452,2026-04-19,R,2026,Progressive Field,Cleveland Guardians,Baltimore Orioles,8.0,4.0,676282.0,669432.0,Bruce Dreckman,Carlos Torres,"46 degrees, Partly Cloudy.","10 mph, L To R.",1:41 PM.,"17,408.",9,0.0,0.0,6,4
823881,2026-04-19,R,2026,loanDepot park,Miami Marlins,Milwaukee Brewers,5.0,3.0,691587.0,694819.0,Jansen Visconti,Cory Blaser,"72 degrees, Roof Closed.","0 mph, None.",1:42 PM.,"24,553.",9,3.0,0.0,3,0
824205,2026-04-19,R,2026,Daikin Park,Houston Astros,St. Louis Cardinals,5.0,7.0,681347.0,669461.0,Lance Barrett,Malachi Moore,"73 degrees, Roof Closed.","0 mph, None.",1:10 PM.,"33,491.",10,0.0,0.0,1,4
823718,2026-04-19,R,2026,Target Field,Minnesota Twins,Cincinnati Reds,4.0,7.0,641927.0,663903.0,Hunter Wendelstedt,Edwin Moscoso,"42 degrees, Partly Cloudy.","12 mph, Out To RF.",1:11 PM.,"19,422.",10,1.0,0.0,3,1
824691,2026-04-19,R,2026,Wrigley Field,Chicago Cubs,New York Mets,2.0,1.0,665871.0,668964.0,Adam Hamari,Austin Jones,"48 degrees, Partly Cloudy.","4 mph, L To R.",1:20 PM.,"35,497.",10,0.0,0.0,0,1
824371,2026-04-19,R,2026,Coors Field,Colorado Rockies,Los Angeles Dodgers,9.0,6.0,547179.0,808963.0,James Jean,Adam Beck,"65 degrees, Sunny.","7 mph, R To L.",1:11 PM.,"42,677.",9,0.0,0.0,3,3
825018,2026-04-19,R,2026,Sutter Health Park,Athletics,Chicago White Sox,4.0,7.0,605488.0,702273.0,Bill Miller,Brian Walsh,"74 degrees, Partly Cloudy.","7 mph, Out To LF.",1:05 PM.,"12,070.",9,0.0,1.0,1,7
824047,2026-04-19,R,2026,Angel Stadium,Los Angeles Angels,San Diego Padres,1.0,2.0,700712.0,650633.0,Edwin Jimenez,Doug Eddings,"78 degrees, Cloudy.","8 mph, R To L.",1:07 PM.,"44,560.",9,0.0,0.0,0,1
823150,2026-04-19,R,2026,T-Mobile Park,Seattle Mariners,Texas Rangers,5.0,2.0,693433.0,669022.0,Stu Scheurwater,Junior Valentine,"66 degrees, Partly Cloudy.","7 mph, L To R.",1:12 PM.,"35,474.",9,1.0,0.0,5,0
825100,2026-04-19,R,2026,Chase Field,Arizona Diamondbacks,Toronto Blue Jays,4.0,10.0,669194.0,592332.0,Roberto Ortiz,Alex MacKay,"78 degrees, Roof Closed.","0 mph, None.",1:10 PM.,"32,240.",9,0.0,8.0,1,10
824777,2026-04-19,R,2026,Fenway Park,Boston Red Sox,Detroit Tigers,2.0,6.0,676979.0,664285.0,Lance Barksdale,Will Little,"45 degrees, Overcast.","10 mph, Out To RF.",4:35 PM.,"34,650.",9,1.0,1.0,1,5
823475,2026-04-19,R,2026,Citizens Bank Park,Philadelphia Phillies,Atlanta Braves,2.0,4.0,691725.0,656550.0,D.J. Reyburn,Dillon Wilson,"53 degrees, Cloudy.","13 mph, L To R.",7:22 PM.,"36,806.",9,2.0,0.0,2,4
824776,2026-04-20,R,2026,Fenway Park,Boston Red Sox,Detroit Tigers,8.0,6.0,543243.0,656427.0,Will Little,Ryan Additon,"47 degrees, Partly Cloudy.","9 mph, Out To RF.",11:13 AM.,"34,880.",9,0.0,0.0,2,2
824450,2026-04-20,R,2026,Progressive Field,Cleveland Guardians,Houston Astros,2.0,9.0,677944.0,681293.0,Andy Fletcher,Derek Thomas,"39 degrees, Clear.","3 mph, In From LF.",6:11 PM.,"12,565.",9,1.0,2.0,2,7
822994,2026-04-20,R,2026,Tropicana Field,Tampa Bay Rays,Cincinnati Reds,1.0,6.0,669947.0,695076.0,Marvin Hudson,Tripp Gibson,"72 degrees, Dome.","0 mph, None.",6:40 PM.,"15,962.",9,1.0,2.0,1,3
823879,2026-04-20,R,2026,loanDepot park,Miami Marlins,St. Louis Cardinals,5.0,3.0,676974.0,700241.0,Scott Barry,Manny Gonzalez,"72 degrees, Roof Closed.","0 mph, None.",6:40 PM.,"8,285.",9,0.0,0.0,2,1
822749,2026-04-20,R,2026,Nationals Park,Washington Nationals,Atlanta Braves,4.0,9.0,663623.0,693821.0,Erich Bacchus,Laz Diaz,"53 degrees, Partly Cloudy.","13 mph, In From LF.",6:45 PM.,"12,022.",9,2.0,0.0,3,2
824125,2026-04-20,R,2026,Kauffman Stadium,Kansas City Royals,Baltimore Orioles,5.0,7.0,607625.0,680694.0,Quinn Wolcott,Brock Ballou,"72 degrees, Clear.","13 mph, R To L.",6:40 PM.,"13,589.",12,0.0,0.0,1,0
824692,2026-04-20,R,2026,Wrigley Field,Chicago Cubs,Philadelphia Phillies,5.0,1.0,607067.0,605400.0,Edwin Moscoso,Vic Carapazza,"50 degrees, Partly Cloudy.","11 mph, R To L.",6:40 PM.,"27,798.",9,0.0,0.0,5,1
824370,2026-04-20,R,2026,Coors Field,Colorado Rockies,Los Angeles Dodgers,3.0,12.0,500779.0,680736.0,Adam Beck,Jeremie Rehak,"78 degrees, Clear.","7 mph, In From LF.",6:43 PM.,"27,261.",9,1.0,0.0,1,5
824046,2026-04-20,R,2026,Angel Stadium,Los Angeles Angels,Toronto Blue Jays,2.0,5.0,672282.0,656302.0,Brian Walsh,Chad Fairchild,"67 degrees, Partly Cloudy.","9 mph, Out To CF.",6:39 PM.,"37,897.",9,1.0,0.0,2,2
823149,2026-04-20,R,2026,T-Mobile Park,Seattle Mariners,Athletics,4.0,6.0,676106.0,669372.0,Mike Estabrook,Malachi Moore,"72 degrees, Partly Cloudy.","5 mph, Out To CF.",6:41 PM.,"20,203.",9,2.0,0.0,3,1
824448,2026-04-21,R,2026,Progressive Field,Cleveland Guardians,Houston Astros,8.0,5.0,800048.0,680802.0,Derek Thomas,Alex Tosi,"69 degrees, Cloudy.","11 mph, Out To RF.",6:10 PM.,"15,448.",9,1.0,0.0,2,3
822995,2026-04-21,R,2026,Tropicana Field,Tampa Bay Rays,Cincinnati Reds,6.0,12.0,571927.0,695505.0,Tripp Gibson,Ryan Blakney,"72 degrees, Dome.","0 mph, None.",6:40 PM.,"14,749.",9,0.0,2.0,0,5
823880,2026-04-21,R,2026,loanDepot park,Miami Marlins,St. Louis Cardinals,3.0,5.0,663978.0,669160.0,Manny Gonzalez,Jacob Metz,"72 degrees, Roof Closed.","0 mph, None.",6:40 PM.,"8,412.",9,1.0,1.0,1,5
824290,2026-04-21,R,2026,Comerica Park,Detroit Tigers,Milwaukee Brewers,4.0,12.0,672456.0,690986.0,Emil Jimenez,Mike Muchlinski,"71 degrees, Cloudy.","9 mph, R To L.",6:40 PM.,"20,847.",9,0.0,0.0,1,3
822747,2026-04-21,R,2026,Nationals Park,Washington Nationals,Atlanta Braves,11.0,4.0,656492.0,625643.0,Laz Diaz,Brian O'Nora,"62 degrees, Clear.","9 mph, Out To CF.",6:45 PM.,"16,483.",9,3.0,0.0,5,3
824773,2026-04-21,R,2026,Fenway Park,Boston Red Sox,New York Yankees,0.0,4.0,813349.0,661563.0,Austin Jones,Todd Tichenor,"47 degrees, Clear.","9 mph, Out To LF.",6:46 PM.,"34,391.",9,0.0,0.0,0,1
823640,2026-04-21,R,2026,Citi Field,New York Mets,Minnesota Twins,3.0,5.0,690997.0,680573.0,Ryan Additon,Ryan Wills,"46 degrees, Partly Cloudy.","11 mph, Out To LF.",7:11 PM.,"32,798.",9,0.0,0.0,3,0
824127,2026-04-21,R,2026,Kauffman Stadium,Kansas City Royals,Baltimore Orioles,6.0,5.0,663460.0,669358.0,Brock Ballou,Adrian Johnson,"78 degrees, Partly Cloudy.","14 mph, R To L.",6:41 PM.,"15,164.",9,0.0,0.0,3,3
824690,2026-04-21,R,2026,Wrigley Field,Chicago Cubs,Philadelphia Phillies,7.0,4.0,684007.0,666200.0,Vic Carapazza,John Bacon,"72 degrees, Partly Cloudy.","3 mph, Out To RF.",6:40 PM.,"30,651.",9,0.0,0.0,1,0
822914,2026-04-21,R,2026,Globe Life Field,Texas Rangers,Pittsburgh Pirates,5.0,1.0,677958.0,669387.0,Mark Ripperger,Shane Livensparger,"74 degrees, Roof Closed.","0 mph, None.",7:08 PM.,"23,910.",9,0.0,1.0,5,1
824369,2026-04-21,R,2026,Coors Field,Colorado Rockies,San Diego Padres,0.0,1.0,623474.0,681190.0,Alex MacKay,Alan Porter,"82 degrees, Cloudy.","8 mph, Out To LF.",6:42 PM.,"15,672.",9,0.0,0.0,0,0
824045,2026-04-21,R,2026,Angel Stadium,Los Angeles Angels,Toronto Blue Jays,2.0,4.0,686799.0,571578.0,Chad Fairchild,Chad Whitson,"67 degrees, Partly Cloudy.","9 mph, Out To CF.",6:39 PM.,"28,641.",9,0.0,0.0,1,0
823148,2026-04-21,R,2026,T-Mobile Park,Seattle Mariners,Athletics,2.0,5.0,622491.0,682052.0,Malachi Moore,Alfonso Márquez,"58 degrees, Roof Closed.","6 mph, Out To LF.",6:41 PM.,"19,092.",9,0.0,1.0,2,2
825099,2026-04-21,R,2026,Chase Field,Arizona Diamondbacks,Chicago White Sox,5.0,11.0,518876.0,680732.0,Doug Eddings,Jeremie Rehak,"89 degrees, Overcast.","9 mph, R To L.",6:41 PM.,"23,045.",9,0.0,4.0,2,8
823236,2026-04-21,R,2026,Oracle Park,San Francisco Giants,Los Angeles Dodgers,3.0,1.0,694738.0,808967.0,Junior Valentine,Jordan Baker,"57 degrees, Cloudy.","14 mph, Out To CF.",6:46 PM.,"40,066.",9,3.0,0.0,3,1
823878,2026-04-22,R,2026,loanDepot park,Miami Marlins,St. Louis Cardinals,4.0,1.0,676083.0,681517.0,Jacob Metz,Tom Hanahan,"72 degrees, Roof Closed.","0 mph, None.",12:11 PM.,"7,593.",9,0.0,0.0,4,0
824449,2026-04-22,R,2026,Progressive Field,Cleveland Guardians,Houston Astros,0.0,2.0,676440.0,663567.0,Alex Tosi,Jansen Visconti,"62 degrees, Sunny.","8 mph, In From LF.",1:11 PM.,"15,722.",9,0.0,2.0,0,2
822993,2026-04-22,R,2026,Tropicana Field,Tampa Bay Rays,Cincinnati Reds,6.0,1.0,607259.0,682227.0,Ryan Blakney,Nick Mahrley,"72 degrees, Roof Closed.","0 mph, None.",1:10 PM.,"15,546.",9,0.0,0.0,5,1
824123,2026-04-22,R,2026,Kauffman Stadium,Kansas City Royals,Baltimore Orioles,6.0,8.0,608379.0,605135.0,Adrian Johnson,Paul Clemons,"66 degrees, Partly Cloudy.","8 mph, R To L.",1:10 PM.,"14,175.",9,1.0,2.0,3,2
824044,2026-04-22,R,2026,Angel Stadium,Los Angeles Angels,Toronto Blue Jays,7.0,3.0,667755.0,641778.0,Chad Whitson,Bill Miller,"68 degrees, Partly Cloudy.","6 mph, Out To RF.",12:08 PM.,"25,306.",9,0.0,0.0,3,0
823147,2026-04-22,R,2026,T-Mobile Park,Seattle Mariners,Athletics,5.0,4.0,669302.0,650644.0,Alfonso Márquez,Willie Traynor,"52 degrees, Roof Closed.","0 mph, None.",1:11 PM.,"15,704.",9,1.0,2.0,2,3
824286,2026-04-22,R,2026,Comerica Park,Detroit Tigers,Milwaukee Brewers,5.0,2.0,663554.0,669084.0,Mike Muchlinski,Gabe Morales,"73 degrees, Clear.","7 mph, In From LF.",6:41 PM.,"20,378.",9,0.0,0.0,4,1
822748,2026-04-22,R,2026,Nationals Park,Washington Nationals,Atlanta Braves,6.0,8.0,641793.0,800311.0,Brian O'Nora,Chris Segal,"72 degrees, Partly Cloudy.","7 mph, Out To RF.",6:47 PM.,"16,308.",9,4.0,1.0,4,8
824774,2026-04-22,R,2026,Fenway Park,Boston Red Sox,New York Yankees,1.0,4.0,624133.0,608331.0,Todd Tichenor,John Libka,"47 degrees, Cloudy.","12 mph, Out To LF.",6:46 PM.,"34,049.",9,0.0,3.0,0,4
823641,2026-04-22,R,2026,Citi Field,New York Mets,Minnesota Twins,3.0,2.0,605280.0,687570.0,Ryan Wills,Lance Barksdale,"53 degrees, Clear.","3 mph, In From RF.",7:11 PM.,"32,665.",9,1.0,0.0,2,1
824688,2026-04-22,R,2026,Wrigley Field,Chicago Cubs,Philadelphia Phillies,7.0,2.0,571510.0,679775.0,John Bacon,Hunter Wendelstedt,"56 degrees, Clear.","9 mph, In From CF.",6:40 PM.,"29,591.",9,1.0,0.0,6,2
822913,2026-04-22,R,2026,Globe Life Field,Texas Rangers,Pittsburgh Pirates,4.0,8.0,683004.0,677952.0,Shane Livensparger,Dan Merzel,"74 degrees, Roof Closed.","0 mph, None.",7:08 PM.,"24,289.",9,0.0,1.0,2,4
824367,2026-04-22,R,2026,Coors Field,Colorado Rockies,San Diego Padres,8.0,3.0,608372.0,621111.0,Alan Porter,Roberto Ortiz,"78 degrees, Clear.","11 mph, L To R.",6:42 PM.,"18,114.",9,0.0,1.0,5,1
825097,2026-04-22,R,2026,Chase Field,Arizona Diamondbacks,Chicago White Sox,11.0,7.0,593958.0,641743.0,Jeremie Rehak,Cory Blaser,"82 degrees, Clear.","9 mph, Varies.",6:40 PM.,"20,799.",9,0.0,2.0,8,4
823231,2026-04-22,R,2026,Oracle Park,San Francisco Giants,Los Angeles Dodgers,3.0,0.0,641816.0,660271.0,Jordan Baker,Rob Drake,"61 degrees, Partly Cloudy.","12 mph, Out To CF.",6:45 PM.,"40,277.",9,0.0,0.0,0,0
822745,2026-04-23,R,2026,Nationals Park,Washington Nationals,Atlanta Braves,2.0,7.0,676917.0,702275.0,Chris Segal,Erich Bacchus,"78 degrees, Partly Cloudy.","4 mph, In From LF.",1:05 PM.,"14,613.",9,1.0,0.0,2,2
824288,2026-04-23,R,2026,Comerica Park,Detroit Tigers,Milwaukee Brewers,5.0,4.0,669373.0,687075.0,Gabe Morales,Dexter Kelley,"73 degrees, Sunny.","7 mph, In From RF.",1:10 PM.,"25,224.",9,2.0,0.0,2,1
824689,2026-04-23,R,2026,Wrigley Field,Chicago Cubs,Philadelphia Phillies,8.0,7.0,665795.0,650911.0,Hunter Wendelstedt,Edwin Moscoso,"68 degrees, Partly Cloudy.","14 mph, R To L.",1:20 PM.,"31,057.",10,0.0,0.0,5,2
824368,2026-04-23,R,2026,Coors Field,Colorado Rockies,San Diego Padres,8.0,10.0,663372.0,663362.0,Roberto Ortiz,Jim Wolf,"64 degrees, Partly Cloudy.","8 mph, In From CF.",1:11 PM.,"25,973.",9,1.0,0.0,6,4
825096,2026-04-23,R,2026,Chase Field,Arizona Diamondbacks,Chicago White Sox,1.0,4.0,647336.0,663436.0,Cory Blaser,Adam Beck,"72 degrees, Roof Closed.","0 mph, None.",12:40 PM.,"20,405.",9,1.0,0.0,1,1
823233,2026-04-23,R,2026,Oracle Park,San Francisco Giants,Los Angeles Dodgers,0.0,3.0,657277.0,607192.0,Rob Drake,Stu Scheurwater,"60 degrees, Partly Cloudy.","8 mph, Out To CF.",12:45 PM.,"38,619.",9,0.0,0.0,0,3
824770,2026-04-23,R,2026,Fenway Park,Boston Red Sox,New York Yankees,2.0,4.0,801139.0,693645.0,John Libka,Clint Vondrak,"59 degrees, Clear.","14 mph, R To L.",6:09 PM.,"36,565.",9,0.0,0.0,2,1
823639,2026-04-23,R,2026,Citi Field,New York Mets,Minnesota Twins,10.0,8.0,681035.0,657746.0,Lance Barksdale,Will Little,"69 degrees, Partly Cloudy.","8 mph, L To R.",7:10 PM.,"34,253.",9,3.0,1.0,7,2
822912,2026-04-23,R,2026,Globe Life Field,Texas Rangers,Pittsburgh Pirates,6.0,1.0,594798.0,696149.0,Dan Merzel,Dan Bellino,"74 degrees, Roof Closed.","0 mph, None.",7:08 PM.,"24,430.",9,0.0,0.0,6,1
824529,2026-04-24,R,2026,Great American Ball Park,Cincinnati Reds,Detroit Tigers,9.0,8.0,671096.0,664285.0,Erich Bacchus,Laz Diaz,"74 degrees, Overcast.","10 mph, R To L.",6:52 PM.,"23,879.",9,0.0,0.0,2,5
824854,2026-04-24,R,2026,Oriole Park at Camden Yards,Baltimore Orioles,Boston Red Sox,10.0,3.0,687064.0,678394.0,Jansen Visconti,Andy Fletcher,"69 degrees, Cloudy.","3 mph, R To L.",7:06 PM.,"26,776.",9,4.0,0.0,9,2
822827,2026-04-24,R,2026,Rogers Centre,Toronto Blue Jays,Cleveland Guardians,6.0,8.0,453286.0,668909.0,Paul Clemons,Quinn Wolcott,"68 degrees, Roof Closed.","0 mph, None.",7:08 PM.,"41,671.",9,2.0,5.0,4,7
823638,2026-04-24,R,2026,Citi Field,New York Mets,Colorado Rockies,3.0,4.0,642547.0,547179.0,Nick Mahrley,Marvin Hudson,"57 degrees, Clear.","8 mph, Out To LF.",7:10 PM.,"36,233.",9,0.0,0.0,1,1
822992,2026-04-24,R,2026,Tropicana Field,Tampa Bay Rays,Minnesota Twins,6.0,2.0,656876.0,671737.0,Bill Miller,Brian Walsh,"72 degrees, Dome.","0 mph, None.",7:10 PM.,"14,476.",9,1.0,0.0,3,1
824932,2026-04-24,R,2026,Truist Park,Atlanta Braves,Philadelphia Phillies,5.0,3.0,656550.0,691725.0,Dexter Kelley,Emil Jimenez,"79 degrees, Partly Cloudy.","4 mph, R To L.",7:16 PM.,"39,627.",9,0.0,0.0,2,3
824124,2026-04-24,R,2026,Kauffman Stadium,Kansas City Royals,Los Angeles Angels,6.0,3.0,702070.0,579328.0,Jim Wolf,Derek Thomas,"69 degrees, Clear.","8 mph, L To R.",6:40 PM.,"19,079.",9,0.0,0.0,5,0
824611,2026-04-24,R,2026,Rate Field,Chicago White Sox,Washington Nationals,5.0,4.0,663542.0,676571.0,Will Little,Ryan Additon,"72 degrees, Partly Cloudy.","9 mph, Out To CF.",6:40 PM.,"17,588.",9,0.0,0.0,1,3
823800,2026-04-24,R,2026,American Family Field,Milwaukee Brewers,Pittsburgh Pirates,0.0,6.0,605540.0,694973.0,Tom Hanahan,Scott Barry,"71 degrees, Roof Closed.","0 mph, None.",6:41 PM.,"33,339.",9,0.0,0.0,0,3
822909,2026-04-24,R,2026,Globe Life Field,Texas Rangers,Athletics,1.0,8.0,543135.0,622663.0,Clint Vondrak,Austin Jones,"74 degrees, Roof Closed.","0 mph, None.",7:09 PM.,"30,396.",9,0.0,3.0,1,6
824204,2026-04-24,R,2026,Daikin Park,Houston Astros,New York Yankees,4.0,12.0,621121.0,701542.0,Adam Beck,Dan Iassogna,"73 degrees, Roof Closed.","0 mph, None.",7:10 PM.,"37,852.",9,0.0,3.0,2,5
823069,2026-04-24,R,2026,Busch Stadium,St. Louis Cardinals,Seattle Mariners,2.0,3.0,669467.0,669923.0,Edwin Moscoso,Vic Carapazza,"68 degrees, Partly Cloudy.","2 mph, In From RF.",7:17 PM.,"31,304.",9,0.0,0.0,2,2
823962,2026-04-24,R,2026,UNIQLO Field at Dodger Stadium,Los Angeles Dodgers,Chicago Cubs,4.0,6.0,686218.0,592791.0,Willie Traynor,Mike Estabrook,"66 degrees, Partly Cloudy.","3 mph, L To R.",7:16 PM.,"53,733.",9,0.0,0.0,4,0
823232,2026-04-24,R,2026,Oracle Park,San Francisco Giants,Miami Marlins,4.0,9.0,605288.0,645261.0,Dan Bellino,Mark Ripperger,"56 degrees, Partly Cloudy.","12 mph, Out To CF.",7:15 PM.,"38,317.",9,0.0,3.0,3,8
824851,2026-04-25,R,2026,Oriole Park at Camden Yards,Baltimore Orioles,Boston Red Sox,1.0,17.0,669432.0,676979.0,Andy Fletcher,Alex Tosi,"57 degrees, Partly Cloudy.","13 mph, In From RF.",12:05 PM.,"33,582.",9,0.0,0.0,0,7
823070,2026-04-25,R,2026,Busch Stadium,St. Louis Cardinals,Seattle Mariners,9.0,11.0,669461.0,693433.0,Vic Carapazza,John Bacon,"73 degrees, Sunny.","6 mph, In From LF.",1:15 PM.,"27,236.",9,2.0,2.0,7,6
822826,2026-04-25,R,2026,Rogers Centre,Toronto Blue Jays,Cleveland Guardians,5.0,3.0,592332.0,676282.0,Quinn Wolcott,Ramon De Jesus,"68 degrees, Roof Closed.","0 mph, None.",3:08 PM.,"41,543.",9,0.0,0.0,1,1
823229,2026-04-25,R,2026,Oracle Park,San Francisco Giants,Miami Marlins,6.0,2.0,592662.0,691587.0,Mark Ripperger,Shane Livensparger,"56 degrees, Overcast.","10 mph, Out To CF.",1:07 PM.,"38,589.",9,0.0,0.0,1,1
822989,2026-04-25,R,2026,Tropicana Field,Tampa Bay Rays,Minnesota Twins,6.0,1.0,663556.0,641927.0,Brian Walsh,Chad Fairchild,"72 degrees, Dome.","0 mph, None.",4:10 PM.,"17,014.",9,0.0,0.0,2,0
824613,2026-04-25,R,2026,Rate Field,Chicago White Sox,Washington Nationals,3.0,6.0,702273.0,663623.0,Ryan Additon,Ryan Wills,"49 degrees, Sunny.","13 mph, Out To RF.",3:10 PM.,"35,174.",10,0.0,0.0,0,2
825093,2026-04-25,R,2026,Estadio Alfredo Harp Helu,Arizona Diamondbacks,San Diego Padres,4.0,6.0,668678.0,608566.0,Stu Scheurwater,Roberto Ortiz,"84 degrees, Partly Cloudy.","11 mph, L To R.",4:08 PM.,"19,630.",9,0.0,0.0,4,1
822910,2026-04-25,R,2026,Globe Life Field,Texas Rangers,Athletics,4.0,3.0,669022.0,605488.0,Austin Jones,Todd Tichenor,"74 degrees, Roof Closed.","0 mph, None.",6:08 PM.,"35,810.",9,0.0,0.0,2,3
824121,2026-04-25,R,2026,Kauffman Stadium,Kansas City Royals,Los Angeles Angels,12.0,1.0,666142.0,700712.0,Derek Thomas,Alex MacKay,"74 degrees, Cloudy.","7 mph, In From RF.",6:10 PM.,"22,152.",9,0.0,0.0,4,1
824203,2026-04-25,R,2026,Daikin Park,Houston Astros,New York Yankees,3.0,8.0,681347.0,677960.0,Dan Iassogna,Jeremie Rehak,"73 degrees, Roof Closed.","0 mph, None.",6:10 PM.,"38,399.",9,1.0,0.0,1,2
823799,2026-04-25,R,2026,American Family Field,Milwaukee Brewers,Pittsburgh Pirates,3.0,6.0,694819.0,656605.0,Scott Barry,Manny Gonzalez,"62 degrees, Roof Closed.","0 mph, None.",6:10 PM.,"40,408.",10,0.0,0.0,2,2
824527,2026-04-25,R,2026,Great American Ball Park,Cincinnati Reds,Detroit Tigers,9.0,2.0,663903.0,656427.0,Laz Diaz,Brian O'Nora,"72 degrees, Partly Cloudy.","7 mph, Out To RF.",7:18 PM.,"35,315.",9,4.0,1.0,6,2
823960,2026-04-25,R,2026,UNIQLO Field at Dodger Stadium,Los Angeles Dodgers,Chicago Cubs,12.0,4.0,808963.0,607067.0,Mike Estabrook,Malachi Moore,"63 degrees, Cloudy.","11 mph, Out To CF.",4:15 PM.,"53,397.",9,0.0,0.0,8,4
824933,2026-04-25,R,2026,Truist Park,Atlanta Braves,Philadelphia Phillies,5.0,8.0,693821.0,554430.0,Emil Jimenez,Mike Muchlinski,"68 degrees, Cloudy.","3 mph, Calm.",8:11 PM.,"39,324.",10,0.0,1.0,2,3
824852,2026-04-26,R,2026,Oriole Park at Camden Yards,Baltimore Orioles,Boston Red Sox,3.0,5.0,680694.0,813349.0,Alex Tosi,Cory Blaser,"53 degrees, Partly Cloudy.","14 mph, In From LF.",1:37 PM.,"32,511.",9,0.0,0.0,1,3
824934,2026-04-26,R,2026,Truist Park,Atlanta Braves,Philadelphia Phillies,6.0,2.0,519242.0,605400.0,Mike Muchlinski,Gabe Morales,"72 degrees, Partly Cloudy.","5 mph, Out To CF.",1:36 PM.,"39,213.",9,3.0,0.0,6,0
822824,2026-04-26,R,2026,Rogers Centre,Toronto Blue Jays,Cleveland Guardians,4.0,2.0,571578.0,677944.0,Ramon De Jesus,Adrian Johnson,"72 degrees, Roof Closed.","0 mph, None.",1:38 PM.,"41,136.",9,2.0,0.0,2,2
824528,2026-04-26,R,2026,Great American Ball Park,Cincinnati Reds,Detroit Tigers,3.0,8.0,695076.0,672456.0,Brian O'Nora,Chris Segal,"64 degrees, Partly Cloudy.","6 mph, In From LF.",1:41 PM.,"31,377.",9,0.0,2.0,3,2
823635,2026-04-26,R,2026,Citi Field,New York Mets,Colorado Rockies,1.0,3.0,690997.0,500779.0,Ryan Blakney,Tyler Jones,"54 degrees, Partly Cloudy.","9 mph, In From RF.",1:41 PM.,,9,0.0,0.0,1,1
823637,2026-04-26,R,2026,Citi Field,New York Mets,Colorado Rockies,0.0,3.0,673540.0,801403.0,Louie Krupa,Marvin Hudson,"57 degrees, Clear.","8 mph, In From RF.",4:59 PM.,"38,155.",9,0.0,0.0,0,3
822991,2026-04-26,R,2026,Tropicana Field,Tampa Bay Rays,Minnesota Twins,4.0,2.0,643377.0,680573.0,Chad Fairchild,Chad Whitson,"72 degrees, Dome.","0 mph, None.",1:40 PM.,"17,618.",9,0.0,0.0,4,0
824612,2026-04-26,R,2026,Rate Field,Chicago White Sox,Washington Nationals,1.0,2.0,663542.0,656492.0,Ryan Wills,Lance Barksdale,"55 degrees, Partly Cloudy.","3 mph, L To R.",1:10 PM.,"24,259.",10,0.0,0.0,0,0
824202,2026-04-26,R,2026,Daikin Park,Houston Astros,New York Yankees,7.0,4.0,681293.0,661563.0,Jeremie Rehak,James Jean,"73 degrees, Roof Closed.","0 mph, None.",1:10 PM.,"35,622.",9,2.0,0.0,7,0
823797,2026-04-26,R,2026,American Family Field,Milwaukee Brewers,Pittsburgh Pirates,5.0,0.0,690986.0,669387.0,Manny Gonzalez,Jacob Metz,"62 degrees, Roof Closed.","0 mph, None.",1:10 PM.,"31,500.",9,0.0,0.0,5,0
823068,2026-04-26,R,2026,Busch Stadium,St. Louis Cardinals,Seattle Mariners,2.0,3.0,700241.0,676106.0,John Bacon,Hunter Wendelstedt,"77 degrees, Sunny.","9 mph, R To L.",1:15 PM.,"30,780.",9,0.0,0.0,1,1
822911,2026-04-26,R,2026,Globe Life Field,Texas Rangers,Athletics,1.0,2.0,677958.0,669372.0,Todd Tichenor,Tripp Gibson,"74 degrees, Roof Closed.","0 mph, None.",1:38 PM.,"32,031.",9,0.0,2.0,0,2
825094,2026-04-26,R,2026,Estadio Alfredo Harp Helu,Arizona Diamondbacks,San Diego Padres,12.0,7.0,669194.0,650633.0,Junior Valentine,Jordan Baker,"85 degrees, Cloudy.","1 mph, Varies.",2:07 PM.,"19,671.",9,0.0,0.0,1,6
823230,2026-04-26,R,2026,Oracle Park,San Francisco Giants,Miami Marlins,6.0,3.0,694738.0,676974.0,Shane Livensparger,Dan Merzel,"57 degrees, Partly Cloudy.","13 mph, Varies.",1:06 PM.,"40,445.",9,0.0,0.0,1,3
824122,2026-04-26,R,2026,Kauffman Stadium,Kansas City Royals,Los Angeles Angels,11.0,9.0,607625.0,672282.0,Alex MacKay,Alan Porter,"76 degrees, Cloudy.","15 mph, R To L.",3:10 PM.,"11,579.",10,0.0,2.0,1,6
823959,2026-04-26,R,2026,UNIQLO Field at Dodger Stadium,Los Angeles Dodgers,Chicago Cubs,6.0,0.0,680736.0,684007.0,Malachi Moore,Alfonso Márquez,"66 degrees, Partly Cloudy.","12 mph, Out To RF.",1:10 PM.,"52,060.",9,3.0,0.0,3,0
824446,2026-04-27,R,2026,Progressive Field,Cleveland Guardians,Tampa Bay Rays,2.0,3.0,800048.0,571927.0,Jacob Metz,Tom Hanahan,"71 degrees, Cloudy.","13 mph, Out To LF.",6:10 PM.,"18,029.",9,0.0,0.0,2,0
823395,2026-04-27,R,2026,PNC Park,Pittsburgh Pirates,St. Louis Cardinals,2.0,4.0,682254.0,669160.0,Chris Segal,Erich Bacchus,"72 degrees, Partly Cloudy.","10 mph, In From CF.",6:42 PM.,"9,787.",9,1.0,0.0,2,0
822825,2026-04-27,R,2026,Rogers Centre,Toronto Blue Jays,Boston Red Sox,0.0,5.0,656302.0,624133.0,Marvin Hudson,Brennan Miller,"68 degrees, Roof Closed.","0 mph, None.",7:08 PM.,"41,785.",9,0.0,0.0,0,3
823719,2026-04-27,R,2026,Target Field,Minnesota Twins,Seattle Mariners,11.0,4.0,687570.0,622491.0,Gabe Morales,Doug Eddings,"51 degrees, Overcast.","13 mph, Out To RF.",6:41 PM.,"14,160.",9,0.0,0.0,7,2
824609,2026-04-27,R,2026,Rate Field,Chicago White Sox,Los Angeles Angels,8.0,7.0,641743.0,686799.0,Hunter Wendelstedt,Nic Lentz,"61 degrees, Clear.","12 mph, R To L.",9:40 PM.,"10,193.",9,0.0,1.0,1,4
822906,2026-04-27,R,2026,Globe Life Field,Texas Rangers,New York Yankees,2.0,4.0,683004.0,608331.0,John Tumpane,Chris Conroy,"74 degrees, Roof Closed.","0 mph, None.",7:08 PM.,"29,601.",9,0.0,0.0,0,4
823311,2026-04-27,R,2026,Petco Park,San Diego Padres,Chicago Cubs,9.0,7.0,681190.0,571510.0,Dan Merzel,Dan Bellino,"64 degrees, Clear.","13 mph, L To R.",6:41 PM.,"41,478.",9,3.0,0.0,6,5
823961,2026-04-27,R,2026,UNIQLO Field at Dodger Stadium,Los Angeles Dodgers,Miami Marlins,5.0,4.0,808967.0,663978.0,Tripp Gibson,Clint Vondrak,"62 degrees, Clear.","2 mph, Calm.",7:10 PM.,"49,918.",9,2.0,0.0,2,4
824447,2026-04-28,R,2026,Progressive Field,Cleveland Guardians,Tampa Bay Rays,0.0,1.0,676440.0,607259.0,Tom Hanahan,Scott Barry,"61 degrees, Partly Cloudy.","8 mph, L To R.",6:11 PM.,"16,213.",9,0.0,0.0,0,1
824849,2026-04-28,R,2026,Oriole Park at Camden Yards,Baltimore Orioles,Houston Astros,5.0,3.0,669358.0,678906.0,Jordan Baker,Rob Drake,"59 degrees, Partly Cloudy.","8 mph, Out To LF.",6:38 PM.,"13,233.",9,2.0,0.0,4,1
824526,2026-04-28,R,2026,Great American Ball Park,Cincinnati Reds,Colorado Rockies,7.0,2.0,695505.0,607536.0,Carlos Torres,Nate Tomlinson,"72 degrees, Partly Cloudy.","7 mph, Out To LF.",6:40 PM.,"24,152.",9,3.0,0.0,4,2
823390,2026-04-28,R,2026,PNC Park,Pittsburgh Pirates,St. Louis Cardinals,7.0,11.0,677952.0,681517.0,Erich Bacchus,Laz Diaz,"71 degrees, Partly Cloudy.","7 mph, Out To LF.",6:42 PM.,"8,758.",9,0.0,0.0,0,6
823473,2026-04-28,R,2026,Citizens Bank Park,Philadelphia Phillies,San Francisco Giants,7.0,0.0,666200.0,641816.0,Nestor Ceja,Charlie Ramos,"60 degrees, Partly Cloudy.","6 mph, Out To LF.",6:41 PM.,"36,731.",9,0.0,0.0,1,0
822823,2026-04-28,R,2026,Rogers Centre,Toronto Blue Jays,Boston Red Sox,3.0,0.0,702056.0,801139.0,Brennan Miller,James Jean,"68 degrees, Roof Closed.","0 mph, None.",7:07 PM.,"41,949.",9,0.0,0.0,3,0
823636,2026-04-28,R,2026,Citi Field,New York Mets,Washington Nationals,8.0,0.0,605280.0,641793.0,Chad Whitson,Bill Miller,"57 degrees, Cloudy.","7 mph, Out To LF.",7:10 PM.,"33,622.",9,1.0,0.0,8,0
824931,2026-04-28,R,2026,Truist Park,Atlanta Braves,Detroit Tigers,5.0,2.0,527048.0,663554.0,Alan Porter,Will Little,"65 degrees, Cloudy.","6 mph, In From RF.",7:16 PM.,"32,162.",9,0.0,0.0,2,0
823716,2026-04-28,R,2026,Target Field,Minnesota Twins,Seattle Mariners,1.0,7.0,657746.0,669302.0,Doug Eddings,Dexter Kelley,"55 degrees, Clear.","11 mph, Out To LF.",6:42 PM.,"17,821.",9,0.0,0.0,1,0
824610,2026-04-28,R,2026,Rate Field,Chicago White Sox,Los Angeles Angels,5.0,2.0,663436.0,667755.0,Nic Lentz,Vic Carapazza,"64 degrees, Partly Cloudy.","2 mph, Out To RF.",6:40 PM.,"11,857.",9,0.0,0.0,3,1
823798,2026-04-28,R,2026,American Family Field,Milwaukee Brewers,Arizona Diamondbacks,13.0,2.0,694477.0,518876.0,Lance Barrett,Alfonso Márquez,"67 degrees, Roof Closed.","0 mph, None.",6:40 PM.,"23,063.",9,0.0,0.0,5,2
822908,2026-04-28,R,2026,Globe Life Field,Texas Rangers,New York Yankees,2.0,3.0,594798.0,693645.0,Chris Conroy,Tyler Jones,"74 degrees, Roof Closed.","0 mph, None.",7:08 PM.,"26,767.",9,0.0,1.0,0,1
825017,2026-04-28,R,2026,Sutter Health Park,Athletics,Kansas City Royals,1.0,4.0,650644.0,663460.0,Sean Barber,John Libka,"74 degrees, Clear.","3 mph, In From LF.",6:41 PM.,"9,274.",10,0.0,0.0,1,0
823310,2026-04-28,R,2026,Petco Park,San Diego Padres,Chicago Cubs,3.0,8.0,621111.0,665795.0,Dan Bellino,Mark Ripperger,"66 degrees, Clear.","10 mph, L To R.",6:40 PM.,"40,106.",9,0.0,0.0,2,2
823956,2026-04-28,R,2026,UNIQLO Field at Dodger Stadium,Los Angeles Dodgers,Miami Marlins,1.0,2.0,660271.0,676083.0,Clint Vondrak,Austin Jones,"66 degrees, Clear.","9 mph, Out To RF.",7:11 PM.,"51,909.",9,0.0,0.0,0,2
824445,2026-04-29,R,2026,Progressive Field,Cleveland Guardians,Tampa Bay Rays,3.0,1.0,668909.0,656876.0,Scott Barry,Manny Gonzalez,"49 degrees, Overcast.","11 mph, In From CF.",2:31 PM.,"14,196.",9,0.0,0.0,3,0
824608,2026-04-29,R,2026,Rate Field,Chicago White Sox,Los Angeles Angels,3.0,2.0,607200.0,579328.0,Vic Carapazza,John Bacon,"51 degrees, Partly Cloudy.","12 mph, Out To RF.",12:11 PM.,"15,901.",10,0.0,0.0,1,1
823717,2026-04-29,R,2026,Target Field,Minnesota Twins,Seattle Mariners,3.0,5.0,671737.0,669923.0,Dexter Kelley,Mike Muchlinski,"51 degrees, Partly Cloudy.","12 mph, R To L.",12:41 PM.,"20,051.",9,0.0,0.0,2,1
822907,2026-04-29,R,2026,Globe Life Field,Texas Rangers,New York Yankees,3.0,0.0,543135.0,695684.0,Tyler Jones,Ben May,"74 degrees, Roof Closed.","0 mph, None.",1:37 PM.,"30,408.",9,0.0,0.0,2,0
822821,2026-04-29,R,2026,Rogers Centre,Toronto Blue Jays,Boston Red Sox,8.0,1.0,641778.0,678394.0,James Jean,Ryan Blakney,"68 degrees, Roof Closed.","0 mph, None.",3:07 PM.,"41,314.",9,0.0,1.0,7,1
823958,2026-04-29,R,2026,UNIQLO Field at Dodger Stadium,Los Angeles Dodgers,Miami Marlins,2.0,3.0,607192.0,645261.0,Austin Jones,Adam Hamari,"74 degrees, Sunny.","2 mph, Calm.",12:10 PM.,"50,555.",9,0.0,0.0,1,2
823312,2026-04-29,R,2026,Petco Park,San Diego Padres,Chicago Cubs,4.0,5.0,663362.0,592791.0,Mark Ripperger,Shane Livensparger,"70 degrees, Sunny.","13 mph, L To R.",1:10 PM.,"36,513.",9,0.0,0.0,3,3
824525,2026-04-29,R,2026,Great American Ball Park,Cincinnati Reds,Colorado Rockies,2.0,13.0,682227.0,608372.0,Nate Tomlinson,Bruce Dreckman,"63 degrees, Partly Cloudy.","11 mph, Out To CF.",6:42 PM.,"17,823.",9,0.0,3.0,0,5
823392,2026-04-29,R,2026,PNC Park,Pittsburgh Pirates,St. Louis Cardinals,4.0,5.0,696149.0,669467.0,Laz Diaz,Brian O'Nora,"57 degrees, Overcast.","7 mph, Out To CF.",6:43 PM.,"9,297.",9,0.0,0.0,1,3
823633,2026-04-29,R,2026,Citi Field,New York Mets,Washington Nationals,2.0,14.0,656849.0,676917.0,Bill Miller,Brian Walsh,"53 degrees, Cloudy.","8 mph, Out To LF.",7:10 PM.,"32,624.",9,0.0,2.0,2,9
824930,2026-04-29,R,2026,Truist Park,Atlanta Braves,Detroit Tigers,4.0,3.0,702275.0,669373.0,Will Little,Roberto Ortiz,"77 degrees, Cloudy.","9 mph, Out To LF.",7:17 PM.,"30,439.",9,2.0,0.0,2,3
823796,2026-04-29,R,2026,American Family Field,Milwaukee Brewers,Arizona Diamondbacks,2.0,6.0,687075.0,593958.0,Alfonso Márquez,Mike Estabrook,"64 degrees, Roof Closed.","0 mph, None.",6:40 PM.,"24,540.",9,1.0,0.0,2,4
825015,2026-04-29,R,2026,Sutter Health Park,Athletics,Kansas City Royals,5.0,2.0,622663.0,608379.0,John Libka,D.J. Reyburn,"80 degrees, Clear.","5 mph, R To L.",6:41 PM.,"9,399.",9,0.0,1.0,4,1
824929,2026-04-30,R,2026,Truist Park,Atlanta Braves,Detroit Tigers,2.0,5.0,693821.0,664285.0,Roberto Ortiz,Jim Wolf,"62 degrees, Cloudy.","9 mph, R To L.",12:17 PM.,"32,620.",9,0.0,0.0,2,0
824848,2026-04-30,R,2026,Oriole Park at Camden Yards,Baltimore Orioles,Houston Astros,10.0,3.0,605135.0,663567.0,Rob Drake,Derek Thomas,"63 degrees, Partly Cloudy.","13 mph, L To R.",12:35 PM.,,9,0.0,0.0,5,0
824850,2026-04-30,R,2026,Oriole Park at Camden Yards,Baltimore Orioles,Houston Astros,5.0,11.0,687064.0,621121.0,Stu Scheurwater,Junior Valentine,"65 degrees, Partly Cloudy.","14 mph, Out To RF.",3:58 PM.,"26,586.",9,0.0,5.0,3,11
823391,2026-04-30,R,2026,PNC Park,Pittsburgh Pirates,St. Louis Cardinals,5.0,10.0,694973.0,690928.0,Brian O'Nora,Chris Segal,"46 degrees, Partly Cloudy.","11 mph, Out To CF.",12:38 PM.,"12,143.",9,0.0,3.0,3,5
823472,2026-04-30,R,2026,Citizens Bank Park,Philadelphia Phillies,San Francisco Giants,3.0,2.0,650911.0,657277.0,Charlie Ramos,Jen Pawol,"59 degrees, Cloudy.","10 mph, In From LF.",12:36 PM.,"36,861.",9,1.0,2.0,1,2
823471,2026-04-30,R,2026,Citizens Bank Park,Philadelphia Phillies,San Francisco Giants,6.0,5.0,641835.0,605288.0,David Rackley,Chris Guccione,"63 degrees, Partly Cloudy.","9 mph, L To R.",5:38 PM.,"34,109.",10,2.0,0.0,4,2
824524,2026-04-30,R,2026,Great American Ball Park,Cincinnati Reds,Colorado Rockies,6.0,4.0,671096.0,547179.0,Bruce Dreckman,Mark Wegner,"54 degrees, Partly Cloudy.","8 mph, Out To RF.",12:41 PM.,"17,211.",9,0.0,2.0,3,2
823634,2026-04-30,R,2026,Citi Field,New York Mets,Washington Nationals,4.0,5.0,642547.0,571945.0,Brian Walsh,Chad Fairchild,"54 degrees, Cloudy.","4 mph, Out To RF.",1:10 PM.,"34,621.",9,0.0,0.0,3,3
823795,2026-04-30,R,2026,American Family Field,Milwaukee Brewers,Arizona Diamondbacks,13.0,1.0,605540.0,647336.0,Mike Estabrook,Malachi Moore,"64 degrees, Roof Closed.","0 mph, None.",12:41 PM.,"26,849.",9,3.0,0.0,8,1
825016,2026-04-30,R,2026,Sutter Health Park,Athletics,Kansas City Royals,6.0,3.0,605488.0,702070.0,D.J. Reyburn,James Hoye,"74 degrees, Sunny.","2 mph, Out To RF.",12:06 PM.,"9,333.",9,1.0,1.0,5,2
823714,2026-04-30,R,2026,Target Field,Minnesota Twins,Toronto Blue Jays,7.0,1.0,641927.0,592332.0,Manny Gonzalez,Jacob Metz,"50 degrees, Partly Cloudy.","11 mph, R To L.",6:41 PM.,"16,985.",9,0.0,0.0,2,1
824686,2026-05-01,R,2026,Wrigley Field,Chicago Cubs,Arizona Diamondbacks,6.0,5.0,607067.0,668678.0,Mike Muchlinski,Gabe Morales,"44 degrees, Partly Cloudy.","13 mph, In From CF.",1:20 PM.,"31,083.",9,3.0,0.0,6,1
824287,2026-05-01,R,2026,Comerica Park,Detroit Tigers,Texas Rangers,4.0,5.0,656427.0,669022.0,Ryan Blakney,Marvin Hudson,"48 degrees, Partly Cloudy.","5 mph, Out To CF.",6:40 PM.,"28,622.",9,0.0,1.0,4,4
823389,2026-05-01,R,2026,PNC Park,Pittsburgh Pirates,Cincinnati Reds,9.0,1.0,656605.0,663903.0,Jim Wolf,Willie Traynor,"47 degrees, Cloudy.","11 mph, Out To CF.",8:16 PM.,"13,442.",9,1.0,0.0,8,0
822744,2026-05-01,R,2026,Nationals Park,Washington Nationals,Milwaukee Brewers,1.0,6.0,663623.0,694819.0,Junior Valentine,Jordan Baker,"66 degrees, Clear.","9 mph, Out To LF.",6:45 PM.,"19,764.",9,0.0,1.0,0,4
823557,2026-05-01,R,2026,Yankee Stadium,New York Yankees,Baltimore Orioles,7.0,2.0,701542.0,700249.0,Malachi Moore,Lance Barrett,"63 degrees, Clear.","15 mph, R To L.",7:10 PM.,"41,239.",9,1.0,0.0,5,1
824772,2026-05-01,R,2026,Fenway Park,Boston Red Sox,Houston Astros,3.0,1.0,687562.0,681347.0,Chris Segal,Erich Bacchus,"59 degrees, Clear.","3 mph, Out To RF.",7:10 PM.,"34,630.",9,0.0,0.0,3,1
822990,2026-05-01,R,2026,Tropicana Field,Tampa Bay Rays,San Francisco Giants,3.0,0.0,663556.0,592662.0,John Bacon,Hunter Wendelstedt,"72 degrees, Dome.","0 mph, None.",7:10 PM.,"13,330.",9,0.0,0.0,2,0
823877,2026-05-01,R,2026,loanDepot park,Miami Marlins,Philadelphia Phillies,5.0,6.0,691587.0,554430.0,Mark Wegner,Carlos Torres,"72 degrees, Roof Closed.","0 mph, None.",7:13 PM.,"15,713.",9,1.0,0.0,1,2
823713,2026-05-01,R,2026,Target Field,Minnesota Twins,Toronto Blue Jays,3.0,7.0,680573.0,571578.0,Jacob Metz,Tom Hanahan,"53 degrees, Partly Cloudy.","7 mph, Out To RF.",7:11 PM.,"19,762.",9,0.0,0.0,2,6
823066,2026-05-01,R,2026,Busch Stadium,St. Louis Cardinals,Los Angeles Dodgers,7.0,2.0,669461.0,686218.0,Chris Guccione,Nestor Ceja,"60 degrees, Clear.","5 mph, L To R.",7:16 PM.,"28,308.",9,3.0,0.0,4,1
824366,2026-05-01,R,2026,Coors Field,Colorado Rockies,Atlanta Braves,6.0,8.0,500779.0,656550.0,Chad Fairchild,Chad Whitson,"62 degrees, Partly Cloudy.","10 mph, In From LF.",6:41 PM.,"23,548.",9,5.0,0.0,6,1
824041,2026-05-01,R,2026,Angel Stadium,Los Angeles Angels,New York Mets,3.0,4.0,700712.0,681035.0,Ben May,John Tumpane,"73 degrees, Clear.","8 mph, Out To RF.",6:39 PM.,"43,959.",9,2.0,0.0,3,0
825012,2026-05-01,R,2026,Sutter Health Park,Athletics,Cleveland Guardians,5.0,8.0,669372.0,676282.0,Shane Livensparger,Dan Merzel,"76 degrees, Partly Cloudy.","8 mph, Out To LF.",6:40 PM.,"12,122.",9,2.0,0.0,4,5
823309,2026-05-01,R,2026,Petco Park,San Diego Padres,Chicago White Sox,2.0,8.0,608566.0,702273.0,James Hoye,Sean Barber,"66 degrees, Partly Cloudy.","6 mph, L To R.",6:41 PM.,"43,638.",9,0.0,0.0,0,7
823146,2026-05-01,R,2026,T-Mobile Park,Seattle Mariners,Kansas City Royals,6.0,7.0,693433.0,666142.0,Adam Hamari,Tripp Gibson,"68 degrees, Partly Cloudy.","8 mph, L To R.",6:46 PM.,"36,384.",9,2.0,4.0,3,4
823554,2026-05-02,R,2026,Yankee Stadium,New York Yankees,Baltimore Orioles,9.0,4.0,677960.0,680694.0,Lance Barrett,Alfonso Márquez,"63 degrees, Cloudy.","8 mph, Out To LF.",1:38 PM.,"46,049.",9,0.0,0.0,6,1
823715,2026-05-02,R,2026,Target Field,Minnesota Twins,Toronto Blue Jays,4.0,11.0,687570.0,656302.0,Tom Hanahan,Scott Barry,"60 degrees, Partly Cloudy.","8 mph, Out To LF.",1:11 PM.,"30,687.",9,1.0,0.0,4,2
824685,2026-05-02,R,2026,Wrigley Field,Chicago Cubs,Arizona Diamondbacks,2.0,0.0,684007.0,669194.0,Gabe Morales,Doug Eddings,"50 degrees, Partly Cloudy.","5 mph, In From CF.",1:20 PM.,"36,907.",9,0.0,0.0,1,0
825014,2026-05-02,R,2026,Sutter Health Park,Athletics,Cleveland Guardians,6.0,14.0,682052.0,677944.0,Dan Merzel,Dan Bellino,"70 degrees, Partly Cloudy.","6 mph, Out To LF.",1:05 PM.,"11,390.",9,2.0,0.0,4,5
823388,2026-05-02,R,2026,PNC Park,Pittsburgh Pirates,Cincinnati Reds,17.0,7.0,669387.0,695076.0,Willie Traynor,Alan Porter,"43 degrees, Overcast.","10 mph, Out To RF.",4:07 PM.,"23,763.",9,5.0,2.0,15,4
822746,2026-05-02,R,2026,Nationals Park,Washington Nationals,Milwaukee Brewers,1.0,4.0,656492.0,690986.0,Jordan Baker,Rob Drake,"58 degrees, Partly Cloudy.","7 mph, In From LF.",4:05 PM.,"25,287.",9,0.0,3.0,1,3
824771,2026-05-02,R,2026,Fenway Park,Boston Red Sox,Houston Astros,3.0,6.0,813349.0,681293.0,Erich Bacchus,Laz Diaz,"57 degrees, Overcast.","6 mph, Out To LF.",4:12 PM.,"34,158.",9,0.0,1.0,1,6
823876,2026-05-02,R,2026,loanDepot park,Miami Marlins,Philadelphia Phillies,4.0,0.0,676974.0,691725.0,Carlos Torres,Nate Tomlinson,"72 degrees, Roof Closed.","0 mph, None.",4:11 PM.,"15,126.",9,0.0,0.0,3,0
822988,2026-05-02,R,2026,Tropicana Field,Tampa Bay Rays,San Francisco Giants,5.0,1.0,643377.0,694738.0,Hunter Wendelstedt,Nic Lentz,"72 degrees, Dome.","0 mph, None.",6:10 PM.,"21,973.",9,0.0,0.0,4,0
823067,2026-05-02,R,2026,Busch Stadium,St. Louis Cardinals,Los Angeles Dodgers,3.0,2.0,700241.0,808963.0,Nestor Ceja,Charlie Ramos,"60 degrees, Partly Cloudy.","7 mph, In From LF.",6:16 PM.,"34,323.",9,0.0,0.0,3,0
824284,2026-05-02,R,2026,Comerica Park,Detroit Tigers,Texas Rangers,5.0,1.0,672456.0,677958.0,Marvin Hudson,Brennan Miller,"48 degrees, Partly Cloudy.","8 mph, Out To LF.",7:15 PM.,"33,373.",9,3.0,0.0,5,1
824365,2026-05-02,R,2026,Coors Field,Colorado Rockies,Atlanta Braves,1.0,9.0,657514.0,519242.0,Chad Whitson,Bill Miller,"71 degrees, Clear.","12 mph, In From CF.",6:12 PM.,"38,569.",9,0.0,2.0,1,8
823308,2026-05-02,R,2026,Petco Park,San Diego Padres,Chicago White Sox,0.0,4.0,650633.0,680732.0,Sean Barber,John Libka,"66 degrees, Partly Cloudy.","9 mph, L To R.",5:40 PM.,"42,758.",9,0.0,0.0,0,0
824042,2026-05-02,R,2026,Angel Stadium,Los Angeles Angels,New York Mets,4.0,3.0,672282.0,690997.0,John Tumpane,Chris Conroy,"70 degrees, Clear.","6 mph, R To L.",6:39 PM.,"42,788.",10,1.0,0.0,3,1
823144,2026-05-02,R,2026,T-Mobile Park,Seattle Mariners,Kansas City Royals,2.0,3.0,676106.0,607625.0,Tripp Gibson,Clint Vondrak,"70 degrees, Clear.","0 mph, Calm.",6:59 PM.,"42,794.",10,1.0,0.0,2,1
823711,2026-05-03,R,2026,Target Field,Minnesota Twins,Toronto Blue Jays,4.0,3.0,657746.0,702056.0,Scott Barry,Manny Gonzalez,"65 degrees, Sunny.","13 mph, Out To RF.",11:47 AM.,"20,394.",9,1.0,0.0,4,0
824769,2026-05-03,R,2026,Fenway Park,Boston Red Sox,Houston Astros,1.0,3.0,624133.0,675989.0,Laz Diaz,Brian O'Nora,"50 degrees, Cloudy.","6 mph, In From LF.",1:37 PM.,"35,406.",10,0.0,0.0,1,0
823387,2026-05-03,R,2026,PNC Park,Pittsburgh Pirates,Cincinnati Reds,1.0,0.0,677952.0,695505.0,Alan Porter,Roberto Ortiz,"56 degrees, Partly Cloudy.","13 mph, Out To LF.",1:37 PM.,"16,642.",9,0.0,0.0,0,0
823555,2026-05-03,R,2026,Yankee Stadium,New York Yankees,Baltimore Orioles,11.0,3.0,608331.0,694346.0,Alfonso Márquez,Mike Estabrook,"60 degrees, Partly Cloudy.","18 mph, Varies.",1:38 PM.,"43,416.",9,1.0,0.0,3,3
822742,2026-05-03,R,2026,Nationals Park,Washington Nationals,Milwaukee Brewers,3.0,2.0,676571.0,701656.0,Rob Drake,Stu Scheurwater,"55 degrees, Partly Cloudy.","13 mph, L To R.",1:36 PM.,"17,220.",9,0.0,0.0,2,1
822987,2026-05-03,R,2026,Tropicana Field,Tampa Bay Rays,San Francisco Giants,2.0,1.0,571927.0,641816.0,Nic Lentz,Vic Carapazza,"72 degrees, Dome.","0 mph, None.",1:40 PM.,"20,108.",10,0.0,1.0,0,1
823875,2026-05-03,R,2026,loanDepot park,Miami Marlins,Philadelphia Phillies,2.0,7.0,663978.0,666200.0,Nate Tomlinson,Bruce Dreckman,"72 degrees, Roof Closed.","0 mph, None.",1:41 PM.,"21,662.",9,0.0,6.0,0,7
823065,2026-05-03,R,2026,Busch Stadium,St. Louis Cardinals,Los Angeles Dodgers,1.0,4.0,669160.0,680736.0,Charlie Ramos,David Rackley,"68 degrees, Sunny.","16 mph, Out To LF.",1:16 PM.,"36,423.",9,0.0,0.0,0,3
824687,2026-05-03,R,2026,Wrigley Field,Chicago Cubs,Arizona Diamondbacks,8.0,4.0,571510.0,518876.0,Doug Eddings,Lance Barksdale,"58 degrees, Partly Cloudy.","5 mph, Out To LF.",1:20 PM.,"35,597.",9,0.0,0.0,6,2
824364,2026-05-03,R,2026,Coors Field,Colorado Rockies,Atlanta Braves,6.0,11.0,607536.0,675911.0,Bill Miller,Brian Walsh,"73 degrees, Cloudy.","8 mph, In From RF.",1:10 PM.,"32,994.",9,1.0,0.0,5,6
825013,2026-05-03,R,2026,Sutter Health Park,Athletics,Cleveland Guardians,7.0,1.0,650644.0,800048.0,Dan Bellino,Mark Ripperger,"64 degrees, Cloudy.","11 mph, Out To LF.",1:06 PM.,"12,194.",9,0.0,0.0,4,1
824043,2026-05-03,R,2026,Angel Stadium,Los Angeles Angels,New York Mets,1.0,5.0,686799.0,605280.0,Chris Conroy,Tyler Jones,"69 degrees, Cloudy.","8 mph, Out To CF.",1:08 PM.,"41,614.",9,1.0,0.0,1,2
823145,2026-05-03,R,2026,T-Mobile Park,Seattle Mariners,Kansas City Royals,1.0,4.0,622491.0,663460.0,Clint Vondrak,Austin Jones,"75 degrees, Sunny.","10 mph, L To R.",1:11 PM.,"39,408.",9,0.0,0.0,1,3
823307,2026-05-03,R,2026,Petco Park,San Diego Padres,Chicago White Sox,4.0,3.0,656288.0,641743.0,John Libka,D.J. Reyburn,"66 degrees, Cloudy.","8 mph, L To R.",1:11 PM.,"40,171.",9,0.0,0.0,3,1
824285,2026-05-03,R,2026,Comerica Park,Detroit Tigers,Texas Rangers,7.0,1.0,663947.0,683004.0,Brennan Miller,James Jean,"60 degrees, Partly Cloudy.","12 mph, Out To LF.",7:20 PM.,"24,083.",9,0.0,0.0,2,0
824363,2026-05-04,R,2026,Coors Field,Colorado Rockies,New York Mets,2.0,4.0,608372.0,623211.0,D.J. Reyburn,James Hoye,"68 degrees, Cloudy.","13 mph, In From CF.",3:42 PM.,"15,564.",9,0.0,0.0,0,0
824283,2026-05-04,R,2026,Comerica Park,Detroit Tigers,Boston Red Sox,4.0,5.0,663947.0,801139.0,Dan Iassogna,Adam Beck,"72 degrees, Partly Cloudy.","18 mph, R To L.",6:10 PM.,"22,321.",9,0.0,0.0,0,0
822984,2026-05-04,R,2026,Tropicana Field,Tampa Bay Rays,Toronto Blue Jays,5.0,1.0,607259.0,641778.0,David Rackley,Chris Guccione,"72 degrees, Dome.","0 mph, None.",6:40 PM.,"11,263.",9,3.0,0.0,3,1
823874,2026-05-04,R,2026,loanDepot park,Miami Marlins,Philadelphia Phillies,0.0,1.0,676083.0,605400.0,Bruce Dreckman,Mark Wegner,"72 degrees, Roof Closed.","0 mph, None.",6:42 PM.,"7,626.",9,0.0,0.0,0,1
823552,2026-05-04,R,2026,Yankee Stadium,New York Yankees,Baltimore Orioles,12.0,1.0,693645.0,669358.0,Mike Estabrook,Malachi Moore,"70 degrees, Clear.","13 mph, Out To LF.",7:10 PM.,"36,802.",9,2.0,0.0,3,0
824684,2026-05-04,R,2026,Wrigley Field,Chicago Cubs,Cincinnati Reds,5.0,4.0,665795.0,695534.0,Manny Gonzalez,Jacob Metz,"65 degrees, Partly Cloudy.","4 mph, Out To CF.",7:50 PM.,"32,997.",9,0.0,0.0,3,3
824120,2026-05-04,R,2026,Kauffman Stadium,Kansas City Royals,Cleveland Guardians,6.0,2.0,608379.0,676440.0,Vic Carapazza,John Bacon,"80 degrees, Partly Cloudy.","8 mph, Out To RF.",6:40 PM.,"16,434.",9,0.0,0.0,4,2
823064,2026-05-04,R,2026,Busch Stadium,St. Louis Cardinals,Milwaukee Brewers,6.0,3.0,681517.0,694477.0,Emil Jimenez,Mike Muchlinski,"72 degrees, Cloudy.","11 mph, R To L.",6:45 PM.,"22,080.",9,0.0,0.0,4,0
824201,2026-05-04,R,2026,Daikin Park,Houston Astros,Los Angeles Dodgers,3.0,8.0,595345.0,808967.0,Mark Ripperger,Shane Livensparger,"73 degrees, Roof Closed.","0 mph, None.",7:11 PM.,"35,126.",9,2.0,1.0,3,8
824039,2026-05-04,R,2026,Angel Stadium,Los Angeles Angels,Chicago White Sox,0.0,6.0,667755.0,663436.0,Cory Blaser,Jansen Visconti,"64 degrees, Cloudy.","9 mph, Out To CF.",6:39 PM.,"26,262.",9,0.0,2.0,0,5
823143,2026-05-04,R,2026,T-Mobile Park,Seattle Mariners,Atlanta Braves,5.0,4.0,669302.0,702275.0,Lance Barksdale,Will Little,"76 degrees, Partly Cloudy.","6 mph, Out To RF.",6:41 PM.,"26,934.",9,0.0,1.0,0,1
823228,2026-05-04,R,2026,Oracle Park,San Francisco Giants,San Diego Padres,3.0,2.0,686790.0,681190.0,Todd Tichenor,Adam Hamari,"58 degrees, Cloudy.","13 mph, Varies.",6:45 PM.,"33,097.",9,2.0,1.0,2,1
824281,2026-05-05,R,2026,Comerica Park,Detroit Tigers,Boston Red Sox,3.0,10.0,664285.0,663558.0,Adam Beck,Jonathan Parra,"54 degrees, Partly Cloudy.","9 mph, Out To LF.",6:43 PM.,"20,674.",9,2.0,3.0,3,10
822986,2026-05-05,R,2026,Tropicana Field,Tampa Bay Rays,Toronto Blue Jays,4.0,3.0,656876.0,592332.0,Chris Guccione,Nestor Ceja,"72 degrees, Dome.","0 mph, None.",6:40 PM.,"11,217.",9,0.0,1.0,2,3
823469,2026-05-05,R,2026,Citizens Bank Park,Philadelphia Phillies,Athletics,9.0,1.0,650911.0,622663.0,Malachi Moore,Lance Barrett,"79 degrees, Partly Cloudy.","20 mph, Out To LF.",6:42 PM.,"36,069.",9,0.0,0.0,1,0
823873,2026-05-05,R,2026,loanDepot park,Miami Marlins,Baltimore Orioles,7.0,9.0,645261.0,605135.0,Roberto Ortiz,Alex MacKay,"72 degrees, Roof Closed.","0 mph, None.",6:41 PM.,"6,600.",9,1.0,3.0,4,7
822743,2026-05-05,R,2026,Nationals Park,Washington Nationals,Minnesota Twins,3.0,11.0,676917.0,671737.0,Mark Wegner,Carlos Torres,"82 degrees, Partly Cloudy.","16 mph, Out To RF.",6:45 PM.,"17,844.",9,1.0,0.0,2,6
823553,2026-05-05,R,2026,Yankee Stadium,New York Yankees,Texas Rangers,7.0,4.0,695684.0,594798.0,Paul Clemons,Quinn Wolcott,"76 degrees, Clear.","15 mph, R To L.",7:08 PM.,"38,360.",9,1.0,3.0,3,3
824682,2026-05-05,R,2026,Wrigley Field,Chicago Cubs,Cincinnati Reds,3.0,2.0,592791.0,671096.0,Jacob Metz,Tom Hanahan,"57 degrees, Cloudy.","8 mph, L To R.",6:40 PM.,"34,777.",10,0.0,1.0,0,1
824119,2026-05-05,R,2026,Kauffman Stadium,Kansas City Royals,Cleveland Guardians,5.0,3.0,663568.0,668909.0,John Bacon,Edwin Moscoso,"53 degrees, Cloudy.","0 mph, Calm.",6:40 PM.,"13,102.",9,2.0,0.0,4,3
824200,2026-05-05,R,2026,Daikin Park,Houston Astros,Los Angeles Dodgers,2.0,1.0,663567.0,660271.0,Shane Livensparger,Edwin Jimenez,"73 degrees, Roof Closed.","0 mph, None.",7:09 PM.,"37,008.",9,0.0,0.0,2,0
824040,2026-05-05,R,2026,Angel Stadium,Los Angeles Angels,Chicago White Sox,4.0,3.0,691951.0,607200.0,Jansen Visconti,Andy Fletcher,"64 degrees, Partly Cloudy.","10 mph, Varies.",6:38 PM.,"26,892.",9,2.0,2.0,4,2
825092,2026-05-05,R,2026,Chase Field,Arizona Diamondbacks,Pittsburgh Pirates,9.0,0.0,593958.0,696149.0,Ben May,John Tumpane,"76 degrees, Partly Cloudy.","11 mph, Varies.",6:40 PM.,"22,410.",9,2.0,0.0,2,0
823142,2026-05-05,R,2026,T-Mobile Park,Seattle Mariners,Atlanta Braves,2.0,3.0,669923.0,693821.0,Will Little,Ryan Additon,"64 degrees, Clear.","5 mph, In From LF.",6:41 PM.,"27,128.",9,0.0,0.0,2,2
823227,2026-05-05,R,2026,Oracle Park,San Francisco Giants,San Diego Padres,5.0,10.0,657277.0,621111.0,Adam Hamari,Tripp Gibson,"59 degrees, Partly Cloudy.","11 mph, Out To CF.",6:45 PM.,"38,275.",9,2.0,0.0,4,7
822985,2026-05-06,R,2026,Tropicana Field,Tampa Bay Rays,Toronto Blue Jays,3.0,0.0,663556.0,571578.0,Nestor Ceja,Charlie Ramos,"72 degrees, Dome.","0 mph, None.",1:10 PM.,"11,275.",9,0.0,0.0,2,0
823063,2026-05-06,R,2026,Busch Stadium,St. Louis Cardinals,Milwaukee Brewers,2.0,6.0,669467.0,687075.0,Mike Muchlinski,Dexter Kelley,"58 degrees, Cloudy.","7 mph, In From RF.",12:16 PM.,"25,772.",9,0.0,4.0,0,5
824198,2026-05-06,R,2026,Daikin Park,Houston Astros,Los Angeles Dodgers,2.0,12.0,621121.0,607192.0,Edwin Jimenez,Dan Bellino,"73 degrees, Roof Closed.","0 mph, None.",1:10 PM.,"32,741.",9,1.0,0.0,1,10
823226,2026-05-06,R,2026,Oracle Park,San Francisco Giants,San Diego Padres,1.0,5.0,605288.0,699134.0,Tripp Gibson,Clint Vondrak,"67 degrees, Partly Cloudy.","8 mph, Varies.",12:46 PM.,"34,181.",9,0.0,0.0,1,1
824036,2026-05-06,R,2026,Angel Stadium,Los Angeles Angels,Chicago White Sox,8.0,2.0,700712.0,702273.0,Andy Fletcher,Alex Tosi,"74 degrees, Sunny.","8 mph, Out To LF.",1:08 PM.,"23,338.",9,0.0,0.0,7,1
823141,2026-05-06,R,2026,T-Mobile Park,Seattle Mariners,Atlanta Braves,3.0,1.0,693433.0,527048.0,Ryan Additon,Ryan Wills,"58 degrees, Cloudy.","7 mph, Out To CF.",1:12 PM.,"23,648.",9,0.0,0.0,1,0
824282,2026-05-06,R,2026,Comerica Park,Detroit Tigers,Boston Red Sox,0.0,4.0,656427.0,543243.0,Jonathan Parra,Jeremie Rehak,"54 degrees, Partly Cloudy.","8 mph, Out To LF.",6:41 PM.,"17,334.",9,0.0,0.0,0,4
823470,2026-05-06,R,2026,Citizens Bank Park,Philadelphia Phillies,Athletics,6.0,3.0,554430.0,605488.0,Lance Barrett,Alfonso Márquez,"69 degrees, Cloudy.","12 mph, Out To RF.",6:40 PM.,"36,474.",9,0.0,0.0,1,2
823872,2026-05-06,R,2026,loanDepot park,Miami Marlins,Baltimore Orioles,4.0,7.0,691587.0,687064.0,Alex MacKay,Willie Traynor,"72 degrees, Roof Closed.","0 mph, None.",6:42 PM.,"6,607.",9,3.0,3.0,3,5
822740,2026-05-06,R,2026,Nationals Park,Washington Nationals,Minnesota Twins,15.0,2.0,571945.0,641927.0,Carlos Torres,Nate Tomlinson,"72 degrees, Cloudy.","10 mph, Out To RF.",6:46 PM.,"17,444.",9,0.0,0.0,3,2
823550,2026-05-06,R,2026,Yankee Stadium,New York Yankees,Texas Rangers,1.0,6.0,701542.0,543135.0,Quinn Wolcott,Brock Ballou,"67 degrees, Overcast.","11 mph, Out To LF.",7:08 PM.,"40,269.",9,0.0,1.0,0,6
824683,2026-05-06,R,2026,Wrigley Field,Chicago Cubs,Cincinnati Reds,7.0,6.0,607067.0,663903.0,Tom Hanahan,Scott Barry,"56 degrees, Partly Cloudy.","14 mph, In From LF.",6:39 PM.,"34,143.",10,2.0,1.0,4,2
824118,2026-05-06,R,2026,Kauffman Stadium,Kansas City Royals,Cleveland Guardians,1.0,3.0,666142.0,676282.0,Edwin Moscoso,Nic Lentz,"61 degrees, Clear.","3 mph, L To R.",6:40 PM.,"13,039.",9,0.0,0.0,1,2
824361,2026-05-06,R,2026,Coors Field,Colorado Rockies,New York Mets,5.0,10.0,547179.0,642547.0,James Hoye,Sean Barber,"41 degrees, Clear.","8 mph, Out To LF.",7:21 PM.,"11,155.",9,0.0,1.0,0,4
825091,2026-05-06,R,2026,Chase Field,Arizona Diamondbacks,Pittsburgh Pirates,0.0,1.0,647336.0,694973.0,John Tumpane,Brennan Miller,"83 degrees, Clear.","9 mph, Varies.",6:40 PM.,"21,719.",9,0.0,1.0,0,1
823551,2026-05-07,R,2026,Yankee Stadium,New York Yankees,Texas Rangers,9.0,2.0,621112.0,669022.0,Brock Ballou,Ramon De Jesus,"60 degrees, Sunny.","9 mph, Out To RF.",12:38 PM.,"42,729.",9,1.0,0.0,1,2
822741,2026-05-07,R,2026,Nationals Park,Washington Nationals,Minnesota Twins,7.0,5.0,663623.0,680573.0,Nate Tomlinson,Bruce Dreckman,"59 degrees, Cloudy.","6 mph, In From CF.",1:05 PM.,"13,543.",9,0.0,0.0,5,3
824117,2026-05-07,R,2026,Kauffman Stadium,Kansas City Royals,Cleveland Guardians,5.0,8.0,607625.0,677944.0,Nic Lentz,Vic Carapazza,"63 degrees, Partly Cloudy.","10 mph, Out To RF.",1:10 PM.,"24,892.",9,0.0,3.0,1,4
824681,2026-05-07,R,2026,Wrigley Field,Chicago Cubs,Cincinnati Reds,8.0,3.0,684007.0,695076.0,Scott Barry,Manny Gonzalez,"54 degrees, Partly Cloudy.","8 mph, R To L.",1:20 PM.,"30,441.",9,0.0,0.0,8,0
824362,2026-05-07,R,2026,Coors Field,Colorado Rockies,New York Mets,6.0,2.0,500779.0,681035.0,Sean Barber,John Libka,"64 degrees, Cloudy.","7 mph, Out To CF.",1:11 PM.,"13,378.",9,0.0,0.0,1,2
825090,2026-05-07,R,2026,Chase Field,Arizona Diamondbacks,Pittsburgh Pirates,2.0,4.0,668678.0,656605.0,Brennan Miller,Chris Conroy,"78 degrees, Roof Closed.","0 mph, None.",12:41 PM.,"21,827.",9,1.0,1.0,2,3
823467,2026-05-07,R,2026,Citizens Bank Park,Philadelphia Phillies,Athletics,1.0,12.0,691725.0,669372.0,Alfonso Márquez,Mike Estabrook,"65 degrees, Clear.","7 mph, L To R.",6:41 PM.,"37,543.",9,0.0,4.0,1,10
823870,2026-05-07,R,2026,loanDepot park,Miami Marlins,Baltimore Orioles,4.0,3.0,676974.0,700249.0,Willie Traynor,Alan Porter,"72 degrees, Roof Closed.","0 mph, None.",6:41 PM.,"8,588.",9,2.0,0.0,3,2
824767,2026-05-07,R,2026,Fenway Park,Boston Red Sox,Tampa Bay Rays,4.0,8.0,687562.0,643377.0,Tyler Jones,Steven Jaschinski,"62 degrees, Clear.","16 mph, Out To RF.",7:10 PM.,"33,961.",9,0.0,0.0,3,3
823306,2026-05-07,R,2026,Petco Park,San Diego Padres,St. Louis Cardinals,1.0,2.0,650633.0,669461.0,Alex Tosi,Cory Blaser,"64 degrees, Partly Cloudy.","7 mph, L To R.",7:11 PM.,"44,966.",9,1.0,0.0,1,1
824522,2026-05-08,R,2026,Great American Ball Park,Cincinnati Reds,Houston Astros,0.0,10.0,666157.0,681347.0,Jeremie Rehak,David Rackley,"67 degrees, Partly Cloudy.","10 mph, R To L.",6:11 PM.,"24,347.",9,0.0,0.0,0,2
823466,2026-05-08,R,2026,Citizens Bank Park,Philadelphia Phillies,Colorado Rockies,7.0,9.0,666200.0,801403.0,Vic Carapazza,John Bacon,"68 degrees, Partly Cloudy.","12 mph, Out To CF.",6:41 PM.,"39,478.",11,0.0,1.0,0,6
824846,2026-05-08,R,2026,Oriole Park at Camden Yards,Baltimore Orioles,Athletics,3.0,4.0,680694.0,682052.0,Bruce Dreckman,Austin Jones,"70 degrees, Cloudy.","4 mph, L To R.",7:07 PM.,"39,311.",9,0.0,0.0,1,3
822822,2026-05-08,R,2026,Rogers Centre,Toronto Blue Jays,Los Angeles Angels,2.0,0.0,656302.0,672282.0,Mike Estabrook,Malachi Moore,"68 degrees, Roof Closed.","0 mph, None.",7:09 PM.,"41,923.",9,0.0,0.0,2,0
824768,2026-05-08,R,2026,Fenway Park,Boston Red Sox,Tampa Bay Rays,2.0,0.0,813349.0,669947.0,Steven Jaschinski,D.J. Reyburn,"58 degrees, Clear.","5 mph, Out To RF.",7:11 PM.,"35,052.",9,0.0,0.0,2,0
823871,2026-05-08,R,2026,loanDepot park,Miami Marlins,Washington Nationals,2.0,3.0,702281.0,656492.0,Charlie Ramos,James Jean,"72 degrees, Roof Closed.","0 mph, None.",7:10 PM.,"12,070.",9,2.0,3.0,2,3
824443,2026-05-08,R,2026,Progressive Field,Cleveland Guardians,Minnesota Twins,6.0,4.0,800048.0,687570.0,Ramon De Jesus,Paul Clemons,"55 degrees, Drizzle.","13 mph, Out To RF.",7:15 PM.,"19,030.",9,4.0,0.0,4,0
824116,2026-05-08,R,2026,Kauffman Stadium,Kansas City Royals,Detroit Tigers,4.0,3.0,663460.0,672456.0,Dexter Kelley,Gabe Morales,"64 degrees, Partly Cloudy.","0 mph, Calm.",6:41 PM.,"29,374.",9,0.0,0.0,1,1
824607,2026-05-08,R,2026,Rate Field,Chicago White Sox,Seattle Mariners,8.0,12.0,680732.0,676106.0,Dan Bellino,Mark Ripperger,"58 degrees, Partly Cloudy.","10 mph, L To R.",6:41 PM.,"23,011.",9,1.0,0.0,5,6
823794,2026-05-08,R,2026,American Family Field,Milwaukee Brewers,New York Yankees,6.0,0.0,694819.0,608331.0,Alan Porter,Roberto Ortiz,"67 degrees, Roof Closed.","0 mph, None.",6:41 PM.,"38,051.",9,0.0,0.0,5,0
822904,2026-05-08,R,2026,Globe Life Field,Texas Rangers,Chicago Cubs,1.0,7.0,677958.0,676962.0,Clint Vondrak,Willie Traynor,"74 degrees, Roof Closed.","0 mph, None.",7:10 PM.,"32,394.",9,0.0,1.0,1,3
825088,2026-05-08,R,2026,Chase Field,Arizona Diamondbacks,New York Mets,1.0,3.0,669194.0,690997.0,Ryan Wills,Lance Barksdale,"99 degrees, Clear.","12 mph, Varies.",6:40 PM.,"30,599.",10,0.0,0.0,1,1
823303,2026-05-08,R,2026,Petco Park,San Diego Padres,St. Louis Cardinals,0.0,6.0,656288.0,700241.0,Cory Blaser,Jansen Visconti,"68 degrees, Partly Cloudy.","8 mph, L To R.",6:46 PM.,"40,442.",9,0.0,0.0,0,6
823957,2026-05-08,R,2026,UNIQLO Field at Dodger Stadium,Los Angeles Dodgers,Atlanta Braves,3.0,1.0,686218.0,519242.0,Chris Conroy,Ben May,"69 degrees, Clear.","6 mph, L To R.",7:10 PM.,"51,255.",9,0.0,0.0,2,1
823225,2026-05-08,R,2026,Oracle Park,San Francisco Giants,Pittsburgh Pirates,5.0,2.0,592662.0,669387.0,Manny Gonzalez,Jacob Metz,"58 degrees, Clear.","13 mph, Out To CF.",7:14 PM.,"41,024.",9,0.0,0.0,2,1
822820,2026-05-09,R,2026,Rogers Centre,Toronto Blue Jays,Los Angeles Angels,14.0,1.0,702056.0,686799.0,Malachi Moore,Lance Barrett,"68 degrees, Roof Closed.","0 mph, None.",3:07 PM.,"41,461.",9,0.0,0.0,8,0
824847,2026-05-09,R,2026,Oriole Park at Camden Yards,Baltimore Orioles,Athletics,2.0,6.0,669358.0,650644.0,Austin Jones,Carlos Torres,"68 degrees, Cloudy.","4 mph, R To L.",4:06 PM.,"30,707.",9,0.0,1.0,0,5
824523,2026-05-09,R,2026,Great American Ball Park,Cincinnati Reds,Houston Astros,3.0,1.0,695505.0,681293.0,David Rackley,Adam Beck,"72 degrees, Sunny.","9 mph, Out To LF.",4:11 PM.,"35,688.",9,0.0,0.0,3,1
823869,2026-05-09,R,2026,loanDepot park,Miami Marlins,Washington Nationals,8.0,7.0,676083.0,663992.0,James Jean,Chris Guccione,"72 degrees, Roof Closed.","0 mph, None.",4:11 PM.,"20,185.",9,0.0,3.0,2,4
823468,2026-05-09,R,2026,Citizens Bank Park,Philadelphia Phillies,Colorado Rockies,9.0,3.0,605400.0,607536.0,John Bacon,Edwin Moscoso,"61 degrees, Cloudy.","7 mph, In From RF.",6:31 PM.,"38,043.",9,0.0,0.0,7,3
824444,2026-05-09,R,2026,Progressive Field,Cleveland Guardians,Minnesota Twins,1.0,2.0,676440.0,657746.0,Paul Clemons,Quinn Wolcott,"60 degrees, Partly Cloudy.","11 mph, Out To RF.",8:16 PM.,"28,230.",11,0.0,1.0,1,1
822905,2026-05-09,R,2026,Globe Life Field,Texas Rangers,Chicago Cubs,6.0,0.0,683004.0,665795.0,James Hoye,Adam Hamari,"74 degrees, Roof Closed.","0 mph, None.",6:08 PM.,"35,807.",9,0.0,0.0,5,0
824115,2026-05-09,R,2026,Kauffman Stadium,Kansas City Royals,Detroit Tigers,5.0,1.0,608379.0,572143.0,Gabe Morales,Emil Jimenez,"82 degrees, Partly Cloudy.","10 mph, L To R.",6:10 PM.,"26,724.",9,2.0,0.0,5,0
824606,2026-05-09,R,2026,Rate Field,Chicago White Sox,Seattle Mariners,6.0,1.0,641743.0,622491.0,Mark Ripperger,Shane Livensparger,"74 degrees, Partly Cloudy.","16 mph, Out To RF.",6:11 PM.,"25,438.",9,2.0,0.0,5,1
823792,2026-05-09,R,2026,American Family Field,Milwaukee Brewers,New York Yankees,4.0,3.0,690986.0,693645.0,Roberto Ortiz,Alex MacKay,"69 degrees, Roof Closed.","0 mph, None.",6:10 PM.,"35,628.",10,0.0,1.0,0,2
825089,2026-05-09,R,2026,Chase Field,Arizona Diamondbacks,New York Mets,2.0,1.0,518876.0,605280.0,Lance Barksdale,Will Little,"78 degrees, Roof Closed.","0 mph, None.",4:16 PM.,"38,726.",9,0.0,0.0,2,1
823304,2026-05-09,R,2026,Petco Park,San Diego Padres,St. Louis Cardinals,4.0,2.0,681190.0,669160.0,Jansen Visconti,Andy Fletcher,"68 degrees, Sunny.","7 mph, L To R.",4:15 PM.,"41,559.",9,0.0,0.0,3,1
823224,2026-05-09,R,2026,Oracle Park,San Francisco Giants,Pittsburgh Pirates,3.0,13.0,694738.0,677952.0,Jacob Metz,Tom Hanahan,"59 degrees, Clear.","13 mph, Varies.",6:06 PM.,"40,417.",9,0.0,0.0,1,2
823955,2026-05-09,R,2026,UNIQLO Field at Dodger Stadium,Los Angeles Dodgers,Atlanta Braves,2.0,7.0,605483.0,675911.0,Ben May,John Tumpane,"70 degrees, Clear.","8 mph, Out To RF.",6:10 PM.,"50,209.",9,0.0,1.0,0,6
823868,2026-05-10,R,2026,loanDepot park,Miami Marlins,Washington Nationals,5.0,2.0,645261.0,676917.0,Chris Guccione,Nestor Ceja,"72 degrees, Roof Closed.","0 mph, None.",12:15 PM.,"11,848.",9,0.0,0.0,2,2
824845,2026-05-10,R,2026,Oriole Park at Camden Yards,Baltimore Orioles,Athletics,2.0,1.0,669211.0,622663.0,Carlos Torres,Nate Tomlinson,"77 degrees, Partly Cloudy.","3 mph, R To L.",1:39 PM.,"24,213.",9,0.0,0.0,1,1
824765,2026-05-10,R,2026,Fenway Park,Boston Red Sox,Tampa Bay Rays,1.0,4.0,801139.0,607259.0,John Libka,D.J. Reyburn,"69 degrees, Partly Cloudy.","4 mph, Out To CF.",1:36 PM.,"33,489.",9,0.0,1.0,0,3
823463,2026-05-10,R,2026,Citizens Bank Park,Philadelphia Phillies,Colorado Rockies,6.0,0.0,650911.0,608372.0,Edwin Moscoso,Nic Lentz,"73 degrees, Partly Cloudy.","6 mph, Out To RF.",1:35 PM.,"44,620.",9,2.0,0.0,5,0
822819,2026-05-10,R,2026,Rogers Centre,Toronto Blue Jays,Los Angeles Angels,1.0,6.0,693686.0,667755.0,Lance Barrett,Alfonso Márquez,"68 degrees, Roof Closed.","0 mph, None.",1:37 PM.,"40,977.",9,1.0,0.0,1,4
824520,2026-05-10,R,2026,Great American Ball Park,Cincinnati Reds,Houston Astros,5.0,0.0,671096.0,678906.0,Adam Beck,Jonathan Parra,"68 degrees, Partly Cloudy.","3 mph, Out To RF.",1:42 PM.,"23,980.",9,0.0,0.0,4,0
824440,2026-05-10,R,2026,Progressive Field,Cleveland Guardians,Minnesota Twins,4.0,5.0,668909.0,702193.0,Quinn Wolcott,Brock Ballou,"56 degrees, Sunny.","5 mph, In From CF.",1:40 PM.,"22,475.",9,0.0,0.0,2,5
824605,2026-05-10,R,2026,Rate Field,Chicago White Sox,Seattle Mariners,2.0,1.0,663436.0,669302.0,Shane Livensparger,Dan Merzel,"57 degrees, Partly Cloudy.","3 mph, In From LF.",1:10 PM.,"19,247.",9,0.0,1.0,0,1
823793,2026-05-10,R,2026,American Family Field,Milwaukee Brewers,New York Yankees,4.0,3.0,701656.0,607074.0,Alex MacKay,Tripp Gibson,"64 degrees, Roof Closed.","12 mph, Calm.",1:11 PM.,"40,175.",9,0.0,1.0,3,2
822902,2026-05-10,R,2026,Globe Life Field,Texas Rangers,Chicago Cubs,3.0,0.0,594798.0,592791.0,Adam Hamari,Todd Tichenor,"74 degrees, Roof Closed.","0 mph, None.",1:38 PM.,"34,221.",9,0.0,0.0,1,0
823221,2026-05-10,R,2026,Oracle Park,San Francisco Giants,Pittsburgh Pirates,7.0,6.0,641816.0,696149.0,Tom Hanahan,Scott Barry,"59 degrees, Partly Cloudy.","9 mph, Out To LF.",1:06 PM.,"41,085.",12,0.0,1.0,2,3
825085,2026-05-10,R,2026,Chase Field,Arizona Diamondbacks,New York Mets,5.0,1.0,593958.0,623211.0,Will Little,Ryan Additon,"78 degrees, Roof Closed.","0 mph, None.",1:11 PM.,"40,170.",9,0.0,0.0,2,0
823305,2026-05-10,R,2026,Petco Park,San Diego Padres,St. Louis Cardinals,3.0,2.0,621111.0,681517.0,Andy Fletcher,Alex Tosi,"68 degrees, Sunny.","8 mph, L To R.",1:12 PM.,"39,795.",10,0.0,0.0,0,2
823954,2026-05-10,R,2026,UNIQLO Field at Dodger Stadium,Los Angeles Dodgers,Atlanta Braves,2.0,7.0,680736.0,693821.0,John Tumpane,Brennan Miller,"79 degrees, Sunny.","6 mph, Varies.",1:10 PM.,"49,514.",9,0.0,0.0,0,4
824113,2026-05-10,R,2026,Kauffman Stadium,Kansas City Royals,Detroit Tigers,3.0,6.0,702070.0,669724.0,Emil Jimenez,Mike Muchlinski,"69 degrees, Clear.","7 mph, L To R.",6:22 PM.,"17,295.",9,0.0,0.0,3,3
824441,2026-05-11,R,2026,Progressive Field,Cleveland Guardians,Los Angeles Angels,7.0,2.0,676282.0,608718.0,Jonathan Parra,Jeremie Rehak,"53 degrees, Clear.","7 mph, In From RF.",6:12 PM.,"15,492.",9,0.0,0.0,7,0
824844,2026-05-11,R,2026,Oriole Park at Camden Yards,Baltimore Orioles,New York Yankees,3.0,2.0,687064.0,677960.0,Nic Lentz,Hunter Wendelstedt,"62 degrees, Clear.","4 mph, In From LF.",6:36 PM.,"23,160.",9,0.0,0.0,0,2
822818,2026-05-11,R,2026,Rogers Centre,Toronto Blue Jays,Tampa Bay Rays,5.0,8.0,592332.0,656876.0,Brian O'Nora,Chris Segal,"68 degrees, Roof Closed.","0 mph, None.",7:07 PM.,"39,336.",9,0.0,3.0,3,7
822901,2026-05-11,R,2026,Globe Life Field,Texas Rangers,Arizona Diamondbacks,0.0,1.0,596001.0,647336.0,Alex Tosi,Cory Blaser,"74 degrees, Roof Closed.","0 mph, None.",7:08 PM.,"22,651.",9,0.0,1.0,0,1
824199,2026-05-11,R,2026,Daikin Park,Houston Astros,Seattle Mariners,1.0,3.0,663567.0,669923.0,Dillon Wilson,Jim Wolf,"73 degrees, Roof Closed.","0 mph, None.",7:10 PM.,"27,012.",9,0.0,0.0,1,3
823953,2026-05-11,R,2026,UNIQLO Field at Dodger Stadium,Los Angeles Dodgers,San Francisco Giants,3.0,9.0,808963.0,686790.0,Ryan Blakney,Brian Walsh,"72 degrees, Clear.","4 mph, Out To RF.",7:10 PM.,"44,298.",9,0.0,0.0,2,1
824442,2026-05-12,R,2026,Progressive Field,Cleveland Guardians,Los Angeles Angels,3.0,2.0,677944.0,700712.0,Jeremie Rehak,Dan Iassogna,"63 degrees, Cloudy.","6 mph, Calm.",6:11 PM.,"16,355.",9,0.0,0.0,2,0
824843,2026-05-12,R,2026,Oriole Park at Camden Yards,Baltimore Orioles,New York Yankees,2.0,6.0,669432.0,701542.0,Hunter Wendelstedt,Edwin Moscoso,"65 degrees, Clear.","8 mph, Out To LF.",6:36 PM.,"20,344.",9,0.0,1.0,0,6
824521,2026-05-12,R,2026,Great American Ball Park,Cincinnati Reds,Washington Nationals,4.0,10.0,663903.0,571945.0,Mike Muchlinski,Dexter Kelley,"76 degrees, Clear.","7 mph, R To L.",6:41 PM.,"23,715.",9,0.0,0.0,2,7
823385,2026-05-12,R,2026,PNC Park,Pittsburgh Pirates,Colorado Rockies,3.0,1.0,694973.0,547179.0,Brock Ballou,Ramon De Jesus,"66 degrees, Partly Cloudy.","9 mph, Out To LF.",6:43 PM.,"13,516.",9,1.0,0.0,2,0
824764,2026-05-12,R,2026,Fenway Park,Boston Red Sox,Philadelphia Phillies,1.0,2.0,663558.0,554430.0,Dan Merzel,Dan Bellino,"62 degrees, Partly Cloudy.","3 mph, L To R.",6:47 PM.,"36,795.",9,0.0,1.0,0,2
822817,2026-05-12,R,2026,Rogers Centre,Toronto Blue Jays,Tampa Bay Rays,6.0,7.0,571578.0,663556.0,Chris Segal,Erich Bacchus,"68 degrees, Roof Closed.","0 mph, None.",7:07 PM.,"41,265.",10,0.0,1.0,0,3
823632,2026-05-12,R,2026,Citi Field,New York Mets,Detroit Tigers,10.0,2.0,642547.0,656427.0,Stu Scheurwater,Junior Valentine,"59 degrees, Clear.","12 mph, Out To LF.",7:10 PM.,"36,382.",9,0.0,0.0,3,2
824927,2026-05-12,R,2026,Truist Park,Atlanta Braves,Chicago Cubs,5.0,2.0,656550.0,607067.0,Tyler Jones,Sean Barber,"70 degrees, Clear.","6 mph, L To R.",7:16 PM.,"38,342.",9,0.0,0.0,5,2
824604,2026-05-12,R,2026,Rate Field,Chicago White Sox,Kansas City Royals,6.0,5.0,607200.0,663568.0,Chris Conroy,Jen Pawol,"68 degrees, Cloudy.","13 mph, Out To LF.",6:41 PM.,"13,256.",9,0.0,2.0,5,2
823712,2026-05-12,R,2026,Target Field,Minnesota Twins,Miami Marlins,3.0,0.0,641927.0,691587.0,Scott Barry,Manny Gonzalez,"68 degrees, Partly Cloudy.","21 mph, Out To RF.",6:41 PM.,"13,471.",9,0.0,0.0,3,0
823790,2026-05-12,R,2026,American Family Field,Milwaukee Brewers,San Diego Padres,6.0,4.0,687075.0,699134.0,Ryan Additon,Ryan Wills,"66 degrees, Roof Closed.","0 mph, None.",6:40 PM.,"25,372.",9,0.0,0.0,6,2
822903,2026-05-12,R,2026,Globe Life Field,Texas Rangers,Arizona Diamondbacks,7.0,4.0,669022.0,668678.0,Cory Blaser,Jansen Visconti,"84 degrees, Clear.","8 mph, Out To LF.",7:08 PM.,"23,160.",9,1.0,0.0,7,1
824197,2026-05-12,R,2026,Daikin Park,Houston Astros,Seattle Mariners,2.0,10.0,837227.0,693433.0,Jim Wolf,Roberto Ortiz,"73 degrees, Roof Closed.","0 mph, None.",7:10 PM.,"28,829.",9,0.0,0.0,2,7
825011,2026-05-12,R,2026,Sutter Health Park,Athletics,St. Louis Cardinals,4.0,6.0,605488.0,669467.0,Chad Fairchild,Chad Whitson,"78 degrees, Partly Cloudy.","13 mph, Out To CF.",6:40 PM.,"11,132.",9,0.0,4.0,3,4
823951,2026-05-12,R,2026,UNIQLO Field at Dodger Stadium,Los Angeles Dodgers,San Francisco Giants,2.0,6.0,808967.0,605288.0,Brian Walsh,James Jean,"66 degrees, Partly Cloudy.","8 mph, Out To LF.",7:11 PM.,"50,029.",9,1.0,0.0,2,3
824841,2026-05-13,R,2026,Oriole Park at Camden Yards,Baltimore Orioles,New York Yankees,7.0,0.0,680694.0,608331.0,Edwin Moscoso,Chris Guccione,"71 degrees, Sunny.","14 mph, Out To LF.",1:07 PM.,"14,521.",9,0.0,0.0,5,0
824438,2026-05-13,R,2026,Progressive Field,Cleveland Guardians,Los Angeles Angels,4.0,2.0,800048.0,672282.0,Dan Iassogna,Adam Beck,"55 degrees, Partly Cloudy.","18 mph, L To R.",1:10 PM.,"21,142.",9,2.0,0.0,3,2
824519,2026-05-13,R,2026,Great American Ball Park,Cincinnati Reds,Washington Nationals,7.0,8.0,666157.0,663623.0,Dexter Kelley,Doug Eddings,"61 degrees, Partly Cloudy.","12 mph, Out To CF.",6:41 PM.,"17,312.",10,5.0,0.0,6,6
823386,2026-05-13,R,2026,PNC Park,Pittsburgh Pirates,Colorado Rockies,4.0,10.0,656605.0,500779.0,Ramon De Jesus,Paul Clemons,"61 degrees, Partly Cloudy.","13 mph, Out To RF.",7:06 PM.,"10,554.",9,0.0,0.0,3,6
824763,2026-05-13,R,2026,Fenway Park,Boston Red Sox,Philadelphia Phillies,3.0,1.0,543243.0,691725.0,Dan Bellino,Mark Ripperger,"62 degrees, Overcast.","6 mph, R To L.",6:46 PM.,"35,451.",9,0.0,0.0,1,1
822815,2026-05-13,R,2026,Rogers Centre,Toronto Blue Jays,Tampa Bay Rays,5.0,3.0,656302.0,643377.0,Erich Bacchus,Laz Diaz,"68 degrees, Roof Closed.","0 mph, None.",7:07 PM.,"40,119.",10,0.0,0.0,0,0
823631,2026-05-13,R,2026,Citi Field,New York Mets,Detroit Tigers,3.0,2.0,681035.0,664285.0,Junior Valentine,Jordan Baker,"60 degrees, Cloudy.","16 mph, Out To LF.",7:10 PM.,"33,989.",10,0.0,2.0,1,2
824928,2026-05-13,R,2026,Truist Park,Atlanta Braves,Chicago Cubs,4.0,1.0,702275.0,684007.0,Sean Barber,John Libka,"76 degrees, Clear.","7 mph, R To L.",7:15 PM.,"35,540.",9,0.0,0.0,1,1
824603,2026-05-13,R,2026,Rate Field,Chicago White Sox,Kansas City Royals,6.0,5.0,702273.0,607625.0,Jen Pawol,Ben May,"53 degrees, Partly Cloudy.","8 mph, Out To RF.",6:41 PM.,"11,905.",9,0.0,0.0,5,3
823710,2026-05-13,R,2026,Target Field,Minnesota Twins,Miami Marlins,5.0,9.0,680573.0,676974.0,Manny Gonzalez,Tom Hanahan,"70 degrees, Clear.","8 mph, L To R.",6:42 PM.,"14,005.",9,1.0,2.0,4,8
823791,2026-05-13,R,2026,American Family Field,Milwaukee Brewers,San Diego Padres,1.0,3.0,694819.0,650633.0,Ryan Wills,Lance Barksdale,"65 degrees, Roof Closed.","0 mph, None.",6:40 PM.,"28,683.",9,0.0,0.0,1,0
822900,2026-05-13,R,2026,Globe Life Field,Texas Rangers,Arizona Diamondbacks,6.0,5.0,677958.0,669194.0,Jansen Visconti,Andy Fletcher,"89 degrees, Clear.","6 mph, Out To LF.",7:08 PM.,"26,049.",9,0.0,0.0,3,0
824195,2026-05-13,R,2026,Daikin Park,Houston Astros,Seattle Mariners,4.0,3.0,621121.0,682243.0,Roberto Ortiz,Alex MacKay,"73 degrees, Roof Closed.","0 mph, None.",7:09 PM.,"27,540.",10,0.0,1.0,0,1
825010,2026-05-13,R,2026,Sutter Health Park,Athletics,St. Louis Cardinals,6.0,2.0,669372.0,669461.0,Chad Whitson,Felix Neon,"78 degrees, Clear.","3 mph, Out To RF.",6:41 PM.,"10,182.",9,0.0,0.0,4,1
823952,2026-05-13,R,2026,UNIQLO Field at Dodger Stadium,Los Angeles Dodgers,San Francisco Giants,4.0,0.0,660271.0,592662.0,James Jean,Marvin Hudson,"65 degrees, Clear.","6 mph, L To R.",7:10 PM.,"48,043.",9,0.0,0.0,4,0
823383,2026-05-14,R,2026,PNC Park,Pittsburgh Pirates,Colorado Rockies,7.0,2.0,682254.0,801403.0,Paul Clemons,Quinn Wolcott,"49 degrees, Partly Cloudy.","12 mph, Out To CF.",12:37 PM.,"19,101.",9,3.0,0.0,7,2
824517,2026-05-14,R,2026,Great American Ball Park,Cincinnati Reds,Washington Nationals,15.0,1.0,695505.0,656492.0,Doug Eddings,Emil Jimenez,"58 degrees, Sunny.","9 mph, Out To RF.",12:41 PM.,"22,651.",9,0.0,0.0,9,0
823630,2026-05-14,R,2026,Citi Field,New York Mets,Detroit Tigers,9.0,4.0,690997.0,672456.0,Jordan Baker,Rob Drake,"62 degrees, Cloudy.","2 mph, In From LF.",1:10 PM.,"34,642.",9,0.0,3.0,6,3
823709,2026-05-14,R,2026,Target Field,Minnesota Twins,Miami Marlins,9.0,1.0,805673.0,666129.0,Tom Hanahan,Ron Kulpa,"75 degrees, Partly Cloudy.","9 mph, R To L.",12:41 PM.,"20,702.",9,0.0,0.0,6,0
823789,2026-05-14,R,2026,American Family Field,Milwaukee Brewers,San Diego Padres,7.0,1.0,690986.0,656288.0,Lance Barksdale,Will Little,"63 degrees, Sunny.","8 mph, In From LF.",12:40 PM.,"34,862.",9,3.0,0.0,7,0
824196,2026-05-14,R,2026,Daikin Park,Houston Astros,Seattle Mariners,3.0,8.0,681347.0,622491.0,Willie Traynor,Jim Wolf,"73 degrees, Roof Closed.","0 mph, None.",1:10 PM.,"24,398.",9,0.0,3.0,1,5
825008,2026-05-14,R,2026,Sutter Health Park,Athletics,St. Louis Cardinals,4.0,5.0,682052.0,700241.0,Felix Neon,Bill Miller,"79 degrees, Sunny.","9 mph, Out To RF.",12:05 PM.,"8,975.",9,1.0,0.0,1,1
824762,2026-05-14,R,2026,Fenway Park,Boston Red Sox,Philadelphia Phillies,1.0,3.0,624133.0,666200.0,Mark Ripperger,Shane Livensparger,"54 degrees, Rain.","2 mph, Varies.",7:07 PM.,"31,046.",9,0.0,0.0,0,0
824926,2026-05-14,R,2026,Truist Park,Atlanta Braves,Chicago Cubs,0.0,2.0,519242.0,676962.0,John Libka,James Hoye,"70 degrees, Clear.","11 mph, Out To LF.",7:16 PM.,"36,367.",9,0.0,0.0,0,0
824602,2026-05-14,R,2026,Rate Field,Chicago White Sox,Kansas City Royals,6.0,2.0,641743.0,663460.0,Ben May,John Tumpane,"62 degrees, Clear.","11 mph, In From CF.",6:41 PM.,"14,913.",9,2.0,1.0,5,1
823950,2026-05-14,R,2026,UNIQLO Field at Dodger Stadium,Los Angeles Dodgers,San Francisco Giants,5.0,2.0,686218.0,694738.0,Marvin Hudson,Ryan Blakney,"66 degrees, Clear.","2 mph, Calm.",7:10 PM.,"51,048.",9,1.0,0.0,2,2
823384,2026-05-15,R,2026,PNC Park,Pittsburgh Pirates,Philadelphia Phillies,9.0,11.0,677952.0,605400.0,Emil Jimenez,Mike Muchlinski,"66 degrees, Partly Cloudy.","6 mph, Out To CF.",6:41 PM.,"29,998.",10,0.0,0.0,7,3
822739,2026-05-15,R,2026,Nationals Park,Washington Nationals,Baltimore Orioles,3.0,2.0,641793.0,669358.0,John Tumpane,Chris Conroy,"71 degrees, Partly Cloudy.","4 mph, In From LF.",6:47 PM.,"38,912.",9,0.0,0.0,1,0
824280,2026-05-15,R,2026,Comerica Park,Detroit Tigers,Toronto Blue Jays,3.0,2.0,669724.0,702056.0,Shane Livensparger,Dan Merzel,"68 degrees, Partly Cloudy.","9 mph, In From RF.",6:46 PM.,"31,038.",9,0.0,0.0,1,2
824439,2026-05-15,R,2026,Progressive Field,Cleveland Guardians,Cincinnati Reds,6.0,7.0,676440.0,671096.0,James Hoye,Tyler Jones,"64 degrees, Partly Cloudy.","4 mph, In From CF.",7:11 PM.,"27,903.",9,0.0,0.0,0,3
822983,2026-05-15,R,2026,Tropicana Field,Tampa Bay Rays,Miami Marlins,7.0,2.0,693855.0,676083.0,Quinn Wolcott,Brock Ballou,"72 degrees, Dome.","0 mph, None.",7:10 PM.,"14,919.",9,2.0,0.0,6,1
823707,2026-05-15,R,2026,Target Field,Minnesota Twins,Milwaukee Brewers,2.0,3.0,657746.0,689441.0,Rob Drake,Stu Scheurwater,"85 degrees, Partly Cloudy.","7 mph, Out To CF.",6:12 PM.,"24,309.",9,0.0,1.0,0,1
824925,2026-05-15,R,2026,Truist Park,Atlanta Braves,Boston Red Sox,3.0,2.0,675911.0,813349.0,Vic Carapazza,Nic Lentz,"77 degrees, Clear.","5 mph, In From RF.",7:17 PM.,"39,288.",10,1.0,0.0,2,0
823629,2026-05-15,R,2026,Citi Field,New York Mets,New York Yankees,2.0,5.0,605280.0,693645.0,Adam Beck,Jonathan Parra,"66 degrees, Partly Cloudy.","8 mph, L To R.",7:15 PM.,"40,004.",9,0.0,0.0,0,4
824601,2026-05-15,R,2026,Rate Field,Chicago White Sox,Chicago Cubs,5.0,10.0,680732.0,665795.0,Laz Diaz,Brian O'Nora,"74 degrees, Clear.","14 mph, R To L.",6:40 PM.,"38,723.",9,0.0,1.0,3,4
824194,2026-05-15,R,2026,Daikin Park,Houston Astros,Texas Rangers,2.0,0.0,681293.0,683004.0,Ron Kulpa,Dillon Wilson,"73 degrees, Roof Closed.","0 mph, None.",7:09 PM.,"32,555.",9,0.0,0.0,1,0
823061,2026-05-15,R,2026,Busch Stadium,St. Louis Cardinals,Kansas City Royals,5.0,4.0,669160.0,608379.0,Will Little,Ryan Additon,"79 degrees, Cloudy.","11 mph, R To L.",7:15 PM.,"26,949.",11,0.0,0.0,3,2
824360,2026-05-15,R,2026,Coors Field,Colorado Rockies,Arizona Diamondbacks,1.0,9.0,607536.0,518876.0,Ryan Blakney,James Jean,"80 degrees, Cloudy.","4 mph, In From CF.",6:41 PM.,"27,557.",9,1.0,6.0,1,7
824037,2026-05-15,R,2026,Angel Stadium,Los Angeles Angels,Los Angeles Dodgers,0.0,6.0,686799.0,694361.0,Jim Wolf,Scott Barry,"68 degrees, Clear.","7 mph, R To L.",6:42 PM.,"44,887.",9,0.0,0.0,0,4
823140,2026-05-15,R,2026,T-Mobile Park,Seattle Mariners,San Diego Padres,0.0,2.0,676106.0,681190.0,Bill Miller,Brian Walsh,"53 degrees, Roof Closed.","12 mph, In From LF.",6:40 PM.,"43,349.",9,0.0,0.0,0,1
825009,2026-05-15,R,2026,Sutter Health Park,Athletics,San Francisco Giants,5.0,2.0,650644.0,641816.0,Alex Tosi,Cory Blaser,"84 degrees, Clear.","7 mph, L To R.",6:41 PM.,"12,348.",9,0.0,0.0,5,2
824278,2026-05-16,R,2026,Comerica Park,Detroit Tigers,Toronto Blue Jays,1.0,2.0,663554.0,689254.0,Dan Merzel,Dan Bellino,"63 degrees, Cloudy.","10 mph, R To L.",1:11 PM.,"38,295.",10,0.0,0.0,0,0
823060,2026-05-16,R,2026,Busch Stadium,St. Louis Cardinals,Kansas City Royals,4.0,2.0,681517.0,702070.0,Ryan Additon,Ryan Wills,"78 degrees, Overcast.","8 mph, R To L.",2:01 PM.,"32,379.",9,1.0,0.0,3,1
824359,2026-05-16,R,2026,Coors Field,Colorado Rockies,Arizona Diamondbacks,4.0,2.0,608372.0,593958.0,James Jean,Nick Mahrley,"76 degrees, Cloudy.","9 mph, In From LF.",1:12 PM.,"34,405.",9,2.0,0.0,3,2
822737,2026-05-16,R,2026,Nationals Park,Washington Nationals,Baltimore Orioles,13.0,3.0,676917.0,605135.0,Chris Conroy,Brennan Miller,"83 degrees, Sunny.","7 mph, Out To RF.",4:06 PM.,"40,559.",9,0.0,0.0,4,0
823382,2026-05-16,R,2026,PNC Park,Pittsburgh Pirates,Philadelphia Phillies,0.0,6.0,696149.0,650911.0,Mike Muchlinski,Dexter Kelley,"66 degrees, Overcast.","12 mph, R To L.",4:07 PM.,"31,296.",9,0.0,3.0,0,5
822981,2026-05-16,R,2026,Tropicana Field,Tampa Bay Rays,Miami Marlins,5.0,10.0,607259.0,645261.0,Brock Ballou,Ramon De Jesus,"72 degrees, Dome.","0 mph, None.",4:10 PM.,"19,673.",10,0.0,0.0,1,0
824435,2026-05-16,R,2026,Progressive Field,Cleveland Guardians,Cincinnati Reds,7.0,4.0,676282.0,663978.0,Tyler Jones,David Rackley,"72 degrees, Partly Cloudy.","11 mph, Out To RF.",6:12 PM.,"33,331.",9,0.0,0.0,2,4
824193,2026-05-16,R,2026,Daikin Park,Houston Astros,Texas Rangers,4.0,1.0,678906.0,594798.0,Dillon Wilson,Manny Gonzalez,"73 degrees, Roof Closed.","0 mph, None.",6:10 PM.,"32,315.",9,2.0,0.0,4,0
824600,2026-05-16,R,2026,Rate Field,Chicago White Sox,Chicago Cubs,8.0,3.0,663436.0,592791.0,Brian O'Nora,Chris Segal,"81 degrees, Cloudy.","10 mph, R To L.",6:10 PM.,"38,795.",9,3.0,0.0,7,0
823706,2026-05-16,R,2026,Target Field,Minnesota Twins,Milwaukee Brewers,1.0,2.0,687570.0,701656.0,Stu Scheurwater,Junior Valentine,"81 degrees, Clear.","9 mph, Out To RF.",6:11 PM.,"33,115.",9,0.0,0.0,1,1
823139,2026-05-16,R,2026,T-Mobile Park,Seattle Mariners,San Diego Padres,4.0,7.0,669302.0,621111.0,Brian Walsh,Chad Fairchild,"57 degrees, Roof Closed.","0 mph, Calm.",4:17 PM.,"44,207.",9,0.0,0.0,2,5
824924,2026-05-16,R,2026,Truist Park,Atlanta Braves,Boston Red Sox,2.0,3.0,693821.0,801139.0,Nic Lentz,Hunter Wendelstedt,"82 degrees, Cloudy.","3 mph, Calm.",7:16 PM.,"39,336.",9,1.0,0.0,2,1
823627,2026-05-16,R,2026,Citi Field,New York Mets,New York Yankees,6.0,3.0,623211.0,607074.0,Jonathan Parra,Jeremie Rehak,"75 degrees, Clear.","10 mph, Out To CF.",7:16 PM.,"41,067.",9,0.0,0.0,5,2
824038,2026-05-16,R,2026,Angel Stadium,Los Angeles Angels,Los Angeles Dodgers,2.0,15.0,667755.0,680736.0,Scott Barry,Alex MacKay,"68 degrees, Partly Cloudy.","8 mph, Out To RF.",6:40 PM.,"44,841.",9,0.0,1.0,0,1
825007,2026-05-16,R,2026,Sutter Health Park,Athletics,San Francisco Giants,4.0,6.0,622663.0,686790.0,Cory Blaser,Steven Jaschinski,"79 degrees, Clear.","10 mph, Out To RF.",6:40 PM.,"12,489.",9,0.0,1.0,1,5
822982,2026-05-17,R,2026,Tropicana Field,Tampa Bay Rays,Miami Marlins,6.0,3.0,656876.0,691587.0,Ramon De Jesus,Paul Clemons,"72 degrees, Dome.","0 mph, None.",12:15 PM.,"16,788.",9,1.0,0.0,5,2
822738,2026-05-17,R,2026,Nationals Park,Washington Nationals,Baltimore Orioles,3.0,7.0,663992.0,687064.0,Brennan Miller,Ben May,"81 degrees, Partly Cloudy.","5 mph, L To R.",1:35 PM.,"26,715.",9,0.0,1.0,2,6
823381,2026-05-17,R,2026,PNC Park,Pittsburgh Pirates,Philadelphia Phillies,0.0,6.0,694973.0,554430.0,Dexter Kelley,Doug Eddings,"81 degrees, Partly Cloudy.","10 mph, Out To LF.",1:38 PM.,"37,820.",9,0.0,0.0,0,2
824923,2026-05-17,R,2026,Truist Park,Atlanta Braves,Boston Red Sox,8.0,1.0,656550.0,678394.0,Hunter Wendelstedt,Edwin Moscoso,"85 degrees, Partly Cloudy.","8 mph, L To R.",1:37 PM.,"37,800.",9,3.0,0.0,7,0
824436,2026-05-17,R,2026,Progressive Field,Cleveland Guardians,Cincinnati Reds,10.0,3.0,668909.0,663903.0,David Rackley,John Libka,"79 degrees, Partly Cloudy.","7 mph, Out To RF.",1:41 PM.,"27,388.",9,2.0,0.0,6,2
824279,2026-05-17,R,2026,Comerica Park,Detroit Tigers,Toronto Blue Jays,1.0,4.0,656427.0,592332.0,Dan Bellino,Mark Ripperger,"83 degrees, Sunny.","8 mph, In From RF.",1:41 PM.,"37,486.",9,0.0,2.0,0,4
823628,2026-05-17,R,2026,Citi Field,New York Mets,New York Yankees,7.0,6.0,642547.0,695684.0,Jeremie Rehak,Dan Iassogna,"85 degrees, Sunny.","2 mph, Out To CF.",1:40 PM.,"40,232.",10,0.0,0.0,1,1
824192,2026-05-17,R,2026,Daikin Park,Houston Astros,Texas Rangers,0.0,8.0,663567.0,543135.0,Manny Gonzalez,Tom Hanahan,"73 degrees, Roof Closed.","0 mph, None.",1:10 PM.,"34,893.",9,0.0,0.0,0,2
824599,2026-05-17,R,2026,Rate Field,Chicago White Sox,Chicago Cubs,9.0,8.0,607200.0,607067.0,Chris Segal,Laz Diaz,"75 degrees, Partly Cloudy.","2 mph, Out To RF.",1:11 PM.,"38,608.",10,0.0,3.0,4,4
823708,2026-05-17,R,2026,Target Field,Minnesota Twins,Milwaukee Brewers,5.0,4.0,641927.0,688107.0,Junior Valentine,Jordan Baker,"62 degrees, Cloudy.","13 mph, In From CF.",1:11 PM.,"25,375.",9,1.0,0.0,4,3
823058,2026-05-17,R,2026,Busch Stadium,St. Louis Cardinals,Kansas City Royals,0.0,2.0,669467.0,663568.0,Ryan Wills,Lance Barksdale,"82 degrees, Partly Cloudy.","17 mph, Out To LF.",1:16 PM.,"38,051.",9,0.0,1.0,0,2
824358,2026-05-17,R,2026,Coors Field,Colorado Rockies,Arizona Diamondbacks,6.0,8.0,547179.0,647336.0,Nick Mahrley,Marvin Hudson,"56 degrees, Partly Cloudy.","14 mph, In From CF.",2:55 PM.,"24,955.",9,0.0,0.0,2,7
825006,2026-05-17,R,2026,Sutter Health Park,Athletics,San Francisco Giants,1.0,10.0,605488.0,605288.0,Steven Jaschinski,Jansen Visconti,"74 degrees, Sunny.","26 mph, Out To RF.",1:05 PM.,"12,541.",9,0.0,0.0,1,2
824034,2026-05-17,R,2026,Angel Stadium,Los Angeles Angels,Los Angeles Dodgers,1.0,10.0,680570.0,808963.0,Alex MacKay,Willie Traynor,"70 degrees, Partly Cloudy.","8 mph, R To L.",1:09 PM.,"44,809.",9,0.0,0.0,1,7
823138,2026-05-17,R,2026,T-Mobile Park,Seattle Mariners,San Diego Padres,3.0,8.0,669923.0,608337.0,Chad Fairchild,Chad Whitson,"61 degrees, Partly Cloudy.","5 mph, In From LF.",4:22 PM.,"40,365.",9,0.0,1.0,0,2
824277,2026-05-18,R,2026,Comerica Park,Detroit Tigers,Cleveland Guardians,2.0,8.0,664285.0,677944.0,Tom Hanahan,Ron Kulpa,"75 degrees, Partly Cloudy.","12 mph, Out To LF.",7:23 PM.,"18,913.",9,1.0,0.0,1,4
822980,2026-05-18,R,2026,Tropicana Field,Tampa Bay Rays,Baltimore Orioles,16.0,6.0,663556.0,669432.0,Jordan Baker,Mark Wegner,"72 degrees, Dome.","0 mph, None.",6:40 PM.,"13,633.",9,1.0,0.0,12,4
823465,2026-05-18,R,2026,Citizens Bank Park,Philadelphia Phillies,Cincinnati Reds,5.0,4.0,691725.0,666157.0,Lance Barksdale,Will Little,"93 degrees, Clear.","13 mph, Out To CF.",6:41 PM.,"40,065.",9,2.0,0.0,2,2
823867,2026-05-18,R,2026,loanDepot park,Miami Marlins,Atlanta Braves,12.0,0.0,676974.0,702275.0,Alfonso Márquez,Mike Estabrook,"72 degrees, Dome.","0 mph, None.",6:41 PM.,"8,672.",9,0.0,0.0,12,0
822734,2026-05-18,R,2026,Nationals Park,Washington Nationals,New York Mets,7.0,16.0,663623.0,681035.0,Todd Tichenor,Clint Vondrak,"94 degrees, Clear.","8 mph, Out To CF.",6:45 PM.,"15,901.",12,0.0,0.0,3,4
823549,2026-05-18,R,2026,Yankee Stadium,New York Yankees,Toronto Blue Jays,7.0,6.0,677960.0,571578.0,Ben May,John Tumpane,"80 degrees, Clear.","10 mph, In From RF.",7:09 PM.,"39,082.",9,1.0,0.0,3,4
824114,2026-05-18,R,2026,Kauffman Stadium,Kansas City Royals,Boston Red Sox,1.0,3.0,607625.0,543243.0,Laz Diaz,James Jean,"82 degrees, Partly Cloudy.","10 mph, R To L.",6:10 PM.,"15,531.",9,0.0,0.0,0,0
823705,2026-05-18,R,2026,Target Field,Minnesota Twins,Houston Astros,6.0,3.0,696070.0,837227.0,Marvin Hudson,Doug Eddings,"61 degrees, Overcast.","2 mph, Calm.",6:40 PM.,"11,488.",9,0.0,0.0,3,0
824680,2026-05-18,R,2026,Wrigley Field,Chicago Cubs,Milwaukee Brewers,3.0,9.0,684007.0,687075.0,Derek Thomas,Jansen Visconti,"77 degrees, Partly Cloudy.","15 mph, Out To CF.",6:40 PM.,"37,647.",9,0.0,0.0,3,8
824357,2026-05-18,R,2026,Coors Field,Colorado Rockies,Texas Rangers,7.0,6.0,500779.0,669022.0,Adam Hamari,Alan Porter,"44 degrees, Overcast.","7 mph, In From LF.",6:42 PM.,"16,126.",9,2.0,0.0,6,2
824035,2026-05-18,R,2026,Angel Stadium,Los Angeles Angels,Athletics,2.0,1.0,700712.0,669372.0,Nestor Ceja,Louie Krupa,"71 degrees, Clear.","8 mph, Out To CF.",6:40 PM.,"25,776.",9,0.0,0.0,0,0
823301,2026-05-18,R,2026,Petco Park,San Diego Padres,Los Angeles Dodgers,1.0,0.0,650633.0,808967.0,Nate Tomlinson,Rob Drake,"66 degrees, Partly Cloudy.","8 mph, L To R.",6:40 PM.,"40,882.",9,1.0,0.0,1,0
825087,2026-05-18,R,2026,Chase Field,Arizona Diamondbacks,San Francisco Giants,12.0,2.0,668678.0,592662.0,Chad Whitson,Bill Miller,"85 degrees, Clear.","5 mph, Varies.",6:40 PM.,"20,072.",9,4.0,0.0,12,2
823137,2026-05-18,R,2026,T-Mobile Park,Seattle Mariners,Chicago White Sox,6.0,1.0,693433.0,702273.0,Tripp Gibson,Ryan Blakney,"64 degrees, Partly Cloudy.","4 mph, In From LF.",6:41 PM.,"31,409.",9,1.0,0.0,2,0
823865,2026-05-19,R,2026,loanDepot park,Miami Marlins,Atlanta Braves,4.0,8.0,666129.0,527048.0,Jonathan Parra,Lance Barrett,"72 degrees, Roof Closed.","0 mph, None.",4:10 PM.,"7,521.",9,3.0,2.0,4,3
824276,2026-05-19,R,2026,Comerica Park,Detroit Tigers,Cleveland Guardians,3.0,4.0,672456.0,800048.0,Ron Kulpa,Scott Barry,"76 degrees, Partly Cloudy.","8 mph, Out To LF.",6:40 PM.,"21,239.",9,0.0,0.0,3,3
822979,2026-05-19,R,2026,Tropicana Field,Tampa Bay Rays,Baltimore Orioles,4.0,1.0,643377.0,680694.0,Mark Wegner,Stu Scheurwater,"72 degrees, Dome.","0 mph, None.",6:40 PM.,"13,956.",9,1.0,1.0,1,1
823464,2026-05-19,R,2026,Citizens Bank Park,Philadelphia Phillies,Cincinnati Reds,1.0,4.0,666200.0,695505.0,Will Little,Ryan Additon,"95 degrees, Partly Cloudy.","15 mph, Out To RF.",6:42 PM.,"37,527.",9,0.0,0.0,1,2
822736,2026-05-19,R,2026,Nationals Park,Washington Nationals,New York Mets,9.0,6.0,656492.0,690997.0,Clint Vondrak,John Bacon,"81 degrees, Partly Cloudy.","9 mph, Out To CF.",7:31 PM.,"22,754.",9,0.0,3.0,9,5
823548,2026-05-19,R,2026,Yankee Stadium,New York Yankees,Toronto Blue Jays,5.0,4.0,701542.0,656302.0,John Tumpane,Brock Ballou,"90 degrees, Partly Cloudy.","16 mph, Out To CF.",7:09 PM.,"37,181.",9,0.0,0.0,5,3
824112,2026-05-19,R,2026,Kauffman Stadium,Kansas City Royals,Boston Red Sox,1.0,7.0,663559.0,624133.0,James Jean,Erich Bacchus,"58 degrees, Overcast.","6 mph, L To R.",6:41 PM.,"14,047.",9,1.0,1.0,1,2
823704,2026-05-19,R,2026,Target Field,Minnesota Twins,Houston Astros,1.0,2.0,805673.0,669920.0,Doug Eddings,Gabe Morales,"55 degrees, Overcast.","10 mph, Out To RF.",6:41 PM.,"13,557.",9,0.0,2.0,0,2
824677,2026-05-19,R,2026,Wrigley Field,Chicago Cubs,Milwaukee Brewers,2.0,5.0,676962.0,694819.0,Jansen Visconti,Alex Tosi,"72 degrees, Cloudy.","15 mph, Out To RF.",6:40 PM.,"38,190.",9,0.0,1.0,0,3
823059,2026-05-19,R,2026,Busch Stadium,St. Louis Cardinals,Pittsburgh Pirates,9.0,6.0,669461.0,656605.0,D.J. Reyburn,John Libka,"73 degrees, Cloudy.","8 mph, L To R.",6:45 PM.,"22,958.",10,0.0,0.0,3,4
824356,2026-05-19,R,2026,Coors Field,Colorado Rockies,Texas Rangers,0.0,10.0,671111.0,641302.0,Alan Porter,Jim Wolf,"51 degrees, Cloudy.","6 mph, R To L.",6:41 PM.,"15,916.",9,0.0,2.0,0,8
824033,2026-05-19,R,2026,Angel Stadium,Los Angeles Angels,Athletics,6.0,14.0,672282.0,682052.0,Louie Krupa,Chris Guccione,"80 degrees, Clear.","7 mph, R To L.",6:40 PM.,"23,803.",9,0.0,0.0,4,6
823302,2026-05-19,R,2026,Petco Park,San Diego Padres,Los Angeles Dodgers,4.0,5.0,656288.0,686218.0,Rob Drake,Bruce Dreckman,"71 degrees, Partly Cloudy.","8 mph, L To R.",6:41 PM.,"39,788.",9,2.0,2.0,4,3
825086,2026-05-19,R,2026,Chase Field,Arizona Diamondbacks,San Francisco Giants,5.0,3.0,669194.0,694738.0,Bill Miller,Brian Walsh,"88 degrees, Overcast.","8 mph, Out To RF.",6:40 PM.,"19,548.",9,1.0,0.0,1,3
823136,2026-05-19,R,2026,T-Mobile Park,Seattle Mariners,Chicago White Sox,1.0,2.0,682243.0,641743.0,Ryan Blakney,Mike Muchlinski,"63 degrees, Cloudy.","5 mph, L To R.",6:42 PM.,"28,837.",9,1.0,0.0,1,0
823462,2026-05-20,R,2026,Citizens Bank Park,Philadelphia Phillies,Cincinnati Reds,4.0,9.0,605400.0,671096.0,Ryan Additon,Ryan Wills,"92 degrees, Sunny.","11 mph, Out To RF.",1:06 PM.,"38,222.",9,1.0,0.0,1,4
822977,2026-05-20,R,2026,Tropicana Field,Tampa Bay Rays,Baltimore Orioles,5.0,3.0,571927.0,669358.0,Stu Scheurwater,Junior Valentine,"72 degrees, Dome.","0 mph, None.",1:10 PM.,"11,846.",9,0.0,0.0,1,1
823703,2026-05-20,R,2026,Target Field,Minnesota Twins,Houston Astros,4.0,1.0,657746.0,681347.0,Gabe Morales,Emil Jimenez,"57 degrees, Partly Cloudy.","4 mph, L To R.",12:42 PM.,"23,522.",9,0.0,0.0,4,1
824355,2026-05-20,R,2026,Coors Field,Colorado Rockies,Texas Rangers,4.0,5.0,607536.0,683004.0,Jim Wolf,Alex MacKay,"55 degrees, Overcast.","9 mph, In From LF.",1:10 PM.,"18,726.",9,1.0,0.0,4,3
825084,2026-05-20,R,2026,Chase Field,Arizona Diamondbacks,San Francisco Giants,6.0,3.0,518876.0,641816.0,Brian Walsh,Chad Fairchild,"78 degrees, Roof Closed.","0 mph, None.",12:42 PM.,"17,748.",9,1.0,1.0,6,3
823134,2026-05-20,R,2026,T-Mobile Park,Seattle Mariners,Chicago White Sox,5.0,4.0,676106.0,680732.0,Mike Muchlinski,Nick Mahrley,"61 degrees, Partly Cloudy.","10 mph, In From LF.",1:10 PM.,"24,492.",9,0.0,0.0,2,2
824273,2026-05-20,R,2026,Comerica Park,Detroit Tigers,Cleveland Guardians,2.0,3.0,623454.0,676440.0,Scott Barry,Manny Gonzalez,"56 degrees, Partly Cloudy.","8 mph, In From LF.",6:40 PM.,"20,450.",10,0.0,0.0,0,0
823866,2026-05-20,R,2026,loanDepot park,Miami Marlins,Atlanta Braves,1.0,9.0,676083.0,519242.0,Lance Barrett,Mike Estabrook,"72 degrees, Roof Closed.","0 mph, None.",6:40 PM.,"9,617.",9,1.0,0.0,1,3
822735,2026-05-20,R,2026,Nationals Park,Washington Nationals,New York Mets,8.0,4.0,641793.0,804267.0,John Bacon,Chris Segal,"79 degrees, Cloudy.","3 mph, Out To LF.",6:46 PM.,"18,642.",9,3.0,0.0,4,2
823547,2026-05-20,R,2026,Yankee Stadium,New York Yankees,Toronto Blue Jays,1.0,2.0,693645.0,702056.0,Brock Ballou,Brennan Miller,"72 degrees, Drizzle.","7 mph, Out To RF.",9:16 PM.,"37,497.",9,0.0,0.0,0,0
824111,2026-05-20,R,2026,Kauffman Stadium,Kansas City Royals,Boston Red Sox,3.0,4.0,608379.0,813349.0,Erich Bacchus,Malachi Moore,"65 degrees, Partly Cloudy.","4 mph, In From RF.",6:41 PM.,"14,091.",9,1.0,0.0,3,2
824678,2026-05-20,R,2026,Wrigley Field,Chicago Cubs,Milwaukee Brewers,0.0,5.0,665795.0,690986.0,Alex Tosi,Cory Blaser,"56 degrees, Clear.","15 mph, In From RF.",6:39 PM.,"39,459.",9,0.0,0.0,0,4
823057,2026-05-20,R,2026,Busch Stadium,St. Louis Cardinals,Pittsburgh Pirates,0.0,7.0,700241.0,669387.0,John Libka,James Hoye,"66 degrees, Cloudy.","9 mph, In From LF.",6:46 PM.,"27,185.",9,0.0,0.0,0,2
823299,2026-05-20,R,2026,Petco Park,San Diego Padres,Los Angeles Dodgers,0.0,4.0,681190.0,660271.0,Bruce Dreckman,Carlos Torres,"74 degrees, Clear.","8 mph, L To R.",5:41 PM.,"41,888.",9,0.0,1.0,0,3
824032,2026-05-20,R,2026,Angel Stadium,Los Angeles Angels,Athletics,5.0,6.0,686799.0,650644.0,Chris Guccione,David Rackley,"83 degrees, Clear.","9 mph, Out To RF.",6:38 PM.,"24,588.",10,2.0,2.0,5,3
824274,2026-05-21,R,2026,Comerica Park,Detroit Tigers,Cleveland Guardians,1.0,3.0,663554.0,676282.0,Manny Gonzalez,Tom Hanahan,"60 degrees, Sunny.","9 mph, In From LF.",1:10 PM.,"25,687.",9,0.0,0.0,0,2
823056,2026-05-21,R,2026,Busch Stadium,St. Louis Cardinals,Pittsburgh Pirates,2.0,6.0,669160.0,677952.0,James Hoye,Tyler Jones,"67 degrees, Partly Cloudy.","8 mph, L To R.",12:15 PM.,"27,705.",9,0.0,1.0,1,2
822733,2026-05-21,R,2026,Nationals Park,Washington Nationals,New York Mets,1.0,2.0,676917.0,656849.0,Chris Segal,Todd Tichenor,"61 degrees, Cloudy.","10 mph, In From CF.",4:06 PM.,"17,291.",9,0.0,0.0,1,2
823864,2026-05-21,R,2026,loanDepot park,Miami Marlins,Atlanta Braves,3.0,9.0,645261.0,675911.0,Austin Jones,Lance Barrett,"72 degrees, Roof Closed.","0 mph, None.",6:40 PM.,"8,834.",9,0.0,2.0,2,5
823545,2026-05-21,R,2026,Yankee Stadium,New York Yankees,Toronto Blue Jays,0.0,2.0,607074.0,680755.0,Brennan Miller,Ben May,"64 degrees, Cloudy.","2 mph, Calm.",7:10 PM.,"40,249.",9,0.0,1.0,0,1
824031,2026-05-21,R,2026,Angel Stadium,Los Angeles Angels,Athletics,2.0,3.0,667755.0,622663.0,David Rackley,Nestor Ceja,"71 degrees, Clear.","9 mph, L To R.",6:39 PM.,"25,848.",10,2.0,0.0,2,0
825083,2026-05-21,R,2026,Chase Field,Arizona Diamondbacks,Colorado Rockies,2.0,1.0,593958.0,688642.0,Carlos Torres,Nate Tomlinson,"94 degrees, Clear.","3 mph, R To L.",6:40 PM.,"14,761.",9,0.0,0.0,0,0
824679,2026-05-22,R,2026,Wrigley Field,Chicago Cubs,Houston Astros,2.0,4.0,592791.0,681293.0,Chad Fairchild,Chad Whitson,"60 degrees, Sunny.","12 mph, In From CF.",1:20 PM.,"37,332.",9,0.0,0.0,0,4
823461,2026-05-22,R,2026,Citizens Bank Park,Philadelphia Phillies,Cleveland Guardians,0.0,1.0,650911.0,668909.0,Junior Valentine,Jordan Baker,"58 degrees, Rain.","9 mph, R To L.",6:42 PM.,"38,092.",9,0.0,0.0,0,0
823546,2026-05-22,R,2026,Yankee Stadium,New York Yankees,Tampa Bay Rays,2.0,4.0,543037.0,607259.0,Emil Jimenez,Doug Eddings,"66 degrees, Partly Cloudy.","10 mph, Out To LF.",7:08 PM.,"41,358.",9,0.0,0.0,1,0
822816,2026-05-22,R,2026,Rogers Centre,Toronto Blue Jays,Pittsburgh Pirates,6.0,2.0,592332.0,696149.0,Alex MacKay,Alan Porter,"68 degrees, Roof Closed.","0 mph, None.",7:08 PM.,"39,839.",9,0.0,1.0,3,1
824761,2026-05-22,R,2026,Fenway Park,Boston Red Sox,Minnesota Twins,6.0,8.0,801139.0,687570.0,Ryan Wills,Jen Pawol,"64 degrees, Cloudy.","3 mph, R To L.",7:10 PM.,"34,740.",9,4.0,0.0,6,3
823863,2026-05-22,R,2026,loanDepot park,Miami Marlins,New York Mets,2.0,1.0,691587.0,668964.0,Cory Blaser,Derek Thomas,"72 degrees, Roof Closed.","0 mph, None.",7:11 PM.,"17,095.",9,0.0,1.0,2,1
824842,2026-05-22,R,2026,Oriole Park at Camden Yards,Baltimore Orioles,Detroit Tigers,7.0,4.0,669211.0,656427.0,Mike Estabrook,Jonathan Parra,"55 degrees, Drizzle.","6 mph, In From RF.",7:15 PM.,"14,956.",9,0.0,1.0,6,4
824922,2026-05-22,R,2026,Truist Park,Atlanta Braves,Washington Nationals,5.0,4.0,693821.0,663992.0,Tom Hanahan,Ron Kulpa,"73 degrees, Cloudy.","7 mph, In From CF.",7:16 PM.,"36,082.",11,0.0,0.0,0,0
824110,2026-05-22,R,2026,Kauffman Stadium,Kansas City Royals,Seattle Mariners,0.0,2.0,702070.0,669302.0,Adam Hamari,Todd Tichenor,"70 degrees, Cloudy.","5 mph, In From RF.",6:40 PM.,"18,842.",9,0.0,0.0,0,0
823788,2026-05-22,R,2026,American Family Field,Milwaukee Brewers,Los Angeles Dodgers,5.0,1.0,701656.0,680736.0,Nick Mahrley,Tripp Gibson,"57 degrees, Roof Closed.","0 mph, None.",6:40 PM.,"36,446.",9,4.0,0.0,5,0
824029,2026-05-22,R,2026,Angel Stadium,Los Angeles Angels,Texas Rangers,9.0,6.0,680570.0,594798.0,Sean Barber,D.J. Reyburn,"69 degrees, Partly Cloudy.","9 mph, Out To CF.",6:39 PM.,"32,488.",9,4.0,0.0,6,3
825082,2026-05-22,R,2026,Chase Field,Arizona Diamondbacks,Colorado Rockies,2.0,3.0,647336.0,608372.0,Nate Tomlinson,Rob Drake,"95 degrees, Clear.","1 mph, Varies.",6:40 PM.,"29,945.",9,0.0,0.0,2,1
823298,2026-05-22,R,2026,Petco Park,San Diego Padres,Athletics,7.0,3.0,621111.0,605488.0,Malachi Moore,Laz Diaz,"66 degrees, Clear.","7 mph, L To R.",6:41 PM.,"41,180.",9,2.0,2.0,3,3
823223,2026-05-22,R,2026,Oracle Park,San Francisco Giants,Chicago White Sox,4.0,9.0,686790.0,663436.0,Nestor Ceja,Louie Krupa,"59 degrees, Partly Cloudy.","12 mph, Out To CF.",7:16 PM.,"37,524.",9,0.0,0.0,3,9
824518,2026-05-23,R,2026,Great American Ball Park,Cincinnati Reds,St. Louis Cardinals,1.0,8.0,663978.0,669467.0,Ben May,Jacob Metz,"71 degrees, Cloudy.","10 mph, R To L.",1:11 PM.,"19,927.",9,0.0,0.0,1,3
824516,2026-05-23,R,2026,Great American Ball Park,Cincinnati Reds,St. Louis Cardinals,7.0,6.0,695534.0,681517.0,John Tumpane,Chris Conroy,"74 degrees, Partly Cloudy.","5 mph, Out To LF.",7:16 PM.,"31,144.",11,0.0,0.0,5,1
824674,2026-05-23,R,2026,Wrigley Field,Chicago Cubs,Houston Astros,0.0,3.0,607067.0,678906.0,Chad Whitson,Bill Miller,"60 degrees, Partly Cloudy.","7 mph, In From CF.",1:20 PM.,"40,017.",9,0.0,2.0,0,3
822814,2026-05-23,R,2026,Rogers Centre,Toronto Blue Jays,Pittsburgh Pirates,5.0,2.0,571578.0,694973.0,Alan Porter,Willie Traynor,"68 degrees, Roof Closed.","0 mph, None.",3:08 PM.,"41,813.",9,1.0,0.0,1,0
823458,2026-05-23,R,2026,Citizens Bank Park,Philadelphia Phillies,Cleveland Guardians,3.0,0.0,554430.0,677944.0,Jordan Baker,Mark Wegner,"53 degrees, Cloudy.","13 mph, In From RF.",6:01 PM.,"36,125.",9,0.0,0.0,2,0
823222,2026-05-23,R,2026,Oracle Park,San Francisco Giants,Chicago White Sox,10.0,3.0,605288.0,663542.0,Louie Krupa,Chris Guccione,"61 degrees, Sunny.","10 mph, Out To RF.",1:08 PM.,"40,172.",9,0.0,0.0,9,3
824109,2026-05-23,R,2026,Kauffman Stadium,Kansas City Royals,Seattle Mariners,5.0,0.0,663568.0,669923.0,Todd Tichenor,John Bacon,"77 degrees, Partly Cloudy.","8 mph, L To R.",3:10 PM.,"25,544.",9,3.0,0.0,4,0
824760,2026-05-23,R,2026,Fenway Park,Boston Red Sox,Minnesota Twins,2.0,4.0,663558.0,671737.0,Jen Pawol,Will Little,"61 degrees, Cloudy.","8 mph, In From RF.",4:12 PM.,"37,105.",9,0.0,2.0,1,4
824920,2026-05-23,R,2026,Truist Park,Atlanta Braves,Washington Nationals,0.0,2.0,656550.0,663623.0,Ron Kulpa,Brock Ballou,"78 degrees, Cloudy.","3 mph, Out To RF.",4:11 PM.,"35,819.",9,0.0,0.0,0,2
823862,2026-05-23,R,2026,loanDepot park,Miami Marlins,New York Mets,4.0,1.0,676974.0,642547.0,Derek Thomas,Jansen Visconti,"72 degrees, Roof Closed.","0 mph, None.",4:11 PM.,"21,071.",9,0.0,0.0,4,0
823787,2026-05-23,R,2026,American Family Field,Milwaukee Brewers,Los Angeles Dodgers,3.0,11.0,688107.0,808963.0,Tripp Gibson,Tyler Jones,"65 degrees, Roof Closed.","0 mph, None.",6:15 PM.,"38,136.",9,3.0,0.0,3,4
823300,2026-05-23,R,2026,Petco Park,San Diego Padres,Athletics,2.0,0.0,608337.0,669372.0,Laz Diaz,James Jean,"66 degrees, Partly Cloudy.","8 mph, L To R.",6:41 PM.,"42,616.",9,0.0,0.0,2,0
824030,2026-05-23,R,2026,Angel Stadium,Los Angeles Angels,Texas Rangers,5.0,2.0,700712.0,543135.0,D.J. Reyburn,John Libka,"68 degrees, Clear.","7 mph, R To L.",7:06 PM.,"31,860.",9,2.0,0.0,3,1
825080,2026-05-23,R,2026,Chase Field,Arizona Diamondbacks,Colorado Rockies,5.0,4.0,668678.0,547179.0,Rob Drake,Bruce Dreckman,"94 degrees, Clear.","1 mph, Varies.",7:11 PM.,"33,891.",9,0.0,0.0,5,2
822813,2026-05-24,R,2026,Rogers Centre,Toronto Blue Jays,Pittsburgh Pirates,1.0,4.0,656302.0,656605.0,Willie Traynor,Jim Wolf,"68 degrees, Roof Closed.","0 mph, None.",12:17 PM.,"41,354.",9,0.0,1.0,1,2
824839,2026-05-24,R,2026,Oriole Park at Camden Yards,Baltimore Orioles,Detroit Tigers,5.0,3.0,687064.0,664285.0,Jonathan Parra,Austin Jones,"58 degrees, Overcast.","3 mph, In From CF.",12:37 PM.,"17,616.",9,0.0,0.0,0,2
824840,2026-05-24,R,2026,Oriole Park at Camden Yards,Baltimore Orioles,Detroit Tigers,1.0,4.0,669432.0,675512.0,Lance Barrett,Alfonso Márquez,"62 degrees, Partly Cloudy.","5 mph, In From RF.",6:05 PM.,"19,735.",9,0.0,2.0,1,4
824759,2026-05-24,R,2026,Fenway Park,Boston Red Sox,Minnesota Twins,5.0,6.0,543243.0,641927.0,Will Little,Ryan Additon,"57 degrees, Overcast.","7 mph, In From RF.",1:36 PM.,"31,050.",9,0.0,1.0,4,3
823459,2026-05-24,R,2026,Citizens Bank Park,Philadelphia Phillies,Cleveland Guardians,1.0,3.0,691725.0,800048.0,Mark Wegner,Stu Scheurwater,"62 degrees, Overcast.","9 mph, In From RF.",1:36 PM.,"37,808.",9,0.0,0.0,0,1
823544,2026-05-24,R,2026,Yankee Stadium,New York Yankees,Tampa Bay Rays,2.0,0.0,677960.0,656876.0,Doug Eddings,Gabe Morales,"57 degrees, Rain.","8 mph, R To L.",1:39 PM.,"41,396.",9,0.0,0.0,0,0
823861,2026-05-24,R,2026,loanDepot park,Miami Marlins,New York Mets,4.0,0.0,663969.0,681035.0,Jansen Visconti,Manny Gonzalez,"72 degrees, Roof Closed.","0 mph, None.",1:40 PM.,"23,018.",9,0.0,0.0,0,0
824108,2026-05-24,R,2026,Kauffman Stadium,Kansas City Royals,Seattle Mariners,8.0,6.0,607625.0,693433.0,John Bacon,Clint Vondrak,"78 degrees, Sunny.","4 mph, In From RF.",1:10 PM.,"25,014.",9,0.0,1.0,4,1
823786,2026-05-24,R,2026,American Family Field,Milwaukee Brewers,Los Angeles Dodgers,1.0,5.0,687075.0,808967.0,Tyler Jones,Marvin Hudson,"73 degrees, Sunny.","5 mph, In From CF.",1:11 PM.,"40,973.",9,0.0,0.0,1,5
824676,2026-05-24,R,2026,Wrigley Field,Chicago Cubs,Houston Astros,5.0,8.0,684007.0,663567.0,Bill Miller,Brian Walsh,"64 degrees, Partly Cloudy.","3 mph, In From LF.",1:20 PM.,"40,048.",9,0.0,0.0,3,7
823220,2026-05-24,R,2026,Oracle Park,San Francisco Giants,Chicago White Sox,8.0,5.0,592662.0,702273.0,Chris Guccione,David Rackley,"60 degrees, Partly Cloudy.","11 mph, Out To CF.",1:06 PM.,"40,220.",9,2.0,1.0,8,4
825081,2026-05-24,R,2026,Chase Field,Arizona Diamondbacks,Colorado Rockies,9.0,1.0,669194.0,500779.0,Bruce Dreckman,Carlos Torres,"73 degrees, Roof Closed.","0 mph, None.",1:10 PM.,"30,037.",9,2.0,0.0,7,0
823297,2026-05-24,R,2026,Petco Park,San Diego Padres,Athletics,2.0,5.0,650633.0,665622.0,James Jean,Erich Bacchus,"66 degrees, Partly Cloudy.","9 mph, L To R.",1:12 PM.,"41,799.",9,0.0,1.0,0,4
824921,2026-05-24,R,2026,Truist Park,Atlanta Braves,Washington Nationals,1.0,2.0,527048.0,656492.0,Brock Ballou,Scott Barry,"79 degrees, Cloudy.","7 mph, L To R.",4:32 PM.,"36,429.",9,0.0,0.0,0,1
824028,2026-05-24,R,2026,Angel Stadium,Los Angeles Angels,Texas Rangers,2.0,1.0,672282.0,669022.0,John Libka,James Hoye,"73 degrees, Sunny.","6 mph, Out To CF.",4:21 PM.,"36,903.",9,0.0,0.0,1,1
823380,2026-05-25,R,2026,PNC Park,Pittsburgh Pirates,Chicago Cubs,2.0,1.0,669387.0,676962.0,Mark Ripperger,Shane Livensparger,"73 degrees, Cloudy.","5 mph, Out To CF.",1:39 PM.,"22,174.",9,0.0,0.0,1,1
824838,2026-05-25,R,2026,Oriole Park at Camden Yards,Baltimore Orioles,Tampa Bay Rays,9.0,7.0,680694.0,663556.0,Ryan Additon,Ryan Wills,"69 degrees, Rain.","2 mph, Out To LF.",1:37 PM.,"22,388.",13,0.0,0.0,0,0
824598,2026-05-25,R,2026,Rate Field,Chicago White Sox,Minnesota Twins,3.0,1.0,641743.0,805673.0,Dan Iassogna,Adam Beck,"80 degrees, Partly Cloudy.","2 mph, Out To LF.",1:11 PM.,"30,114.",9,1.0,1.0,3,1
823784,2026-05-25,R,2026,American Family Field,Milwaukee Brewers,St. Louis Cardinals,5.0,1.0,694819.0,669461.0,Marvin Hudson,Nick Mahrley,"80 degrees, Partly Cloudy.","8 mph, In From RF.",1:10 PM.,"35,695.",9,3.0,0.0,3,0
824107,2026-05-25,R,2026,Kauffman Stadium,Kansas City Royals,New York Yankees,3.0,4.0,608379.0,701542.0,Clint Vondrak,Adam Hamari,"83 degrees, Sunny.","4 mph, R To L.",2:41 PM.,"26,162.",9,0.0,0.0,1,2
823625,2026-05-25,R,2026,Citi Field,New York Mets,Cincinnati Reds,2.0,7.0,690997.0,666157.0,Vic Carapazza,Emil Jimenez,"71 degrees, Partly Cloudy.","4 mph, Out To CF.",4:10 PM.,"36,734.",9,0.0,0.0,0,7
823219,2026-05-25,R,2026,Oracle Park,San Francisco Giants,Arizona Diamondbacks,2.0,6.0,694738.0,518876.0,James Hoye,Sean Barber,"60 degrees, Partly Cloudy.","12 mph, Out To LF.",2:06 PM.,"38,380.",9,0.0,0.0,2,4
824437,2026-05-25,R,2026,Progressive Field,Cleveland Guardians,Washington Nationals,2.0,10.0,676440.0,676571.0,Alfonso Márquez,Mike Estabrook,"64 degrees, Clear.","5 mph, In From CF.",6:11 PM.,"25,494.",9,0.0,3.0,2,8
823296,2026-05-25,R,2026,Petco Park,San Diego Padres,Philadelphia Phillies,0.0,3.0,656288.0,666200.0,David Rackley,Nestor Ceja,"67 degrees, Partly Cloudy.","14 mph, L To R.",3:41 PM.,"41,293.",9,0.0,1.0,0,1
822899,2026-05-25,R,2026,Globe Life Field,Texas Rangers,Houston Astros,0.0,9.0,677958.0,837227.0,Paul Clemons,Adrian Johnson,"74 degrees, Roof Closed.","0 mph, None.",6:08 PM.,"36,180.",9,0.0,1.0,0,4
822812,2026-05-25,R,2026,Rogers Centre,Toronto Blue Jays,Miami Marlins,2.0,8.0,702056.0,676083.0,Nic Lentz,Gabe Morales,"62 degrees, Clear.","5 mph, Out To RF.",7:08 PM.,"41,177.",9,0.0,1.0,1,2
823948,2026-05-25,R,2026,UNIQLO Field at Dodger Stadium,Los Angeles Dodgers,Colorado Rockies,5.0,3.0,686218.0,685299.0,Erich Bacchus,Malachi Moore,"69 degrees, Clear.","3 mph, Out To RF.",6:10 PM.,"48,778.",9,0.0,0.0,1,2
825005,2026-05-25,R,2026,Sutter Health Park,Athletics,Seattle Mariners,2.0,9.0,650644.0,622491.0,Carlos Torres,Nate Tomlinson,"68 degrees, Partly Cloudy.","18 mph, Varies.",6:41 PM.,"11,194.",9,0.0,0.0,0,7
824434,2026-05-26,R,2026,Progressive Field,Cleveland Guardians,Washington Nationals,3.0,6.0,676282.0,676917.0,Mike Estabrook,Jonathan Parra,"70 degrees, Cloudy.","4 mph, In From CF.",6:11 PM.,"21,473.",9,0.0,0.0,1,4
824837,2026-05-26,R,2026,Oriole Park at Camden Yards,Baltimore Orioles,Tampa Bay Rays,6.0,1.0,669358.0,643377.0,Ryan Wills,Lance Barksdale,"74 degrees, Partly Cloudy.","2 mph, Out To LF.",6:39 PM.,"11,878.",9,0.0,1.0,6,1
824275,2026-05-26,R,2026,Comerica Park,Detroit Tigers,Los Angeles Angels,6.0,10.0,672456.0,686799.0,Chris Conroy,Brennan Miller,"79 degrees, Cloudy.","3 mph, In From RF.",6:40 PM.,"21,954.",9,0.0,0.0,5,4
823379,2026-05-26,R,2026,PNC Park,Pittsburgh Pirates,Chicago Cubs,12.0,1.0,677952.0,696136.0,Shane Livensparger,Dan Merzel,"79 degrees, Cloudy.","6 mph, Out To LF.",6:41 PM.,"13,950.",9,5.0,0.0,8,1
824758,2026-05-26,R,2026,Fenway Park,Boston Red Sox,Atlanta Braves,6.0,7.0,624133.0,675911.0,Alex Tosi,Jordan Baker,"82 degrees, Partly Cloudy.","4 mph, Out To CF.",6:48 PM.,"34,126.",9,2.0,0.0,2,2
822811,2026-05-26,R,2026,Rogers Centre,Toronto Blue Jays,Miami Marlins,8.0,1.0,680755.0,645261.0,Gabe Morales,Austin Jones,"60 degrees, Partly Cloudy.","8 mph, R To L.",7:08 PM.,"42,815.",9,0.0,0.0,2,1
823624,2026-05-26,R,2026,Citi Field,New York Mets,Cincinnati Reds,2.0,7.0,656849.0,695505.0,Emil Jimenez,Edwin Moscoso,"72 degrees, Cloudy.","8 mph, Out To LF.",7:11 PM.,"36,848.",9,0.0,2.0,0,5
824597,2026-05-26,R,2026,Rate Field,Chicago White Sox,Minnesota Twins,3.0,5.0,680732.0,657746.0,Adam Beck,Jen Pawol,"77 degrees, Partly Cloudy.","7 mph, In From CF.",6:40 PM.,"15,432.",11,0.0,0.0,0,2
824106,2026-05-26,R,2026,Kauffman Stadium,Kansas City Royals,New York Yankees,1.0,15.0,663559.0,693645.0,Nick Mahrley,Tripp Gibson,"82 degrees, Partly Cloudy.","4 mph, R To L.",6:40 PM.,"21,947.",9,0.0,4.0,1,10
823785,2026-05-26,R,2026,American Family Field,Milwaukee Brewers,St. Louis Cardinals,6.0,0.0,690986.0,700241.0,Adam Hamari,Todd Tichenor,"81 degrees, Partly Cloudy.","7 mph, R To L.",6:40 PM.,"33,532.",9,0.0,0.0,6,0
822898,2026-05-26,R,2026,Globe Life Field,Texas Rangers,Houston Astros,10.0,7.0,683004.0,669920.0,Adrian Johnson,Quinn Wolcott,"74 degrees, Roof Closed.","0 mph, None.",7:08 PM.,"28,778.",9,8.0,0.0,9,4
825004,2026-05-26,R,2026,Sutter Health Park,Athletics,Seattle Mariners,1.0,4.0,695611.0,676106.0,Nate Tomlinson,Mark Wegner,"62 degrees, Cloudy.","8 mph, Out To LF.",6:40 PM.,"9,539.",9,0.0,0.0,0,4
823294,2026-05-26,R,2026,Petco Park,San Diego Padres,Philadelphia Phillies,3.0,4.0,681190.0,605400.0,Nestor Ceja,Louie Krupa,"64 degrees, Partly Cloudy.","9 mph, L To R.",6:40 PM.,"40,399.",9,0.0,1.0,2,4
823216,2026-05-26,R,2026,Oracle Park,San Francisco Giants,Arizona Diamondbacks,5.0,7.0,641816.0,593958.0,Sean Barber,D.J. Reyburn,"59 degrees, Clear.","22 mph, Varies.",6:45 PM.,"32,336.",9,1.0,0.0,2,3
823949,2026-05-26,R,2026,UNIQLO Field at Dodger Stadium,Los Angeles Dodgers,Colorado Rockies,15.0,6.0,641778.0,607536.0,Malachi Moore,Laz Diaz,"63 degrees, Cloudy.","8 mph, L To R.",7:11 PM.,"52,148.",9,2.0,0.0,10,1
822809,2026-05-27,R,2026,Rogers Centre,Toronto Blue Jays,Miami Marlins,2.0,1.0,592332.0,691587.0,Austin Jones,Doug Eddings,"60 degrees, Sunny.","8 mph, Out To RF.",1:08 PM.,"42,372.",9,0.0,1.0,1,1
824432,2026-05-27,R,2026,Progressive Field,Cleveland Guardians,Washington Nationals,3.0,2.0,668909.0,676571.0,Jonathan Parra,Lance Barrett,"70 degrees, Partly Cloudy.","5 mph, In From CF.",1:10 PM.,"19,559.",9,0.0,0.0,3,1
823783,2026-05-27,R,2026,American Family Field,Milwaukee Brewers,St. Louis Cardinals,2.0,1.0,694477.0,669160.0,Todd Tichenor,Tyler Jones,"74 degrees, Partly Cloudy.","7 mph, L To R.",12:40 PM.,"30,391.",9,0.0,0.0,0,1
825003,2026-05-27,R,2026,Sutter Health Park,Athletics,Seattle Mariners,1.0,9.0,605488.0,669302.0,Mark Wegner,Bruce Dreckman,"67 degrees, Partly Cloudy.","5 mph, Out To LF.",12:05 PM.,"9,612.",9,0.0,3.0,0,5
823217,2026-05-27,R,2026,Oracle Park,San Francisco Giants,Arizona Diamondbacks,2.0,3.0,686790.0,647336.0,D.J. Reyburn,Steven Jaschinski,"63 degrees, Partly Cloudy.","7 mph, Varies.",12:45 PM.,"33,258.",9,0.0,0.0,2,0
823295,2026-05-27,R,2026,Petco Park,San Diego Padres,Philadelphia Phillies,0.0,3.0,621111.0,650911.0,Louie Krupa,Chris Guccione,"67 degrees, Partly Cloudy.","10 mph, L To R.",1:11 PM.,"37,426.",9,0.0,0.0,0,0
824836,2026-05-27,R,2026,Oriole Park at Camden Yards,Baltimore Orioles,Tampa Bay Rays,11.0,2.0,694346.0,571927.0,Lance Barksdale,Will Little,"80 degrees, Partly Cloudy.","2 mph, Out To RF.",6:37 PM.,"16,317.",9,5.0,0.0,8,0
824270,2026-05-27,R,2026,Comerica Park,Detroit Tigers,Los Angeles Angels,4.0,0.0,663554.0,667755.0,Brennan Miller,Ben May,"76 degrees, Clear.","9 mph, L To R.",6:42 PM.,"27,692.",9,1.0,0.0,3,0
823376,2026-05-27,R,2026,PNC Park,Pittsburgh Pirates,Chicago Cubs,4.0,10.0,696149.0,592791.0,Dan Merzel,Dan Bellino,"77 degrees, Partly Cloudy.","6 mph, Out To CF.",6:42 PM.,"12,340.",9,0.0,2.0,4,4
824756,2026-05-27,R,2026,Fenway Park,Boston Red Sox,Atlanta Braves,8.0,0.0,813349.0,693821.0,Jordan Baker,Willie Traynor,"87 degrees, Clear.","8 mph, L To R.",6:46 PM.,"34,093.",9,0.0,0.0,6,0
823626,2026-05-27,R,2026,Citi Field,New York Mets,Cincinnati Reds,4.0,2.0,623211.0,671096.0,Edwin Moscoso,Hunter Wendelstedt,"81 degrees, Partly Cloudy.","9 mph, Out To RF.",7:11 PM.,"33,453.",9,1.0,0.0,3,1
824596,2026-05-27,R,2026,Rate Field,Chicago White Sox,Minnesota Twins,15.0,2.0,689818.0,687570.0,Jen Pawol,Jeremie Rehak,"72 degrees, Clear.","8 mph, L To R.",6:40 PM.,"14,796.",9,0.0,1.0,8,1
824104,2026-05-27,R,2026,Kauffman Stadium,Kansas City Royals,New York Yankees,0.0,7.0,702070.0,543037.0,Tripp Gibson,Ryan Blakney,"84 degrees, Partly Cloudy.","4 mph, R To L.",6:41 PM.,"17,007.",9,0.0,0.0,0,2
822897,2026-05-27,R,2026,Globe Life Field,Texas Rangers,Houston Astros,3.0,4.0,594798.0,681347.0,Quinn Wolcott,Ramon De Jesus,"74 degrees, Roof Closed.","0 mph, None.",7:08 PM.,"27,073.",9,1.0,0.0,2,2
823947,2026-05-27,R,2026,UNIQLO Field at Dodger Stadium,Los Angeles Dodgers,Colorado Rockies,4.0,1.0,660271.0,608372.0,Laz Diaz,James Jean,"61 degrees, Partly Cloudy.","8 mph, Out To CF.",7:10 PM.,"50,832.",9,2.0,0.0,3,1
824272,2026-05-28,R,2026,Comerica Park,Detroit Tigers,Los Angeles Angels,1.0,7.0,656427.0,680570.0,Ben May,John Tumpane,"70 degrees, Sunny.","7 mph, Out To RF.",1:11 PM.,"29,670.",9,0.0,0.0,1,3
824595,2026-05-28,R,2026,Rate Field,Chicago White Sox,Minnesota Twins,6.0,2.0,663436.0,680573.0,Jeremie Rehak,Dan Iassogna,"66 degrees, Sunny.","14 mph, Out To RF.",1:10 PM.,"14,194.",9,1.0,0.0,6,1
824757,2026-05-28,R,2026,Fenway Park,Boston Red Sox,Atlanta Braves,2.0,10.0,801139.0,519242.0,Willie Traynor,Jansen Visconti,"68 degrees, Partly Cloudy.","4 mph, In From CF.",4:11 PM.,"30,901.",9,0.0,0.0,2,2
824834,2026-05-28,R,2026,Oriole Park at Camden Yards,Baltimore Orioles,Toronto Blue Jays,1.0,2.0,605135.0,571578.0,Tyler Jones,Clint Vondrak,"77 degrees, Partly Cloudy.","9 mph, In From LF.",6:37 PM.,"13,778.",9,0.0,0.0,1,1
823378,2026-05-28,R,2026,PNC Park,Pittsburgh Pirates,Chicago Cubs,2.0,7.0,694973.0,607067.0,Dan Bellino,Mark Ripperger,"73 degrees, Clear.","10 mph, L To R.",6:42 PM.,"19,121.",9,0.0,0.0,0,1
822896,2026-05-28,R,2026,Globe Life Field,Texas Rangers,Houston Astros,1.0,5.0,543135.0,681293.0,Ramon De Jesus,Paul Clemons,"74 degrees, Roof Closed.","0 mph, None.",7:10 PM.,"27,234.",9,0.0,3.0,1,5
824515,2026-05-29,R,2026,Great American Ball Park,Cincinnati Reds,Atlanta Braves,3.0,8.0,663978.0,656550.0,Ryan Blakney,Marvin Hudson,"79 degrees, Partly Cloudy.","2 mph, In From LF.",6:41 PM.,"29,996.",9,0.0,1.0,3,4
822732,2026-05-29,R,2026,Nationals Park,Washington Nationals,San Diego Padres,5.0,7.0,687606.0,608337.0,Mark Ripperger,Derek Thomas,"78 degrees, Clear.","11 mph, Out To RF.",6:46 PM.,"26,529.",9,2.0,1.0,5,4
823377,2026-05-29,R,2026,PNC Park,Pittsburgh Pirates,Minnesota Twins,6.0,5.0,683003.0,671737.0,Jansen Visconti,Alex Tosi,"79 degrees, Clear.","11 mph, Out To LF.",6:47 PM.,"27,107.",9,3.0,1.0,4,5
824835,2026-05-29,R,2026,Oriole Park at Camden Yards,Baltimore Orioles,Toronto Blue Jays,5.0,6.0,669432.0,671936.0,Clint Vondrak,Adam Hamari,"80 degrees, Clear.","6 mph, Out To RF.",7:06 PM.,"25,494.",9,0.0,0.0,5,0
824433,2026-05-29,R,2026,Progressive Field,Cleveland Guardians,Boston Red Sox,4.0,3.0,677944.0,701719.0,John Tumpane,Brennan Miller,"70 degrees, Clear.","2 mph, Varies.",7:11 PM.,"34,404.",9,4.0,0.0,4,3
822978,2026-05-29,R,2026,Tropicana Field,Tampa Bay Rays,Los Angeles Angels,8.0,5.0,607259.0,700712.0,Lance Barrett,Alfonso Márquez,"72 degrees, Dome.","0 mph, None.",7:10 PM.,"18,706.",9,1.0,0.0,1,2
823623,2026-05-29,R,2026,Citi Field,New York Mets,Miami Marlins,9.0,7.0,642547.0,676974.0,Will Little,Ryan Additon,"74 degrees, Partly Cloudy.","7 mph, Out To CF.",7:12 PM.,"39,386.",10,4.0,0.0,6,4
823055,2026-05-29,R,2026,Busch Stadium,St. Louis Cardinals,Chicago Cubs,6.0,5.0,669467.0,684007.0,Paul Clemons,Edwin Jimenez,"79 degrees, Cloudy.","7 mph, Out To LF.",6:16 PM.,"37,564.",9,3.0,3.0,5,4
824594,2026-05-29,R,2026,Rate Field,Chicago White Sox,Detroit Tigers,4.0,3.0,685126.0,675512.0,Hunter Wendelstedt,Vic Carapazza,"75 degrees, Partly Cloudy.","8 mph, In From LF.",6:40 PM.,"30,019.",10,0.0,0.0,1,2
822894,2026-05-29,R,2026,Globe Life Field,Texas Rangers,Kansas City Royals,9.0,1.0,669022.0,663568.0,Bruce Dreckman,Carlos Torres,"74 degrees, Roof Closed.","0 mph, None.",7:09 PM.,"39,704.",9,4.0,0.0,6,0
824191,2026-05-29,R,2026,Daikin Park,Houston Astros,Milwaukee Brewers,4.0,5.0,678906.0,689441.0,James Jean,Erich Bacchus,"73 degrees, Roof Closed.","0 mph, None.",7:10 PM.,"29,978.",10,0.0,0.0,4,3
824353,2026-05-29,R,2026,Coors Field,Colorado Rockies,San Francisco Giants,8.0,6.0,547179.0,657277.0,Doug Eddings,Mike Muchlinski,"72 degrees, Partly Cloudy.","10 mph, In From LF.",6:41 PM.,"28,568.",9,0.0,0.0,1,3
825002,2026-05-29,R,2026,Sutter Health Park,Athletics,New York Yankees,2.0,8.0,622663.0,607074.0,Dan Iassogna,Adam Beck,"72 degrees, Partly Cloudy.","3 mph, Out To CF.",6:40 PM.,"12,254.",9,1.0,4.0,1,7
823135,2026-05-29,R,2026,T-Mobile Park,Seattle Mariners,Arizona Diamondbacks,7.0,6.0,669923.0,668678.0,Chris Guccione,David Rackley,"58 degrees, Roof Closed.","5 mph, In From LF.",7:11 PM.,"44,198.",10,1.0,0.0,5,1
823946,2026-05-29,R,2026,UNIQLO Field at Dodger Stadium,Los Angeles Dodgers,Philadelphia Phillies,4.0,2.0,680736.0,554430.0,Steven Jaschinski,James Hoye,"66 degrees, Clear.","8 mph, L To R.",7:15 PM.,"50,834.",9,1.0,0.0,4,0
824593,2026-05-30,R,2026,Rate Field,Chicago White Sox,Detroit Tigers,7.0,1.0,641743.0,664285.0,Vic Carapazza,Nic Lentz,"68 degrees, Partly Cloudy.","13 mph, L To R.",1:11 PM.,"29,435.",9,2.0,0.0,2,1
822731,2026-05-30,R,2026,Nationals Park,Washington Nationals,San Diego Padres,9.0,4.0,656492.0,650633.0,Derek Thomas,Dan Merzel,"71 degrees, Sunny.","10 mph, In From LF.",4:06 PM.,"30,765.",9,0.0,0.0,1,3
822893,2026-05-30,R,2026,Globe Life Field,Texas Rangers,Kansas City Royals,7.0,6.0,677958.0,607625.0,Carlos Torres,Nate Tomlinson,"74 degrees, Roof Closed.","0 mph, None.",3:08 PM.,"32,270.",9,1.0,0.0,3,0
824833,2026-05-30,R,2026,Oriole Park at Camden Yards,Baltimore Orioles,Toronto Blue Jays,6.0,5.0,687064.0,702056.0,Adam Hamari,Todd Tichenor,"67 degrees, Sunny.","14 mph, In From LF.",4:06 PM.,"32,645.",9,0.0,0.0,1,2
823375,2026-05-30,R,2026,PNC Park,Pittsburgh Pirates,Minnesota Twins,10.0,9.0,656605.0,641927.0,Alex Tosi,Jordan Baker,"72 degrees, Sunny.","9 mph, L To R.",4:07 PM.,"24,272.",9,1.0,0.0,8,7
824431,2026-05-30,R,2026,Progressive Field,Cleveland Guardians,Boston Red Sox,1.0,9.0,800048.0,543243.0,Brennan Miller,Austin Jones,"61 degrees, Sunny.","24 mph, In From RF.",4:10 PM.,"35,740.",9,1.0,0.0,1,1
822975,2026-05-30,R,2026,Tropicana Field,Tampa Bay Rays,Los Angeles Angels,3.0,14.0,656876.0,672282.0,Alfonso Márquez,Mike Estabrook,"72 degrees, Dome.","0 mph, None.",4:10 PM.,"22,480.",9,1.0,4.0,3,6
823622,2026-05-30,R,2026,Citi Field,New York Mets,Miami Marlins,6.0,1.0,681035.0,663969.0,Ryan Additon,Ryan Wills,"57 degrees, Cloudy.","14 mph, In From CF.",4:31 PM.,"38,552.",9,0.0,0.0,3,1
824190,2026-05-30,R,2026,Daikin Park,Houston Astros,Milwaukee Brewers,9.0,2.0,663567.0,687075.0,Erich Bacchus,Malachi Moore,"73 degrees, Roof Closed.","0 mph, None.",3:10 PM.,"32,115.",9,0.0,1.0,6,2
823054,2026-05-30,R,2026,Busch Stadium,St. Louis Cardinals,Chicago Cubs,1.0,6.0,681517.0,676962.0,Edwin Jimenez,Quinn Wolcott,"78 degrees, Cloudy.","5 mph, Out To LF.",6:16 PM.,"40,147.",9,0.0,0.0,1,1
824513,2026-05-30,R,2026,Great American Ball Park,Cincinnati Reds,Atlanta Braves,2.0,5.0,663903.0,527048.0,Marvin Hudson,Nick Mahrley,"77 degrees, Partly Cloudy.","9 mph, In From RF.",7:15 PM.,"36,848.",9,0.0,0.0,2,3
824352,2026-05-30,R,2026,Coors Field,Colorado Rockies,San Francisco Giants,8.0,3.0,663372.0,605288.0,Mike Muchlinski,Emil Jimenez,"76 degrees, Partly Cloudy.","4 mph, Out To CF.",7:12 PM.,"31,085.",9,2.0,0.0,5,0
825000,2026-05-30,R,2026,Sutter Health Park,Athletics,New York Yankees,6.0,4.0,669372.0,677960.0,Adam Beck,Jen Pawol,"80 degrees, Clear.","6 mph, Out To RF.",7:06 PM.,"12,361.",9,2.0,0.0,2,1
823132,2026-05-30,R,2026,T-Mobile Park,Seattle Mariners,Arizona Diamondbacks,5.0,1.0,693433.0,669194.0,David Rackley,Nestor Ceja,"62 degrees, Clear.","6 mph, In From LF.",7:11 PM.,"44,364.",9,0.0,0.0,4,0
823945,2026-05-30,R,2026,UNIQLO Field at Dodger Stadium,Los Angeles Dodgers,Philadelphia Phillies,3.0,4.0,808963.0,666200.0,James Hoye,Sean Barber,"68 degrees, Clear.","3 mph, L To R.",7:10 PM.,"51,794.",9,0.0,0.0,2,1
824832,2026-05-31,R,2026,Oriole Park at Camden Yards,Baltimore Orioles,Toronto Blue Jays,9.0,5.0,680694.0,693686.0,Todd Tichenor,Tyler Jones,"69 degrees, Sunny.","6 mph, R To L.",12:17 PM.,"34,476.",9,0.0,0.0,6,0
822729,2026-05-31,R,2026,Nationals Park,Washington Nationals,San Diego Padres,4.0,2.0,641793.0,656288.0,Dan Merzel,Dan Bellino,"71 degrees, Sunny.","4 mph, L To R.",1:36 PM.,"24,050.",9,0.0,0.0,3,0
823373,2026-05-31,R,2026,PNC Park,Pittsburgh Pirates,Minnesota Twins,9.0,3.0,677952.0,805673.0,Jordan Baker,Willie Traynor,"68 degrees, Sunny.","3 mph, In From CF.",1:37 PM.,"19,358.",9,0.0,0.0,9,0
824430,2026-05-31,R,2026,Progressive Field,Cleveland Guardians,Boston Red Sox,4.0,9.0,676440.0,624133.0,Austin Jones,Ben May,"70 degrees, Sunny.","4 mph, R To L.",1:42 PM.,"28,798.",9,0.0,1.0,4,3
822976,2026-05-31,R,2026,Tropicana Field,Tampa Bay Rays,Los Angeles Angels,5.0,2.0,663556.0,686799.0,Mike Estabrook,Jonathan Parra,"72 degrees, Dome.","0 mph, None.",1:40 PM.,"16,589.",9,1.0,0.0,3,1
824512,2026-05-31,R,2026,Great American Ball Park,Cincinnati Reds,Atlanta Braves,6.0,4.0,666157.0,675911.0,Nick Mahrley,Tripp Gibson,"73 degrees, Partly Cloudy.","3 mph, In From LF.",1:41 PM.,"31,084.",9,1.0,1.0,4,2
823621,2026-05-31,R,2026,Citi Field,New York Mets,Miami Marlins,10.0,1.0,690997.0,667463.0,Ryan Wills,Lance Barksdale,"75 degrees, Partly Cloudy.","9 mph, L To R.",1:40 PM.,"40,634.",9,1.0,0.0,5,1
824592,2026-05-31,R,2026,Rate Field,Chicago White Sox,Detroit Tigers,2.0,1.0,680732.0,672456.0,Nic Lentz,Edwin Moscoso,"66 degrees, Partly Cloudy.","7 mph, In From LF.",1:11 PM.,"28,764.",9,0.0,1.0,0,1
824187,2026-05-31,R,2026,Daikin Park,Houston Astros,Milwaukee Brewers,0.0,2.0,837227.0,694819.0,Malachi Moore,Laz Diaz,"73 degrees, Roof Closed.","0 mph, None.",1:10 PM.,"28,366.",9,0.0,0.0,0,2
822895,2026-05-31,R,2026,Globe Life Field,Texas Rangers,Kansas City Royals,6.0,3.0,683004.0,608379.0,Nate Tomlinson,Mark Wegner,"74 degrees, Roof Closed.","0 mph, None.",1:38 PM.,"33,587.",9,4.0,0.0,6,0
824354,2026-05-31,R,2026,Coors Field,Colorado Rockies,San Francisco Giants,6.0,19.0,685299.0,592662.0,Emil Jimenez,Gabe Morales,"76 degrees, Partly Cloudy.","6 mph, In From LF.",1:11 PM.,"37,965.",9,0.0,1.0,5,11
825001,2026-05-31,R,2026,Sutter Health Park,Athletics,New York Yankees,8.0,13.0,682052.0,701542.0,Jen Pawol,Jeremie Rehak,"83 degrees, Sunny.","5 mph, L To R.",1:05 PM.,"12,515.",9,3.0,0.0,3,13
823133,2026-05-31,R,2026,T-Mobile Park,Seattle Mariners,Arizona Diamondbacks,3.0,2.0,682243.0,518876.0,Nestor Ceja,Louie Krupa,"63 degrees, Sunny.","10 mph, In From LF.",1:11 PM.,"41,897.",10,0.0,0.0,1,0
823944,2026-05-31,R,2026,UNIQLO Field at Dodger Stadium,Los Angeles Dodgers,Philadelphia Phillies,9.0,1.0,808967.0,691725.0,Sean Barber,D.J. Reyburn,"82 degrees, Sunny.","6 mph, Out To RF.",1:11 PM.,"50,677.",9,0.0,0.0,6,0
823053,2026-05-31,R,2026,Busch Stadium,St. Louis Cardinals,Chicago Cubs,5.0,1.0,669461.0,696136.0,Quinn Wolcott,Ramon De Jesus,"79 degrees, Cloudy.","5 mph, R To L.",6:20 PM.,"34,753.",9,2.0,0.0,5,0
822974,2026-06-01,R,2026,Tropicana Field,Tampa Bay Rays,Detroit Tigers,9.0,10.0,643377.0,680744.0,Dan Bellino,Mark Ripperger,"72 degrees, Dome.","0 mph, None.",6:40 PM.,"13,695.",9,0.0,2.0,2,7
822730,2026-06-01,R,2026,Nationals Park,Washington Nationals,Miami Marlins,3.0,7.0,676917.0,645261.0,Jim Wolf,Alex MacKay,"77 degrees, Partly Cloudy.","8 mph, In From RF.",6:47 PM.,"11,808.",9,0.0,1.0,3,1
824510,2026-06-01,R,2026,Great American Ball Park,Cincinnati Reds,Kansas City Royals,2.0,9.0,680689.0,679883.0,Willie Traynor,Andy Fletcher,"74 degrees, Partly Cloudy.","6 mph, L To R.",7:10 PM.,"19,409.",9,1.0,4.0,1,6
823702,2026-06-01,R,2026,Target Field,Minnesota Twins,Chicago White Sox,9.0,6.0,657746.0,689818.0,Ben May,John Tumpane,"78 degrees, Clear.","6 mph, In From CF.",6:43 PM.,"12,525.",9,1.0,0.0,9,4
823781,2026-06-01,R,2026,American Family Field,Milwaukee Brewers,San Francisco Giants,16.0,2.0,675660.0,694738.0,Ramon De Jesus,Paul Clemons,"70 degrees, Clear.","5 mph, Out To CF.",6:40 PM.,"28,154.",9,0.0,0.0,8,2
823050,2026-06-01,R,2026,Busch Stadium,St. Louis Cardinals,Texas Rangers,1.0,2.0,700241.0,594798.0,Scott Barry,Manny Gonzalez,"81 degrees, Partly Cloudy.","4 mph, L To R.",6:46 PM.,"21,770.",9,0.0,0.0,0,2
824027,2026-06-01,R,2026,Angel Stadium,Los Angeles Angels,Colorado Rockies,8.0,9.0,667755.0,607536.0,Brian Walsh,Bill Miller,"70 degrees, Clear.","8 mph, Out To LF.",6:39 PM.,"27,165.",9,0.0,1.0,6,3
825078,2026-06-01,R,2026,Chase Field,Arizona Diamondbacks,Los Angeles Dodgers,4.0,1.0,593958.0,686218.0,Rob Drake,Stu Scheurwater,"75 degrees, Roof Closed.","0 mph, None.",6:40 PM.,"31,410.",9,0.0,0.0,0,1
823131,2026-06-01,R,2026,T-Mobile Park,Seattle Mariners,New York Mets,3.0,2.0,676106.0,681810.0,Jeremie Rehak,Dan Iassogna,"74 degrees, Partly Cloudy.","7 mph, L To R.",6:40 PM.,"23,037.",10,0.0,0.0,1,1
822971,2026-06-02,R,2026,Tropicana Field,Tampa Bay Rays,Detroit Tigers,0.0,8.0,571927.0,656427.0,Mark Ripperger,Derek Thomas,"72 degrees, Dome.","0 mph, None.",6:40 PM.,"14,010.",9,0.0,2.0,0,5
823460,2026-06-02,R,2026,Citizens Bank Park,Philadelphia Phillies,San Diego Padres,3.0,2.0,605400.0,681190.0,Edwin Moscoso,Hunter Wendelstedt,"75 degrees, Partly Cloudy.","8 mph, In From CF.",6:42 PM.,"38,763.",9,0.0,0.0,2,2
824754,2026-06-02,R,2026,Fenway Park,Boston Red Sox,Baltimore Orioles,2.0,4.0,813349.0,669358.0,Tripp Gibson,Ryan Blakney,"73 degrees, Partly Cloudy.","2 mph, L To R.",6:47 PM.,"35,004.",9,1.0,0.0,2,4
822728,2026-06-02,R,2026,Nationals Park,Washington Nationals,Miami Marlins,3.0,7.0,663992.0,669199.0,Alex MacKay,Alan Porter,"75 degrees, Partly Cloudy.","6 mph, In From LF.",6:45 PM.,"19,751.",9,0.0,0.0,0,4
823541,2026-06-02,R,2026,Yankee Stadium,New York Yankees,Cleveland Guardians,4.0,9.0,693645.0,676282.0,Chris Segal,Laz Diaz,"75 degrees, Partly Cloudy.","10 mph, L To R.",7:09 PM.,"41,045.",9,0.0,0.0,4,5
824511,2026-06-02,R,2026,Great American Ball Park,Cincinnati Reds,Kansas City Royals,4.0,3.0,671096.0,702070.0,Andy Fletcher,Cory Blaser,"74 degrees, Partly Cloudy.","9 mph, L To R.",7:11 PM.,"25,824.",10,0.0,0.0,1,3
824918,2026-06-02,R,2026,Truist Park,Atlanta Braves,Toronto Blue Jays,4.0,3.0,693821.0,592332.0,Mark Wegner,Bruce Dreckman,"72 degrees, Partly Cloudy.","10 mph, L To R.",7:16 PM.,"30,937.",9,2.0,0.0,3,2
823700,2026-06-02,R,2026,Target Field,Minnesota Twins,Chicago White Sox,6.0,4.0,687570.0,663436.0,John Tumpane,Brennan Miller,"81 degrees, Partly Cloudy.","6 mph, R To L.",6:41 PM.,"15,358.",9,0.0,0.0,6,3
823782,2026-06-02,R,2026,American Family Field,Milwaukee Brewers,San Francisco Giants,8.0,3.0,690986.0,686790.0,Paul Clemons,Quinn Wolcott,"68 degrees, Clear.","6 mph, L To R.",6:40 PM.,"29,728.",9,3.0,0.0,3,0
823052,2026-06-02,R,2026,Busch Stadium,St. Louis Cardinals,Texas Rangers,4.0,7.0,669160.0,543135.0,Manny Gonzalez,Tom Hanahan,"77 degrees, Clear.","8 mph, In From RF.",6:45 PM.,"24,859.",9,0.0,0.0,2,2
824675,2026-06-02,R,2026,Wrigley Field,Chicago Cubs,Athletics,1.0,2.0,592791.0,695611.0,D.J. Reyburn,John Libka,"65 degrees, Clear.","10 mph, In From LF.",7:05 PM.,"36,065.",9,1.0,0.0,1,2
824189,2026-06-02,R,2026,Daikin Park,Houston Astros,Pittsburgh Pirates,6.0,10.0,681347.0,696149.0,Louie Krupa,Chris Guccione,"73 degrees, Roof Closed.","0 mph, None.",7:09 PM.,"25,513.",9,2.0,0.0,4,2
824026,2026-06-02,R,2026,Angel Stadium,Los Angeles Angels,Colorado Rockies,2.0,8.0,680570.0,608372.0,Bill Miller,Chad Fairchild,"76 degrees, Partly Cloudy.","9 mph, Out To CF.",6:38 PM.,"26,426.",9,0.0,0.0,2,8
825079,2026-06-02,R,2026,Chase Field,Arizona Diamondbacks,Los Angeles Dodgers,5.0,6.0,647336.0,641778.0,Stu Scheurwater,Junior Valentine,"74 degrees, Roof Closed.","0 mph, None.",6:40 PM.,"32,829.",9,0.0,2.0,2,4
823129,2026-06-02,R,2026,T-Mobile Park,Seattle Mariners,New York Mets,8.0,3.0,669302.0,623211.0,Dan Iassogna,Adam Beck,"81 degrees, Clear.","0 mph, Calm.",6:41 PM.,"28,329.",9,0.0,0.0,7,2
822727,2026-06-03,R,2026,Nationals Park,Washington Nationals,Miami Marlins,1.0,4.0,674841.0,676974.0,Alan Porter,Roberto Ortiz,"79 degrees, Sunny.","8 mph, In From CF.",1:06 PM.,"16,695.",9,0.0,0.0,1,1
822973,2026-06-03,R,2026,Tropicana Field,Tampa Bay Rays,Detroit Tigers,2.0,7.0,607259.0,675512.0,Derek Thomas,Dan Merzel,"72 degrees, Dome.","0 mph, None.",1:10 PM.,"12,585.",9,1.0,1.0,2,6
823701,2026-06-03,R,2026,Target Field,Minnesota Twins,Chicago White Sox,0.0,8.0,671737.0,607200.0,Brennan Miller,Chris Conroy,"81 degrees, Partly Cloudy.","9 mph, Out To LF.",12:41 PM.,"20,322.",9,0.0,4.0,0,4
823130,2026-06-03,R,2026,T-Mobile Park,Seattle Mariners,New York Mets,1.0,7.0,669923.0,642547.0,Adam Beck,Jen Pawol,"69 degrees, Partly Cloudy.","8 mph, Out To LF.",12:42 PM.,"27,969.",9,1.0,1.0,1,6
823456,2026-06-03,R,2026,Citizens Bank Park,Philadelphia Phillies,San Diego Padres,3.0,2.0,650911.0,621111.0,Hunter Wendelstedt,Vic Carapazza,"83 degrees, Clear.","6 mph, L To R.",6:42 PM.,"40,453.",9,0.0,0.0,1,0
824755,2026-06-03,R,2026,Fenway Park,Boston Red Sox,Baltimore Orioles,8.0,1.0,801139.0,605135.0,Ryan Blakney,Marvin Hudson,"80 degrees, Clear.","10 mph, Out To LF.",6:46 PM.,"36,872.",9,1.0,0.0,8,0
823540,2026-06-03,R,2026,Yankee Stadium,New York Yankees,Cleveland Guardians,4.0,5.0,543037.0,668909.0,Laz Diaz,James Jean,"76 degrees, Clear.","11 mph, Out To LF.",7:08 PM.,"37,683.",9,0.0,0.0,2,3
824509,2026-06-03,R,2026,Great American Ball Park,Cincinnati Reds,Kansas City Royals,2.0,5.0,695505.0,663568.0,Cory Blaser,Alex Tosi,"79 degrees, Clear.","3 mph, In From LF.",7:11 PM.,"15,959.",9,0.0,2.0,2,2
824917,2026-06-03,R,2026,Truist Park,Atlanta Braves,Toronto Blue Jays,7.0,3.0,656550.0,571578.0,Bruce Dreckman,Carlos Torres,"77 degrees, Clear.","3 mph, L To R.",7:17 PM.,"37,178.",9,0.0,1.0,4,2
823780,2026-06-03,R,2026,American Family Field,Milwaukee Brewers,San Francisco Giants,0.0,1.0,688107.0,657277.0,Quinn Wolcott,Edwin Jimenez,"77 degrees, Partly Cloudy.","6 mph, In From RF.",6:40 PM.,"31,924.",9,0.0,0.0,0,1
823051,2026-06-03,R,2026,Busch Stadium,St. Louis Cardinals,Texas Rangers,5.0,3.0,669467.0,669022.0,Tom Hanahan,Ron Kulpa,"79 degrees, Clear.","6 mph, In From RF.",6:46 PM.,"21,400.",9,1.0,0.0,4,1
824671,2026-06-03,R,2026,Wrigley Field,Chicago Cubs,Athletics,4.0,5.0,607067.0,605488.0,John Libka,Steven Jaschinski,"71 degrees, Partly Cloudy.","9 mph, In From CF.",7:05 PM.,"31,922.",10,0.0,1.0,4,2
824188,2026-06-03,R,2026,Daikin Park,Houston Astros,Pittsburgh Pirates,11.0,9.0,681293.0,694973.0,Chris Guccione,David Rackley,"73 degrees, Roof Closed.","0 mph, None.",7:11 PM.,"26,956.",9,0.0,0.0,3,4
824024,2026-06-03,R,2026,Angel Stadium,Los Angeles Angels,Colorado Rockies,11.0,4.0,700712.0,547179.0,Chad Fairchild,Chad Whitson,"72 degrees, Clear.","7 mph, R To L.",6:38 PM.,"26,554.",9,0.0,0.0,9,3
825077,2026-06-03,R,2026,Chase Field,Arizona Diamondbacks,Los Angeles Dodgers,0.0,7.0,668678.0,660271.0,Junior Valentine,Jordan Baker,"74 degrees, Roof Closed.","0 mph, None.",6:41 PM.,"36,213.",9,0.0,0.0,0,5
823457,2026-06-04,R,2026,Citizens Bank Park,Philadelphia Phillies,San Diego Padres,6.0,4.0,554430.0,608337.0,Vic Carapazza,Nic Lentz,"87 degrees, Sunny.","7 mph, L To R.",1:06 PM.,"37,812.",9,0.0,0.0,3,0
824753,2026-06-04,R,2026,Fenway Park,Boston Red Sox,Baltimore Orioles,2.0,8.0,678394.0,669432.0,Marvin Hudson,Nick Mahrley,"87 degrees, Sunny.","10 mph, Out To LF.",1:36 PM.,"33,180.",9,0.0,6.0,0,8
823542,2026-06-04,R,2026,Yankee Stadium,New York Yankees,Cleveland Guardians,2.0,1.0,607074.0,677944.0,James Jean,Erich Bacchus,"87 degrees, Sunny.","3 mph, Out To LF.",1:39 PM.,"39,504.",9,0.0,0.0,1,1
823779,2026-06-04,R,2026,American Family Field,Milwaukee Brewers,San Francisco Giants,9.0,12.0,689441.0,605288.0,Edwin Jimenez,Ramon De Jesus,"83 degrees, Partly Cloudy.","15 mph, R To L.",1:10 PM.,"32,570.",9,1.0,3.0,3,6
824919,2026-06-04,R,2026,Truist Park,Atlanta Braves,Toronto Blue Jays,2.0,7.0,519242.0,689254.0,Carlos Torres,Jacob Metz,"80 degrees, Clear.","5 mph, In From LF.",7:16 PM.,"30,598.",9,0.0,0.0,1,3
823698,2026-06-04,R,2026,Target Field,Minnesota Twins,Kansas City Royals,6.0,8.0,702193.0,607625.0,Dan Merzel,Dan Bellino,"83 degrees, Cloudy.","9 mph, Out To LF.",6:41 PM.,"17,802.",9,1.0,1.0,5,3
824672,2026-06-04,R,2026,Wrigley Field,Chicago Cubs,Athletics,7.0,6.0,684007.0,669372.0,Steven Jaschinski,Sean Barber,"83 degrees, Partly Cloudy.","12 mph, Out To CF.",7:05 PM.,"37,419.",9,0.0,0.0,0,1
824185,2026-06-04,R,2026,Daikin Park,Houston Astros,Pittsburgh Pirates,1.0,5.0,678906.0,683003.0,David Rackley,Nestor Ceja,"73 degrees, Roof Closed.","0 mph, None.",7:10 PM.,"23,136.",9,0.0,1.0,0,1
825076,2026-06-04,R,2026,Chase Field,Arizona Diamondbacks,Los Angeles Dodgers,3.0,2.0,669194.0,680736.0,Jordan Baker,Rob Drake,"74 degrees, Roof Closed.","0 mph, None.",6:40 PM.,"41,999.",9,0.0,0.0,0,2
824673,2026-06-05,R,2026,Wrigley Field,Chicago Cubs,San Francisco Giants,3.0,18.0,665795.0,592662.0,Alex Tosi,Willie Traynor,"78 degrees, Overcast.","4 mph, Out To LF.",2:20 PM.,"39,060.",9,0.0,2.0,0,9
824271,2026-06-05,R,2026,Comerica Park,Detroit Tigers,Seattle Mariners,7.0,3.0,664285.0,693433.0,Erich Bacchus,Chris Segal,"79 degrees, Partly Cloudy.","6 mph, R To L.",6:40 PM.,"32,591.",9,0.0,1.0,3,1
823455,2026-06-05,R,2026,Citizens Bank Park,Philadelphia Phillies,Chicago White Sox,8.0,6.0,666200.0,641743.0,Roberto Ortiz,Jim Wolf,"90 degrees, Clear.","10 mph, L To R.",6:42 PM.,"43,232.",9,0.0,0.0,6,4
823538,2026-06-05,R,2026,Yankee Stadium,New York Yankees,Boston Red Sox,3.0,5.0,677960.0,543243.0,Sean Barber,D.J. Reyburn,"85 degrees, Partly Cloudy.","9 mph, R To L.",7:09 PM.,"43,750.",9,1.0,0.0,3,5
822810,2026-06-05,R,2026,Rogers Centre,Toronto Blue Jays,Baltimore Orioles,3.0,13.0,702056.0,687064.0,Nic Lentz,Edwin Moscoso,"72 degrees, Cloudy.","11 mph, Out To RF.",7:07 PM.,"41,801.",9,1.0,1.0,3,1
823860,2026-06-05,R,2026,loanDepot park,Miami Marlins,Tampa Bay Rays,0.0,6.0,687473.0,656876.0,Jacob Metz,Mark Wegner,"72 degrees, Roof Closed.","0 mph, None.",7:10 PM.,"10,312.",9,0.0,3.0,0,4
824914,2026-06-05,R,2026,Truist Park,Atlanta Braves,Pittsburgh Pirates,6.0,3.0,527048.0,656605.0,Ramon De Jesus,Paul Clemons,"82 degrees, Partly Cloudy.","5 mph, R To L.",7:17 PM.,"39,418.",9,0.0,0.0,6,3
824186,2026-06-05,R,2026,Daikin Park,Houston Astros,Athletics,5.0,1.0,663567.0,678022.0,Nick Mahrley,Tripp Gibson,"73 degrees, Roof Closed.","0 mph, None.",7:10 PM.,"32,420.",9,3.0,0.0,5,0
823049,2026-06-05,R,2026,Busch Stadium,St. Louis Cardinals,Cincinnati Reds,10.0,3.0,681517.0,663903.0,Chris Conroy,Ben May,"83 degrees, Partly Cloudy.","11 mph, Out To LF.",7:15 PM.,"30,058.",9,2.0,3.0,4,3
822892,2026-06-05,R,2026,Globe Life Field,Texas Rangers,Cleveland Guardians,3.0,2.0,677958.0,800048.0,Nestor Ceja,Louie Krupa,"74 degrees, Roof Closed.","0 mph, None.",7:15 PM.,"27,738.",9,0.0,1.0,0,2
823699,2026-06-05,R,2026,Target Field,Minnesota Twins,Kansas City Royals,5.0,3.0,805673.0,608379.0,Dan Bellino,Mark Ripperger,"75 degrees, Partly Cloudy.","6 mph, Out To RF.",8:31 PM.,"19,805.",9,0.0,2.0,1,2
824350,2026-06-05,R,2026,Coors Field,Colorado Rockies,Milwaukee Brewers,7.0,9.0,663372.0,687075.0,Rob Drake,Stu Scheurwater,"87 degrees, Partly Cloudy.","5 mph, R To L.",6:43 PM.,"31,349.",10,1.0,0.0,3,1
825073,2026-06-05,R,2026,Chase Field,Arizona Diamondbacks,Washington Nationals,1.0,14.0,518876.0,656492.0,Ron Kulpa,Scott Barry,"75 degrees, Roof Closed.","0 mph, None.",6:44 PM.,"24,272.",9,0.0,2.0,1,7
823293,2026-06-05,R,2026,Petco Park,San Diego Padres,New York Mets,0.0,5.0,650633.0,681035.0,Chad Whitson,Brian Walsh,"67 degrees, Cloudy.","7 mph, L To R.",6:40 PM.,"42,159.",9,0.0,0.0,0,4
823943,2026-06-05,R,2026,UNIQLO Field at Dodger Stadium,Los Angeles Dodgers,Los Angeles Angels,1.0,0.0,808963.0,672282.0,Jen Pawol,Jeremie Rehak,"70 degrees, Clear.","7 mph, Out To RF.",7:10 PM.,"46,850.",9,0.0,0.0,0,0
824269,2026-06-06,R,2026,Comerica Park,Detroit Tigers,Seattle Mariners,0.0,4.0,672456.0,682243.0,Chris Segal,Laz Diaz,"81 degrees, Partly Cloudy.","15 mph, Out To LF.",1:11 PM.,"32,606.",9,0.0,0.0,0,4
823697,2026-06-06,R,2026,Target Field,Minnesota Twins,Kansas City Royals,2.0,3.0,657746.0,679883.0,Mark Ripperger,Shane Livensparger,"82 degrees, Sunny.","3 mph, L To R.",1:12 PM.,"20,555.",9,0.0,1.0,1,1
823048,2026-06-06,R,2026,Busch Stadium,St. Louis Cardinals,Cincinnati Reds,6.0,5.0,669461.0,666157.0,Ben May,John Tumpane,"85 degrees, Partly Cloudy.","9 mph, R To L.",1:15 PM.,"26,904.",9,0.0,0.0,4,5
824669,2026-06-06,R,2026,Wrigley Field,Chicago Cubs,San Francisco Giants,3.0,2.0,676962.0,694738.0,Willie Traynor,Andy Fletcher,"76 degrees, Partly Cloudy.","7 mph, In From RF.",1:20 PM.,"39,248.",10,0.0,0.0,0,0
822808,2026-06-06,R,2026,Rogers Centre,Toronto Blue Jays,Baltimore Orioles,6.0,4.0,680755.0,680694.0,Edwin Moscoso,Hunter Wendelstedt,"77 degrees, Sunny.","22 mph, L To R.",3:08 PM.,"41,868.",9,0.0,0.0,6,1
823454,2026-06-06,R,2026,Citizens Bank Park,Philadelphia Phillies,Chicago White Sox,3.0,6.0,691725.0,685126.0,Jim Wolf,Alex MacKay,"91 degrees, Partly Cloudy.","16 mph, Out To RF.",4:07 PM.,"42,949.",9,0.0,4.0,1,6
825075,2026-06-06,R,2026,Chase Field,Arizona Diamondbacks,Washington Nationals,1.0,6.0,593958.0,641793.0,Scott Barry,Manny Gonzalez,"75 degrees, Roof Closed.","0 mph, None.",1:10 PM.,"30,638.",9,0.0,2.0,1,2
824184,2026-06-06,R,2026,Daikin Park,Houston Astros,Athletics,13.0,2.0,837227.0,695034.0,Tripp Gibson,Ryan Blakney,"73 degrees, Roof Closed.","0 mph, None.",3:11 PM.,"30,211.",9,1.0,0.0,13,2
824915,2026-06-06,R,2026,Truist Park,Atlanta Braves,Pittsburgh Pirates,6.0,3.0,675911.0,677952.0,Paul Clemons,Quinn Wolcott,"84 degrees, Cloudy.","4 mph, In From RF.",4:11 PM.,"40,276.",9,2.0,0.0,6,3
823859,2026-06-06,R,2026,loanDepot park,Miami Marlins,Tampa Bay Rays,4.0,3.0,669199.0,663556.0,Mark Wegner,Bruce Dreckman,"72 degrees, Roof Closed.","0 mph, None.",4:10 PM.,"12,443.",9,0.0,0.0,2,0
822891,2026-06-06,R,2026,Globe Life Field,Texas Rangers,Cleveland Guardians,0.0,6.0,683004.0,676440.0,Louie Krupa,Chris Guccione,"74 degrees, Roof Closed.","0 mph, None.",6:35 PM.,"31,608.",9,0.0,0.0,0,5
824351,2026-06-06,R,2026,Coors Field,Colorado Rockies,Milwaukee Brewers,1.0,7.0,688642.0,694819.0,Stu Scheurwater,Junior Valentine,"87 degrees, Partly Cloudy.","10 mph, Out To CF.",7:13 PM.,"30,320.",9,0.0,1.0,1,2
823942,2026-06-06,R,2026,UNIQLO Field at Dodger Stadium,Los Angeles Dodgers,Los Angeles Angels,9.0,2.0,808967.0,686799.0,Jeremie Rehak,Dan Iassogna,"70 degrees, Clear.","4 mph, Out To RF.",7:10 PM.,"53,448.",9,9.0,1.0,9,1
823292,2026-06-06,R,2026,Petco Park,San Diego Padres,New York Mets,3.0,2.0,656288.0,690997.0,Brian Walsh,Chad Fairchild,"68 degrees, Cloudy.","6 mph, L To R.",7:11 PM.,"40,770.",9,0.0,0.0,1,1
824916,2026-06-07,R,2026,Truist Park,Atlanta Braves,Pittsburgh Pirates,3.0,2.0,693821.0,682254.0,Quinn Wolcott,Edwin Jimenez,"78 degrees, Cloudy.","4 mph, Calm.",1:35 PM.,"37,697.",9,0.0,1.0,0,2
823453,2026-06-07,R,2026,Citizens Bank Park,Philadelphia Phillies,Chicago White Sox,9.0,5.0,605400.0,656457.0,Alex MacKay,Alan Porter,"85 degrees, Partly Cloudy.","15 mph, Out To RF.",1:36 PM.,"41,978.",9,1.0,0.0,7,5
823537,2026-06-07,R,2026,Yankee Stadium,New York Yankees,Boston Red Sox,6.0,1.0,693645.0,624133.0,D.J. Reyburn,John Libka,"81 degrees, Partly Cloudy.","14 mph, Out To RF.",1:55 PM.,"46,144.",9,0.0,0.0,1,0
822807,2026-06-07,R,2026,Rogers Centre,Toronto Blue Jays,Baltimore Orioles,6.0,4.0,592332.0,669358.0,Hunter Wendelstedt,Dexter Kelley,"72 degrees, Cloudy.","7 mph, In From LF.",1:39 PM.,"41,278.",9,0.0,0.0,0,4
824268,2026-06-07,R,2026,Comerica Park,Detroit Tigers,Seattle Mariners,5.0,4.0,656427.0,622491.0,Laz Diaz,James Jean,"80 degrees, Sunny.","7 mph, L To R.",1:41 PM.,"34,893.",9,0.0,0.0,1,1
823857,2026-06-07,R,2026,loanDepot park,Miami Marlins,Tampa Bay Rays,4.0,1.0,645261.0,643377.0,Bruce Dreckman,Carlos Torres,"72 degrees, Roof Closed.","0 mph, None.",1:40 PM.,"14,525.",9,0.0,0.0,0,1
824183,2026-06-07,R,2026,Daikin Park,Houston Astros,Athletics,0.0,5.0,681347.0,695611.0,Ryan Blakney,Marvin Hudson,"73 degrees, Roof Closed.","0 mph, None.",1:10 PM.,"28,878.",9,0.0,0.0,0,5
823696,2026-06-07,R,2026,Target Field,Minnesota Twins,Kansas City Royals,5.0,6.0,687570.0,702070.0,Shane Livensparger,Dan Merzel,"85 degrees, Cloudy.","12 mph, In From LF.",1:11 PM.,"19,876.",9,0.0,0.0,1,5
823047,2026-06-07,R,2026,Busch Stadium,St. Louis Cardinals,Cincinnati Reds,5.0,3.0,700241.0,695076.0,John Tumpane,Brennan Miller,"85 degrees, Partly Cloudy.","12 mph, R To L.",1:16 PM.,"31,335.",9,0.0,0.0,3,2
822890,2026-06-07,R,2026,Globe Life Field,Texas Rangers,Cleveland Guardians,10.0,0.0,594798.0,676282.0,Chris Guccione,David Rackley,"74 degrees, Roof Closed.","0 mph, None.",1:38 PM.,"34,851.",9,2.0,0.0,7,0
824349,2026-06-07,R,2026,Coors Field,Colorado Rockies,Milwaukee Brewers,4.0,12.0,607536.0,675660.0,Junior Valentine,Jordan Baker,"91 degrees, Sunny.","9 mph, In From CF.",1:12 PM.,"32,270.",9,2.0,0.0,3,1
825074,2026-06-07,R,2026,Chase Field,Arizona Diamondbacks,Washington Nationals,5.0,1.0,647336.0,676917.0,Manny Gonzalez,Tom Hanahan,"74 degrees, Roof Closed.","0 mph, None.",12:15 PM.,"35,540.",9,1.0,0.0,4,1
823941,2026-06-07,R,2026,UNIQLO Field at Dodger Stadium,Los Angeles Dodgers,Los Angeles Angels,5.0,13.0,686218.0,667755.0,Dan Iassogna,Adam Beck,"75 degrees, Sunny.","7 mph, Out To CF.",1:10 PM.,"49,535.",9,0.0,0.0,1,6
823291,2026-06-07,R,2026,Petco Park,San Diego Padres,New York Mets,3.0,7.0,681190.0,623211.0,Chad Fairchild,Jonathan Parra,"70 degrees, Partly Cloudy.","9 mph, L To R.",1:11 PM.,"41,159.",9,0.0,1.0,2,4
824670,2026-06-07,R,2026,Wrigley Field,Chicago Cubs,San Francisco Giants,1.0,2.0,592791.0,686790.0,Cory Blaser,Alex Tosi,"70 degrees, Partly Cloudy.","5 mph, In From CF.",7:30 PM.,"36,317.",10,0.0,1.0,1,1
824829,2026-06-08,R,2026,Oriole Park at Camden Yards,Baltimore Orioles,Seattle Mariners,3.0,6.0,694346.0,676106.0,Gabe Morales,Doug Eddings,"74 degrees, Partly Cloudy.","6 mph, In From RF.",6:36 PM.,"12,377.",9,0.0,0.0,1,5
822972,2026-06-08,R,2026,Tropicana Field,Tampa Bay Rays,Boston Red Sox,3.0,1.0,693855.0,813349.0,Alan Porter,Roberto Ortiz,"72 degrees, Dome.","0 mph, None.",6:40 PM.,"14,579.",9,1.0,0.0,2,1
824427,2026-06-08,R,2026,Progressive Field,Cleveland Guardians,New York Yankees,5.0,7.0,668909.0,701542.0,Nate Tomlinson,Jacob Metz,"81 degrees, Partly Cloudy.","10 mph, Varies.",6:41 PM.,"29,517.",10,0.0,2.0,3,4
822806,2026-06-08,R,2026,Rogers Centre,Toronto Blue Jays,Philadelphia Phillies,2.0,5.0,571578.0,650911.0,Jansen Visconti,Alex Tosi,"68 degrees, Clear.","12 mph, R To L.",7:08 PM.,"37,178.",9,0.0,0.0,2,5
824025,2026-06-08,R,2026,Angel Stadium,Los Angeles Angels,Houston Astros,4.0,5.0,680570.0,681293.0,Tom Hanahan,Dillon Wilson,"72 degrees, Partly Cloudy.","9 mph, Out To LF.",6:39 PM.,"25,474.",10,0.0,0.0,3,1
823289,2026-06-08,R,2026,Petco Park,San Diego Padres,Cincinnati Reds,6.0,2.0,621111.0,671096.0,Lance Barrett,Malachi Moore,"68 degrees, Partly Cloudy.","7 mph, L To R.",6:40 PM.,"37,223.",9,0.0,0.0,1,1
823218,2026-06-08,R,2026,Oracle Park,San Francisco Giants,Washington Nationals,3.0,4.0,657277.0,663992.0,Adam Beck,Jen Pawol,"59 degrees, Partly Cloudy.","13 mph, Out To CF.",6:45 PM.,"35,432.",9,0.0,0.0,0,0
824998,2026-06-08,R,2026,Las Vegas Ballpark,Athletics,Milwaukee Brewers,14.0,15.0,605488.0,690986.0,Clint Vondrak,Brock Ballou,"87 degrees, Partly Cloudy.","9 mph, R To L.",7:05 PM.,"8,519.",12,1.0,1.0,8,5
824830,2026-06-09,R,2026,Oriole Park at Camden Yards,Baltimore Orioles,Seattle Mariners,5.0,6.0,669432.0,669302.0,Doug Eddings,Mike Muchlinski,"78 degrees, Partly Cloudy.","15 mph, Out To LF.",6:36 PM.,"14,728.",10,1.0,0.0,1,3
823374,2026-06-09,R,2026,PNC Park,Pittsburgh Pirates,Los Angeles Dodgers,3.0,12.0,694973.0,641778.0,Brennan Miller,Felix Neon,"81 degrees, Partly Cloudy.","8 mph, R To L.",6:42 PM.,"30,646.",9,2.0,0.0,2,1
822969,2026-06-09,R,2026,Tropicana Field,Tampa Bay Rays,Boston Red Sox,4.0,3.0,607259.0,801139.0,Roberto Ortiz,Jim Wolf,"72 degrees, Dome.","0 mph, None.",6:40 PM.,"15,503.",9,0.0,0.0,3,1
824267,2026-06-09,R,2026,Comerica Park,Detroit Tigers,Minnesota Twins,10.0,4.0,675512.0,671737.0,Lance Barksdale,Will Little,"78 degrees, Partly Cloudy.","12 mph, In From RF.",8:31 PM.,"22,641.",9,1.0,1.0,5,4
823858,2026-06-09,R,2026,loanDepot park,Miami Marlins,Arizona Diamondbacks,10.0,6.0,676974.0,668678.0,Edwin Jimenez,Ramon De Jesus,"72 degrees, Roof Closed.","0 mph, None.",6:41 PM.,"8,372.",9,1.0,1.0,3,2
824429,2026-06-09,R,2026,Progressive Field,Cleveland Guardians,New York Yankees,2.0,3.0,677944.0,543037.0,Jacob Metz,Mark Wegner,"86 degrees, Cloudy.","10 mph, Out To CF.",6:41 PM.,"27,154.",9,0.0,0.0,2,2
822805,2026-06-09,R,2026,Rogers Centre,Toronto Blue Jays,Philadelphia Phillies,3.0,2.0,656302.0,554430.0,Alex Tosi,Willie Traynor,"68 degrees, Roof Closed.","0 mph, None.",7:07 PM.,"41,079.",9,0.0,1.0,0,1
823620,2026-06-09,R,2026,Citi Field,New York Mets,St. Louis Cardinals,0.0,7.0,642547.0,669160.0,Rob Drake,Stu Scheurwater,"72 degrees, Clear.","10 mph, Out To LF.",7:10 PM.,"35,175.",9,0.0,0.0,0,6
824105,2026-06-09,R,2026,Kauffman Stadium,Kansas City Royals,Texas Rangers,5.0,3.0,663568.0,543135.0,James Jean,Erich Bacchus,"91 degrees, Partly Cloudy.","9 mph, L To R.",6:40 PM.,"25,075.",9,0.0,0.0,1,2
824591,2026-06-09,R,2026,Rate Field,Chicago White Sox,Atlanta Braves,6.0,5.0,685126.0,656550.0,Jonathan Parra,Chad Whitson,"88 degrees, Partly Cloudy.","5 mph, Out To RF.",6:40 PM.,"20,494.",10,0.0,2.0,3,4
824347,2026-06-09,R,2026,Coors Field,Colorado Rockies,Chicago Cubs,7.0,3.0,608372.0,607067.0,David Rackley,Nestor Ceja,"84 degrees, Partly Cloudy.","8 mph, In From LF.",6:42 PM.,"29,302.",9,2.0,0.0,7,1
824023,2026-06-09,R,2026,Angel Stadium,Los Angeles Angels,Houston Astros,10.0,1.0,700712.0,678906.0,Dillon Wilson,Ron Kulpa,"74 degrees, Clear.","5 mph, R To L.",6:39 PM.,"24,767.",9,2.0,0.0,7,0
823290,2026-06-09,R,2026,Petco Park,San Diego Padres,Cincinnati Reds,3.0,5.0,608337.0,695505.0,Malachi Moore,Alfonso Márquez,"70 degrees, Clear.","7 mph, Varies.",6:41 PM.,"40,469.",11,0.0,0.0,2,2
823214,2026-06-09,R,2026,Oracle Park,San Francisco Giants,Washington Nationals,3.0,6.0,605288.0,674841.0,Jen Pawol,Jeremie Rehak,"64 degrees, Clear.","14 mph, Out To CF.",6:46 PM.,"35,493.",9,0.0,2.0,2,3
824999,2026-06-09,R,2026,Las Vegas Ballpark,Athletics,Milwaukee Brewers,7.0,5.0,669372.0,688107.0,Adam Hamari,Tyler Jones,"94 degrees, Clear.","8 mph, Out To RF.",7:05 PM.,"8,422.",9,1.0,2.0,6,3
822970,2026-06-10,R,2026,Tropicana Field,Tampa Bay Rays,Boston Red Sox,7.0,5.0,656876.0,687562.0,Jim Wolf,John Bacon,"72 degrees, Dome.","0 mph, None.",1:10 PM.,"16,504.",9,0.0,0.0,4,0
824428,2026-06-10,R,2026,Progressive Field,Cleveland Guardians,New York Yankees,4.0,8.0,800048.0,607074.0,Mark Wegner,Bruce Dreckman,"81 degrees, Partly Cloudy.","9 mph, L To R.",1:10 PM.,"31,586.",9,1.0,0.0,3,3
823215,2026-06-10,R,2026,Oracle Park,San Francisco Giants,Washington Nationals,11.0,10.0,592662.0,656492.0,Jeremie Rehak,Dan Iassogna,"72 degrees, Sunny.","11 mph, Out To CF.",12:46 PM.,"32,459.",9,0.0,0.0,0,2
823287,2026-06-10,R,2026,Petco Park,San Diego Padres,Cincinnati Reds,5.0,4.0,650633.0,663903.0,Alfonso Márquez,Mike Estabrook,"74 degrees, Sunny.","9 mph, L To R.",1:11 PM.,"37,393.",9,1.0,0.0,2,2
824831,2026-06-10,R,2026,Oriole Park at Camden Yards,Baltimore Orioles,Seattle Mariners,7.0,2.0,687064.0,669923.0,Mike Muchlinski,Emil Jimenez,"76 degrees, Cloudy.","11 mph, Out To CF.",6:37 PM.,"13,483.",9,0.0,0.0,0,0
823372,2026-06-10,R,2026,PNC Park,Pittsburgh Pirates,Los Angeles Dodgers,9.0,8.0,683003.0,660271.0,Felix Neon,Chris Conroy,"87 degrees, Partly Cloudy.","11 mph, Out To LF.",6:41 PM.,"30,626.",9,0.0,0.0,1,2
824266,2026-06-10,R,2026,Comerica Park,Detroit Tigers,Minnesota Twins,4.0,6.0,664285.0,702474.0,Will Little,Ryan Additon,"87 degrees, Partly Cloudy.","13 mph, R To L.",6:47 PM.,"23,517.",9,0.0,0.0,3,4
823856,2026-06-10,R,2026,loanDepot park,Miami Marlins,Arizona Diamondbacks,8.0,0.0,687473.0,669194.0,Ramon De Jesus,Paul Clemons,"72 degrees, Roof Closed.","0 mph, None.",6:40 PM.,"7,729.",9,0.0,0.0,8,0
822804,2026-06-10,R,2026,Rogers Centre,Toronto Blue Jays,Philadelphia Phillies,4.0,7.0,453286.0,666200.0,Willie Traynor,Cory Blaser,"81 degrees, Partly Cloudy.","9 mph, R To L.",7:07 PM.,"35,733.",9,0.0,1.0,0,6
823618,2026-06-10,R,2026,Citi Field,New York Mets,St. Louis Cardinals,2.0,9.0,681810.0,669467.0,Stu Scheurwater,Scott Barry,"79 degrees, Cloudy.","9 mph, Out To LF.",7:11 PM.,"34,238.",9,0.0,2.0,2,8
824103,2026-06-10,R,2026,Kauffman Stadium,Kansas City Royals,Texas Rangers,4.0,6.0,607625.0,669022.0,Erich Bacchus,Chris Segal,"88 degrees, Partly Cloudy.","12 mph, Out To LF.",6:40 PM.,"16,015.",10,0.0,0.0,2,2
824590,2026-06-10,R,2026,Rate Field,Chicago White Sox,Atlanta Braves,2.0,1.0,663436.0,519242.0,Chad Whitson,Brian Walsh,"71 degrees, Cloudy.","11 mph, In From RF.",6:42 PM.,"14,622.",9,0.0,0.0,2,0
824348,2026-06-10,R,2026,Coors Field,Colorado Rockies,Chicago Cubs,3.0,2.0,547179.0,684007.0,Nestor Ceja,Louie Krupa,"88 degrees, Partly Cloudy.","6 mph, R To L.",6:41 PM.,"31,802.",9,0.0,0.0,0,1
824996,2026-06-10,R,2026,Las Vegas Ballpark,Athletics,Milwaukee Brewers,4.0,3.0,678022.0,687075.0,Brock Ballou,Todd Tichenor,"102 degrees, Clear.","6 mph, Out To RF.",6:05 PM.,"8,436.",9,0.0,1.0,0,3
824022,2026-06-10,R,2026,Angel Stadium,Los Angeles Angels,Houston Astros,3.0,2.0,672282.0,663567.0,Ron Kulpa,Manny Gonzalez,"75 degrees, Clear.","9 mph, Out To LF.",6:38 PM.,"25,179.",10,1.0,0.0,2,0
823619,2026-06-11,R,2026,Citi Field,New York Mets,St. Louis Cardinals,5.0,4.0,681035.0,690928.0,Scott Barry,Junior Valentine,"91 degrees, Partly Cloudy.","8 mph, Out To RF.",1:10 PM.,"37,019.",9,3.0,1.0,4,4
824265,2026-06-11,R,2026,Comerica Park,Detroit Tigers,Minnesota Twins,11.0,0.0,672456.0,805673.0,Ryan Additon,Ryan Wills,"82 degrees, Partly Cloudy.","8 mph, L To R.",1:11 PM.,"30,714.",9,1.0,0.0,5,0
823855,2026-06-11,R,2026,loanDepot park,Miami Marlins,Arizona Diamondbacks,2.0,0.0,663969.0,518876.0,Paul Clemons,John Tumpane,"72 degrees, Roof Closed.","0 mph, None.",1:10 PM.,"8,580.",9,1.0,0.0,2,0
824101,2026-06-11,R,2026,Kauffman Stadium,Kansas City Royals,Texas Rangers,2.0,4.0,608379.0,677958.0,Chris Segal,Chad Fairchild,"84 degrees, Partly Cloudy.","10 mph, L To R.",3:30 PM.,"17,622.",9,0.0,1.0,2,3
824346,2026-06-11,R,2026,Coors Field,Colorado Rockies,Chicago Cubs,3.0,9.0,663372.0,665795.0,Louie Krupa,Chris Guccione,"73 degrees, Sunny.","15 mph, In From CF.",1:11 PM.,"35,128.",9,0.0,0.0,2,6
823371,2026-06-11,R,2026,PNC Park,Pittsburgh Pirates,Los Angeles Dodgers,6.0,8.0,656605.0,680736.0,Chris Conroy,Ben May,"72 degrees, Overcast.","11 mph, Out To LF.",6:41 PM.,"30,660.",9,0.0,0.0,4,5
824827,2026-06-11,R,2026,Oriole Park at Camden Yards,Baltimore Orioles,Seattle Mariners,7.0,5.0,680694.0,693433.0,Emil Jimenez,Gabe Morales,"94 degrees, Cloudy.","6 mph, Out To RF.",7:12 PM.,"15,776.",9,0.0,1.0,7,5
823370,2026-06-12,R,2026,PNC Park,Pittsburgh Pirates,Miami Marlins,3.0,8.0,677952.0,645261.0,Junior Valentine,Rob Drake,"81 degrees, Partly Cloudy.","8 mph, Out To LF.",6:41 PM.,"19,587.",9,0.0,0.0,2,2
822726,2026-06-12,R,2026,Nationals Park,Washington Nationals,Seattle Mariners,2.0,10.0,641793.0,682243.0,Cory Blaser,Jansen Visconti,"81 degrees, Cloudy.","6 mph, Out To CF.",8:56 PM.,"22,226.",9,0.0,0.0,1,8
824826,2026-06-12,R,2026,Oriole Park at Camden Yards,Baltimore Orioles,San Diego Padres,7.0,3.0,669358.0,656288.0,Ben May,Brennan Miller,"89 degrees, Partly Cloudy.","9 mph, Out To RF.",7:06 PM.,"25,458.",9,3.0,1.0,7,3
824425,2026-06-12,R,2026,Progressive Field,Cleveland Guardians,Detroit Tigers,3.0,2.0,676440.0,656427.0,Gabe Morales,Doug Eddings,"76 degrees, Clear.","7 mph, L To R.",7:11 PM.,"35,427.",9,0.0,0.0,2,1
824752,2026-06-12,R,2026,Fenway Park,Boston Red Sox,Texas Rangers,10.0,1.0,543243.0,683004.0,Brian Walsh,Bill Miller,"82 degrees, Partly Cloudy.","2 mph, L To R.",7:12 PM.,"33,919.",9,2.0,1.0,6,1
824507,2026-06-12,R,2026,Great American Ball Park,Cincinnati Reds,Arizona Diamondbacks,2.0,5.0,666157.0,593958.0,Alex MacKay,Lance Barksdale,"80 degrees, Clear.","8 mph, Out To CF.",7:15 PM.,"29,803.",9,0.0,0.0,2,1
823617,2026-06-12,R,2026,Citi Field,New York Mets,Atlanta Braves,7.0,5.0,690997.0,675911.0,John Bacon,Alan Porter,"76 degrees, Partly Cloudy.","5 mph, Out To RF.",8:31 PM.,"38,438.",9,2.0,0.0,7,3
822803,2026-06-12,R,2026,Rogers Centre,Toronto Blue Jays,New York Yankees,8.0,5.0,702056.0,677960.0,John Tumpane,Ramon De Jesus,"77 degrees, Clear.","10 mph, L To R.",7:37 PM.,"41,596.",9,3.0,0.0,7,3
824588,2026-06-12,R,2026,Rate Field,Chicago White Sox,Los Angeles Dodgers,8.0,2.0,641743.0,808963.0,Manny Gonzalez,Tom Hanahan,"79 degrees, Partly Cloudy.","14 mph, Out To LF.",6:41 PM.,"37,882.",9,1.0,0.0,8,2
823778,2026-06-12,R,2026,American Family Field,Milwaukee Brewers,Philadelphia Phillies,6.0,0.0,694819.0,621383.0,Chad Fairchild,James Jean,"79 degrees, Partly Cloudy.","4 mph, In From RF.",6:40 PM.,"40,205.",9,1.0,0.0,5,0
824102,2026-06-12,R,2026,Kauffman Stadium,Kansas City Royals,Houston Astros,8.0,10.0,679883.0,837227.0,Bruce Dreckman,Nate Tomlinson,"83 degrees, Partly Cloudy.","6 mph, R To L.",7:09 PM.,"25,672.",9,5.0,9.0,5,9
823695,2026-06-12,R,2026,Target Field,Minnesota Twins,St. Louis Cardinals,9.0,8.0,657746.0,681517.0,Dan Iassogna,Adam Beck,"79 degrees, Partly Cloudy.","12 mph, Out To CF.",7:12 PM.,"23,089.",9,1.0,1.0,2,3
824020,2026-06-12,R,2026,Angel Stadium,Los Angeles Angels,Tampa Bay Rays,4.0,3.0,691951.0,663556.0,Chris Guccione,David Rackley,"80 degrees, Clear.","8 mph, R To L.",6:38 PM.,"37,023.",9,2.0,0.0,4,2
824997,2026-06-12,R,2026,Las Vegas Ballpark,Athletics,Colorado Rockies,6.0,4.0,695611.0,807743.0,Mike Estabrook,Lance Barrett,"103 degrees, Clear.","5 mph, Out To RF.",7:05 PM.,"8,534.",9,0.0,0.0,2,0
823211,2026-06-12,R,2026,Oracle Park,San Francisco Giants,Chicago Cubs,1.0,5.0,694738.0,665871.0,Todd Tichenor,Tyler Jones,"62 degrees, Clear.","14 mph, Out To CF.",7:16 PM.,"38,115.",9,0.0,0.0,0,5
823694,2026-06-13,R,2026,Target Field,Minnesota Twins,St. Louis Cardinals,6.0,9.0,687570.0,669461.0,Adam Beck,Jen Pawol,"71 degrees, Sunny.","13 mph, Out To LF.",1:11 PM.,"23,408.",9,0.0,2.0,4,4
822802,2026-06-13,R,2026,Rogers Centre,Toronto Blue Jays,New York Yankees,1.0,3.0,592332.0,693645.0,Ramon De Jesus,Steven Jaschinski,"71 degrees, Sunny.","11 mph, Out To CF.",3:08 PM.,"42,364.",9,0.0,0.0,1,1
824828,2026-06-13,R,2026,Oriole Park at Camden Yards,Baltimore Orioles,San Diego Padres,3.0,9.0,694346.0,681190.0,Brennan Miller,Felix Neon,"86 degrees, Cloudy.","7 mph, L To R.",4:05 PM.,"25,722.",9,2.0,4.0,2,6
822725,2026-06-13,R,2026,Nationals Park,Washington Nationals,Seattle Mariners,8.0,3.0,676917.0,622491.0,Jansen Visconti,Alex Tosi,"88 degrees, Partly Cloudy.","7 mph, Out To RF.",4:06 PM.,"30,004.",9,3.0,0.0,5,3
823369,2026-06-13,R,2026,PNC Park,Pittsburgh Pirates,Miami Marlins,3.0,2.0,696149.0,669199.0,Rob Drake,Stu Scheurwater,"86 degrees, Sunny.","9 mph, L To R.",4:08 PM.,"31,192.",9,1.0,0.0,2,1
824508,2026-06-13,R,2026,Great American Ball Park,Cincinnati Reds,Arizona Diamondbacks,2.0,1.0,695076.0,647336.0,Lance Barksdale,Dexter Kelley,"85 degrees, Partly Cloudy.","4 mph, L To R.",4:11 PM.,"27,563.",9,0.0,1.0,1,1
824426,2026-06-13,R,2026,Progressive Field,Cleveland Guardians,Detroit Tigers,3.0,1.0,676282.0,669373.0,Doug Eddings,Mike Muchlinski,"82 degrees, Partly Cloudy.","8 mph, L To R.",4:11 PM.,"32,683.",9,0.0,1.0,3,1
824749,2026-06-13,R,2026,Fenway Park,Boston Red Sox,Texas Rangers,6.0,3.0,624133.0,594798.0,Bill Miller,Jonathan Parra,"87 degrees, Partly Cloudy.","5 mph, L To R.",4:12 PM.,"34,556.",9,0.0,0.0,2,2
823616,2026-06-13,R,2026,Citi Field,New York Mets,Atlanta Braves,1.0,3.0,640455.0,527048.0,Alan Porter,Roberto Ortiz,"88 degrees, Sunny.","8 mph, Out To RF.",4:11 PM.,"38,269.",9,0.0,0.0,0,2
824587,2026-06-13,R,2026,Rate Field,Chicago White Sox,Los Angeles Dodgers,1.0,7.0,680732.0,808967.0,Tom Hanahan,Dillon Wilson,"86 degrees, Partly Cloudy.","14 mph, R To L.",3:11 PM.,"37,832.",9,0.0,3.0,0,4
824100,2026-06-13,R,2026,Kauffman Stadium,Kansas City Royals,Houston Astros,7.0,8.0,702070.0,681347.0,Nate Tomlinson,Jacob Metz,"84 degrees, Partly Cloudy.","5 mph, R To L.",6:11 PM.,"17,881.",9,0.0,0.0,4,4
823776,2026-06-13,R,2026,American Family Field,Milwaukee Brewers,Philadelphia Phillies,8.0,9.0,675660.0,605400.0,James Jean,Erich Bacchus,"82 degrees, Partly Cloudy.","14 mph, R To L.",6:10 PM.,"40,157.",9,0.0,0.0,3,3
824995,2026-06-13,R,2026,Las Vegas Ballpark,Athletics,Colorado Rockies,7.0,5.0,683155.0,607536.0,Lance Barrett,Malachi Moore,"102 degrees, Clear.","7 mph, Out To RF.",7:07 PM.,"8,532.",9,2.0,0.0,4,5
823213,2026-06-13,R,2026,Oracle Park,San Francisco Giants,Chicago Cubs,1.0,6.0,686790.0,676962.0,Tyler Jones,Clint Vondrak,"62 degrees, Clear.","10 mph, Out To CF.",7:06 PM.,"35,142.",9,0.0,1.0,1,6
824019,2026-06-13,R,2026,Angel Stadium,Los Angeles Angels,Tampa Bay Rays,8.0,0.0,667755.0,643377.0,David Rackley,Nestor Ceja,"76 degrees, Clear.","8 mph, Out To RF.",7:08 PM.,"34,030.",9,0.0,0.0,1,0
823368,2026-06-14,R,2026,PNC Park,Pittsburgh Pirates,Miami Marlins,2.0,4.0,694973.0,676974.0,Stu Scheurwater,Scott Barry,"75 degrees, Overcast.","13 mph, Out To LF.",12:18 PM.,"18,127.",9,0.0,0.0,1,2
824823,2026-06-14,R,2026,Oriole Park at Camden Yards,Baltimore Orioles,San Diego Padres,2.0,5.0,669432.0,621111.0,Felix Neon,Chris Conroy,"87 degrees, Partly Cloudy.","9 mph, Out To CF.",1:37 PM.,"20,611.",9,0.0,0.0,1,2
822722,2026-06-14,R,2026,Nationals Park,Washington Nationals,Seattle Mariners,10.0,1.0,676571.0,676106.0,Alex Tosi,Willie Traynor,"90 degrees, Partly Cloudy.","10 mph, R To L.",1:36 PM.,"27,264.",9,1.0,1.0,6,1
822801,2026-06-14,R,2026,Rogers Centre,Toronto Blue Jays,New York Yankees,3.0,8.0,571578.0,701542.0,Steven Jaschinski,Paul Clemons,"68 degrees, Roof Closed.","0 mph, None.",1:38 PM.,"41,596.",9,0.0,0.0,2,2
824506,2026-06-14,R,2026,Great American Ball Park,Cincinnati Reds,Arizona Diamondbacks,3.0,5.0,671096.0,668678.0,Dexter Kelley,Ryan Additon,"79 degrees, Cloudy.","11 mph, Out To LF.",1:41 PM.,"22,946.",9,1.0,0.0,2,1
823615,2026-06-14,R,2026,Citi Field,New York Mets,Atlanta Braves,8.0,1.0,642547.0,693821.0,Roberto Ortiz,Jim Wolf,"87 degrees, Partly Cloudy.","12 mph, Out To LF.",1:43 PM.,"40,106.",9,4.0,1.0,6,1
824099,2026-06-14,R,2026,Kauffman Stadium,Kansas City Royals,Houston Astros,4.0,0.0,663568.0,681293.0,Jacob Metz,Mark Wegner,"74 degrees, Sunny.","13 mph, L To R.",1:11 PM.,"23,730.",9,1.0,0.0,4,0
823693,2026-06-14,R,2026,Target Field,Minnesota Twins,St. Louis Cardinals,5.0,4.0,671737.0,700241.0,Jen Pawol,Jeremie Rehak,"67 degrees, Partly Cloudy.","16 mph, Out To RF.",1:10 PM.,"23,026.",9,0.0,0.0,2,1
824586,2026-06-14,R,2026,Rate Field,Chicago White Sox,Los Angeles Dodgers,6.0,4.0,663542.0,686218.0,Dillon Wilson,Ron Kulpa,"69 degrees, Cloudy.","9 mph, Out To CF.",1:10 PM.,"38,507.",9,0.0,1.0,0,1
823777,2026-06-14,R,2026,American Family Field,Milwaukee Brewers,Philadelphia Phillies,4.0,0.0,690986.0,650911.0,Erich Bacchus,Chris Segal,"64 degrees, Overcast.","14 mph, In From RF.",1:10 PM.,"40,131.",9,1.0,0.0,4,0
824994,2026-06-14,R,2026,Las Vegas Ballpark,Athletics,Colorado Rockies,9.0,23.0,605488.0,608372.0,Malachi Moore,Derek Thomas,"101 degrees, Sunny.","8 mph, Out To LF.",12:06 PM.,"8,268.",9,4.0,2.0,8,14
823212,2026-06-14,R,2026,Oracle Park,San Francisco Giants,Chicago Cubs,5.0,1.0,657277.0,669020.0,Clint Vondrak,Adam Hamari,"67 degrees, Sunny.","9 mph, Varies.",12:11 PM.,"40,093.",9,0.0,0.0,3,0
824021,2026-06-14,R,2026,Angel Stadium,Los Angeles Angels,Tampa Bay Rays,3.0,8.0,680570.0,668984.0,Nestor Ceja,Charlie Ramos,"81 degrees, Sunny.","8 mph, R To L.",1:08 PM.,"34,048.",9,0.0,0.0,3,3
824751,2026-06-14,R,2026,Fenway Park,Boston Red Sox,Texas Rangers,4.0,6.0,813349.0,543135.0,Jonathan Parra,Chad Whitson,"81 degrees, Overcast.","12 mph, Out To LF.",7:22 PM.,"32,006.",9,0.0,1.0,2,6
823452,2026-06-15,R,2026,Citizens Bank Park,Philadelphia Phillies,Miami Marlins,7.0,0.0,554430.0,687473.0,Tripp Gibson,Sean Barber,"75 degrees, Partly Cloudy.","14 mph, L To R.",6:41 PM.,"39,241.",9,0.0,0.0,5,0
822724,2026-06-15,R,2026,Nationals Park,Washington Nationals,Kansas City Royals,7.0,3.0,674841.0,687765.0,Chad Whitson,Chad Fairchild,"76 degrees, Partly Cloudy.","11 mph, In From LF.",6:47 PM.,"14,444.",9,0.0,0.0,7,3
824505,2026-06-15,R,2026,Great American Ball Park,Cincinnati Reds,New York Mets,12.0,0.0,695505.0,668964.0,Mark Wegner,Carlos Torres,"74 degrees, Partly Cloudy.","3 mph, Out To LF.",7:11 PM.,"19,853.",9,3.0,0.0,9,0
823046,2026-06-15,R,2026,Busch Stadium,St. Louis Cardinals,San Diego Padres,3.0,0.0,669160.0,593974.0,Laz Diaz,Nic Lentz,"76 degrees, Clear.","5 mph, L To R.",6:45 PM.,"26,973.",9,0.0,0.0,3,0
824666,2026-06-15,R,2026,Wrigley Field,Chicago Cubs,Colorado Rockies,5.0,4.0,684007.0,547179.0,James Hoye,Willie Traynor,"76 degrees, Partly Cloudy.","10 mph, Out To RF.",7:05 PM.,"38,337.",9,1.0,0.0,1,0
822887,2026-06-15,R,2026,Globe Life Field,Texas Rangers,Minnesota Twins,2.0,4.0,669022.0,702474.0,Derek Thomas,Alfonso Márquez,"74 degrees, Roof Closed.","0 mph, None.",7:08 PM.,"25,957.",9,0.0,3.0,2,3
824181,2026-06-15,R,2026,Daikin Park,Houston Astros,Detroit Tigers,3.0,9.0,678906.0,623454.0,Paul Clemons,Adrian Johnson,"73 degrees, Roof Closed.","0 mph, None.",7:10 PM.,"26,632.",9,0.0,1.0,3,6
825071,2026-06-15,R,2026,Chase Field,Arizona Diamondbacks,Los Angeles Angels,4.0,3.0,669194.0,700712.0,Vic Carapazza,Edwin Moscoso,"78 degrees, Roof Closed.","0 mph, None.",6:40 PM.,"29,457.",9,1.0,1.0,2,2
824993,2026-06-15,R,2026,Sutter Health Park,Athletics,Pittsburgh Pirates,11.0,2.0,669372.0,683003.0,Charlie Ramos,Chris Guccione,"86 degrees, Clear.","11 mph, Out To LF.",6:41 PM.,"10,033.",9,0.0,0.0,6,1
823938,2026-06-15,R,2026,UNIQLO Field at Dodger Stadium,Los Angeles Dodgers,Tampa Bay Rays,4.0,3.0,641778.0,607259.0,Dan Merzel,Dan Bellino,"71 degrees, Partly Cloudy.","9 mph, Out To RF.",7:11 PM.,"53,911.",9,0.0,2.0,3,3
823451,2026-06-16,R,2026,Citizens Bank Park,Philadelphia Phillies,Miami Marlins,8.0,2.0,666200.0,663969.0,Sean Barber,Dexter Kelley,"78 degrees, Clear.","8 mph, Out To CF.",6:42 PM.,"38,238.",9,3.0,0.0,8,0
822723,2026-06-16,R,2026,Nationals Park,Washington Nationals,Kansas City Royals,6.0,4.0,656492.0,608379.0,Chad Fairchild,Bill Miller,"78 degrees, Clear.","7 mph, Out To RF.",6:46 PM.,"25,053.",9,0.0,0.0,3,1
824750,2026-06-16,R,2026,Fenway Park,Boston Red Sox,Toronto Blue Jays,1.0,6.0,801139.0,656302.0,Ron Kulpa,Scott Barry,"77 degrees, Partly Cloudy.","3 mph, Out To RF.",6:45 PM.,"32,392.",9,0.0,0.0,0,3
823535,2026-06-16,R,2026,Yankee Stadium,New York Yankees,Chicago White Sox,12.0,2.0,543037.0,663436.0,Mike Muchlinski,Emil Jimenez,"72 degrees, Clear.","8 mph, Out To LF.",7:08 PM.,"36,723.",9,0.0,1.0,11,1
824504,2026-06-16,R,2026,Great American Ball Park,Cincinnati Reds,New York Mets,5.0,3.0,663903.0,673540.0,Carlos Torres,Nate Tomlinson,"74 degrees, Cloudy.","9 mph, R To L.",7:10 PM.,"28,710.",9,4.0,0.0,5,1
823775,2026-06-16,R,2026,American Family Field,Milwaukee Brewers,Cleveland Guardians,2.0,1.0,688107.0,677944.0,Ryan Additon,Ryan Wills,"74 degrees, Roof Closed.","0 mph, None.",6:40 PM.,"30,025.",9,0.0,0.0,1,0
823045,2026-06-16,R,2026,Busch Stadium,St. Louis Cardinals,San Diego Padres,3.0,2.0,669467.0,650633.0,Nic Lentz,James Jean,"77 degrees, Partly Cloudy.","10 mph, Out To RF.",6:46 PM.,"29,604.",9,0.0,0.0,3,1
824667,2026-06-16,R,2026,Wrigley Field,Chicago Cubs,Colorado Rockies,2.0,5.0,665795.0,663372.0,Willie Traynor,John Libka,"71 degrees, Partly Cloudy.","15 mph, Out To RF.",7:04 PM.,"35,183.",9,1.0,0.0,2,5
822888,2026-06-16,R,2026,Globe Life Field,Texas Rangers,Minnesota Twins,2.0,12.0,677958.0,805673.0,Alfonso Márquez,Mike Estabrook,"74 degrees, Roof Closed.","0 mph, None.",7:08 PM.,"27,463.",9,0.0,2.0,2,10
824182,2026-06-16,R,2026,Daikin Park,Houston Astros,Detroit Tigers,4.0,2.0,686613.0,664285.0,Adrian Johnson,Quinn Wolcott,"73 degrees, Roof Closed.","0 mph, None.",7:10 PM.,"31,244.",9,0.0,0.0,1,1
825070,2026-06-16,R,2026,Chase Field,Arizona Diamondbacks,Los Angeles Angels,0.0,7.0,518876.0,672282.0,Edwin Moscoso,Jen Pawol,"77 degrees, Roof Closed.","0 mph, None.",6:41 PM.,"36,905.",9,0.0,0.0,0,5
824991,2026-06-16,R,2026,Sutter Health Park,Athletics,Pittsburgh Pirates,5.0,6.0,678022.0,656605.0,Chris Guccione,David Rackley,"85 degrees, Clear.","10 mph, Out To CF.",6:40 PM.,"8,615.",9,4.0,0.0,4,1
823128,2026-06-16,R,2026,T-Mobile Park,Seattle Mariners,Baltimore Orioles,3.0,1.0,669302.0,687064.0,Adam Hamari,Todd Tichenor,"71 degrees, Partly Cloudy.","11 mph, In From LF.",6:40 PM.,"27,396.",9,0.0,1.0,1,1
823939,2026-06-16,R,2026,UNIQLO Field at Dodger Stadium,Los Angeles Dodgers,Tampa Bay Rays,1.0,0.0,680736.0,656876.0,Dan Bellino,Mark Ripperger,"70 degrees, Partly Cloudy.","4 mph, L To R.",7:09 PM.,"49,070.",9,0.0,0.0,0,0
824503,2026-06-17,R,2026,Great American Ball Park,Cincinnati Reds,New York Mets,1.0,9.0,666157.0,690997.0,Nate Tomlinson,Jacob Metz,"78 degrees, Partly Cloudy.","7 mph, R To L.",12:42 PM.,"27,207.",9,0.0,0.0,1,7
822721,2026-06-17,R,2026,Nationals Park,Washington Nationals,Kansas City Royals,2.0,6.0,641793.0,679883.0,Bill Miller,Brian Walsh,"84 degrees, Partly Cloudy.","6 mph, Out To CF.",1:05 PM.,"17,643.",9,0.0,1.0,0,4
823450,2026-06-17,R,2026,Citizens Bank Park,Philadelphia Phillies,Miami Marlins,4.0,12.0,691725.0,645261.0,Dexter Kelley,Ryan Blakney,"81 degrees, Partly Cloudy.","10 mph, Out To CF.",1:06 PM.,"37,591.",9,2.0,2.0,4,6
824912,2026-06-17,R,2026,Truist Park,Atlanta Braves,San Francisco Giants,2.0,7.0,656550.0,605288.0,Jordan Baker,Junior Valentine,"69 degrees, Rain.","4 mph, L To R.",7:16 PM.,"31,266.",9,2.0,1.0,2,5
824178,2026-06-17,R,2026,Daikin Park,Houston Astros,Detroit Tigers,4.0,2.0,663567.0,663554.0,Quinn Wolcott,Steven Jaschinski,"73 degrees, Roof Closed.","0 mph, None.",1:10 PM.,"31,476.",9,0.0,0.0,3,0
823044,2026-06-17,R,2026,Busch Stadium,St. Louis Cardinals,San Diego Padres,1.0,6.0,681517.0,699134.0,James Jean,Chris Segal,"85 degrees, Cloudy.","22 mph, R To L.",1:15 PM.,"29,859.",9,0.0,1.0,1,3
823940,2026-06-17,R,2026,UNIQLO Field at Dodger Stadium,Los Angeles Dodgers,Tampa Bay Rays,5.0,4.0,660271.0,663556.0,Mark Ripperger,Shane Livensparger,"78 degrees, Sunny.","4 mph, Out To CF.",12:11 PM.,"50,705.",9,0.0,0.0,3,4
825072,2026-06-17,R,2026,Chase Field,Arizona Diamondbacks,Los Angeles Angels,8.0,1.0,593958.0,691951.0,Jen Pawol,Hunter Wendelstedt,"77 degrees, Roof Closed.","0 mph, None.",12:40 PM.,"28,433.",9,0.0,1.0,8,1
824746,2026-06-17,R,2026,Fenway Park,Boston Red Sox,Toronto Blue Jays,0.0,3.0,687562.0,680755.0,Scott Barry,Manny Gonzalez,"76 degrees, Clear.","12 mph, Out To CF.",7:00 PM.,"35,817.",9,0.0,0.0,0,2
823536,2026-06-17,R,2026,Yankee Stadium,New York Yankees,Chicago White Sox,10.0,5.0,607074.0,641743.0,Emil Jimenez,Gabe Morales,"72 degrees, Partly Cloudy.","12 mph, R To L.",7:10 PM.,"38,558.",9,2.0,0.0,9,3
824913,2026-06-17,R,2026,Truist Park,Atlanta Braves,San Francisco Giants,5.0,7.0,702275.0,687931.0,Junior Valentine,Rob Drake,"82 degrees, Partly Cloudy.","7 mph, Out To LF.",7:16 PM.,"35,449.",9,0.0,1.0,0,5
823774,2026-06-17,R,2026,American Family Field,Milwaukee Brewers,Cleveland Guardians,9.0,4.0,687075.0,668909.0,Ryan Wills,Lance Barksdale,"69 degrees, Roof Closed.","0 mph, None.",6:40 PM.,"30,452.",9,3.0,0.0,7,4
824668,2026-06-17,R,2026,Wrigley Field,Chicago Cubs,Colorado Rockies,8.0,6.0,665871.0,807743.0,John Libka,D.J. Reyburn,"70 degrees, Overcast.","13 mph, Out To CF.",7:04 PM.,"34,938.",9,0.0,0.0,8,2
824992,2026-06-17,R,2026,Sutter Health Park,Athletics,Pittsburgh Pirates,4.0,12.0,650644.0,677952.0,David Rackley,Nestor Ceja,"82 degrees, Partly Cloudy.","6 mph, Out To CF.",6:41 PM.,"9,024.",9,0.0,3.0,0,7
823127,2026-06-17,R,2026,T-Mobile Park,Seattle Mariners,Baltimore Orioles,3.0,5.0,669923.0,680694.0,Todd Tichenor,Tyler Jones,"73 degrees, Clear.","5 mph, L To R.",6:41 PM.,"28,068.",9,0.0,0.0,1,2
824748,2026-06-18,R,2026,Fenway Park,Boston Red Sox,Toronto Blue Jays,3.0,4.0,543243.0,702056.0,Manny Gonzalez,Tom Hanahan,"77 degrees, Overcast.","8 mph, Out To LF.",1:37 PM.,"32,027.",9,0.0,1.0,0,2
823772,2026-06-18,R,2026,American Family Field,Milwaukee Brewers,Cleveland Guardians,2.0,4.0,675660.0,800048.0,Lance Barksdale,Will Little,"70 degrees, Partly Cloudy.","11 mph, In From RF.",1:11 PM.,"36,386.",9,0.0,0.0,2,1
822889,2026-06-18,R,2026,Globe Life Field,Texas Rangers,Minnesota Twins,3.0,9.0,683004.0,657746.0,Mike Estabrook,Lance Barrett,"74 degrees, Roof Closed.","0 mph, None.",1:39 PM.,"30,606.",9,0.0,4.0,0,6
823125,2026-06-18,R,2026,T-Mobile Park,Seattle Mariners,Baltimore Orioles,3.0,0.0,693433.0,669358.0,Tyler Jones,Clint Vondrak,"72 degrees, Sunny.","11 mph, L To R.",1:11 PM.,"43,053.",9,3.0,0.0,3,0
823448,2026-06-18,R,2026,Citizens Bank Park,Philadelphia Phillies,New York Mets,4.0,6.0,605400.0,640455.0,Brian Walsh,Chad Whitson,"89 degrees, Partly Cloudy.","21 mph, Out To RF.",6:41 PM.,"39,767.",9,1.0,2.0,3,3
823533,2026-06-18,R,2026,Yankee Stadium,New York Yankees,Chicago White Sox,1.0,5.0,677960.0,663542.0,Gabe Morales,Doug Eddings,"86 degrees, Partly Cloudy.","6 mph, Varies.",7:09 PM.,"44,809.",9,0.0,0.0,1,1
824098,2026-06-18,R,2026,Kauffman Stadium,Kansas City Royals,St. Louis Cardinals,14.0,6.0,702070.0,669461.0,Ryan Blakney,Tripp Gibson,"76 degrees, Partly Cloudy.","7 mph, L To R.",6:40 PM.,"18,363.",9,1.0,2.0,11,4
824989,2026-06-18,R,2026,Sutter Health Park,Athletics,Los Angeles Angels,5.0,0.0,695611.0,696270.0,Shane Livensparger,Dan Merzel,"75 degrees, Clear.","15 mph, Out To CF.",6:41 PM.,"9,245.",9,5.0,0.0,5,0
824663,2026-06-19,R,2026,Wrigley Field,Chicago Cubs,Toronto Blue Jays,16.0,2.0,676962.0,592332.0,Lance Barrett,Malachi Moore,"71 degrees, Sunny.","6 mph, L To R.",1:20 PM.,"40,275.",9,7.0,0.0,7,1
824264,2026-06-19,R,2026,Comerica Park,Detroit Tigers,Chicago White Sox,4.0,3.0,669373.0,685126.0,Rob Drake,Stu Scheurwater,"75 degrees, Clear.","10 mph, R To L.",6:41 PM.,"41,353.",9,2.0,1.0,2,2
823534,2026-06-19,R,2026,Yankee Stadium,New York Yankees,Cincinnati Reds,5.0,0.0,693645.0,695076.0,Chris Segal,Laz Diaz,"77 degrees, Partly Cloudy.","15 mph, Out To RF.",7:10 PM.,"42,420.",9,0.0,0.0,4,0
822966,2026-06-19,R,2026,Tropicana Field,Tampa Bay Rays,Washington Nationals,5.0,2.0,643377.0,676571.0,Will Little,Ryan Additon,"72 degrees, Dome.","0 mph, None.",7:11 PM.,"17,134.",9,0.0,0.0,4,2
823853,2026-06-19,R,2026,loanDepot park,Miami Marlins,San Francisco Giants,4.0,3.0,669199.0,694738.0,Jacob Metz,Mark Wegner,"72 degrees, Roof Closed.","0 mph, None.",7:10 PM.,"11,677.",9,1.0,0.0,2,1
824910,2026-06-19,R,2026,Truist Park,Atlanta Braves,Milwaukee Brewers,3.0,2.0,527048.0,694819.0,Tom Hanahan,Ron Kulpa,"83 degrees, Partly Cloudy.","9 mph, Out To CF.",7:16 PM.,"40,107.",9,0.0,0.0,0,1
822886,2026-06-19,R,2026,Globe Life Field,Texas Rangers,San Diego Padres,9.0,7.0,594798.0,681190.0,Emil Jimenez,John Bacon,"74 degrees, Roof Closed.","0 mph, None.",7:08 PM.,"33,406.",9,6.0,5.0,7,6
824179,2026-06-19,R,2026,Daikin Park,Houston Astros,Cleveland Guardians,9.0,3.0,837227.0,676440.0,Hunter Wendelstedt,Vic Carapazza,"73 degrees, Roof Closed.","0 mph, None.",7:11 PM.,"33,279.",9,1.0,0.0,2,3
824097,2026-06-19,R,2026,Kauffman Stadium,Kansas City Royals,St. Louis Cardinals,6.0,5.0,607625.0,700241.0,Tripp Gibson,Sean Barber,"80 degrees, Cloudy.","0 mph, Calm.",7:15 PM.,"27,323.",9,0.0,1.0,5,2
824345,2026-06-19,R,2026,Coors Field,Colorado Rockies,Pittsburgh Pirates,4.0,3.0,607536.0,696149.0,Clint Vondrak,Adam Hamari,"81 degrees, Partly Cloudy.","8 mph, In From LF.",6:40 PM.,"33,596.",9,0.0,0.0,2,0
824990,2026-06-19,R,2026,Sutter Health Park,Athletics,Los Angeles Angels,12.0,11.0,605488.0,667755.0,Dan Merzel,Dan Bellino,"77 degrees, Clear.","11 mph, Out To CF.",6:40 PM.,"9,687.",10,0.0,0.0,4,10
825069,2026-06-19,R,2026,Chase Field,Arizona Diamondbacks,Minnesota Twins,9.0,5.0,647336.0,687570.0,D.J. Reyburn,James Hoye,"77 degrees, Roof Closed.","0 mph, None.",6:45 PM.,"25,110.",9,0.0,0.0,5,3
823936,2026-06-19,R,2026,UNIQLO Field at Dodger Stadium,Los Angeles Dodgers,Baltimore Orioles,6.0,5.0,808963.0,694346.0,Nestor Ceja,Charlie Ramos,"69 degrees, Clear.","5 mph, Out To CF.",7:11 PM.,"51,939.",9,2.0,0.0,3,0
823124,2026-06-19,R,2026,T-Mobile Park,Seattle Mariners,Boston Red Sox,2.0,6.0,682243.0,624133.0,Steven Jaschinski,Paul Clemons,"80 degrees, Clear.","5 mph, L To R.",7:11 PM.,"45,775.",9,0.0,0.0,0,1
824263,2026-06-20,R,2026,Comerica Park,Detroit Tigers,Chicago White Sox,4.0,1.0,675512.0,656794.0,Stu Scheurwater,Jordan Baker,"74 degrees, Partly Cloudy.","13 mph, Out To LF.",1:11 PM.,"34,692.",9,0.0,1.0,1,1
823532,2026-06-20,R,2026,Yankee Stadium,New York Yankees,Cincinnati Reds,2.0,10.0,701542.0,671096.0,Laz Diaz,Nic Lentz,"79 degrees, Partly Cloudy.","16 mph, Out To RF.",1:39 PM.,"46,089.",9,1.0,0.0,1,6
824665,2026-06-20,R,2026,Wrigley Field,Chicago Cubs,Toronto Blue Jays,6.0,8.0,607067.0,571578.0,Malachi Moore,Alfonso Márquez,"71 degrees, Partly Cloudy.","6 mph, In From RF.",1:20 PM.,"40,706.",9,0.0,0.0,3,0
822885,2026-06-20,R,2026,Globe Life Field,Texas Rangers,San Diego Padres,4.0,6.0,669022.0,621111.0,Doug Eddings,Mike Muchlinski,"74 degrees, Roof Closed.","0 mph, None.",3:09 PM.,"35,383.",10,0.0,0.0,0,1
822967,2026-06-20,R,2026,Tropicana Field,Tampa Bay Rays,Washington Nationals,3.0,4.0,693855.0,676917.0,Ryan Additon,Ryan Wills,"72 degrees, Dome.","0 mph, None.",4:11 PM.,"20,996.",9,1.0,0.0,2,3
823854,2026-06-20,R,2026,loanDepot park,Miami Marlins,San Francisco Giants,6.0,3.0,676974.0,686790.0,Mark Wegner,Carlos Torres,"72 degrees, Roof Closed.","0 mph, None.",4:11 PM.,"22,643.",9,1.0,0.0,6,2
824909,2026-06-20,R,2026,Truist Park,Atlanta Braves,Milwaukee Brewers,4.0,3.0,519242.0,690986.0,Ron Kulpa,Scott Barry,"82 degrees, Cloudy.","5 mph, In From RF.",4:12 PM.,"40,156.",9,0.0,0.0,1,0
824180,2026-06-20,R,2026,Daikin Park,Houston Astros,Cleveland Guardians,1.0,8.0,681293.0,676282.0,Vic Carapazza,Edwin Moscoso,"73 degrees, Roof Closed.","0 mph, None.",6:16 PM.,"32,678.",9,0.0,1.0,1,6
823447,2026-06-20,R,2026,Citizens Bank Park,Philadelphia Phillies,New York Mets,15.0,3.0,650911.0,642547.0,Chad Whitson,Dillon Wilson,"80 degrees, Partly Cloudy.","13 mph, Out To RF.",7:17 PM.,"43,402.",9,1.0,0.0,13,1
824342,2026-06-20,R,2026,Coors Field,Colorado Rockies,Pittsburgh Pirates,2.0,1.0,608372.0,694973.0,Adam Hamari,Todd Tichenor,"85 degrees, Clear.","4 mph, In From CF.",7:11 PM.,"40,380.",9,1.0,1.0,2,1
824988,2026-06-20,R,2026,Sutter Health Park,Athletics,Los Angeles Angels,0.0,7.0,669372.0,700712.0,Dan Bellino,Mark Ripperger,"79 degrees, Clear.","7 mph, R To L.",7:06 PM.,"11,261.",9,0.0,0.0,0,2
823937,2026-06-20,R,2026,UNIQLO Field at Dodger Stadium,Los Angeles Dodgers,Baltimore Orioles,2.0,3.0,808967.0,669432.0,Charlie Ramos,Derek Thomas,"67 degrees, Clear.","7 mph, L To R.",7:10 PM.,"50,538.",9,0.0,0.0,0,3
823126,2026-06-20,R,2026,T-Mobile Park,Seattle Mariners,Boston Red Sox,1.0,5.0,676106.0,813349.0,Paul Clemons,Adrian Johnson,"70 degrees, Clear.","8 mph, Out To CF.",7:11 PM.,"45,663.",9,1.0,0.0,1,2
825068,2026-06-20,R,2026,Chase Field,Arizona Diamondbacks,Minnesota Twins,8.0,16.0,668678.0,671737.0,James Hoye,Willie Traynor,"75 degrees, Roof Closed.","0 mph, None.",7:11 PM.,"30,575.",9,0.0,2.0,2,16
823531,2026-06-21,R,2026,Yankee Stadium,New York Yankees,Cincinnati Reds,1.0,4.0,695684.0,695505.0,Nic Lentz,Brian O'Nora,"79 degrees, Partly Cloudy.","6 mph, In From LF.",1:38 PM.,"46,046.",9,0.0,0.0,1,3
824908,2026-06-21,R,2026,Truist Park,Atlanta Braves,Milwaukee Brewers,4.0,9.0,693821.0,688107.0,Scott Barry,Manny Gonzalez,"77 degrees, Partly Cloudy.","8 mph, R To L.",1:36 PM.,"39,344.",9,1.0,0.0,2,8
822968,2026-06-21,R,2026,Tropicana Field,Tampa Bay Rays,Washington Nationals,4.0,3.0,607259.0,674841.0,Ryan Wills,Lance Barksdale,"72 degrees, Dome.","0 mph, None.",1:40 PM.,"21,054.",9,0.0,0.0,1,2
824260,2026-06-21,R,2026,Comerica Park,Detroit Tigers,Chicago White Sox,5.0,4.0,672456.0,663436.0,Jordan Baker,Junior Valentine,"74 degrees, Cloudy.","4 mph, In From LF.",1:41 PM.,"40,021.",10,0.0,0.0,1,0
823852,2026-06-21,R,2026,loanDepot park,Miami Marlins,San Francisco Giants,2.0,1.0,687473.0,657277.0,Carlos Torres,Nate Tomlinson,"72 degrees, Roof Closed.","0 mph, None.",1:40 PM.,"18,749.",9,0.0,0.0,2,1
824177,2026-06-21,R,2026,Daikin Park,Houston Astros,Cleveland Guardians,2.0,1.0,678906.0,677944.0,Edwin Moscoso,Jen Pawol,"73 degrees, Roof Closed.","0 mph, None.",1:10 PM.,"36,807.",9,1.0,0.0,2,1
824095,2026-06-21,R,2026,Kauffman Stadium,Kansas City Royals,St. Louis Cardinals,10.0,12.0,663568.0,669160.0,Sean Barber,Dexter Kelley,"77 degrees, Partly Cloudy.","12 mph, L To R.",1:10 PM.,"28,309.",9,2.0,5.0,7,12
822883,2026-06-21,R,2026,Globe Life Field,Texas Rangers,San Diego Padres,4.0,3.0,543135.0,593974.0,Mike Muchlinski,Gabe Morales,"74 degrees, Roof Closed.","0 mph, None.",1:39 PM.,"36,311.",9,0.0,0.0,4,3
824343,2026-06-21,R,2026,Coors Field,Colorado Rockies,Pittsburgh Pirates,6.0,8.0,547179.0,683003.0,Todd Tichenor,Tyler Jones,"88 degrees, Partly Cloudy.","17 mph, In From LF.",1:11 PM.,"38,912.",9,0.0,0.0,1,3
825067,2026-06-21,R,2026,Chase Field,Arizona Diamondbacks,Minnesota Twins,2.0,4.0,703615.0,702474.0,Willie Traynor,John Libka,"74 degrees, Roof Closed.","0 mph, None.",12:15 PM.,"34,024.",9,0.0,0.0,2,0
824987,2026-06-21,R,2026,Sutter Health Park,Athletics,Los Angeles Angels,7.0,9.0,678022.0,672282.0,Mark Ripperger,Shane Livensparger,"83 degrees, Sunny.","4 mph, Out To RF.",1:06 PM.,"12,377.",9,4.0,0.0,5,4
823934,2026-06-21,R,2026,UNIQLO Field at Dodger Stadium,Los Angeles Dodgers,Baltimore Orioles,1.0,12.0,686218.0,687064.0,Derek Thomas,Chris Guccione,"74 degrees, Sunny.","6 mph, Out To CF.",1:11 PM.,"50,215.",9,1.0,2.0,1,6
823123,2026-06-21,R,2026,T-Mobile Park,Seattle Mariners,Boston Red Sox,3.0,1.0,669302.0,801139.0,Adrian Johnson,Quinn Wolcott,"70 degrees, Sunny.","5 mph, Out To RF.",1:11 PM.,"45,577.",9,0.0,0.0,2,1
823449,2026-06-21,R,2026,Citizens Bank Park,Philadelphia Phillies,New York Mets,6.0,2.0,554430.0,656849.0,Dillon Wilson,Bill Miller,"83 degrees, Partly Cloudy.","10 mph, Out To RF.",7:25 PM.,"41,552.",9,2.0,0.0,6,1
824261,2026-06-22,R,2026,Comerica Park,Detroit Tigers,New York Yankees,5.0,3.0,664285.0,543037.0,Jim Wolf,Alex MacKay,"75 degrees, Partly Cloudy.","13 mph, In From CF.",6:13 PM.,"24,284.",9,0.0,0.0,5,1
822964,2026-06-22,R,2026,Tropicana Field,Tampa Bay Rays,Kansas City Royals,1.0,2.0,656876.0,608379.0,Gabe Morales,Doug Eddings,"72 degrees, Dome.","0 mph, None.",6:40 PM.,"11,298.",9,0.0,0.0,1,2
823851,2026-06-22,R,2026,loanDepot park,Miami Marlins,Texas Rangers,3.0,4.0,663969.0,641302.0,Cory Blaser,Jansen Visconti,"72 degrees, Roof Closed.","0 mph, None.",6:40 PM.,"20,008.",9,0.0,0.0,1,2
822720,2026-06-22,R,2026,Nationals Park,Washington Nationals,Philadelphia Phillies,4.0,1.0,656492.0,641835.0,Jeremie Rehak,Dan Iassogna,"73 degrees, Cloudy.","2 mph, Out To RF.",8:17 PM.,"18,237.",9,1.0,0.0,2,0
822800,2026-06-22,R,2026,Rogers Centre,Toronto Blue Jays,Houston Astros,4.0,2.0,656302.0,686613.0,Bill Miller,Brian Walsh,"61 degrees, Partly Cloudy.","10 mph, R To L.",7:07 PM.,"42,273.",9,0.0,1.0,2,1
824502,2026-06-22,R,2026,Great American Ball Park,Cincinnati Reds,Milwaukee Brewers,1.0,2.0,663903.0,605540.0,Tyler Jones,Clint Vondrak,"70 degrees, Partly Cloudy.","11 mph, Out To RF.",7:10 PM.,"17,971.",10,0.0,0.0,0,0
823692,2026-06-22,R,2026,Target Field,Minnesota Twins,Los Angeles Dodgers,1.0,2.0,805673.0,694361.0,Lance Barksdale,Will Little,"77 degrees, Partly Cloudy.","4 mph, In From LF.",6:41 PM.,"35,244.",9,1.0,1.0,1,1
824585,2026-06-22,R,2026,Rate Field,Chicago White Sox,Cleveland Guardians,6.0,5.0,641743.0,668909.0,Nick Mahrley,Ryan Blakney,"68 degrees, Clear.","15 mph, Out To RF.",6:41 PM.,"23,151.",9,0.0,0.0,2,0
823040,2026-06-22,R,2026,Busch Stadium,St. Louis Cardinals,Arizona Diamondbacks,3.0,2.0,669467.0,518876.0,Nate Tomlinson,Jacob Metz,"71 degrees, Cloudy.","6 mph, In From LF.",6:45 PM.,"22,050.",9,0.0,0.0,3,0
824344,2026-06-22,R,2026,Coors Field,Colorado Rockies,Boston Red Sox,3.0,2.0,663372.0,687562.0,Chris Conroy,Ben May,"89 degrees, Partly Cloudy.","3 mph, Out To CF.",6:41 PM.,"26,910.",9,0.0,0.0,0,0
824016,2026-06-22,R,2026,Angel Stadium,Los Angeles Angels,Baltimore Orioles,1.0,6.0,691951.0,680694.0,John Libka,D.J. Reyburn,"74 degrees, Clear.","10 mph, Out To CF.",6:39 PM.,"28,431.",9,0.0,1.0,0,5
823288,2026-06-22,R,2026,Petco Park,San Diego Padres,Atlanta Braves,1.0,0.0,650633.0,656550.0,Shane Livensparger,Dan Merzel,"69 degrees, Clear.","8 mph, L To R.",7:11 PM.,"42,572.",9,0.0,0.0,1,0
822799,2026-06-23,R,2026,Rogers Centre,Toronto Blue Jays,Houston Astros,7.0,9.0,669456.0,663567.0,Brian Walsh,Chad Whitson,"76 degrees, Partly Cloudy.","14 mph, R To L.",4:07 PM.,"38,633.",11,0.0,1.0,2,4
823365,2026-06-23,R,2026,PNC Park,Pittsburgh Pirates,Seattle Mariners,2.0,3.0,656605.0,669923.0,Hunter Wendelstedt,Vic Carapazza,"73 degrees, Clear.","11 mph, Calm.",6:41 PM.,"16,015.",9,0.0,0.0,2,1
822963,2026-06-23,R,2026,Tropicana Field,Tampa Bay Rays,Kansas City Royals,5.0,12.0,663556.0,679883.0,Doug Eddings,Mike Muchlinski,"72 degrees, Dome.","0 mph, None.",6:40 PM.,"11,171.",9,1.0,2.0,1,6
823849,2026-06-23,R,2026,loanDepot park,Miami Marlins,Texas Rangers,6.0,4.0,645261.0,615698.0,Jansen Visconti,James Jean,"72 degrees, Roof Closed.","0 mph, None.",6:40 PM.,"9,971.",9,0.0,0.0,6,1
824262,2026-06-23,R,2026,Comerica Park,Detroit Tigers,New York Yankees,3.0,4.0,663554.0,607074.0,Alex MacKay,Alan Porter,"74 degrees, Partly Cloudy.","10 mph, L To R.",6:40 PM.,"27,157.",9,0.0,0.0,2,1
822718,2026-06-23,R,2026,Nationals Park,Washington Nationals,Philadelphia Phillies,9.0,14.0,676571.0,666200.0,Dan Iassogna,Adam Beck,"74 degrees, Partly Cloudy.","10 mph, L To R.",6:46 PM.,"29,611.",9,0.0,0.0,5,2
823614,2026-06-23,R,2026,Citi Field,New York Mets,Chicago Cubs,6.0,9.0,673540.0,665795.0,Junior Valentine,Austin Jones,"68 degrees, Cloudy.","4 mph, In From LF.",7:21 PM.,"35,668.",9,0.0,0.0,2,7
824501,2026-06-23,R,2026,Great American Ball Park,Cincinnati Reds,Milwaukee Brewers,0.0,2.0,666157.0,687075.0,Clint Vondrak,Adam Hamari,"77 degrees, Partly Cloudy.","6 mph, Out To RF.",7:11 PM.,"28,302.",9,0.0,0.0,0,0
823690,2026-06-23,R,2026,Target Field,Minnesota Twins,Los Angeles Dodgers,3.0,12.0,696070.0,680736.0,Will Little,Ryan Additon,"68 degrees, Overcast.","6 mph, In From CF.",7:08 PM.,"30,117.",9,0.0,1.0,2,5
824584,2026-06-23,R,2026,Rate Field,Chicago White Sox,Cleveland Guardians,2.0,1.0,680732.0,800048.0,Ryan Blakney,Tripp Gibson,"72 degrees, Clear.","6 mph, In From LF.",6:41 PM.,"28,883.",9,0.0,0.0,1,1
823043,2026-06-23,R,2026,Busch Stadium,St. Louis Cardinals,Arizona Diamondbacks,3.0,4.0,681517.0,593958.0,Jacob Metz,Bruce Dreckman,"79 degrees, Partly Cloudy.","6 mph, In From LF.",6:45 PM.,"23,560.",9,0.0,0.0,0,0
824340,2026-06-23,R,2026,Coors Field,Colorado Rockies,Boston Red Sox,2.0,5.0,807743.0,543243.0,Ben May,Brennan Miller,"81 degrees, Partly Cloudy.","9 mph, In From CF.",6:41 PM.,"29,961.",9,0.0,1.0,1,3
824017,2026-06-23,R,2026,Angel Stadium,Los Angeles Angels,Baltimore Orioles,5.0,1.0,696270.0,669358.0,D.J. Reyburn,James Hoye,"73 degrees, Partly Cloudy.","8 mph, Out To CF.",6:38 PM.,"31,569.",9,2.0,0.0,5,0
823286,2026-06-23,R,2026,Petco Park,San Diego Padres,Atlanta Braves,7.0,6.0,593974.0,702275.0,Dan Merzel,Dan Bellino,"70 degrees, Partly Cloudy.","7 mph, L To R.",6:41 PM.,"41,379.",10,0.0,0.0,5,6
823210,2026-06-23,R,2026,Oracle Park,San Francisco Giants,Athletics,3.0,1.0,592662.0,650644.0,Quinn Wolcott,Ramon De Jesus,"60 degrees, Clear.","9 mph, Out To CF.",6:46 PM.,"40,043.",9,0.0,0.0,2,1
823850,2026-06-24,R,2026,loanDepot park,Miami Marlins,Texas Rangers,4.0,2.0,691587.0,594798.0,James Jean,Alex Tosi,"72 degrees, Roof Closed.","0 mph, None.",12:11 PM.,"13,710.",9,0.0,0.0,2,1
823613,2026-06-24,R,2026,Citi Field,New York Mets,Chicago Cubs,3.0,10.0,690997.0,665871.0,Austin Jones,John Bacon,"81 degrees, Sunny.","9 mph, L To R.",1:10 PM.,"31,951.",9,0.0,0.0,3,3
823611,2026-06-24,R,2026,Citi Field,New York Mets,Chicago Cubs,5.0,10.0,640455.0,684007.0,Stu Scheurwater,Jordan Baker,"81 degrees, Clear.","6 mph, L To R.",7:10 PM.,"33,934.",9,0.0,0.0,4,4
824583,2026-06-24,R,2026,Rate Field,Chicago White Sox,Cleveland Guardians,3.0,4.0,669684.0,676440.0,Tripp Gibson,Marvin Hudson,"65 degrees, Overcast.","5 mph, In From CF.",3:50 PM.,"17,664.",10,0.0,0.0,0,0
824341,2026-06-24,R,2026,Coors Field,Colorado Rockies,Boston Red Sox,8.0,6.0,607536.0,624133.0,Brennan Miller,John Tumpane,"76 degrees, Sunny.","12 mph, In From CF.",1:11 PM.,"27,379.",9,0.0,1.0,3,6
824018,2026-06-24,R,2026,Angel Stadium,Los Angeles Angels,Baltimore Orioles,7.0,6.0,667755.0,694346.0,James Hoye,Sean Barber,"81 degrees, Sunny.","9 mph, Out To CF.",1:08 PM.,"27,585.",10,2.0,0.0,2,5
823367,2026-06-24,R,2026,PNC Park,Pittsburgh Pirates,Seattle Mariners,11.0,1.0,677952.0,693433.0,Vic Carapazza,Edwin Moscoso,"78 degrees, Clear.","7 mph, Out To LF.",6:42 PM.,"18,750.",9,0.0,1.0,5,1
822965,2026-06-24,R,2026,Tropicana Field,Tampa Bay Rays,Kansas City Royals,5.0,3.0,643377.0,702070.0,Mike Muchlinski,Emil Jimenez,"72 degrees, Dome.","0 mph, None.",6:40 PM.,"11,857.",9,0.0,0.0,5,2
824259,2026-06-24,R,2026,Comerica Park,Detroit Tigers,New York Yankees,2.0,4.0,669373.0,677960.0,Alan Porter,Roberto Ortiz,"74 degrees, Partly Cloudy.","6 mph, In From LF.",6:41 PM.,"23,567.",9,0.0,1.0,2,2
822719,2026-06-24,R,2026,Nationals Park,Washington Nationals,Philadelphia Phillies,4.0,5.0,687223.0,605400.0,Adam Beck,Louie Krupa,"83 degrees, Clear.","4 mph, In From LF.",6:46 PM.,"27,200.",9,1.0,0.0,2,3
822798,2026-06-24,R,2026,Rogers Centre,Toronto Blue Jays,Houston Astros,1.0,3.0,702056.0,681347.0,Chad Whitson,Dillon Wilson,"60 degrees, Cloudy.","6 mph, Out To RF.",7:08 PM.,"39,264.",9,1.0,1.0,1,1
824500,2026-06-24,R,2026,Great American Ball Park,Cincinnati Reds,Milwaukee Brewers,5.0,6.0,695076.0,675660.0,Adam Hamari,Todd Tichenor,"79 degrees, Partly Cloudy.","3 mph, Out To LF.",7:11 PM.,"22,981.",9,0.0,0.0,0,3
823691,2026-06-24,R,2026,Target Field,Minnesota Twins,Los Angeles Dodgers,3.0,4.0,657746.0,660271.0,Ryan Additon,Ryan Wills,"74 degrees, Partly Cloudy.","11 mph, Out To RF.",6:43 PM.,"39,853.",9,0.0,0.0,3,4
823041,2026-06-24,R,2026,Busch Stadium,St. Louis Cardinals,Arizona Diamondbacks,4.0,9.0,669461.0,683352.0,Bruce Dreckman,Carlos Torres,"80 degrees, Cloudy.","6 mph, Out To CF.",6:45 PM.,"22,376.",9,0.0,0.0,2,6
823284,2026-06-24,R,2026,Petco Park,San Diego Padres,Atlanta Braves,5.0,2.0,676664.0,527048.0,Dan Bellino,Mark Ripperger,"71 degrees, Partly Cloudy.","10 mph, L To R.",5:41 PM.,"40,183.",9,0.0,0.0,3,0
823208,2026-06-24,R,2026,Oracle Park,San Francisco Giants,Athletics,2.0,1.0,641816.0,695611.0,Ramon De Jesus,Paul Clemons,"59 degrees, Cloudy.","12 mph, Varies.",6:46 PM.,"37,526.",9,0.0,0.0,0,0
822961,2026-06-25,R,2026,Tropicana Field,Tampa Bay Rays,Kansas City Royals,13.0,2.0,668984.0,607625.0,Emil Jimenez,Gabe Morales,"72 degrees, Dome.","0 mph, None.",12:10 PM.,"14,276.",9,2.0,0.0,7,0
823366,2026-06-25,R,2026,PNC Park,Pittsburgh Pirates,Seattle Mariners,5.0,1.0,696149.0,682243.0,Edwin Moscoso,Nic Lentz,"75 degrees, Overcast.","11 mph, Out To LF.",12:37 PM.,"24,367.",9,1.0,0.0,3,1
823209,2026-06-25,R,2026,Oracle Park,San Francisco Giants,Athletics,6.0,9.0,694738.0,605488.0,Paul Clemons,Adrian Johnson,"64 degrees, Partly Cloudy.","12 mph, Varies.",12:45 PM.,"33,089.",9,0.0,0.0,1,2
824258,2026-06-25,R,2026,Comerica Park,Detroit Tigers,Houston Astros,1.0,2.0,675512.0,837227.0,Ryan Wills,Lance Barksdale,"77 degrees, Partly Cloudy.","9 mph, Out To LF.",6:41 PM.,"25,066.",9,0.0,0.0,0,0
822717,2026-06-25,R,2026,Nationals Park,Washington Nationals,Philadelphia Phillies,5.0,10.0,676917.0,650911.0,Louie Krupa,Jeremie Rehak,"86 degrees, Partly Cloudy.","6 mph, Out To CF.",6:47 PM.,"28,919.",9,4.0,0.0,5,0
822797,2026-06-25,R,2026,Rogers Centre,Toronto Blue Jays,Texas Rangers,5.0,6.0,592332.0,669022.0,Roberto Ortiz,Jim Wolf,"62 degrees, Cloudy.","11 mph, L To R.",7:08 PM.,"35,273.",9,0.0,1.0,3,6
823612,2026-06-25,R,2026,Citi Field,New York Mets,Chicago Cubs,3.0,4.0,642547.0,571510.0,Jordan Baker,Junior Valentine,"76 degrees, Partly Cloudy.","12 mph, Out To LF.",7:10 PM.,"36,035.",10,0.0,0.0,0,0
824747,2026-06-25,R,2026,Fenway Park,Boston Red Sox,New York Yankees,6.0,3.0,813349.0,693645.0,Todd Tichenor,Tyler Jones,"85 degrees, Partly Cloudy.","3 mph, Out To LF.",7:11 PM.,"36,307.",9,0.0,1.0,4,2
824255,2026-06-26,R,2026,Comerica Park,Detroit Tigers,Houston Astros,8.0,0.0,672456.0,681293.0,Lance Barksdale,Will Little,"73 degrees, Partly Cloudy.","5 mph, In From LF.",6:40 PM.,"30,036.",9,0.0,0.0,8,0
823363,2026-06-26,R,2026,PNC Park,Pittsburgh Pirates,Cincinnati Reds,4.0,6.0,694973.0,671096.0,Jeremie Rehak,Dan Iassogna,"73 degrees, Partly Cloudy.","6 mph, Out To LF.",6:42 PM.,"25,186.",9,1.0,0.0,2,4
824824,2026-06-26,R,2026,Oriole Park at Camden Yards,Baltimore Orioles,Washington Nationals,3.0,1.0,669432.0,674841.0,Alex Tosi,Cory Blaser,"83 degrees, Cloudy.","5 mph, In From LF.",7:06 PM.,"26,901.",9,0.0,0.0,2,1
822796,2026-06-26,R,2026,Rogers Centre,Toronto Blue Jays,Texas Rangers,4.0,5.0,571578.0,543135.0,Jim Wolf,Alex MacKay,"68 degrees, Partly Cloudy.","5 mph, Out To RF.",7:07 PM.,"41,689.",9,0.0,3.0,0,5
824423,2026-06-26,R,2026,Progressive Field,Cleveland Guardians,Seattle Mariners,1.0,3.0,676282.0,622491.0,Mark Wegner,Carlos Torres,"70 degrees, Partly Cloudy.","3 mph, In From CF.",7:11 PM.,"32,832.",9,1.0,0.0,1,1
822962,2026-06-26,R,2026,Tropicana Field,Tampa Bay Rays,Arizona Diamondbacks,6.0,1.0,607259.0,668678.0,Chad Fairchild,Bill Miller,"72 degrees, Dome.","0 mph, None.",7:11 PM.,"12,972.",9,3.0,1.0,3,1
823610,2026-06-26,R,2026,Citi Field,New York Mets,Philadelphia Phillies,1.0,2.0,804267.0,554430.0,Gabe Morales,Doug Eddings,"81 degrees, Partly Cloudy.","7 mph, Out To RF.",7:10 PM.,"39,077.",9,0.0,1.0,1,1
824743,2026-06-26,R,2026,Fenway Park,Boston Red Sox,New York Yankees,6.0,1.0,801139.0,701542.0,Tyler Jones,Clint Vondrak,"78 degrees, Partly Cloudy.","5 mph, Out To LF.",7:11 PM.,"33,353.",9,1.0,0.0,4,0
824582,2026-06-26,R,2026,Rate Field,Chicago White Sox,Kansas City Royals,22.0,1.0,689818.0,674444.0,Sean Barber,John Libka,"66 degrees, Cloudy.","8 mph, L To R.",6:40 PM.,"31,130.",9,0.0,0.0,13,1
823773,2026-06-26,R,2026,American Family Field,Milwaukee Brewers,Chicago Cubs,6.0,2.0,694819.0,607067.0,Nic Lentz,Hunter Wendelstedt,"71 degrees, Roof Closed.","6 mph, Calm.",6:45 PM.,"41,021.",9,0.0,0.0,0,1
823688,2026-06-26,R,2026,Target Field,Minnesota Twins,Colorado Rockies,9.0,8.0,671737.0,608372.0,Mark Ripperger,Shane Livensparger,"78 degrees, Partly Cloudy.","7 mph, R To L.",7:11 PM.,"27,317.",10,2.0,0.0,7,0
823039,2026-06-26,R,2026,Busch Stadium,St. Louis Cardinals,Miami Marlins,0.0,4.0,700241.0,676974.0,Junior Valentine,Austin Jones,"77 degrees, Overcast.","6 mph, Out To LF.",7:16 PM.,"27,584.",9,0.0,0.0,0,0
824014,2026-06-26,R,2026,Angel Stadium,Los Angeles Angels,Athletics,3.0,9.0,700712.0,669372.0,Dillon Wilson,Nick Mahrley,"72 degrees, Clear.","4 mph, R To L.",6:39 PM.,"29,089.",9,0.0,0.0,3,7
823285,2026-06-26,R,2026,Petco Park,San Diego Padres,Los Angeles Dodgers,7.0,1.0,621111.0,808963.0,Adrian Johnson,Quinn Wolcott,"70 degrees, Partly Cloudy.","9 mph, L To R.",6:45 PM.,"43,153.",9,0.0,0.0,3,1
823206,2026-06-26,R,2026,Oracle Park,San Francisco Giants,Atlanta Braves,1.0,3.0,686790.0,625643.0,John Tumpane,Chris Conroy,"62 degrees, Overcast.","15 mph, Out To CF.",7:15 PM.,"39,051.",9,1.0,0.0,1,3
824257,2026-06-27,R,2026,Comerica Park,Detroit Tigers,Houston Astros,6.0,8.0,664285.0,678906.0,Will Little,Ryan Additon,"77 degrees, Partly Cloudy.","7 mph, In From LF.",1:12 PM.,"27,232.",9,0.0,0.0,6,4
824745,2026-06-27,R,2026,Fenway Park,Boston Red Sox,New York Yankees,4.0,1.0,687562.0,543037.0,Clint Vondrak,Adam Hamari,"75 degrees, Sunny.","9 mph, In From RF.",1:10 PM.,"36,026.",9,1.0,0.0,4,1
822794,2026-06-27,R,2026,Rogers Centre,Toronto Blue Jays,Texas Rangers,4.0,7.0,656302.0,615698.0,Alex MacKay,Alan Porter,"73 degrees, Sunny.","7 mph, R To L.",3:07 PM.,"41,657.",9,0.0,1.0,2,6
823364,2026-06-27,R,2026,PNC Park,Pittsburgh Pirates,Cincinnati Reds,7.0,9.0,683003.0,695505.0,Dan Iassogna,Adam Beck,"73 degrees, Overcast.","5 mph, In From RF.",4:41 PM.,"30,077.",9,0.0,1.0,4,4
823609,2026-06-27,R,2026,Citi Field,New York Mets,Philadelphia Phillies,6.0,2.0,681035.0,641835.0,Doug Eddings,Mike Muchlinski,"73 degrees, Drizzle.","4 mph, In From LF.",5:20 PM.,"37,338.",9,0.0,0.0,0,2
824581,2026-06-27,R,2026,Rate Field,Chicago White Sox,Kansas City Royals,2.0,1.0,663436.0,608379.0,John Libka,D.J. Reyburn,"74 degrees, Sunny.","12 mph, L To R.",3:10 PM.,"28,569.",9,0.0,0.0,0,0
822960,2026-06-27,R,2026,Tropicana Field,Tampa Bay Rays,Arizona Diamondbacks,4.0,2.0,642121.0,703615.0,Bill Miller,Brian Walsh,"72 degrees, Dome.","0 mph, None.",6:10 PM.,"17,562.",9,1.0,1.0,3,1
824825,2026-06-27,R,2026,Oriole Park at Camden Yards,Baltimore Orioles,Washington Nationals,3.0,4.0,687064.0,656492.0,Cory Blaser,Jansen Visconti,"75 degrees, Overcast.","5 mph, In From RF.",7:05 PM.,"29,616.",10,0.0,0.0,1,2
824421,2026-06-27,R,2026,Progressive Field,Cleveland Guardians,Seattle Mariners,4.0,3.0,677944.0,669302.0,Carlos Torres,Nate Tomlinson,"75 degrees, Cloudy.","7 mph, In From RF.",7:10 PM.,"33,309.",9,0.0,0.0,4,0
823689,2026-06-27,R,2026,Target Field,Minnesota Twins,Colorado Rockies,5.0,8.0,702474.0,547179.0,Shane Livensparger,Dan Merzel,"83 degrees, Partly Cloudy.","12 mph, In From LF.",6:12 PM.,"25,115.",9,1.0,1.0,1,3
823770,2026-06-27,R,2026,American Family Field,Milwaukee Brewers,Chicago Cubs,2.0,8.0,690986.0,656849.0,Hunter Wendelstedt,Vic Carapazza,"72 degrees, Clear.","7 mph, L To R.",6:10 PM.,"40,193.",9,1.0,0.0,2,2
823038,2026-06-27,R,2026,Busch Stadium,St. Louis Cardinals,Miami Marlins,1.0,5.0,669467.0,687473.0,Austin Jones,Stu Scheurwater,"83 degrees, Cloudy.","7 mph, R To L.",6:15 PM.,"25,876.",9,0.0,1.0,0,4
823283,2026-06-27,R,2026,Petco Park,San Diego Padres,Los Angeles Dodgers,3.0,15.0,606996.0,808967.0,Quinn Wolcott,Ramon De Jesus,"69 degrees, Partly Cloudy.","9 mph, L To R.",5:42 PM.,"45,159.",9,0.0,0.0,1,1
823207,2026-06-27,R,2026,Oracle Park,San Francisco Giants,Atlanta Braves,5.0,0.0,657277.0,693821.0,Chris Conroy,Willie Traynor,"63 degrees, Clear.","19 mph, Out To CF.",6:05 PM.,"35,140.",9,0.0,0.0,5,0
824015,2026-06-27,R,2026,Angel Stadium,Los Angeles Angels,Athletics,5.0,2.0,672282.0,678022.0,Nick Mahrley,Ben May,"73 degrees, Clear.","10 mph, Varies.",6:38 PM.,"37,064.",9,0.0,0.0,2,1
824821,2026-06-28,R,2026,Oriole Park at Camden Yards,Baltimore Orioles,Washington Nationals,4.0,6.0,680694.0,641793.0,Jansen Visconti,James Jean,"76 degrees, Partly Cloudy.","5 mph, In From RF.",1:38 PM.,"27,626.",9,2.0,0.0,2,5
823362,2026-06-28,R,2026,PNC Park,Pittsburgh Pirates,Cincinnati Reds,9.0,4.0,656605.0,663903.0,Adam Beck,Louie Krupa,"77 degrees, Partly Cloudy.","3 mph, In From CF.",1:38 PM.,"24,023.",9,0.0,0.0,5,4
822795,2026-06-28,R,2026,Rogers Centre,Toronto Blue Jays,Texas Rangers,2.0,3.0,669456.0,677958.0,Alan Porter,Roberto Ortiz,"74 degrees, Sunny.","7 mph, L To R.",1:38 PM.,"40,898.",9,0.0,1.0,0,1
824256,2026-06-28,R,2026,Comerica Park,Detroit Tigers,Houston Astros,5.0,7.0,656427.0,686613.0,Ryan Additon,Ryan Wills,"82 degrees, Sunny.","8 mph, In From LF.",1:41 PM.,"33,655.",10,0.0,0.0,3,0
824422,2026-06-28,R,2026,Progressive Field,Cleveland Guardians,Seattle Mariners,6.0,5.0,668909.0,676106.0,Nate Tomlinson,Bruce Dreckman,"79 degrees, Partly Cloudy.","6 mph, Varies.",1:41 PM.,"27,934.",9,0.0,0.0,1,3
822959,2026-06-28,R,2026,Tropicana Field,Tampa Bay Rays,Arizona Diamondbacks,5.0,1.0,656876.0,518876.0,Brian Walsh,Chad Whitson,"72 degrees, Dome.","0 mph, None.",1:40 PM.,"17,195.",9,1.0,0.0,4,0
823608,2026-06-28,R,2026,Citi Field,New York Mets,Philadelphia Phillies,4.0,5.0,672335.0,666200.0,Mike Muchlinski,Emil Jimenez,"82 degrees, Partly Cloudy.","4 mph, In From RF.",1:41 PM.,"38,770.",9,0.0,0.0,1,3
823686,2026-06-28,R,2026,Target Field,Minnesota Twins,Colorado Rockies,3.0,2.0,687570.0,663372.0,Dan Merzel,Dan Bellino,"74 degrees, Overcast.","17 mph, In From RF.",1:12 PM.,"20,277.",9,0.0,1.0,2,1
824580,2026-06-28,R,2026,Rate Field,Chicago White Sox,Kansas City Royals,4.0,5.0,641743.0,679883.0,D.J. Reyburn,James Hoye,"79 degrees, Partly Cloudy.","7 mph, In From LF.",1:12 PM.,"27,301.",9,2.0,1.0,4,5
823769,2026-06-28,R,2026,American Family Field,Milwaukee Brewers,Chicago Cubs,3.0,4.0,605540.0,669020.0,Vic Carapazza,Edwin Moscoso,"76 degrees, Overcast.","10 mph, In From LF.",1:11 PM.,"42,056.",10,0.0,0.0,1,0
823037,2026-06-28,R,2026,Busch Stadium,St. Louis Cardinals,Miami Marlins,2.0,1.0,681517.0,663969.0,Stu Scheurwater,Jordan Baker,"92 degrees, Sunny.","7 mph, Out To LF.",1:16 PM.,"37,779.",9,0.0,0.0,2,1
824011,2026-06-28,R,2026,Angel Stadium,Los Angeles Angels,Athletics,4.0,1.0,691951.0,650644.0,Ben May,Tripp Gibson,"72 degrees, Partly Cloudy.","10 mph, Out To CF.",12:18 PM.,"32,557.",9,0.0,0.0,4,1
823204,2026-06-28,R,2026,Oracle Park,San Francisco Giants,Atlanta Braves,3.0,2.0,592662.0,519242.0,Willie Traynor,Brennan Miller,"69 degrees, Sunny.","10 mph, Varies.",1:05 PM.,"33,138.",9,0.0,0.0,0,0
823281,2026-06-28,R,2026,Petco Park,San Diego Padres,Los Angeles Dodgers,2.0,4.0,650633.0,686218.0,Ramon De Jesus,Paul Clemons,"70 degrees, Partly Cloudy.","10 mph, L To R.",1:11 PM.,"41,189.",9,0.0,0.0,1,4
824744,2026-06-28,R,2026,Fenway Park,Boston Red Sox,New York Yankees,5.0,4.0,543243.0,607074.0,Adam Hamari,Todd Tichenor,"72 degrees, Clear.","5 mph, In From RF.",7:21 PM.,"34,573.",10,0.0,0.0,2,0
824822,2026-06-29,R,2026,Oriole Park at Camden Yards,Baltimore Orioles,Chicago White Sox,2.0,8.0,669358.0,680732.0,Bruce Dreckman,Mark Wegner,"86 degrees, Clear.","6 mph, R To L.",6:38 PM.,"17,146.",9,1.0,0.0,2,2
823444,2026-06-29,R,2026,Citizens Bank Park,Philadelphia Phillies,Pittsburgh Pirates,7.0,11.0,605400.0,677952.0,Andy Fletcher,Alex Tosi,"84 degrees, Cloudy.","4 mph, Out To CF.",6:41 PM.,"39,791.",9,2.0,0.0,5,8
823529,2026-06-29,R,2026,Yankee Stadium,New York Yankees,Detroit Tigers,3.0,7.0,677960.0,663554.0,Alfonso Márquez,Mike Estabrook,"83 degrees, Clear.","12 mph, R To L.",7:09 PM.,"40,506.",9,0.0,1.0,0,7
822792,2026-06-29,R,2026,Rogers Centre,Toronto Blue Jays,New York Mets,2.0,1.0,702056.0,640455.0,James Hoye,Sean Barber,"73 degrees, Clear.","11 mph, R To L.",7:07 PM.,"41,634.",9,1.0,0.0,2,0
824741,2026-06-29,R,2026,Fenway Park,Boston Red Sox,Washington Nationals,6.0,3.0,624133.0,571945.0,Edwin Moscoso,Nic Lentz,"79 degrees, Clear.","5 mph, R To L.",7:13 PM.,"32,000.",9,4.0,1.0,6,1
824420,2026-06-29,R,2026,Progressive Field,Cleveland Guardians,Texas Rangers,3.0,6.0,800048.0,641302.0,Erich Bacchus,Brian O'Nora,"88 degrees, Partly Cloudy.","3 mph, In From RF.",7:10 PM.,"20,379.",9,0.0,0.0,2,1
823771,2026-06-29,R,2026,American Family Field,Milwaukee Brewers,Cincinnati Reds,5.0,3.0,688107.0,666157.0,Dan Bellino,Mark Ripperger,"91 degrees, Clear.","14 mph, In From RF.",6:40 PM.,"28,059.",9,0.0,1.0,0,3
824662,2026-06-29,R,2026,Wrigley Field,Chicago Cubs,San Diego Padres,3.0,2.0,684007.0,656288.0,Ryan Wills,Jeremie Rehak,"91 degrees, Partly Cloudy.","15 mph, Out To CF.",7:05 PM.,"37,607.",9,0.0,0.0,2,2
824176,2026-06-29,R,2026,Daikin Park,Houston Astros,Minnesota Twins,4.0,5.0,663567.0,805673.0,Brennan Miller,John Tumpane,"73 degrees, Roof Closed.","0 mph, None.",7:10 PM.,"22,969.",9,0.0,0.0,1,2
824339,2026-06-29,R,2026,Coors Field,Colorado Rockies,Miami Marlins,7.0,10.0,807743.0,645261.0,Paul Clemons,Quinn Wolcott,"88 degrees, Partly Cloudy.","6 mph, R To L.",6:41 PM.,"22,910.",9,0.0,0.0,5,6
824986,2026-06-29,R,2026,Sutter Health Park,Athletics,Los Angeles Dodgers,4.0,9.0,695611.0,641778.0,Manny Gonzalez,Steven Jaschinski,"87 degrees, Partly Cloudy.","5 mph, Out To RF.",6:40 PM.,"12,394.",9,0.0,0.0,3,5
823121,2026-06-29,R,2026,T-Mobile Park,Seattle Mariners,Los Angeles Angels,6.0,2.0,669923.0,696270.0,Chris Guccione,Nestor Ceja,"64 degrees, Cloudy.","6 mph, Out To CF.",6:42 PM.,"37,100.",9,0.0,1.0,3,2
825065,2026-06-29,R,2026,Chase Field,Arizona Diamondbacks,San Francisco Giants,5.0,4.0,593958.0,641816.0,Tripp Gibson,Ryan Blakney,"76 degrees, Roof Closed.","0 mph, None.",6:40 PM.,"18,838.",9,1.0,0.0,4,1
824819,2026-06-30,R,2026,Oriole Park at Camden Yards,Baltimore Orioles,Chicago White Sox,3.0,9.0,694346.0,607200.0,Mark Wegner,Carlos Torres,"86 degrees, Partly Cloudy.","13 mph, Out To LF.",6:36 PM.,"17,581.",9,1.0,1.0,3,9
824418,2026-06-30,R,2026,Progressive Field,Cleveland Guardians,Texas Rangers,2.0,4.0,676440.0,594798.0,Brian O'Nora,Chris Segal,"90 degrees, Partly Cloudy.","10 mph, Out To RF.",6:41 PM.,"21,674.",9,2.0,0.0,2,2
823445,2026-06-30,R,2026,Citizens Bank Park,Philadelphia Phillies,Pittsburgh Pirates,8.0,0.0,650911.0,696149.0,Alex Tosi,Cory Blaser,"91 degrees, Partly Cloudy.","15 mph, Out To CF.",6:42 PM.,"41,710.",9,0.0,0.0,2,0
823528,2026-06-30,R,2026,Yankee Stadium,New York Yankees,Detroit Tigers,3.0,9.0,693645.0,669373.0,Mike Estabrook,Lance Barrett,"86 degrees, Partly Cloudy.","9 mph, R To L.",7:11 PM.,"37,211.",9,1.0,4.0,1,6
822793,2026-06-30,R,2026,Rogers Centre,Toronto Blue Jays,New York Mets,0.0,3.0,592332.0,690997.0,Sean Barber,John Libka,"77 degrees, Clear.","15 mph, Out To CF.",7:08 PM.,"41,538.",9,0.0,0.0,0,1
824742,2026-06-30,R,2026,Fenway Park,Boston Red Sox,Washington Nationals,1.0,8.0,813349.0,676917.0,Nic Lentz,Hunter Wendelstedt,"78 degrees, Overcast.","6 mph, Out To LF.",7:12 PM.,"33,669.",9,1.0,0.0,1,1
824907,2026-06-30,R,2026,Truist Park,Atlanta Braves,St. Louis Cardinals,3.0,5.0,527048.0,669461.0,Roberto Ortiz,Jim Wolf,"92 degrees, Partly Cloudy.","5 mph, L To R.",7:16 PM.,"32,932.",9,0.0,0.0,1,4
824096,2026-06-30,R,2026,Kauffman Stadium,Kansas City Royals,Tampa Bay Rays,4.0,10.0,702070.0,643377.0,Jordan Baker,Junior Valentine,"93 degrees, Clear.","12 mph, R To L.",6:41 PM.,"15,014.",9,1.0,0.0,3,8
823768,2026-06-30,R,2026,American Family Field,Milwaukee Brewers,Cincinnati Reds,7.0,2.0,687075.0,695076.0,Mark Ripperger,Brock Ballou,"92 degrees, Partly Cloudy.","14 mph, R To L.",6:39 PM.,"28,081.",9,0.0,1.0,6,1
824661,2026-06-30,R,2026,Wrigley Field,Chicago Cubs,San Diego Padres,9.0,7.0,571510.0,676664.0,Jeremie Rehak,Dan Iassogna,"92 degrees, Clear.","19 mph, Out To CF.",7:05 PM.,"36,279.",9,1.0,1.0,8,3
824175,2026-06-30,R,2026,Daikin Park,Houston Astros,Minnesota Twins,6.0,4.0,681347.0,657746.0,John Tumpane,Chris Conroy,"73 degrees, Roof Closed.","0 mph, None.",7:10 PM.,"26,848.",9,0.0,3.0,6,4
824338,2026-06-30,R,2026,Coors Field,Colorado Rockies,Miami Marlins,3.0,14.0,685299.0,691587.0,Quinn Wolcott,Dexter Kelley,"83 degrees, Cloudy.","6 mph, In From CF.",6:43 PM.,"20,526.",9,1.0,1.0,1,5
824984,2026-06-30,R,2026,Sutter Health Park,Athletics,Los Angeles Dodgers,3.0,9.0,605488.0,680736.0,Steven Jaschinski,Tom Hanahan,"83 degrees, Clear.","10 mph, Out To CF.",6:40 PM.,"12,387.",9,1.0,2.0,1,5
823122,2026-06-30,R,2026,T-Mobile Park,Seattle Mariners,Los Angeles Angels,8.0,3.0,693433.0,667755.0,Nestor Ceja,Charlie Ramos,"63 degrees, Cloudy.","8 mph, Out To LF.",6:41 PM.,"32,372.",9,0.0,0.0,0,0
825066,2026-06-30,R,2026,Chase Field,Arizona Diamondbacks,San Francisco Giants,8.0,2.0,694297.0,694738.0,Ryan Blakney,Nick Mahrley,"74 degrees, Roof Closed.","0 mph, None.",6:40 PM.,"20,420.",9,3.0,0.0,6,0
824818,2026-07-01,R,2026,Oriole Park at Camden Yards,Baltimore Orioles,Chicago White Sox,6.0,1.0,665152.0,702273.0,Carlos Torres,Nate Tomlinson,"91 degrees, Partly Cloudy.","5 mph, Out To LF.",12:36 PM.,"19,045.",9,0.0,1.0,4,1
824419,2026-07-01,R,2026,Progressive Field,Cleveland Guardians,Texas Rangers,9.0,4.0,676282.0,669022.0,Chris Segal,Laz Diaz,"90 degrees, Sunny.","8 mph, In From LF.",1:11 PM.,"20,141.",9,0.0,0.0,5,1
824740,2026-07-01,R,2026,Fenway Park,Boston Red Sox,Washington Nationals,2.0,10.0,801139.0,695418.0,Hunter Wendelstedt,Vic Carapazza,"95 degrees, Partly Cloudy.","2 mph, Out To RF.",1:36 PM.,"32,574.",9,0.0,2.0,0,7
823530,2026-07-01,R,2026,Yankee Stadium,New York Yankees,Detroit Tigers,2.0,6.0,701542.0,675512.0,Lance Barrett,Malachi Moore,"95 degrees, Sunny.","2 mph, Out To LF.",1:38 PM.,"37,117.",11,0.0,0.0,0,1
824660,2026-07-01,R,2026,Wrigley Field,Chicago Cubs,San Diego Padres,23.0,3.0,607067.0,621111.0,Dan Iassogna,Adam Beck,"92 degrees, Sunny.","12 mph, Out To CF.",1:20 PM.,"37,311.",9,3.0,0.0,13,2
822791,2026-07-01,R,2026,Rogers Centre,Toronto Blue Jays,New York Mets,9.0,3.0,680755.0,642547.0,John Libka,D.J. Reyburn,"86 degrees, Partly Cloudy.","10 mph, Out To RF.",3:28 PM.,"41,842.",9,1.0,0.0,5,0
823446,2026-07-01,R,2026,Citizens Bank Park,Philadelphia Phillies,Pittsburgh Pirates,10.0,6.0,554430.0,694973.0,Cory Blaser,Jansen Visconti,"96 degrees, Partly Cloudy.","10 mph, Out To CF.",6:41 PM.,"41,766.",9,0.0,0.0,8,4
824905,2026-07-01,R,2026,Truist Park,Atlanta Braves,St. Louis Cardinals,5.0,1.0,625643.0,700241.0,Jim Wolf,Alan Porter,"89 degrees, Cloudy.","5 mph, In From LF.",7:15 PM.,"27,361.",9,1.0,1.0,2,1
824094,2026-07-01,R,2026,Kauffman Stadium,Kansas City Royals,Tampa Bay Rays,0.0,4.0,607625.0,663556.0,Junior Valentine,Austin Jones,"92 degrees, Partly Cloudy.","9 mph, R To L.",6:40 PM.,"13,798.",9,0.0,2.0,0,2
824174,2026-07-01,R,2026,Daikin Park,Houston Astros,Minnesota Twins,3.0,8.0,837227.0,671737.0,Chris Conroy,Willie Traynor,"73 degrees, Roof Closed.","0 mph, None.",7:10 PM.,"29,179.",9,1.0,2.0,1,7
823767,2026-07-01,R,2026,American Family Field,Milwaukee Brewers,Cincinnati Reds,4.0,2.0,675660.0,671096.0,Brock Ballou,Dan Merzel,"91 degrees, Partly Cloudy.","14 mph, R To L.",7:10 PM.,"30,068.",9,2.0,0.0,2,2
824337,2026-07-01,R,2026,Coors Field,Colorado Rockies,Miami Marlins,6.0,3.0,607536.0,676974.0,Dexter Kelley,Ramon De Jesus,"86 degrees, Partly Cloudy.","13 mph, In From RF.",6:40 PM.,"18,798.",9,1.0,0.0,5,2
824985,2026-07-01,R,2026,Sutter Health Park,Athletics,Los Angeles Dodgers,7.0,1.0,669372.0,676263.0,Tom Hanahan,Ron Kulpa,"83 degrees, Partly Cloudy.","8 mph, Out To CF.",6:41 PM.,"12,592.",9,0.0,0.0,6,1
825064,2026-07-01,R,2026,Chase Field,Arizona Diamondbacks,San Francisco Giants,4.0,6.0,668678.0,686790.0,Nick Mahrley,Ben May,"74 degrees, Roof Closed.","0 mph, None.",6:41 PM.,"17,142.",9,0.0,0.0,0,3
823442,2026-07-02,R,2026,Citizens Bank Park,Philadelphia Phillies,Pittsburgh Pirates,1.0,6.0,660604.0,683003.0,Jansen Visconti,Andy Fletcher,"98 degrees, Partly Cloudy.","8 mph, Out To RF.",12:35 PM.,"37,851.",9,0.0,0.0,1,1
823765,2026-07-02,R,2026,American Family Field,Milwaukee Brewers,Cincinnati Reds,2.0,7.0,694819.0,695505.0,Dan Merzel,Dan Bellino,"88 degrees, Sunny.","9 mph, In From RF.",1:10 PM.,"41,390.",9,0.0,1.0,1,5
824335,2026-07-02,R,2026,Coors Field,Colorado Rockies,Miami Marlins,14.0,4.0,547179.0,687473.0,Ramon De Jesus,Paul Clemons,"86 degrees, Partly Cloudy.","4 mph, Out To LF.",1:11 PM.,"19,595.",9,1.0,2.0,5,4
824416,2026-07-02,R,2026,Progressive Field,Cleveland Guardians,Chicago White Sox,6.0,5.0,677944.0,663436.0,Vic Carapazza,Edwin Moscoso,"91 degrees, Clear.","8 mph, L To R.",6:40 PM.,"22,556.",9,0.0,0.0,2,3
824906,2026-07-02,R,2026,Truist Park,Atlanta Braves,St. Louis Cardinals,5.0,11.0,694462.0,669160.0,Alan Porter,Alex MacKay,"93 degrees, Partly Cloudy.","6 mph, L To R.",7:16 PM.,"34,524.",9,5.0,3.0,5,3
824093,2026-07-02,R,2026,Kauffman Stadium,Kansas City Royals,Tampa Bay Rays,2.0,5.0,663568.0,693855.0,Austin Jones,Scott Barry,"92 degrees, Partly Cloudy.","10 mph, R To L.",6:40 PM.,"16,814.",9,1.0,0.0,1,5
822884,2026-07-02,R,2026,Globe Life Field,Texas Rangers,Detroit Tigers,10.0,4.0,543135.0,664285.0,Willie Traynor,Brennan Miller,"74 degrees, Roof Closed.","0 mph, None.",7:10 PM.,"33,450.",9,0.0,0.0,5,3
823119,2026-07-02,R,2026,T-Mobile Park,Seattle Mariners,Los Angeles Angels,1.0,0.0,682243.0,700712.0,Charlie Ramos,David Rackley,"64 degrees, Cloudy.","8 mph, Out To LF.",6:41 PM.,"36,019.",9,0.0,0.0,0,0
823935,2026-07-02,R,2026,UNIQLO Field at Dodger Stadium,Los Angeles Dodgers,San Diego Padres,12.0,7.0,808963.0,681190.0,Ben May,Tripp Gibson,"71 degrees, Clear.","8 mph, Out To RF.",7:10 PM.,"54,081.",9,0.0,2.0,10,6
824659,2026-07-03,R,2026,Wrigley Field,Chicago Cubs,St. Louis Cardinals,1.0,17.0,656849.0,669467.0,Dan Bellino,Mark Ripperger,"77 degrees, Cloudy.","7 mph, Out To LF.",3:15 PM.,"39,440.",9,0.0,0.0,0,14
822714,2026-07-03,R,2026,Nationals Park,Washington Nationals,Pittsburgh Pirates,9.0,5.0,656492.0,656605.0,Nate Tomlinson,Bruce Dreckman,"100 degrees, Clear.","5 mph, In From LF.",6:46 PM.,"30,331.",9,1.0,0.0,5,1
823527,2026-07-03,R,2026,Yankee Stadium,New York Yankees,Minnesota Twins,5.0,2.0,543037.0,702474.0,D.J. Reyburn,James Hoye,"92 degrees, Partly Cloudy.","11 mph, Out To CF.",7:07 PM.,"45,104.",9,1.0,1.0,3,2
824498,2026-07-03,R,2026,Great American Ball Park,Cincinnati Reds,Baltimore Orioles,0.0,3.0,663903.0,669432.0,Laz Diaz,Erich Bacchus,"93 degrees, Clear.","2 mph, Out To LF.",7:11 PM.,"22,157.",9,0.0,1.0,0,3
824417,2026-07-03,R,2026,Progressive Field,Cleveland Guardians,Chicago White Sox,4.0,3.0,668909.0,641743.0,Edwin Moscoso,Nic Lentz,"89 degrees, Partly Cloudy.","7 mph, L To R.",7:10 PM.,"33,646.",10,0.0,0.0,1,3
824904,2026-07-03,R,2026,Truist Park,Atlanta Braves,New York Mets,5.0,3.0,656550.0,681035.0,Malachi Moore,Alfonso Márquez,"79 degrees, Overcast.","3 mph, L To R.",7:16 PM.,"39,138.",9,0.0,0.0,4,2
824336,2026-07-03,R,2026,Coors Field,Colorado Rockies,San Francisco Giants,15.0,3.0,663372.0,657277.0,Ron Kulpa,Scott Barry,"88 degrees, Cloudy.","5 mph, R To L.",6:12 PM.,"47,655.",9,3.0,0.0,14,2
824173,2026-07-03,R,2026,Daikin Park,Houston Astros,Tampa Bay Rays,1.0,3.0,681293.0,607259.0,Andy Fletcher,Alex Tosi,"73 degrees, Roof Closed.","0 mph, None.",7:15 PM.,"36,039.",9,0.0,0.0,0,0
824013,2026-07-03,R,2026,Angel Stadium,Los Angeles Angels,Boston Red Sox,2.0,5.0,672282.0,687562.0,Adam Beck,Steven Jaschinski,"77 degrees, Partly Cloudy.","8 mph, Out To CF.",6:38 PM.,"43,747.",9,0.0,0.0,0,5
824982,2026-07-03,R,2026,Sutter Health Park,Athletics,Miami Marlins,5.0,12.0,678022.0,663969.0,Rob Drake,Jordan Baker,"89 degrees, Clear.","10 mph, Out To LF.",6:40 PM.,"10,312.",9,0.0,6.0,5,7
825062,2026-07-03,R,2026,Chase Field,Arizona Diamondbacks,Milwaukee Brewers,4.0,7.0,703615.0,690986.0,David Rackley,Chris Guccione,"75 degrees, Roof Closed.","0 mph, None.",6:45 PM.,"31,280.",11,0.0,0.0,3,3
823933,2026-07-03,R,2026,UNIQLO Field at Dodger Stadium,Los Angeles Dodgers,San Diego Padres,4.0,3.0,660271.0,650633.0,Tripp Gibson,Ryan Blakney,"73 degrees, Partly Cloudy.","4 mph, Out To CF.",7:10 PM.,"49,578.",9,0.0,1.0,0,2
823120,2026-07-03,R,2026,T-Mobile Park,Seattle Mariners,Toronto Blue Jays,0.0,2.0,622491.0,656302.0,Paul Clemons,Quinn Wolcott,"70 degrees, Partly Cloudy.","7 mph, L To R.",7:10 PM.,"45,391.",9,0.0,0.0,0,2
822716,2026-07-04,R,2026,Nationals Park,Washington Nationals,Pittsburgh Pirates,1.0,7.0,687223.0,677952.0,Bruce Dreckman,Mark Wegner,"93 degrees, Sunny.","5 mph, In From LF.",11:06 AM.,"28,125.",9,1.0,1.0,1,5
823526,2026-07-04,R,2026,Yankee Stadium,New York Yankees,Minnesota Twins,4.0,11.0,694341.0,805673.0,James Hoye,Sean Barber,"95 degrees, Sunny.","10 mph, Out To RF.",1:39 PM.,"40,156.",9,0.0,3.0,4,6
822882,2026-07-04,R,2026,Globe Life Field,Texas Rangers,Detroit Tigers,0.0,3.0,615698.0,656427.0,Brennan Miller,John Tumpane,"74 degrees, Roof Closed.","0 mph, None.",3:08 PM.,"37,576.",9,0.0,2.0,0,3
823118,2026-07-04,R,2026,T-Mobile Park,Seattle Mariners,Toronto Blue Jays,11.0,0.0,669302.0,669456.0,Quinn Wolcott,Dexter Kelley,"66 degrees, Partly Cloudy.","7 mph, Out To LF.",1:11 PM.,"41,181.",9,0.0,0.0,7,0
824499,2026-07-04,R,2026,Great American Ball Park,Cincinnati Reds,Baltimore Orioles,5.0,8.0,668881.0,687064.0,Erich Bacchus,Brian O'Nora,"89 degrees, Partly Cloudy.","5 mph, R To L.",7:12 PM.,"33,047.",9,1.0,3.0,4,8
824171,2026-07-04,R,2026,Daikin Park,Houston Astros,Tampa Bay Rays,10.0,8.0,686613.0,656876.0,Alex Tosi,Cory Blaser,"73 degrees, Roof Closed.","0 mph, None.",6:11 PM.,"37,457.",9,2.0,1.0,5,7
824415,2026-07-04,R,2026,Progressive Field,Cleveland Guardians,Chicago White Sox,1.0,3.0,800048.0,680732.0,Nic Lentz,Hunter Wendelstedt,"82 degrees, Clear.","5 mph, In From CF.",7:10 PM.,"31,727.",9,0.0,1.0,1,1
824658,2026-07-04,R,2026,Wrigley Field,Chicago Cubs,St. Louis Cardinals,0.0,3.0,684007.0,681517.0,Mark Ripperger,Brock Ballou,"70 degrees, Cloudy.","6 mph, In From CF.",8:07 PM.,"38,872.",9,0.0,1.0,0,2
824903,2026-07-04,R,2026,Truist Park,Atlanta Braves,New York Mets,14.0,3.0,519242.0,640455.0,Alfonso Márquez,Mike Estabrook,"86 degrees, Partly Cloudy.","3 mph, L To R.",8:10 PM.,"40,168.",9,0.0,0.0,6,1
824334,2026-07-04,R,2026,Coors Field,Colorado Rockies,San Francisco Giants,4.0,6.0,807743.0,592662.0,Scott Barry,Manny Gonzalez,"83 degrees, Partly Cloudy.","4 mph, Out To LF.",6:56 PM.,"48,635.",9,3.0,4.0,3,6
824092,2026-07-04,R,2026,Kauffman Stadium,Kansas City Royals,Philadelphia Phillies,1.0,6.0,608379.0,666200.0,Alex MacKay,Roberto Ortiz,"82 degrees, Partly Cloudy.","4 mph, L To R.",7:10 PM.,"30,459.",9,0.0,0.0,1,3
824012,2026-07-04,R,2026,Angel Stadium,Los Angeles Angels,Boston Red Sox,1.0,8.0,691951.0,543243.0,Steven Jaschinski,Jeremie Rehak,"78 degrees, Partly Cloudy.","8 mph, Out To CF.",6:39 PM.,"43,599.",9,0.0,3.0,1,7
824983,2026-07-04,R,2026,Sutter Health Park,Athletics,Miami Marlins,2.0,7.0,650644.0,645261.0,Jordan Baker,Junior Valentine,"89 degrees, Clear.","8 mph, Out To RF.",6:41 PM.,"12,532.",9,0.0,0.0,0,4
825063,2026-07-04,R,2026,Chase Field,Arizona Diamondbacks,Milwaukee Brewers,4.0,3.0,518876.0,605540.0,Chris Guccione,Nestor Ceja,"73 degrees, Roof Closed.","0 mph, None.",6:42 PM.,"33,154.",9,3.0,0.0,3,2
823932,2026-07-04,R,2026,UNIQLO Field at Dodger Stadium,Los Angeles Dodgers,San Diego Padres,3.0,0.0,808967.0,593974.0,Ryan Blakney,Nick Mahrley,"77 degrees, Partly Cloudy.","2 mph, L To R.",7:10 PM.,"52,284.",9,0.0,0.0,1,0
824902,2026-07-05,R,2026,Truist Park,Atlanta Braves,New York Mets,9.0,10.0,527048.0,690997.0,Mike Estabrook,Lance Barrett,"89 degrees, Partly Cloudy.","5 mph, Out To LF.",2:17 PM.,"28,621.",9,3.0,1.0,3,5
822715,2026-07-05,R,2026,Nationals Park,Washington Nationals,Pittsburgh Pirates,5.0,11.0,676917.0,696149.0,Mark Wegner,Carlos Torres,"92 degrees, Partly Cloudy.","2 mph, Out To LF.",1:05 PM.,"19,587.",9,0.0,0.0,4,4
824497,2026-07-05,R,2026,Great American Ball Park,Cincinnati Reds,Baltimore Orioles,3.0,2.0,666157.0,680694.0,Brian O'Nora,Chris Segal,"83 degrees, Partly Cloudy.","5 mph, Out To LF.",1:05 PM.,"17,601.",9,0.0,0.0,2,0
823525,2026-07-05,R,2026,Yankee Stadium,New York Yankees,Minnesota Twins,1.0,6.0,677960.0,657746.0,Sean Barber,John Libka,"77 degrees, Overcast.","6 mph, In From LF.",1:37 PM.,"39,155.",9,0.0,1.0,0,4
824413,2026-07-05,R,2026,Progressive Field,Cleveland Guardians,Chicago White Sox,6.0,7.0,676440.0,669684.0,Hunter Wendelstedt,Vic Carapazza,"80 degrees, Partly Cloudy.","8 mph, R To L.",3:32 PM.,"22,616.",9,3.0,2.0,6,6
824656,2026-07-05,R,2026,Wrigley Field,Chicago Cubs,St. Louis Cardinals,6.0,4.0,665871.0,669461.0,Brock Ballou,Dan Merzel,"70 degrees, Partly Cloudy.","8 mph, L To R.",1:35 PM.,"38,322.",9,2.0,0.0,2,0
824091,2026-07-05,R,2026,Kauffman Stadium,Kansas City Royals,Philadelphia Phillies,5.0,2.0,679883.0,605400.0,Roberto Ortiz,Alan Porter,"87 degrees, Partly Cloudy.","7 mph, R To L.",2:05 PM.,"14,891.",9,2.0,0.0,3,1
824172,2026-07-05,R,2026,Daikin Park,Houston Astros,Tampa Bay Rays,2.0,0.0,663567.0,669438.0,Cory Blaser,Jansen Visconti,"73 degrees, Roof Closed.","0 mph, None.",2:35 PM.,"29,003.",9,0.0,0.0,1,0
822879,2026-07-05,R,2026,Globe Life Field,Texas Rangers,Detroit Tigers,3.0,6.0,677958.0,663554.0,John Tumpane,Chris Conroy,"74 degrees, Roof Closed.","0 mph, None.",2:35 PM.,"27,887.",9,0.0,0.0,2,6
824333,2026-07-05,R,2026,Coors Field,Colorado Rockies,San Francisco Giants,7.0,6.0,685299.0,641816.0,Tom Hanahan,Derek Thomas,"94 degrees, Sunny.","3 mph, R To L.",2:07 PM.,"25,548.",9,2.0,0.0,4,5
825061,2026-07-05,R,2026,Chase Field,Arizona Diamondbacks,Milwaukee Brewers,2.0,3.0,593958.0,687075.0,Nestor Ceja,Charlie Ramos,"73 degrees, Roof Closed.","0 mph, None.",1:06 PM.,"24,728.",9,1.0,0.0,1,0
824980,2026-07-05,R,2026,Sutter Health Park,Athletics,Miami Marlins,8.0,9.0,695611.0,691587.0,Junior Valentine,Austin Jones,"83 degrees, Partly Cloudy.","9 mph, Out To CF.",1:35 PM.,"8,686.",9,0.0,1.0,0,6
823117,2026-07-05,R,2026,T-Mobile Park,Seattle Mariners,Toronto Blue Jays,4.0,0.0,676106.0,702056.0,Dexter Kelley,Ramon De Jesus,"70 degrees, Sunny.","9 mph, L To R.",2:06 PM.,"37,415.",9,0.0,0.0,3,0
823931,2026-07-05,R,2026,UNIQLO Field at Dodger Stadium,Los Angeles Dodgers,San Diego Padres,2.0,5.0,686218.0,676664.0,Nick Mahrley,Ben May,"81 degrees, Sunny.","3 mph, L To R.",4:20 PM.,"46,506.",9,0.0,0.0,0,1
824010,2026-07-05,R,2026,Angel Stadium,Los Angeles Angels,Boston Red Sox,5.0,7.0,696270.0,624133.0,Jeremie Rehak,Dan Iassogna,"79 degrees, Clear.","8 mph, Out To RF.",6:35 PM.,"35,992.",9,2.0,0.0,3,5
824089,2026-07-06,R,2026,Kauffman Stadium,Kansas City Royals,Philadelphia Phillies,15.0,1.0,702070.0,650911.0,Alan Porter,Jim Wolf,"85 degrees, Sunny.","4 mph, L To R.",1:10 PM.,"13,496.",9,6.0,1.0,10,1
822958,2026-07-06,R,2026,Tropicana Field,Tampa Bay Rays,New York Yankees,1.0,5.0,643377.0,693645.0,Emil Jimenez,Gabe Morales,"72 degrees, Dome.","0 mph, None.",6:41 PM.,"18,129.",9,0.0,0.0,1,3
822712,2026-07-06,R,2026,Nationals Park,Washington Nationals,Houston Astros,12.0,11.0,571945.0,681347.0,Dan Merzel,Shane Livensparger,"80 degrees, Overcast.","2 mph, Out To LF.",6:47 PM.,"11,092.",9,1.0,1.0,12,6
824900,2026-07-06,R,2026,Truist Park,Atlanta Braves,New York Mets,6.0,7.0,625643.0,642547.0,Lance Barrett,Malachi Moore,"88 degrees, Partly Cloudy.","7 mph, R To L.",7:15 PM.,"31,445.",10,0.0,0.0,3,1
823036,2026-07-06,R,2026,Busch Stadium,St. Louis Cardinals,Milwaukee Brewers,3.0,4.0,669160.0,675660.0,Edwin Jimenez,Clint Vondrak,"83 degrees, Partly Cloudy.","9 mph, In From LF.",6:45 PM.,"21,786.",9,0.0,0.0,2,0
823282,2026-07-06,R,2026,Petco Park,San Diego Padres,Arizona Diamondbacks,0.0,8.0,621111.0,694297.0,Ryan Wills,Lance Barksdale,"72 degrees, Clear.","11 mph, L To R.",6:42 PM.,"38,204.",9,0.0,2.0,0,7
823205,2026-07-06,R,2026,Oracle Park,San Francisco Giants,Toronto Blue Jays,10.0,1.0,694738.0,592332.0,Austin Jones,Rob Drake,"59 degrees, Partly Cloudy.","15 mph, Out To CF.",6:45 PM.,"32,740.",9,1.0,0.0,3,0
823930,2026-07-06,R,2026,UNIQLO Field at Dodger Stadium,Los Angeles Dodgers,Colorado Rockies,8.0,7.0,641778.0,607536.0,Dan Iassogna,Adam Beck,"74 degrees, Clear.","4 mph, Out To CF.",7:12 PM.,"48,245.",11,0.0,0.0,6,2
823062,2026-07-07,R,2026,Busch Stadium,St. Louis Cardinals,Milwaukee Brewers,3.0,4.0,694335.0,694819.0,Clint Vondrak,Edwin Jimenez,"84 degrees, Cloudy.","8 mph, L To R.",1:15 PM.,"24,430.",9,2.0,0.0,3,2
823035,2026-07-07,R,2026,Busch Stadium,St. Louis Cardinals,Milwaukee Brewers,2.0,10.0,690928.0,688107.0,Adam Hamari,Jen Pawol,"84 degrees, Partly Cloudy.","7 mph, In From LF.",6:45 PM.,"20,399.",9,0.0,0.0,0,3
824820,2026-07-07,R,2026,Oriole Park at Camden Yards,Baltimore Orioles,Chicago Cubs,2.0,5.0,669358.0,571510.0,Ramon De Jesus,Adrian Johnson,"78 degrees, Cloudy.","4 mph, In From RF.",7:31 PM.,"16,200.",9,0.0,0.0,0,3
824254,2026-07-07,R,2026,Comerica Park,Detroit Tigers,Athletics,6.0,2.0,669373.0,669372.0,Jim Wolf,Alex MacKay,"85 degrees, Clear.","5 mph, In From LF.",6:40 PM.,"28,736.",9,2.0,0.0,2,1
823361,2026-07-07,R,2026,PNC Park,Pittsburgh Pirates,Atlanta Braves,12.0,4.0,694973.0,694462.0,Vic Carapazza,Edwin Moscoso,"86 degrees, Partly Cloudy.","5 mph, Out To RF.",6:42 PM.,"20,281.",9,4.0,1.0,7,2
823847,2026-07-07,R,2026,loanDepot park,Miami Marlins,Seattle Mariners,6.0,5.0,676974.0,693433.0,Chris Segal,Laz Diaz,"72 degrees, Roof Closed.","0 mph, None.",6:41 PM.,"8,660.",10,0.0,0.0,4,2
822956,2026-07-07,R,2026,Tropicana Field,Tampa Bay Rays,New York Yankees,6.0,4.0,693855.0,701542.0,Gabe Morales,Doug Eddings,"72 degrees, Dome.","0 mph, None.",6:40 PM.,"18,115.",9,0.0,0.0,6,3
822713,2026-07-07,R,2026,Nationals Park,Washington Nationals,Houston Astros,3.0,6.0,674841.0,837227.0,Shane Livensparger,Mark Ripperger,"82 degrees, Cloudy.","4 mph, In From RF.",6:47 PM.,"20,424.",9,1.0,0.0,2,4
823607,2026-07-07,R,2026,Citi Field,New York Mets,Kansas City Royals,12.0,16.0,672335.0,607625.0,Ron Kulpa,Tyler Jones,"69 degrees, Cloudy.","3 mph, In From LF.",7:11 PM.,"32,734.",9,3.0,0.0,9,9
824495,2026-07-07,R,2026,Great American Ball Park,Cincinnati Reds,Philadelphia Phillies,1.0,4.0,671096.0,554430.0,Malachi Moore,Alfonso Márquez,"85 degrees, Partly Cloudy.","5 mph, Out To RF.",7:12 PM.,"31,204.",9,0.0,0.0,0,3
823687,2026-07-07,R,2026,Target Field,Minnesota Twins,Cleveland Guardians,3.0,1.0,671737.0,676282.0,Marvin Hudson,Ryan Additon,"82 degrees, Cloudy.","5 mph, R To L.",6:41 PM.,"17,813.",9,0.0,0.0,2,1
824579,2026-07-07,R,2026,Rate Field,Chicago White Sox,Boston Red Sox,1.0,8.0,702273.0,801139.0,Charlie Ramos,David Rackley,"80 degrees, Clear.","8 mph, In From LF.",6:41 PM.,"25,392.",9,0.0,0.0,0,4
822881,2026-07-07,R,2026,Globe Life Field,Texas Rangers,Los Angeles Angels,8.0,3.0,594798.0,667755.0,Chad Whitson,Chad Fairchild,"74 degrees, Roof Closed.","0 mph, None.",7:08 PM.,"23,816.",9,0.0,2.0,2,2
823280,2026-07-07,R,2026,Petco Park,San Diego Padres,Arizona Diamondbacks,4.0,1.0,608566.0,668678.0,Lance Barksdale,Willie Traynor,"71 degrees, Clear.","9 mph, L To R.",6:40 PM.,"40,223.",9,4.0,1.0,4,1
823203,2026-07-07,R,2026,Oracle Park,San Francisco Giants,Toronto Blue Jays,3.0,9.0,686790.0,693686.0,Rob Drake,Stu Scheurwater,"59 degrees, Partly Cloudy.","17 mph, Out To CF.",6:45 PM.,"32,140.",9,0.0,0.0,3,8
823929,2026-07-07,R,2026,UNIQLO Field at Dodger Stadium,Los Angeles Dodgers,Colorado Rockies,3.0,4.0,680736.0,547179.0,Adam Beck,Steven Jaschinski,"76 degrees, Clear.","4 mph, Varies.",7:09 PM.,"47,806.",9,1.0,0.0,2,0
823202,2026-07-08,R,2026,Oracle Park,San Francisco Giants,Toronto Blue Jays,0.0,10.0,657277.0,656302.0,Stu Scheurwater,Junior Valentine,"62 degrees, Overcast.","11 mph, Out To CF.",12:45 PM.,"34,023.",9,0.0,5.0,0,5
824815,2026-07-08,R,2026,Oriole Park at Camden Yards,Baltimore Orioles,Chicago Cubs,7.0,9.0,665152.0,607067.0,Adrian Johnson,Paul Clemons,"82 degrees, Partly Cloudy.","6 mph, Out To LF.",6:37 PM.,"18,935.",9,0.0,0.0,3,4
824253,2026-07-08,R,2026,Comerica Park,Detroit Tigers,Athletics,6.0,1.0,675512.0,605488.0,Alex MacKay,Roberto Ortiz,"87 degrees, Partly Cloudy.","7 mph, In From CF.",6:41 PM.,"29,049.",9,1.0,0.0,6,1
823360,2026-07-08,R,2026,PNC Park,Pittsburgh Pirates,Atlanta Braves,0.0,3.0,683003.0,656550.0,Edwin Moscoso,Nic Lentz,"84 degrees, Partly Cloudy.","7 mph, Out To CF.",6:41 PM.,"20,062.",9,0.0,0.0,0,0
823848,2026-07-08,R,2026,loanDepot park,Miami Marlins,Seattle Mariners,2.0,0.0,663969.0,669923.0,Laz Diaz,Erich Bacchus,"72 degrees, Roof Closed.","0 mph, None.",6:40 PM.,"10,545.",9,0.0,0.0,2,0
822957,2026-07-08,R,2026,Tropicana Field,Tampa Bay Rays,New York Yankees,3.0,0.0,663556.0,543037.0,Doug Eddings,Mike Muchlinski,"72 degrees, Dome.","0 mph, None.",6:40 PM.,"19,373.",9,0.0,0.0,2,0
822710,2026-07-08,R,2026,Nationals Park,Washington Nationals,Houston Astros,8.0,2.0,656492.0,681293.0,Mark Ripperger,Brock Ballou,"84 degrees, Partly Cloudy.","5 mph, R To L.",6:46 PM.,"17,760.",9,0.0,0.0,8,1
823605,2026-07-08,R,2026,Citi Field,New York Mets,Kansas City Royals,6.0,2.0,681035.0,674444.0,Tyler Jones,Manny Gonzalez,"79 degrees, Clear.","10 mph, Out To LF.",7:10 PM.,"32,227.",9,1.0,0.0,1,0
824496,2026-07-08,R,2026,Great American Ball Park,Cincinnati Reds,Philadelphia Phillies,11.0,5.0,695505.0,660604.0,Alfonso Márquez,Mike Estabrook,"84 degrees, Cloudy.","2 mph, In From RF.",7:11 PM.,"33,089.",9,0.0,0.0,7,3
823684,2026-07-08,R,2026,Target Field,Minnesota Twins,Cleveland Guardians,6.0,5.0,687570.0,677944.0,Ryan Additon,Ryan Blakney,"77 degrees, Partly Cloudy.","6 mph, Out To RF.",6:42 PM.,"14,901.",9,0.0,0.0,3,3
824578,2026-07-08,R,2026,Rate Field,Chicago White Sox,Boston Red Sox,0.0,5.0,663436.0,687562.0,David Rackley,Chris Guccione,"83 degrees, Clear.","8 mph, Out To LF.",6:41 PM.,"23,973.",9,0.0,0.0,0,5
823032,2026-07-08,R,2026,Busch Stadium,St. Louis Cardinals,Milwaukee Brewers,5.0,1.0,700241.0,690986.0,Jen Pawol,Todd Tichenor,"87 degrees, Partly Cloudy.","5 mph, Out To LF.",6:45 PM.,"20,395.",9,2.0,0.0,3,0
822880,2026-07-08,R,2026,Globe Life Field,Texas Rangers,Los Angeles Angels,1.0,13.0,669022.0,700712.0,Chad Fairchild,Bill Miller,"74 degrees, Roof Closed.","0 mph, None.",7:08 PM.,"23,288.",9,0.0,1.0,0,7
823928,2026-07-08,R,2026,UNIQLO Field at Dodger Stadium,Los Angeles Dodgers,Colorado Rockies,4.0,3.0,808963.0,687312.0,Steven Jaschinski,Jeremie Rehak,"77 degrees, Clear.","7 mph, Out To RF.",7:10 PM.,"49,996.",9,3.0,0.0,3,3
823279,2026-07-08,R,2026,Petco Park,San Diego Padres,Arizona Diamondbacks,10.0,4.0,650633.0,703615.0,Willie Traynor,Will Little,"72 degrees, Clear.","8 mph, L To R.",7:10 PM.,"39,423.",9,0.0,1.0,4,1
823359,2026-07-09,R,2026,PNC Park,Pittsburgh Pirates,Atlanta Braves,5.0,10.0,656605.0,693821.0,Nic Lentz,Hunter Wendelstedt,"82 degrees, Partly Cloudy.","7 mph, Out To LF.",12:37 PM.,"20,895.",9,0.0,1.0,4,6
823606,2026-07-09,R,2026,Citi Field,New York Mets,Kansas City Royals,7.0,3.0,640455.0,608379.0,Manny Gonzalez,Tom Hanahan,"83 degrees, Cloudy.","11 mph, In From CF.",1:10 PM.,"33,868.",9,0.0,1.0,6,2
822954,2026-07-09,R,2026,Tropicana Field,Tampa Bay Rays,New York Yankees,4.0,12.0,656876.0,621112.0,Mike Muchlinski,Emil Jimenez,"72 degrees, Dome.","0 mph, None.",1:10 PM.,"18,255.",9,1.0,0.0,3,7
824816,2026-07-09,R,2026,Oriole Park at Camden Yards,Baltimore Orioles,Chicago Cubs,3.0,2.0,669432.0,656849.0,Paul Clemons,Quinn Wolcott,"83 degrees, Partly Cloudy.","4 mph, In From CF.",1:36 PM.,"12,052.",9,0.0,0.0,1,0
823683,2026-07-09,R,2026,Target Field,Minnesota Twins,Cleveland Guardians,2.0,5.0,641927.0,668909.0,Ryan Blakney,Nick Mahrley,"79 degrees, Sunny.","6 mph, In From LF.",12:41 PM.,"22,221.",9,0.0,0.0,1,1
824577,2026-07-09,R,2026,Rate Field,Chicago White Sox,Boston Red Sox,1.0,2.0,641743.0,663776.0,Chris Guccione,Nestor Ceja,"80 degrees, Partly Cloudy.","8 mph, Out To LF.",1:11 PM.,"19,148.",9,0.0,0.0,1,2
824251,2026-07-09,R,2026,Comerica Park,Detroit Tigers,Athletics,4.0,1.0,664285.0,660761.0,Roberto Ortiz,Alan Porter,"80 degrees, Partly Cloudy.","7 mph, Out To LF.",6:44 PM.,"20,699.",9,0.0,0.0,3,1
823846,2026-07-09,R,2026,loanDepot park,Miami Marlins,Seattle Mariners,8.0,4.0,676083.0,682243.0,Erich Bacchus,Brian O'Nora,"72 degrees, Roof Closed.","0 mph, None.",6:40 PM.,"7,815.",9,0.0,0.0,6,2
824494,2026-07-09,R,2026,Great American Ball Park,Cincinnati Reds,Philadelphia Phillies,0.0,1.0,663903.0,666200.0,Mike Estabrook,Lance Barrett,"86 degrees, Partly Cloudy.","6 mph, Out To LF.",7:11 PM.,"19,777.",9,0.0,0.0,0,0
823034,2026-07-09,R,2026,Busch Stadium,St. Louis Cardinals,Milwaukee Brewers,4.0,8.0,669467.0,701656.0,Todd Tichenor,Clint Vondrak,"82 degrees, Overcast.","9 mph, Out To RF.",6:45 PM.,"27,028.",9,0.0,0.0,1,6
822877,2026-07-09,R,2026,Globe Life Field,Texas Rangers,Los Angeles Angels,7.0,6.0,543135.0,672282.0,Bill Miller,Brian Walsh,"74 degrees, Roof Closed.","0 mph, None.",7:08 PM.,"29,646.",9,2.0,0.0,5,1
823277,2026-07-09,R,2026,Petco Park,San Diego Padres,Arizona Diamondbacks,1.0,3.0,656288.0,518876.0,Will Little,Ryan Wills,"70 degrees, Clear.","6 mph, L To R.",6:41 PM.,"39,270.",9,0.0,0.0,1,2
823201,2026-07-09,R,2026,Oracle Park,San Francisco Giants,Colorado Rockies,8.0,2.0,687931.0,663372.0,Junior Valentine,Austin Jones,"59 degrees, Clear.","13 mph, Varies.",6:45 PM.,"32,301.",9,1.0,0.0,4,2
824252,2026-07-10,R,2026,Comerica Park,Detroit Tigers,Philadelphia Phillies,10.0,2.0,656427.0,605400.0,Hunter Wendelstedt,Vic Carapazza,"82 degrees, Partly Cloudy.","5 mph, In From LF.",6:41 PM.,"34,084.",9,0.0,0.0,2,2
822709,2026-07-10,R,2026,Nationals Park,Washington Nationals,New York Yankees,3.0,5.0,687223.0,677960.0,Nestor Ceja,Charlie Ramos,"79 degrees, Partly Cloudy.","5 mph, Out To CF.",8:45 PM.,"38,085.",9,0.0,1.0,1,2
824817,2026-07-10,R,2026,Oriole Park at Camden Yards,Baltimore Orioles,Kansas City Royals,5.0,3.0,687064.0,679883.0,Nick Mahrley,Marvin Hudson,"84 degrees, Partly Cloudy.","5 mph, Out To RF.",7:06 PM.,"26,993.",9,0.0,0.0,3,2
824493,2026-07-10,R,2026,Great American Ball Park,Cincinnati Reds,Chicago Cubs,4.0,0.0,668881.0,684007.0,Jim Wolf,Tyler Jones,"84 degrees, Partly Cloudy.","6 mph, Out To LF.",7:11 PM.,"30,878.",9,0.0,0.0,1,0
822955,2026-07-10,R,2026,Tropicana Field,Tampa Bay Rays,Seattle Mariners,7.0,2.0,607259.0,622491.0,Tom Hanahan,Ron Kulpa,"72 degrees, Dome.","0 mph, None.",7:10 PM.,"15,568.",9,0.0,0.0,4,1
823845,2026-07-10,R,2026,loanDepot park,Miami Marlins,Cleveland Guardians,2.0,3.0,645261.0,800048.0,Brian Walsh,Chad Whitson,"72 degrees, Roof Closed.","0 mph, None.",7:10 PM.,"15,605.",9,0.0,0.0,0,3
823604,2026-07-10,R,2026,Citi Field,New York Mets,Boston Red Sox,2.0,6.0,690997.0,543243.0,Alan Porter,Brock Ballou,"82 degrees, Cloudy.","6 mph, Out To RF.",7:51 PM.,"38,090.",9,0.0,2.0,1,2
824575,2026-07-10,R,2026,Rate Field,Chicago White Sox,Athletics,14.0,1.0,680732.0,682052.0,Emil Jimenez,Gabe Morales,"77 degrees, Cloudy.","12 mph, Out To RF.",6:40 PM.,"37,539.",9,0.0,0.0,4,0
822878,2026-07-10,R,2026,Globe Life Field,Texas Rangers,Houston Astros,7.0,3.0,615698.0,686613.0,Quinn Wolcott,Ramon De Jesus,"74 degrees, Roof Closed.","0 mph, None.",7:08 PM.,"34,899.",9,2.0,0.0,3,0
823685,2026-07-10,R,2026,Target Field,Minnesota Twins,Los Angeles Angels,3.0,4.0,805673.0,680570.0,Brian O'Nora,Chris Segal,"85 degrees, Partly Cloudy.","4 mph, R To L.",7:12 PM.,"26,893.",9,1.0,0.0,1,4
823033,2026-07-10,R,2026,Busch Stadium,St. Louis Cardinals,Atlanta Braves,2.0,1.0,681517.0,519242.0,Jeremie Rehak,Dan Iassogna,"85 degrees, Cloudy.","1 mph, In From RF.",7:16 PM.,"26,609.",9,0.0,0.0,0,1
823278,2026-07-10,R,2026,Petco Park,San Diego Padres,Toronto Blue Jays,3.0,5.0,676664.0,669456.0,Clint Vondrak,Adam Hamari,"70 degrees, Partly Cloudy.","6 mph, L To R.",6:41 PM.,"41,886.",9,2.0,0.0,2,5
823927,2026-07-10,R,2026,UNIQLO Field at Dodger Stadium,Los Angeles Dodgers,Arizona Diamondbacks,3.0,9.0,669165.0,593958.0,Austin Jones,Rob Drake,"77 degrees, Partly Cloudy.","8 mph, Out To CF.",7:10 PM.,"47,727.",9,2.0,2.0,2,6
823200,2026-07-10,R,2026,Oracle Park,San Francisco Giants,Colorado Rockies,3.0,4.0,592662.0,685299.0,Ryan Wills,Lance Barksdale,"58 degrees, Clear.","13 mph, Varies.",7:16 PM.,"34,144.",9,0.0,0.0,1,1
823357,2026-07-11,R,2026,PNC Park,Pittsburgh Pirates,Milwaukee Brewers,7.0,6.0,677952.0,687075.0,Lance Barrett,John Bacon,"73 degrees, Overcast.","1 mph, Out To CF.",12:07 PM.,"22,484.",9,2.0,0.0,3,5
823356,2026-07-11,R,2026,PNC Park,Pittsburgh Pirates,Milwaukee Brewers,3.0,2.0,696149.0,675660.0,Malachi Moore,Alfonso Márquez,"82 degrees, Partly Cloudy.","5 mph, R To L.",4:17 PM.,"29,080.",9,0.0,0.0,2,2
823682,2026-07-11,R,2026,Target Field,Minnesota Twins,Los Angeles Angels,5.0,3.0,657746.0,696270.0,Chris Segal,Laz Diaz,"86 degrees, Partly Cloudy.","7 mph, Out To LF.",1:38 PM.,"21,286.",9,0.0,0.0,3,2
824576,2026-07-11,R,2026,Rate Field,Chicago White Sox,Athletics,1.0,0.0,663542.0,695611.0,Gabe Morales,Doug Eddings,"79 degrees, Partly Cloudy.","6 mph, In From LF.",1:10 PM.,"22,742.",9,0.0,0.0,0,0
823198,2026-07-11,R,2026,Oracle Park,San Francisco Giants,Colorado Rockies,4.0,2.0,641816.0,607536.0,Lance Barksdale,Willie Traynor,"70 degrees, Partly Cloudy.","8 mph, Varies.",1:06 PM.,"35,190.",9,0.0,0.0,1,1
822711,2026-07-11,R,2026,Nationals Park,Washington Nationals,New York Yankees,2.0,4.0,676571.0,693645.0,Charlie Ramos,David Rackley,"86 degrees, Partly Cloudy.","3 mph, In From LF.",4:06 PM.,"34,054.",9,2.0,0.0,2,0
823603,2026-07-11,R,2026,Citi Field,New York Mets,Boston Red Sox,0.0,4.0,642547.0,700842.0,Brock Ballou,Shane Livensparger,"82 degrees, Cloudy.","7 mph, In From RF.",4:11 PM.,"38,371.",9,0.0,0.0,0,2
822953,2026-07-11,R,2026,Tropicana Field,Tampa Bay Rays,Seattle Mariners,6.0,1.0,643377.0,669302.0,Ron Kulpa,Derek Thomas,"72 degrees, Dome.","0 mph, None.",4:35 PM.,"22,597.",9,0.0,0.0,2,1
823844,2026-07-11,R,2026,loanDepot park,Miami Marlins,Cleveland Guardians,1.0,4.0,691587.0,676440.0,Chad Whitson,Chad Fairchild,"72 degrees, Roof Closed.","0 mph, None.",4:10 PM.,"16,070.",9,0.0,0.0,0,2
824249,2026-07-11,R,2026,Comerica Park,Detroit Tigers,Philadelphia Phillies,2.0,4.0,663554.0,650911.0,Vic Carapazza,Edwin Moscoso,"83 degrees, Partly Cloudy.","11 mph, In From CF.",6:11 PM.,"33,705.",9,0.0,0.0,1,4
824813,2026-07-11,R,2026,Oriole Park at Camden Yards,Baltimore Orioles,Kansas City Royals,6.0,1.0,680694.0,702070.0,Marvin Hudson,Ryan Additon,"81 degrees, Cloudy.","8 mph, Out To LF.",7:08 PM.,"28,958.",9,0.0,0.0,4,0
822875,2026-07-11,R,2026,Globe Life Field,Texas Rangers,Houston Astros,3.0,9.0,677958.0,663567.0,Ramon De Jesus,Adrian Johnson,"74 degrees, Roof Closed.","0 mph, None.",6:08 PM.,"37,318.",9,0.0,2.0,1,7
824492,2026-07-11,R,2026,Great American Ball Park,Cincinnati Reds,Chicago Cubs,3.0,5.0,666157.0,665871.0,Dan Merzel,Alex MacKay,"78 degrees, Cloudy.","5 mph, L To R.",7:12 PM.,"34,199.",9,0.0,0.0,2,1
823030,2026-07-11,R,2026,Busch Stadium,St. Louis Cardinals,Atlanta Braves,4.0,1.0,669461.0,625643.0,Dan Iassogna,Adam Beck,"79 degrees, Partly Cloudy.","11 mph, In From LF.",6:16 PM.,"29,122.",9,3.0,0.0,4,0
823276,2026-07-11,R,2026,Petco Park,San Diego Padres,Toronto Blue Jays,8.0,7.0,621111.0,702056.0,Adam Hamari,Jen Pawol,"71 degrees, Cloudy.","8 mph, L To R.",5:41 PM.,"40,561.",9,2.0,0.0,7,4
823926,2026-07-11,R,2026,UNIQLO Field at Dodger Stadium,Los Angeles Dodgers,Arizona Diamondbacks,2.0,9.0,808967.0,694297.0,Rob Drake,Stu Scheurwater,"81 degrees, Cloudy.","4 mph, In From CF.",6:11 PM.,"48,102.",9,0.0,0.0,0,1
823358,2026-07-12,R,2026,PNC Park,Pittsburgh Pirates,Milwaukee Brewers,14.0,5.0,694973.0,688107.0,Alfonso Márquez,Mike Estabrook,"81 degrees, Sunny.","5 mph, L To R.",12:18 PM.,"34,087.",9,0.0,0.0,14,2
824814,2026-07-12,R,2026,Oriole Park at Camden Yards,Baltimore Orioles,Kansas City Royals,8.0,2.0,669358.0,607625.0,Ryan Additon,Ryan Blakney,"81 degrees, Cloudy.","7 mph, R To L.",1:37 PM.,"31,355.",9,0.0,0.0,2,2
822708,2026-07-12,R,2026,Nationals Park,Washington Nationals,New York Yankees,3.0,5.0,676917.0,701542.0,David Rackley,Chris Guccione,"83 degrees, Partly Cloudy.","7 mph, In From RF.",1:36 PM.,"33,699.",9,1.0,0.0,1,2
824491,2026-07-12,R,2026,Great American Ball Park,Cincinnati Reds,Chicago Cubs,4.0,8.0,671096.0,571510.0,Alex MacKay,Roberto Ortiz,"81 degrees, Partly Cloudy.","6 mph, In From RF.",1:40 PM.,"29,200.",9,0.0,2.0,4,4
823602,2026-07-12,R,2026,Citi Field,New York Mets,Boston Red Sox,2.0,3.0,804267.0,801139.0,Shane Livensparger,Mark Ripperger,"83 degrees, Sunny.","2 mph, In From RF.",1:41 PM.,"37,638.",10,1.0,0.0,1,0
822951,2026-07-12,R,2026,Tropicana Field,Tampa Bay Rays,Seattle Mariners,2.0,8.0,693855.0,676106.0,Derek Thomas,Manny Gonzalez,"72 degrees, Dome.","0 mph, None.",1:40 PM.,"24,297.",9,0.0,0.0,0,7
824250,2026-07-12,R,2026,Comerica Park,Detroit Tigers,Philadelphia Phillies,0.0,5.0,669373.0,554430.0,Edwin Moscoso,Nic Lentz,"83 degrees, Sunny.","8 mph, In From RF.",1:40 PM.,"35,065.",9,0.0,0.0,0,1
823842,2026-07-12,R,2026,loanDepot park,Miami Marlins,Cleveland Guardians,2.0,5.0,663969.0,676282.0,Chad Fairchild,Bill Miller,"72 degrees, Roof Closed.","0 mph, None.",1:40 PM.,"17,147.",9,0.0,2.0,1,3
823681,2026-07-12,R,2026,Target Field,Minnesota Twins,Los Angeles Angels,4.0,2.0,671737.0,667755.0,Laz Diaz,Erich Bacchus,"90 degrees, Sunny.","11 mph, Out To LF.",1:11 PM.,"20,509.",9,0.0,0.0,3,1
824574,2026-07-12,R,2026,Rate Field,Chicago White Sox,Athletics,9.0,1.0,702273.0,669372.0,Doug Eddings,Mike Muchlinski,"83 degrees, Sunny.","9 mph, In From LF.",1:10 PM.,"27,175.",9,6.0,1.0,9,1
823029,2026-07-12,R,2026,Busch Stadium,St. Louis Cardinals,Atlanta Braves,3.0,4.0,669160.0,664849.0,Adam Beck,Steven Jaschinski,"86 degrees, Cloudy.","8 mph, Out To CF.",1:15 PM.,"30,234.",9,1.0,0.0,1,2
822876,2026-07-12,R,2026,Globe Life Field,Texas Rangers,Houston Astros,6.0,5.0,669022.0,664299.0,Adrian Johnson,Paul Clemons,"74 degrees, Roof Closed.","0 mph, None.",1:38 PM.,"33,804.",9,0.0,0.0,4,1
823199,2026-07-12,R,2026,Oracle Park,San Francisco Giants,Colorado Rockies,3.0,1.0,686790.0,547179.0,Willie Traynor,Jacob Metz,"67 degrees, Cloudy.","6 mph, Out To RF.",1:06 PM.,"33,354.",9,0.0,1.0,1,1
823925,2026-07-12,R,2026,UNIQLO Field at Dodger Stadium,Los Angeles Dodgers,Arizona Diamondbacks,3.0,5.0,686218.0,683352.0,Stu Scheurwater,Junior Valentine,"83 degrees, Cloudy.","4 mph, Out To CF.",1:10 PM.,"47,967.",9,1.0,0.0,3,2
823274,2026-07-12,R,2026,Petco Park,San Diego Padres,Toronto Blue Jays,5.0,4.0,608566.0,592332.0,Jen Pawol,Todd Tichenor,"73 degrees, Partly Cloudy.","6 mph, L To R.",1:11 PM.,"41,675.",9,0.0,1.0,3,3
823440,2026-07-16,R,2026,Citizens Bank Park,Philadelphia Phillies,New York Mets,1.0,4.0,605400.0,681035.0,Dan Iassogna,Adam Beck,"94 degrees, Cloudy.","2 mph, Out To CF.",6:12 PM.,"40,109.",9,0.0,0.0,0,1
824766,2026-07-17,R,2026,Fenway Park,Boston Red Sox,Tampa Bay Rays,10.0,0.0,687562.0,643377.0,Mike Estabrook,Louie Krupa,"82 degrees, Sunny.","10 mph, In From LF.",1:35 PM.,"36,774.",9,0.0,0.0,3,0
824737,2026-07-17,R,2026,Fenway Park,Boston Red Sox,Tampa Bay Rays,5.0,3.0,700842.0,669438.0,Lance Barrett,Malachi Moore,"84 degrees, Clear.","7 mph, L To R.",7:12 PM.,"34,255.",9,3.0,2.0,5,3
823524,2026-07-17,R,2026,Yankee Stadium,New York Yankees,Los Angeles Dodgers,1.0,2.0,543037.0,808963.0,Junior Valentine,Jordan Baker,"81 degrees, Partly Cloudy.","7 mph, Out To CF.",7:08 PM.,"46,450.",9,0.0,0.0,1,0
824901,2026-07-17,R,2026,Truist Park,Atlanta Braves,Texas Rangers,15.0,1.0,519242.0,615698.0,Chris Conroy,Ben May,"75 degrees, Cloudy.","5 mph, Out To RF.",7:17 PM.,"40,147.",9,0.0,0.0,8,0
822789,2026-07-17,R,2026,Rogers Centre,Toronto Blue Jays,Chicago White Sox,4.0,12.0,693686.0,641743.0,Scott Barry,Manny Gonzalez,"68 degrees, Roof Closed.","0 mph, None.",7:16 PM.,"41,895.",9,0.0,0.0,3,8
823766,2026-07-17,R,2026,American Family Field,Milwaukee Brewers,Miami Marlins,2.0,1.0,701656.0,645261.0,Nick Mahrley,Derek Thomas,"92 degrees, Partly Cloudy.","5 mph, R To L.",6:41 PM.,"38,566.",10,0.0,0.0,1,1
824655,2026-07-17,R,2026,Wrigley Field,Chicago Cubs,Minnesota Twins,2.0,5.0,607067.0,641927.0,Bruce Dreckman,Nate Tomlinson,"87 degrees, Cloudy.","7 mph, Out To LF.",7:05 PM.,"39,855.",9,1.0,0.0,1,4
824170,2026-07-17,R,2026,Daikin Park,Houston Astros,Baltimore Orioles,2.0,3.0,663567.0,665152.0,Erich Bacchus,Brian O'Nora,"73 degrees, Roof Closed.","0 mph, None.",7:10 PM.,"31,867.",9,1.0,0.0,2,1
824090,2026-07-17,R,2026,Kauffman Stadium,Kansas City Royals,San Diego Padres,7.0,6.0,607625.0,650633.0,Nestor Ceja,Willie Traynor,"86 degrees, Clear.","10 mph, Out To CF.",7:10 PM.,"25,884.",10,0.0,0.0,1,2
824332,2026-07-17,R,2026,Coors Field,Colorado Rockies,Cincinnati Reds,2.0,7.0,687312.0,663903.0,Jansen Visconti,Andy Fletcher,"90 degrees, Partly Cloudy.","5 mph, Out To CF.",6:41 PM.,"40,356.",9,0.0,1.0,1,1
824009,2026-07-17,R,2026,Angel Stadium,Los Angeles Angels,Detroit Tigers,1.0,2.0,672282.0,675512.0,Will Little,Ryan Wills,"80 degrees, Clear.","9 mph, Out To RF.",6:39 PM.,"29,536.",9,1.0,0.0,1,0
824981,2026-07-17,R,2026,Sutter Health Park,Athletics,Washington Nationals,4.0,23.0,695611.0,676917.0,John Libka,James Hoye,"85 degrees, Clear.","11 mph, Out To LF.",6:41 PM.,"11,087.",9,0.0,0.0,2,8
825060,2026-07-17,R,2026,Chase Field,Arizona Diamondbacks,St. Louis Cardinals,4.0,5.0,518876.0,700241.0,Bill Miller,Brian Walsh,"77 degrees, Roof Closed.","0 mph, None.",6:41 PM.,"29,931.",9,0.0,2.0,2,3
823115,2026-07-17,R,2026,T-Mobile Park,Seattle Mariners,San Francisco Giants,0.0,7.0,682243.0,694738.0,Mark Ripperger,Dan Bellino,"72 degrees, Clear.","6 mph, Out To CF.",7:11 PM.,"42,595.",9,0.0,0.0,0,2
824414,2026-07-18,R,2026,Progressive Field,Cleveland Guardians,Pittsburgh Pirates,1.0,7.0,668909.0,683003.0,Roberto Ortiz,John Bacon,"89 degrees, Partly Cloudy.","14 mph, Out To RF.",1:10 PM.,"27,989.",9,0.0,0.0,1,2
824412,2026-07-18,R,2026,Progressive Field,Cleveland Guardians,Pittsburgh Pirates,5.0,3.0,671106.0,682254.0,Jim Wolf,Alex MacKay,"79 degrees, Cloudy.","6 mph, L To R.",8:25 PM.,"32,997.",9,0.0,0.0,0,3
824657,2026-07-18,R,2026,Wrigley Field,Chicago Cubs,Minnesota Twins,6.0,2.0,571510.0,671737.0,Nate Tomlinson,James Jean,"81 degrees, Partly Cloudy.","12 mph, L To R.",1:21 PM.,"39,508.",9,1.0,0.0,5,1
823441,2026-07-18,R,2026,Citizens Bank Park,Philadelphia Phillies,New York Mets,6.0,1.0,666200.0,640455.0,Adam Beck,Felix Neon,"87 degrees, Overcast.","8 mph, Out To RF.",3:06 PM.,"41,133.",9,2.0,0.0,4,1
822790,2026-07-18,R,2026,Rogers Centre,Toronto Blue Jays,Chicago White Sox,1.0,0.0,669456.0,663436.0,Manny Gonzalez,Tom Hanahan,"68 degrees, Roof Closed.","0 mph, None.",3:48 PM.,"41,775.",9,0.0,0.0,1,0
824331,2026-07-18,R,2026,Coors Field,Colorado Rockies,Cincinnati Reds,10.0,3.0,608372.0,695076.0,Andy Fletcher,Alex Tosi,"89 degrees, Sunny.","3 mph, R To L.",1:13 PM.,"31,585.",9,2.0,0.0,8,2
824169,2026-07-18,R,2026,Daikin Park,Houston Astros,Baltimore Orioles,2.0,4.0,681293.0,669432.0,Brian O'Nora,Chris Segal,"73 degrees, Roof Closed.","0 mph, None.",3:10 PM.,"31,649.",11,0.0,0.0,0,1
824088,2026-07-18,R,2026,Kauffman Stadium,Kansas City Royals,San Diego Padres,6.0,1.0,677976.0,656288.0,Willie Traynor,Charlie Ramos,"90 degrees, Partly Cloudy.","6 mph, R To L.",3:11 PM.,"23,347.",9,2.0,0.0,4,1
825059,2026-07-18,R,2026,Chase Field,Arizona Diamondbacks,St. Louis Cardinals,5.0,3.0,694297.0,669160.0,Brian Walsh,Tyler Jones,"76 degrees, Roof Closed.","0 mph, None.",1:10 PM.,"38,244.",9,0.0,0.0,5,0
824738,2026-07-18,R,2026,Fenway Park,Boston Red Sox,Tampa Bay Rays,7.0,6.0,663776.0,693855.0,Malachi Moore,Alfonso Márquez,"71 degrees, Cloudy.","10 mph, Out To LF.",5:11 PM.,"33,077.",9,0.0,0.0,3,5
824899,2026-07-18,R,2026,Truist Park,Atlanta Braves,Texas Rangers,6.0,7.0,702566.0,669022.0,Ben May,Brennan Miller,"92 degrees, Partly Cloudy.","5 mph, Out To LF.",4:13 PM.,"37,056.",9,0.0,1.0,5,3
823763,2026-07-18,R,2026,American Family Field,Milwaukee Brewers,Miami Marlins,8.0,6.0,675660.0,676974.0,Derek Thomas,Marvin Hudson,"86 degrees, Sunny.","7 mph, In From CF.",3:10 PM.,"40,144.",9,0.0,0.0,2,3
823116,2026-07-18,R,2026,T-Mobile Park,Seattle Mariners,San Francisco Giants,4.0,3.0,693433.0,657277.0,Dan Bellino,Dexter Kelley,"74 degrees, Clear.","8 mph, L To R.",5:09 PM.,"43,485.",10,0.0,0.0,0,1
824979,2026-07-18,R,2026,Sutter Health Park,Athletics,Washington Nationals,15.0,1.0,669372.0,641793.0,James Hoye,Jacob Metz,"88 degrees, Clear.","9 mph, Out To CF.",7:06 PM.,"11,138.",9,5.0,0.0,6,0
824008,2026-07-18,R,2026,Angel Stadium,Los Angeles Angels,Detroit Tigers,0.0,7.0,680570.0,669373.0,Ryan Wills,Lance Barksdale,"79 degrees, Clear.","6 mph, R To L.",7:08 PM.,"32,003.",9,0.0,4.0,0,7
822786,2026-07-19,R,2026,Rogers Centre,Toronto Blue Jays,Chicago White Sox,0.0,3.0,702056.0,680732.0,Tom Hanahan,Ron Kulpa,"68 degrees, Sunny.","3 mph, Out To CF.",12:15 PM.,"41,288.",9,0.0,0.0,0,1
823523,2026-07-19,R,2026,Yankee Stadium,New York Yankees,Los Angeles Dodgers,2.0,8.0,693645.0,808967.0,Rob Drake,Edwin Jimenez,"76 degrees, Sunny.","15 mph, Out To RF.",12:40 PM.,"43,305.",9,0.0,0.0,1,3
823521,2026-07-19,R,2026,Yankee Stadium,New York Yankees,Los Angeles Dodgers,2.0,1.0,642232.0,694361.0,Jordan Baker,Stu Scheurwater,"76 degrees, Partly Cloudy.","10 mph, Varies.",7:20 PM.,"43,378.",9,1.0,0.0,1,0
824739,2026-07-19,R,2026,Fenway Park,Boston Red Sox,Tampa Bay Rays,6.0,1.0,543243.0,663556.0,Alfonso Márquez,Mike Estabrook,"76 degrees, Sunny.","5 mph, L To R.",1:38 PM.,"32,950.",9,0.0,0.0,6,1
823439,2026-07-19,R,2026,Citizens Bank Park,Philadelphia Phillies,New York Mets,1.0,6.0,660604.0,690997.0,Felix Neon,Carlos Torres,"80 degrees, Partly Cloudy.","14 mph, In From LF.",1:37 PM.,"40,132.",9,0.0,2.0,0,5
824897,2026-07-19,R,2026,Truist Park,Atlanta Braves,Texas Rangers,8.0,5.0,656550.0,543135.0,Brennan Miller,John Tumpane,"91 degrees, Partly Cloudy.","5 mph, Out To LF.",1:36 PM.,"29,856.",9,1.0,0.0,4,3
824411,2026-07-19,R,2026,Progressive Field,Cleveland Guardians,Pittsburgh Pirates,1.0,7.0,676282.0,694973.0,Alex MacKay,Alan Porter,"76 degrees, Sunny.","10 mph, In From CF.",1:41 PM.,"31,973.",9,0.0,0.0,1,2
824168,2026-07-19,R,2026,Daikin Park,Houston Astros,Baltimore Orioles,2.0,5.0,686613.0,687064.0,Chris Segal,Laz Diaz,"73 degrees, Roof Closed.","0 mph, None.",1:10 PM.,"28,936.",9,0.0,0.0,1,4
824086,2026-07-19,R,2026,Kauffman Stadium,Kansas City Royals,San Diego Padres,2.0,19.0,702070.0,608566.0,Charlie Ramos,David Rackley,"90 degrees, Partly Cloudy.","2 mph, R To L.",1:11 PM.,"18,383.",9,1.0,0.0,2,7
823764,2026-07-19,R,2026,American Family Field,Milwaukee Brewers,Miami Marlins,3.0,1.0,688107.0,691587.0,Marvin Hudson,Tripp Gibson,"77 degrees, Sunny.","6 mph, In From LF.",1:11 PM.,"36,451.",9,0.0,0.0,0,1
824653,2026-07-19,R,2026,Wrigley Field,Chicago Cubs,Minnesota Twins,10.0,1.0,684007.0,805673.0,James Jean,Mark Wegner,"78 degrees, Sunny.","7 mph, In From CF.",1:20 PM.,"37,205.",9,2.0,0.0,10,0
824330,2026-07-19,R,2026,Coors Field,Colorado Rockies,Cincinnati Reds,6.0,9.0,663372.0,668881.0,Alex Tosi,Cory Blaser,"92 degrees, Sunny.","4 mph, Out To LF.",1:11 PM.,"20,158.",9,1.0,5.0,1,9
824978,2026-07-19,R,2026,Sutter Health Park,Athletics,Washington Nationals,2.0,5.0,682052.0,656492.0,Jacob Metz,Sean Barber,"86 degrees, Partly Cloudy.","3 mph, Out To RF.",1:06 PM.,"9,088.",9,0.0,0.0,1,5
824007,2026-07-19,R,2026,Angel Stadium,Los Angeles Angels,Detroit Tigers,3.0,2.0,696270.0,663554.0,Lance Barksdale,Dillon Wilson,"84 degrees, Sunny.","9 mph, Out To CF.",1:08 PM.,"30,778.",9,0.0,1.0,2,1
823113,2026-07-19,R,2026,T-Mobile Park,Seattle Mariners,San Francisco Giants,6.0,3.0,669302.0,592662.0,Dexter Kelley,Shane Livensparger,"71 degrees, Sunny.","8 mph, L To R.",1:11 PM.,"36,204.",9,0.0,2.0,3,3
825057,2026-07-19,R,2026,Chase Field,Arizona Diamondbacks,St. Louis Cardinals,8.0,7.0,593958.0,669467.0,Tyler Jones,Chad Fairchild,"75 degrees, Roof Closed.","0 mph, None.",1:11 PM.,"28,069.",10,0.0,0.0,0,7
824410,2026-07-20,R,2026,Progressive Field,Cleveland Guardians,Minnesota Twins,13.0,4.0,676440.0,657746.0,David Rackley,Nestor Ceja,"78 degrees, Partly Cloudy.","3 mph, In From CF.",6:41 PM.,"22,501.",9,3.0,0.0,9,2
823522,2026-07-20,R,2026,Yankee Stadium,New York Yankees,Pittsburgh Pirates,8.0,5.0,677960.0,677952.0,Paul Clemons,Quinn Wolcott,"79 degrees, Clear.","11 mph, R To L.",7:09 PM.,"42,348.",9,4.0,0.0,8,5
822788,2026-07-20,R,2026,Rogers Centre,Toronto Blue Jays,Tampa Bay Rays,1.0,7.0,656302.0,607259.0,John Tumpane,Chris Conroy,"72 degrees, Clear.","15 mph, Out To CF.",7:07 PM.,"40,837.",9,0.0,0.0,1,4
824736,2026-07-20,R,2026,Fenway Park,Boston Red Sox,Baltimore Orioles,6.0,5.0,801139.0,669358.0,Stu Scheurwater,Jordan Baker,"79 degrees, Clear.","9 mph, Out To CF.",7:11 PM.,"37,659.",9,0.0,1.0,3,2
823436,2026-07-20,R,2026,Citizens Bank Park,Philadelphia Phillies,Los Angeles Dodgers,10.0,7.0,650911.0,686218.0,Laz Diaz,Erich Bacchus,"82 degrees, Clear.","7 mph, Out To CF.",7:12 PM.,"40,265.",9,0.0,0.0,4,1
824898,2026-07-20,R,2026,Truist Park,Atlanta Braves,San Diego Padres,3.0,2.0,693821.0,676664.0,Mike Muchlinski,Emil Jimenez,"91 degrees, Partly Cloudy.","5 mph, L To R.",7:17 PM.,"31,263.",9,0.0,0.0,2,1
824087,2026-07-20,R,2026,Kauffman Stadium,Kansas City Royals,San Francisco Giants,4.0,3.0,608379.0,686790.0,Mike Estabrook,Lance Barrett,"97 degrees, Clear.","6 mph, R To L.",6:41 PM.,"16,411.",9,0.0,0.0,3,1
823762,2026-07-20,R,2026,American Family Field,Milwaukee Brewers,New York Mets,8.0,3.0,694819.0,642547.0,Cory Blaser,Jansen Visconti,"82 degrees, Cloudy.","14 mph, R To L.",6:40 PM.,"34,073.",9,2.0,0.0,5,1
824654,2026-07-20,R,2026,Wrigley Field,Chicago Cubs,Detroit Tigers,6.0,8.0,592791.0,656427.0,Tripp Gibson,Nick Mahrley,"79 degrees, Partly Cloudy.","7 mph, Out To CF.",7:35 PM.,"39,023.",10,0.0,4.0,3,4
822874,2026-07-20,R,2026,Globe Life Field,Texas Rangers,Chicago White Sox,3.0,10.0,594798.0,607200.0,Ryan Additon,Will Little,"74 degrees, Roof Closed.","0 mph, None.",7:08 PM.,"28,506.",9,1.0,0.0,2,5
824167,2026-07-20,R,2026,Daikin Park,Houston Astros,Miami Marlins,8.0,5.0,669854.0,676083.0,D.J. Reyburn,Sean Barber,"73 degrees, Roof Closed.","0 mph, None.",7:10 PM.,"23,684.",9,0.0,0.0,7,4
824328,2026-07-20,R,2026,Coors Field,Colorado Rockies,Washington Nationals,3.0,7.0,607536.0,674841.0,Todd Tichenor,Bruce Dreckman,"90 degrees, Partly Cloudy.","7 mph, R To L.",6:40 PM.,"20,050.",9,0.0,3.0,3,3
825058,2026-07-20,R,2026,Chase Field,Arizona Diamondbacks,Athletics,2.0,5.0,683352.0,605488.0,Nic Lentz,Hunter Wendelstedt,"75 degrees, Roof Closed.","0 mph, None.",6:42 PM.,"19,121.",9,0.0,0.0,0,2
823112,2026-07-20,R,2026,T-Mobile Park,Seattle Mariners,Cincinnati Reds,8.0,0.0,669923.0,671096.0,Dillon Wilson,Chad Fairchild,"80 degrees, Partly Cloudy.","4 mph, L To R.",6:41 PM.,"35,929.",9,0.0,0.0,1,0
824006,2026-07-20,R,2026,Angel Stadium,Los Angeles Angels,St. Louis Cardinals,3.0,2.0,667755.0,681517.0,Shane Livensparger,Mark Ripperger,"79 degrees, Partly Cloudy.","8 mph, Out To RF.",7:10 PM.,"29,794.",9,0.0,0.0,1,2
824409,2026-07-21,R,2026,Progressive Field,Cleveland Guardians,Minnesota Twins,5.0,2.0,800048.0,696070.0,Nestor Ceja,Willie Traynor,"83 degrees, Partly Cloudy.","13 mph, L To R.",6:40 PM.,"19,714.",9,0.0,1.0,2,2
823437,2026-07-21,R,2026,Citizens Bank Park,Philadelphia Phillies,Los Angeles Dodgers,1.0,2.0,554430.0,680736.0,Erich Bacchus,Brian O'Nora,"73 degrees, Cloudy.","11 mph, Out To CF.",8:00 PM.,"40,077.",9,1.0,0.0,1,2
822787,2026-07-21,R,2026,Rogers Centre,Toronto Blue Jays,Tampa Bay Rays,2.0,12.0,592332.0,656876.0,Chris Conroy,Ben May,"68 degrees, Roof Closed.","0 mph, None.",7:08 PM.,"42,881.",9,0.0,3.0,0,8
824895,2026-07-21,R,2026,Truist Park,Atlanta Braves,San Diego Padres,3.0,8.0,625643.0,621111.0,Emil Jimenez,Gabe Morales,"87 degrees, Partly Cloudy.","9 mph, In From CF.",7:16 PM.,"31,870.",9,0.0,1.0,2,5
824085,2026-07-21,R,2026,Kauffman Stadium,Kansas City Royals,San Francisco Giants,3.0,2.0,679883.0,641816.0,Lance Barrett,Malachi Moore,"87 degrees, Partly Cloudy.","6 mph, L To R.",6:40 PM.,"25,175.",9,0.0,0.0,1,2
823760,2026-07-21,R,2026,American Family Field,Milwaukee Brewers,New York Mets,0.0,4.0,687075.0,804267.0,Jansen Visconti,Andy Fletcher,"81 degrees, Roof Closed.","0 mph, Calm.",6:41 PM.,"30,016.",9,0.0,0.0,0,3
824652,2026-07-21,R,2026,Wrigley Field,Chicago Cubs,Detroit Tigers,11.0,2.0,656849.0,664285.0,Nick Mahrley,Derek Thomas,"82 degrees, Cloudy.","14 mph, In From LF.",7:05 PM.,"39,039.",9,6.0,0.0,9,0
822871,2026-07-21,R,2026,Globe Life Field,Texas Rangers,Chicago White Sox,10.0,0.0,677958.0,702273.0,Will Little,Ryan Wills,"74 degrees, Roof Closed.","0 mph, None.",7:08 PM.,"26,108.",9,2.0,0.0,9,0
824165,2026-07-21,R,2026,Daikin Park,Houston Astros,Miami Marlins,5.0,3.0,837227.0,663969.0,Sean Barber,John Libka,"73 degrees, Roof Closed.","0 mph, None.",7:10 PM.,"28,748.",9,1.0,0.0,5,1
824329,2026-07-21,R,2026,Coors Field,Colorado Rockies,Washington Nationals,8.0,7.0,547179.0,687223.0,Bruce Dreckman,Clint Vondrak,"94 degrees, Partly Cloudy.","11 mph, Out To LF.",6:42 PM.,"24,273.",9,0.0,2.0,6,6
824005,2026-07-21,R,2026,Angel Stadium,Los Angeles Angels,St. Louis Cardinals,5.0,1.0,700712.0,669461.0,Mark Ripperger,Dan Bellino,"83 degrees, Clear.","9 mph, Out To CF.",6:39 PM.,"33,151.",9,5.0,0.0,5,1
825056,2026-07-21,R,2026,Chase Field,Arizona Diamondbacks,Athletics,6.0,5.0,684442.0,678022.0,Hunter Wendelstedt,Vic Carapazza,"75 degrees, Roof Closed.","0 mph, None.",6:40 PM.,"19,709.",10,3.0,0.0,3,1
823114,2026-07-21,R,2026,T-Mobile Park,Seattle Mariners,Cincinnati Reds,2.0,4.0,622491.0,695505.0,Chad Fairchild,Bill Miller,"88 degrees, Clear.","3 mph, L To R.",6:41 PM.,"35,239.",9,0.0,1.0,0,3
823518,2026-07-22,R,2026,Yankee Stadium,New York Yankees,Pittsburgh Pirates,3.0,5.0,543037.0,656605.0,Quinn Wolcott,Brock Ballou,"83 degrees, Partly Cloudy.","14 mph, Out To CF.",1:08 PM.,"43,290.",10,0.0,0.0,0,2
823519,2026-07-22,R,2026,Yankee Stadium,New York Yankees,Pittsburgh Pirates,2.0,0.0,608331.0,696149.0,Ramon De Jesus,Adrian Johnson,"82 degrees, Partly Cloudy.","15 mph, Out To RF.",7:09 PM.,"41,064.",9,0.0,0.0,0,0
824735,2026-07-22,R,2026,Fenway Park,Boston Red Sox,Baltimore Orioles,6.0,3.0,687562.0,665152.0,Felix Neon,Austin Jones,"82 degrees, Partly Cloudy.","11 mph, Out To CF.",1:35 PM.,"35,039.",9,4.0,0.0,6,2
824732,2026-07-22,R,2026,Fenway Park,Boston Red Sox,Baltimore Orioles,1.0,5.0,700842.0,680694.0,Rob Drake,Jordan Baker,"77 degrees, Overcast.","2 mph, Out To RF.",7:10 PM.,"38,005.",9,0.0,4.0,1,4
824083,2026-07-22,R,2026,Kauffman Stadium,Kansas City Royals,San Francisco Giants,5.0,4.0,607625.0,694738.0,Malachi Moore,Alfonso Márquez,"79 degrees, Sunny.","9 mph, L To R.",1:10 PM.,"14,606.",9,0.0,0.0,0,0
823761,2026-07-22,R,2026,American Family Field,Milwaukee Brewers,New York Mets,4.0,3.0,701656.0,681035.0,Andy Fletcher,Alex Tosi,"72 degrees, Partly Cloudy.","2 mph, In From RF.",1:10 PM.,"38,319.",9,0.0,0.0,3,2
824327,2026-07-22,R,2026,Coors Field,Colorado Rockies,Washington Nationals,0.0,8.0,687312.0,676917.0,Clint Vondrak,Adam Hamari,"89 degrees, Sunny.","10 mph, In From LF.",1:11 PM.,"23,196.",9,0.0,0.0,0,1
825055,2026-07-22,R,2026,Chase Field,Arizona Diamondbacks,Athletics,15.0,5.0,518876.0,695611.0,Vic Carapazza,Steven Jaschinski,"74 degrees, Roof Closed.","0 mph, None.",12:43 PM.,"19,343.",9,0.0,0.0,9,2
823110,2026-07-22,R,2026,T-Mobile Park,Seattle Mariners,Cincinnati Reds,3.0,5.0,676106.0,663903.0,Bill Miller,Chad Whitson,"84 degrees, Sunny.","8 mph, L To R.",12:41 PM.,"38,236.",9,0.0,0.0,3,2
824004,2026-07-22,R,2026,Angel Stadium,Los Angeles Angels,St. Louis Cardinals,0.0,1.0,672282.0,690928.0,Dan Bellino,Dexter Kelley,"84 degrees, Sunny.","8 mph, Out To RF.",1:08 PM.,"25,187.",9,0.0,0.0,0,0
824408,2026-07-22,R,2026,Progressive Field,Cleveland Guardians,Minnesota Twins,6.0,10.0,677944.0,641927.0,Willie Traynor,Charlie Ramos,"70 degrees, Partly Cloudy.","6 mph, L To R.",6:41 PM.,"22,807.",9,1.0,1.0,4,7
823438,2026-07-22,R,2026,Citizens Bank Park,Philadelphia Phillies,Los Angeles Dodgers,5.0,9.0,605400.0,641778.0,Brian O'Nora,Chris Segal,"89 degrees, Partly Cloudy.","12 mph, L To R.",6:42 PM.,"40,675.",9,2.0,0.0,3,3
822784,2026-07-22,R,2026,Rogers Centre,Toronto Blue Jays,Tampa Bay Rays,2.0,4.0,680755.0,643377.0,Ben May,Brennan Miller,"70 degrees, Partly Cloudy.","10 mph, L To R.",7:07 PM.,"42,841.",9,1.0,0.0,1,1
824896,2026-07-22,R,2026,Truist Park,Atlanta Braves,San Diego Padres,7.0,6.0,527048.0,650633.0,Gabe Morales,Doug Eddings,"87 degrees, Clear.","6 mph, L To R.",7:16 PM.,"33,766.",9,1.0,0.0,1,0
822873,2026-07-22,R,2026,Globe Life Field,Texas Rangers,Chicago White Sox,2.0,4.0,641302.0,641743.0,Ryan Wills,Lance Barksdale,"74 degrees, Roof Closed.","0 mph, None.",7:08 PM.,"31,127.",9,0.0,0.0,2,3
824650,2026-07-22,R,2026,Wrigley Field,Chicago Cubs,Detroit Tigers,1.0,5.0,607067.0,672456.0,Derek Thomas,Marvin Hudson,"72 degrees, Clear.","10 mph, In From CF.",7:10 PM.,"40,512.",9,1.0,0.0,1,4
824166,2026-07-22,R,2026,Daikin Park,Houston Astros,Miami Marlins,5.0,2.0,663567.0,645261.0,John Libka,James Hoye,"73 degrees, Roof Closed.","0 mph, None.",7:10 PM.,"26,099.",9,0.0,0.0,2,2
824893,2026-07-23,R,2026,Truist Park,Atlanta Braves,San Diego Padres,6.0,5.0,519242.0,606996.0,Doug Eddings,Mike Muchlinski,"82 degrees, Cloudy.","6 mph, Out To LF.",12:17 PM.,"29,441.",9,0.0,0.0,5,3
824406,2026-07-23,R,2026,Progressive Field,Cleveland Guardians,Minnesota Twins,1.0,3.0,668909.0,671737.0,Charlie Ramos,David Rackley,"72 degrees, Sunny.","6 mph, In From CF.",1:10 PM.,"27,354.",12,0.0,0.0,1,0
822785,2026-07-23,R,2026,Rogers Centre,Toronto Blue Jays,Tampa Bay Rays,3.0,1.0,669456.0,668984.0,Brennan Miller,John Tumpane,"68 degrees, Sunny.","13 mph, Out To CF.",3:07 PM.,"43,225.",9,1.0,0.0,2,1
823042,2026-07-23,R,2026,Busch Stadium,St. Louis Cardinals,Arizona Diamondbacks,6.0,10.0,700241.0,694297.0,Alfonso Márquez,Mike Estabrook,"78 degrees, Partly Cloudy.","4 mph, In From CF.",4:15 PM.,"32,381.",9,2.0,0.0,2,4
824247,2026-07-23,R,2026,Comerica Park,Detroit Tigers,Kansas City Royals,4.0,3.0,675512.0,677976.0,Chris Segal,Laz Diaz,"76 degrees, Clear.","7 mph, In From LF.",6:40 PM.,"35,548.",9,0.0,0.0,0,0
823759,2026-07-24,R,2026,American Family Field,Milwaukee Brewers,Colorado Rockies,2.0,5.0,675660.0,608372.0,David Rackley,Nestor Ceja,"79 degrees, Partly Cloudy.","9 mph, In From CF.",3:10 PM.,"37,089.",9,1.0,2.0,1,4
824248,2026-07-24,R,2026,Comerica Park,Detroit Tigers,Kansas City Royals,2.0,1.0,669373.0,694360.0,Laz Diaz,Erich Bacchus,"78 degrees, Partly Cloudy.","8 mph, In From CF.",6:40 PM.,"40,638.",9,2.0,0.0,2,1
823352,2026-07-24,R,2026,PNC Park,Pittsburgh Pirates,Chicago Cubs,2.0,3.0,683003.0,571510.0,Alex Tosi,Cory Blaser,"78 degrees, Cloudy.","7 mph, In From LF.",6:40 PM.,"33,593.",10,0.0,0.0,1,0
822707,2026-07-24,R,2026,Nationals Park,Washington Nationals,Arizona Diamondbacks,2.0,3.0,687223.0,593958.0,Jordan Baker,Stu Scheurwater,"79 degrees, Cloudy.","7 mph, In From RF.",6:45 PM.,"36,065.",9,0.0,0.0,2,2
823434,2026-07-24,R,2026,Citizens Bank Park,Philadelphia Phillies,New York Yankees,0.0,1.0,666200.0,693645.0,John Tumpane,Chris Conroy,"80 degrees, Partly Cloudy.","9 mph, Out To CF.",6:46 PM.,"43,165.",9,0.0,0.0,0,1
824812,2026-07-24,R,2026,Oriole Park at Camden Yards,Baltimore Orioles,Atlanta Braves,6.0,7.0,669432.0,656550.0,James Hoye,D.J. Reyburn,"77 degrees, Partly Cloudy.","8 mph, Out To LF.",7:06 PM.,"35,775.",10,0.0,0.0,3,2
823601,2026-07-24,R,2026,Citi Field,New York Mets,Los Angeles Dodgers,2.0,4.0,640455.0,808963.0,Mike Estabrook,Lance Barrett,"77 degrees, Cloudy.","7 mph, Out To LF.",7:11 PM.,"35,338.",9,0.0,0.0,1,1
822952,2026-07-24,R,2026,Tropicana Field,Tampa Bay Rays,Cleveland Guardians,11.0,3.0,663556.0,676282.0,Adam Hamari,Todd Tichenor,"72 degrees, Dome.","0 mph, None.",7:10 PM.,"19,099.",9,0.0,0.0,5,1
823843,2026-07-24,R,2026,loanDepot park,Miami Marlins,San Diego Padres,2.0,4.0,687473.0,608566.0,Lance Barksdale,Ryan Additon,"72 degrees, Roof Closed.","0 mph, None.",7:11 PM.,"16,151.",9,0.0,0.0,2,2
824733,2026-07-24,R,2026,Fenway Park,Boston Red Sox,Toronto Blue Jays,6.0,4.0,663776.0,702056.0,Adrian Johnson,Paul Clemons,"76 degrees, Clear.","3 mph, R To L.",7:16 PM.,"37,405.",9,1.0,0.0,3,0
824573,2026-07-24,R,2026,Rate Field,Chicago White Sox,Houston Astros,5.0,9.0,663436.0,681293.0,Dexter Kelley,Shane Livensparger,"76 degrees, Partly Cloudy.","8 mph, In From RF.",6:41 PM.,"28,657.",9,3.0,0.0,5,0
822872,2026-07-24,R,2026,Globe Life Field,Texas Rangers,Seattle Mariners,5.0,4.0,669022.0,682243.0,Marvin Hudson,Tripp Gibson,"74 degrees, Roof Closed.","0 mph, None.",7:08 PM.,"33,478.",9,1.0,0.0,3,3
823680,2026-07-24,R,2026,Target Field,Minnesota Twins,Athletics,0.0,2.0,805673.0,682052.0,Chad Whitson,Dillon Wilson,"79 degrees, Cloudy.","12 mph, Out To LF.",7:11 PM.,"26,128.",9,0.0,0.0,0,1
823031,2026-07-24,R,2026,Busch Stadium,St. Louis Cardinals,Cincinnati Reds,2.0,4.0,669160.0,695076.0,Mike Muchlinski,Emil Jimenez,"74 degrees, Cloudy.","7 mph, R To L.",7:15 PM.,"29,900.",9,0.0,0.0,2,1
823196,2026-07-24,R,2026,Oracle Park,San Francisco Giants,Los Angeles Angels,7.0,6.0,657277.0,680570.0,Edwin Moscoso,Nic Lentz,"64 degrees, Clear.","14 mph, Varies.",7:15 PM.,"41,559.",10,2.0,1.0,5,4
824244,2026-07-25,R,2026,Comerica Park,Detroit Tigers,Kansas City Royals,2.0,3.0,663554.0,608379.0,Erich Bacchus,Brian O'Nora,"78 degrees, Partly Cloudy.","5 mph, R To L.",1:10 PM.,"32,867.",9,0.0,0.0,2,1
822704,2026-07-25,R,2026,Nationals Park,Washington Nationals,Arizona Diamondbacks,5.0,3.0,656492.0,683352.0,Stu Scheurwater,Dan Merzel,"82 degrees, Partly Cloudy.","2 mph, In From RF.",4:06 PM.,"30,032.",9,0.0,0.0,5,2
823197,2026-07-25,R,2026,Oracle Park,San Francisco Giants,Los Angeles Angels,9.0,2.0,592662.0,696270.0,Nic Lentz,Hunter Wendelstedt,"68 degrees, Sunny.","13 mph, Varies.",1:05 PM.,"39,102.",9,0.0,0.0,9,0
824734,2026-07-25,R,2026,Fenway Park,Boston Red Sox,Toronto Blue Jays,0.0,6.0,543243.0,656302.0,Paul Clemons,Quinn Wolcott,"78 degrees, Sunny.","8 mph, In From RF.",4:11 PM.,"36,902.",9,0.0,0.0,0,5
823841,2026-07-25,R,2026,loanDepot park,Miami Marlins,San Diego Padres,2.0,7.0,691587.0,681190.0,Ryan Additon,Will Little,"72 degrees, Roof Closed.","0 mph, None.",4:11 PM.,"22,319.",9,0.0,0.0,1,2
823435,2026-07-25,R,2026,Citizens Bank Park,Philadelphia Phillies,New York Yankees,1.0,3.0,641835.0,677960.0,Chris Conroy,Ben May,"81 degrees, Clear.","9 mph, R To L.",6:05 PM.,"44,562.",9,1.0,0.0,1,1
822948,2026-07-25,R,2026,Tropicana Field,Tampa Bay Rays,Cleveland Guardians,3.0,0.0,607259.0,676440.0,Todd Tichenor,Tyler Jones,"72 degrees, Dome.","0 mph, None.",6:10 PM.,"24,100.",9,0.0,0.0,2,0
823355,2026-07-25,R,2026,PNC Park,Pittsburgh Pirates,Chicago Cubs,0.0,11.0,694973.0,684007.0,Cory Blaser,Jansen Visconti,"79 degrees, Partly Cloudy.","8 mph, Out To LF.",6:42 PM.,"39,105.",9,0.0,0.0,0,3
824811,2026-07-25,R,2026,Oriole Park at Camden Yards,Baltimore Orioles,Atlanta Braves,3.0,2.0,687064.0,693821.0,D.J. Reyburn,Sean Barber,"80 degrees, Clear.","3 mph, In From RF.",7:06 PM.,"37,883.",9,0.0,0.0,2,0
823679,2026-07-25,R,2026,Target Field,Minnesota Twins,Athletics,2.0,0.0,696070.0,669620.0,Dillon Wilson,Chad Fairchild,"93 degrees, Clear.","5 mph, Out To RF.",6:20 PM.,"30,873.",9,0.0,0.0,0,0
824571,2026-07-25,R,2026,Rate Field,Chicago White Sox,Houston Astros,1.0,4.0,680732.0,686613.0,Shane Livensparger,Mark Ripperger,"78 degrees, Cloudy.","9 mph, R To L.",6:11 PM.,"30,029.",9,0.0,0.0,0,0
823758,2026-07-25,R,2026,American Family Field,Milwaukee Brewers,Colorado Rockies,8.0,5.0,688107.0,663372.0,Nestor Ceja,Willie Traynor,"79 degrees, Cloudy.","5 mph, R To L.",6:10 PM.,"34,328.",9,0.0,0.0,3,2
823600,2026-07-25,R,2026,Citi Field,New York Mets,Los Angeles Dodgers,3.0,4.0,690997.0,808967.0,Lance Barrett,Malachi Moore,"77 degrees, Clear.","12 mph, R To L.",7:16 PM.,"36,356.",9,0.0,0.0,1,4
823027,2026-07-25,R,2026,Busch Stadium,St. Louis Cardinals,Cincinnati Reds,7.0,0.0,669467.0,668881.0,Emil Jimenez,Gabe Morales,"90 degrees, Clear.","2 mph, In From RF.",6:16 PM.,"33,975.",9,1.0,0.0,1,0
822869,2026-07-25,R,2026,Globe Life Field,Texas Rangers,Seattle Mariners,7.0,1.0,543135.0,693433.0,Tripp Gibson,Nick Mahrley,"74 degrees, Roof Closed.","0 mph, None.",6:15 PM.,"34,006.",9,3.0,0.0,5,1
822950,2026-07-26,R,2026,Tropicana Field,Tampa Bay Rays,Cleveland Guardians,1.0,0.0,656876.0,800048.0,Tyler Jones,Clint Vondrak,"72 degrees, Dome.","0 mph, None.",12:15 PM.,"20,562.",9,0.0,0.0,1,0
822706,2026-07-26,R,2026,Nationals Park,Washington Nationals,Arizona Diamondbacks,10.0,7.0,571945.0,684442.0,Dan Merzel,Rob Drake,"83 degrees, Cloudy.","5 mph, Out To RF.",1:37 PM.,"21,341.",9,0.0,1.0,6,4
823354,2026-07-26,R,2026,PNC Park,Pittsburgh Pirates,Chicago Cubs,8.0,7.0,677952.0,592791.0,Jansen Visconti,Andy Fletcher,"79 degrees, Partly Cloudy.","3 mph, Out To LF.",1:39 PM.,"32,921.",9,0.0,0.0,8,4
824730,2026-07-26,R,2026,Fenway Park,Boston Red Sox,Toronto Blue Jays,6.0,1.0,624133.0,592332.0,Quinn Wolcott,Ramon De Jesus,"75 degrees, Sunny.","9 mph, In From RF.",1:38 PM.,"36,795.",9,0.0,0.0,3,0
824810,2026-07-26,R,2026,Oriole Park at Camden Yards,Baltimore Orioles,Atlanta Braves,2.0,3.0,669358.0,625643.0,Sean Barber,John Libka,"80 degrees, Partly Cloudy.","5 mph, L To R.",1:37 PM.,"25,032.",11,0.0,0.0,0,2
824246,2026-07-26,R,2026,Comerica Park,Detroit Tigers,Kansas City Royals,4.0,5.0,664285.0,679883.0,Brian O'Nora,Chris Segal,"82 degrees, Partly Cloudy.","5 mph, R To L.",1:42 PM.,"29,489.",9,0.0,2.0,4,3
823599,2026-07-26,R,2026,Citi Field,New York Mets,Los Angeles Dodgers,8.0,3.0,642547.0,686218.0,Malachi Moore,Alfonso Márquez,"79 degrees, Sunny.","5 mph, In From CF.",1:41 PM.,"34,566.",9,1.0,0.0,1,3
823840,2026-07-26,R,2026,loanDepot park,Miami Marlins,San Diego Padres,3.0,5.0,676083.0,621111.0,Will Little,Ryan Wills,"72 degrees, Roof Closed.","0 mph, None.",1:41 PM.,"21,675.",9,0.0,0.0,3,1
823678,2026-07-26,R,2026,Target Field,Minnesota Twins,Athletics,11.0,8.0,687570.0,605488.0,Chad Fairchild,Bill Miller,"92 degrees, Partly Cloudy.","7 mph, Out To LF.",1:12 PM.,"19,701.",9,3.0,0.0,7,0
824572,2026-07-26,R,2026,Rate Field,Chicago White Sox,Houston Astros,12.0,3.0,607200.0,669854.0,Mark Ripperger,Dan Bellino,"90 degrees, Partly Cloudy.","4 mph, In From RF.",1:12 PM.,"32,581.",9,2.0,1.0,3,3
823755,2026-07-26,R,2026,American Family Field,Milwaukee Brewers,Colorado Rockies,11.0,2.0,694819.0,607536.0,Willie Traynor,Charlie Ramos,"86 degrees, Cloudy.","6 mph, In From LF.",1:10 PM.,"39,131.",9,3.0,0.0,3,1
823028,2026-07-26,R,2026,Busch Stadium,St. Louis Cardinals,Cincinnati Reds,3.0,5.0,681517.0,671096.0,Gabe Morales,Doug Eddings,"94 degrees, Partly Cloudy.","5 mph, Out To RF.",1:17 PM.,"22,852.",10,0.0,0.0,2,2
822870,2026-07-26,R,2026,Globe Life Field,Texas Rangers,Seattle Mariners,4.0,6.0,594798.0,669302.0,Nick Mahrley,Derek Thomas,"74 degrees, Roof Closed.","0 mph, None.",1:38 PM.,"29,496.",9,1.0,0.0,3,1
823194,2026-07-26,R,2026,Oracle Park,San Francisco Giants,Los Angeles Angels,3.0,4.0,687931.0,667755.0,Hunter Wendelstedt,Vic Carapazza,"68 degrees, Partly Cloudy.","12 mph, Out To CF.",1:05 PM.,"34,111.",9,0.0,1.0,1,4
823433,2026-07-26,R,2026,Citizens Bank Park,Philadelphia Phillies,New York Yankees,11.0,4.0,650911.0,701542.0,Ben May,Brennan Miller,"81 degrees, Partly Cloudy.","7 mph, Out To LF.",7:22 PM.,"42,799.",9,1.0,0.0,6,3
822868,2026-07-27,R,2026,Globe Life Field,Texas Rangers,Seattle Mariners,7.0,3.0,677958.0,669923.0,Derek Thomas,Marvin Hudson,"74 degrees, Roof Closed.","0 mph, None.",1:38 PM.,"27,683.",9,1.0,0.0,7,2
824245,2026-07-27,R,2026,Comerica Park,Detroit Tigers,Baltimore Orioles,5.0,8.0,672456.0,680694.0,Bill Miller,Chad Whitson,"84 degrees, Partly Cloudy.","6 mph, Out To LF.",6:40 PM.,"21,913.",9,0.0,1.0,5,7
823353,2026-07-27,R,2026,PNC Park,Pittsburgh Pirates,Arizona Diamondbacks,3.0,2.0,656605.0,518876.0,Brennan Miller,John Bacon,"85 degrees, Partly Cloudy.","8 mph, Out To LF.",6:42 PM.,"15,412.",10,0.0,0.0,0,0
823839,2026-07-27,R,2026,loanDepot park,Miami Marlins,Philadelphia Phillies,8.0,7.0,663969.0,554430.0,Dan Bellino,Dexter Kelley,"72 degrees, Roof Closed.","0 mph, None.",6:40 PM.,"11,041.",9,2.0,2.0,5,2
822705,2026-07-27,R,2026,Nationals Park,Washington Nationals,Toronto Blue Jays,2.0,3.0,678868.0,453286.0,Ryan Wills,Jonathan Parra,"91 degrees, Partly Cloudy.","2 mph, Out To LF.",6:45 PM.,"17,618.",9,0.0,0.0,2,3
823597,2026-07-27,R,2026,Citi Field,New York Mets,Atlanta Braves,14.0,3.0,804267.0,527048.0,Ron Kulpa,Scott Barry,"79 degrees, Cloudy.","9 mph, Out To LF.",7:10 PM.,"29,466.",9,1.0,1.0,3,3
824570,2026-07-27,R,2026,Rate Field,Chicago White Sox,New York Yankees,5.0,9.0,702273.0,608331.0,Alan Porter,Roberto Ortiz,"74 degrees, Clear.","12 mph, R To L.",7:00 PM.,"22,357.",9,3.0,0.0,4,4
823025,2026-07-27,R,2026,Busch Stadium,St. Louis Cardinals,Chicago Cubs,3.0,7.0,669461.0,656849.0,Clint Vondrak,Adam Hamari,"90 degrees, Partly Cloudy.","11 mph, Out To CF.",8:31 PM.,"24,209.",9,0.0,1.0,1,5
824001,2026-07-27,R,2026,Angel Stadium,Los Angeles Angels,Houston Astros,4.0,6.0,700712.0,837227.0,Chris Guccione,David Rackley,"82 degrees, Clear.","9 mph, Out To RF.",6:39 PM.,"30,121.",9,2.0,0.0,4,1
824977,2026-07-27,R,2026,Sutter Health Park,Athletics,Boston Red Sox,2.0,4.0,678022.0,801139.0,Carlos Torres,Mark Wegner,"88 degrees, Clear.","8 mph, R To L.",6:40 PM.,"10,486.",9,1.0,0.0,1,0
823195,2026-07-27,R,2026,Oracle Park,San Francisco Giants,Milwaukee Brewers,3.0,0.0,641816.0,687075.0,Doug Eddings,Mike Muchlinski,"63 degrees, Clear.","13 mph, Varies.",6:46 PM.,"35,107.",9,0.0,0.0,3,0
824490,2026-07-28,R,2026,Great American Ball Park,Cincinnati Reds,Cleveland Guardians,5.0,6.0,695505.0,677944.0,Alfonso Márquez,Steven Jaschinski,"84 degrees, Partly Cloudy.","10 mph, Varies.",1:41 PM.,"16,866.",9,0.0,4.0,5,5
824489,2026-07-28,R,2026,Great American Ball Park,Cincinnati Reds,Cleveland Guardians,2.0,0.0,657571.0,668909.0,Mike Estabrook,Lance Barrett,"84 degrees, Partly Cloudy.","9 mph, Out To RF.",7:11 PM.,"26,928.",9,1.0,0.0,2,0
824243,2026-07-28,R,2026,Comerica Park,Detroit Tigers,Baltimore Orioles,14.0,0.0,675512.0,665152.0,Chad Whitson,Brian Walsh,"79 degrees, Partly Cloudy.","7 mph, Out To RF.",6:40 PM.,"27,453.",9,2.0,0.0,9,0
823350,2026-07-28,R,2026,PNC Park,Pittsburgh Pirates,Arizona Diamondbacks,7.0,8.0,696149.0,694297.0,John Bacon,Chris Conroy,"79 degrees, Partly Cloudy.","9 mph, Out To CF.",6:42 PM.,"19,024.",12,0.0,1.0,0,5
822949,2026-07-28,R,2026,Tropicana Field,Tampa Bay Rays,Texas Rangers,1.0,4.0,643377.0,615698.0,Rob Drake,Jordan Baker,"72 degrees, Dome.","0 mph, None.",6:40 PM.,"14,502.",9,0.0,0.0,0,2
823838,2026-07-28,R,2026,loanDepot park,Miami Marlins,Philadelphia Phillies,1.0,0.0,645261.0,605400.0,Dexter Kelley,Shane Livensparger,"72 degrees, Roof Closed.","0 mph, None.",6:40 PM.,"12,010.",9,1.0,0.0,1,0
822703,2026-07-28,R,2026,Nationals Park,Washington Nationals,Toronto Blue Jays,8.0,6.0,676917.0,669456.0,Jonathan Parra,Lance Barksdale,"69 degrees, Overcast.","5 mph, Out To LF.",7:52 PM.,"20,775.",9,4.0,0.0,8,3
823676,2026-07-28,R,2026,Target Field,Minnesota Twins,Kansas City Royals,3.0,2.0,671737.0,607625.0,Marvin Hudson,Tripp Gibson,"89 degrees, Partly Cloudy.","6 mph, Out To RF.",6:41 PM.,"21,518.",9,0.0,0.0,1,0
824569,2026-07-28,R,2026,Rate Field,Chicago White Sox,New York Yankees,2.0,3.0,641743.0,543037.0,Roberto Ortiz,Jim Wolf,"73 degrees, Partly Cloudy.","15 mph, Out To RF.",6:41 PM.,"33,743.",9,0.0,0.0,0,3
823026,2026-07-28,R,2026,Busch Stadium,St. Louis Cardinals,Chicago Cubs,2.0,10.0,700241.0,607067.0,Adam Hamari,Todd Tichenor,"87 degrees, Cloudy.","6 mph, In From LF.",6:46 PM.,"29,097.",9,0.0,2.0,1,8
824003,2026-07-28,R,2026,Angel Stadium,Los Angeles Angels,Houston Astros,2.0,3.0,672282.0,663567.0,Nestor Ceja,Jacob Metz,"81 degrees, Clear.","6 mph, R To L.",6:38 PM.,"32,051.",9,0.0,1.0,2,2
824976,2026-07-28,R,2026,Sutter Health Park,Athletics,Boston Red Sox,4.0,3.0,695611.0,687562.0,Mark Wegner,Bruce Dreckman,"92 degrees, Clear.","6 mph, Out To CF.",6:41 PM.,"10,356.",9,0.0,0.0,1,0
823275,2026-07-28,R,2026,Petco Park,San Diego Padres,Colorado Rockies,8.0,7.0,650633.0,547179.0,Jeremie Rehak,Dan Iassogna,"74 degrees, Clear.","7 mph, L To R.",6:41 PM.,"42,433.",9,0.0,0.0,3,4
823193,2026-07-28,R,2026,Oracle Park,San Francisco Giants,Milwaukee Brewers,2.0,8.0,694738.0,701656.0,Mike Muchlinski,Emil Jimenez,"65 degrees, Clear.","11 mph, Varies.",6:46 PM.,"38,021.",9,0.0,0.0,0,5
823923,2026-07-28,R,2026,UNIQLO Field at Dodger Stadium,Los Angeles Dodgers,Seattle Mariners,6.0,7.0,680736.0,622491.0,Vic Carapazza,Edwin Moscoso,"77 degrees, Clear.","6 mph, Out To CF.",7:10 PM.,"51,686.",9,1.0,0.0,5,4
823837,2026-07-29,R,2026,loanDepot park,Miami Marlins,Philadelphia Phillies,8.0,6.0,687473.0,666200.0,Shane Livensparger,Dan Merzel,"72 degrees, Roof Closed.","0 mph, None.",12:10 PM.,"14,350.",9,0.0,0.0,3,6
823351,2026-07-29,R,2026,PNC Park,Pittsburgh Pirates,Arizona Diamondbacks,0.0,3.0,683003.0,593958.0,Chris Conroy,Ben May,"73 degrees, Cloudy.","10 mph, Out To RF.",12:36 PM.,"19,716.",9,0.0,0.0,0,2
822702,2026-07-29,R,2026,Nationals Park,Washington Nationals,Toronto Blue Jays,2.0,5.0,641793.0,702056.0,Lance Barksdale,Will Little,"81 degrees, Partly Cloudy.","4 mph, In From LF.",1:06 PM.,"20,044.",9,0.0,0.0,1,0
824242,2026-07-29,R,2026,Comerica Park,Detroit Tigers,Baltimore Orioles,9.0,10.0,669373.0,669432.0,Brian Walsh,Chad Fairchild,"79 degrees, Sunny.","11 mph, Out To RF.",1:10 PM.,"34,406.",12,0.0,0.0,5,0
823596,2026-07-29,R,2026,Citi Field,New York Mets,Atlanta Braves,3.0,2.0,640455.0,700363.0,Scott Barry,Brock Ballou,"78 degrees, Cloudy.","7 mph, L To R.",1:10 PM.,"28,493.",9,0.0,0.0,2,0
823598,2026-07-29,R,2026,Citi Field,New York Mets,Atlanta Braves,0.0,1.0,681035.0,519242.0,Manny Gonzalez,Tom Hanahan,"77 degrees, Cloudy.","6 mph, Out To RF.",7:10 PM.,"22,672.",9,0.0,0.0,0,0
823192,2026-07-29,R,2026,Oracle Park,San Francisco Giants,Milwaukee Brewers,16.0,3.0,657277.0,623381.0,Emil Jimenez,Gabe Morales,"67 degrees, Sunny.","9 mph, Out To CF.",12:46 PM.,"35,399.",9,0.0,0.0,3,2
823273,2026-07-29,R,2026,Petco Park,San Diego Padres,Colorado Rockies,3.0,1.0,606996.0,687312.0,Dan Iassogna,Adam Beck,"77 degrees, Sunny.","9 mph, L To R.",1:11 PM.,"40,714.",9,0.0,0.0,3,0
822947,2026-07-29,R,2026,Tropicana Field,Tampa Bay Rays,Texas Rangers,3.0,0.0,668984.0,669022.0,Jordan Baker,Stu Scheurwater,"72 degrees, Dome.","0 mph, None.",6:40 PM.,"14,200.",9,3.0,0.0,3,0
824487,2026-07-29,R,2026,Great American Ball Park,Cincinnati Reds,Cleveland Guardians,1.0,6.0,663903.0,676282.0,Lance Barrett,Malachi Moore,"82 degrees, Clear.","8 mph, Out To RF.",7:11 PM.,"17,084.",9,0.0,0.0,0,4
823677,2026-07-29,R,2026,Target Field,Minnesota Twins,Kansas City Royals,0.0,4.0,657746.0,677976.0,Tripp Gibson,Nick Mahrley,"90 degrees, Partly Cloudy.","8 mph, Out To LF.",6:42 PM.,"18,728.",9,0.0,0.0,0,4
824567,2026-07-29,R,2026,Rate Field,Chicago White Sox,New York Yankees,6.0,5.0,663436.0,693645.0,Jim Wolf,Alex MacKay,"75 degrees, Clear.","9 mph, Out To RF.",6:40 PM.,"31,694.",12,0.0,4.0,0,4
823022,2026-07-29,R,2026,Busch Stadium,St. Louis Cardinals,Chicago Cubs,3.0,2.0,669160.0,571510.0,Todd Tichenor,Tyler Jones,"84 degrees, Partly Cloudy.","7 mph, In From RF.",6:46 PM.,"31,499.",10,0.0,0.0,0,0
824002,2026-07-29,R,2026,Angel Stadium,Los Angeles Angels,Houston Astros,4.0,7.0,680570.0,669713.0,Jacob Metz,Willie Traynor,"81 degrees, Partly Cloudy.","8 mph, R To L.",6:40 PM.,"26,417.",9,3.0,0.0,3,2
824973,2026-07-29,R,2026,Sutter Health Park,Athletics,Boston Red Sox,2.0,4.0,682052.0,663776.0,Bruce Dreckman,Nate Tomlinson,"91 degrees, Clear.","10 mph, Out To LF.",6:41 PM.,"9,674.",10,0.0,0.0,2,1
823924,2026-07-29,R,2026,UNIQLO Field at Dodger Stadium,Los Angeles Dodgers,Seattle Mariners,4.0,2.0,641778.0,676106.0,Edwin Moscoso,Nic Lentz,"77 degrees, Clear.","6 mph, Out To RF.",7:11 PM.,"46,065.",9,1.0,0.0,3,0
822946,2026-07-30,R,2026,Tropicana Field,Tampa Bay Rays,Texas Rangers,3.0,2.0,663556.0,668390.0,Stu Scheurwater,Junior Valentine,"72 degrees, Dome.","0 mph, None.",12:10 PM.,"15,322.",9,0.0,0.0,1,2
823674,2026-07-30,R,2026,Target Field,Minnesota Twins,Kansas City Royals,4.0,3.0,641927.0,702070.0,Nick Mahrley,Derek Thomas,"84 degrees, Partly Cloudy.","10 mph, Out To LF.",12:41 PM.,"22,944.",9,0.0,0.0,0,3
824568,2026-07-30,R,2026,Rate Field,Chicago White Sox,New York Yankees,2.0,1.0,680732.0,677960.0,Alex MacKay,Alan Porter,"84 degrees, Partly Cloudy.","4 mph, L To R.",1:11 PM.,"29,384.",11,0.0,0.0,0,0
823023,2026-07-30,R,2026,Busch Stadium,St. Louis Cardinals,Chicago Cubs,2.0,4.0,669467.0,665871.0,Tyler Jones,Clint Vondrak,"85 degrees, Partly Cloudy.","4 mph, In From CF.",1:16 PM.,"29,475.",10,0.0,0.0,1,1
824488,2026-07-30,R,2026,Great American Ball Park,Cincinnati Reds,Pittsburgh Pirates,3.0,2.0,695076.0,670990.0,Dan Merzel,Dan Bellino,"84 degrees, Partly Cloudy.","4 mph, L To R.",7:11 PM.,"25,532.",9,0.0,0.0,2,1
823595,2026-07-30,R,2026,Citi Field,New York Mets,Miami Marlins,4.0,2.0,690997.0,691587.0,Ben May,Brennan Miller,"72 degrees, Cloudy.","2 mph, R To L.",8:16 PM.,"25,774.",9,0.0,0.0,0,1
824894,2026-07-30,R,2026,Truist Park,Atlanta Braves,Washington Nationals,5.0,4.0,656550.0,663623.0,Chad Fairchild,Bill Miller,"87 degrees, Clear.","8 mph, Out To LF.",7:16 PM.,"35,418.",9,0.0,0.0,3,3
824974,2026-07-30,R,2026,Sutter Health Park,Athletics,Boston Red Sox,4.0,5.0,686930.0,543243.0,Nate Tomlinson,Carlos Torres,"90 degrees, Clear.","10 mph, Out To LF.",6:42 PM.,"10,246.",9,0.0,0.0,3,3
823271,2026-07-30,R,2026,Petco Park,San Diego Padres,San Francisco Giants,1.0,4.0,676664.0,592662.0,Willie Traynor,Chris Guccione,"75 degrees, Clear.","7 mph, L To R.",6:41 PM.,"42,758.",9,0.0,1.0,1,4
823921,2026-07-30,R,2026,UNIQLO Field at Dodger Stadium,Los Angeles Dodgers,Seattle Mariners,6.0,2.0,808963.0,693433.0,Nic Lentz,Hunter Wendelstedt,"78 degrees, Clear.","3 mph, Out To RF.",7:10 PM.,"52,378.",9,2.0,0.0,5,0
824651,2026-07-31,R,2026,Wrigley Field,Chicago Cubs,New York Yankees,0.0,2.0,684007.0,701542.0,Tom Hanahan,Ron Kulpa,"77 degrees, Cloudy.","11 mph, R To L.",1:20 PM.,"40,129.",9,0.0,0.0,0,2
824486,2026-07-31,R,2026,Great American Ball Park,Cincinnati Reds,Pittsburgh Pirates,8.0,7.0,668881.0,694973.0,Dan Bellino,Dexter Kelley,"84 degrees, Clear.","1 mph, Calm.",6:11 PM.,"30,618.",9,2.0,2.0,5,4
824809,2026-07-31,R,2026,Oriole Park at Camden Yards,Baltimore Orioles,Philadelphia Phillies,6.0,4.0,687064.0,691725.0,Derek Thomas,Marvin Hudson,"82 degrees, Partly Cloudy.","6 mph, R To L.",7:06 PM.,"31,857.",9,2.0,2.0,2,3
822782,2026-07-31,R,2026,Rogers Centre,Toronto Blue Jays,St. Louis Cardinals,3.0,1.0,656302.0,681517.0,Junior Valentine,Rob Drake,"77 degrees, Clear.","2 mph, R To L.",7:07 PM.,"41,506.",9,0.0,0.0,0,1
824407,2026-07-31,R,2026,Progressive Field,Cleveland Guardians,Arizona Diamondbacks,1.0,4.0,676440.0,683352.0,Will Little,Ryan Wills,"79 degrees, Partly Cloudy.","2 mph, In From CF.",7:11 PM.,"36,639.",9,1.0,0.0,1,0
822945,2026-07-31,R,2026,Tropicana Field,Tampa Bay Rays,Chicago White Sox,1.0,6.0,607259.0,607200.0,Malachi Moore,Alfonso Márquez,"72 degrees, Dome.","0 mph, None.",7:10 PM.,"20,661.",9,0.0,1.0,1,4
823593,2026-07-31,R,2026,Citi Field,New York Mets,Miami Marlins,2.0,5.0,673540.0,676083.0,Brennan Miller,Brock Ballou,"79 degrees, Partly Cloudy.","7 mph, Out To LF.",7:11 PM.,"33,064.",9,0.0,0.0,1,4
824892,2026-07-31,R,2026,Truist Park,Atlanta Braves,Washington Nationals,6.0,2.0,693821.0,656492.0,Bill Miller,John Bacon,"89 degrees, Clear.","3 mph, R To L.",7:17 PM.,"37,664.",9,1.0,0.0,2,1
824164,2026-07-31,R,2026,Daikin Park,Houston Astros,Texas Rangers,11.0,2.0,686613.0,543135.0,Clint Vondrak,Adam Hamari,"73 degrees, Roof Closed.","0 mph, None.",7:16 PM.,"36,621.",9,0.0,0.0,6,0
824325,2026-07-31,R,2026,Coors Field,Colorado Rockies,Kansas City Royals,3.0,1.0,608372.0,608379.0,Hunter Wendelstedt,Vic Carapazza,"85 degrees, Partly Cloudy.","15 mph, L To R.",7:40 PM.,"39,317.",9,1.0,0.0,3,0
823999,2026-07-31,R,2026,Angel Stadium,Los Angeles Angels,Milwaukee Brewers,2.0,6.0,696270.0,675660.0,Carlos Torres,Mark Wegner,"84 degrees, Clear.","8 mph, Out To CF.",6:39 PM.,"43,720.",9,0.0,0.0,2,6
824975,2026-07-31,R,2026,Sutter Health Park,Athletics,Detroit Tigers,1.0,13.0,605488.0,663947.0,Adam Beck,Louie Krupa,"95 degrees, Clear.","6 mph, Out To CF.",6:40 PM.,"8,926.",9,1.0,0.0,1,2
823272,2026-07-31,R,2026,Petco Park,San Diego Padres,San Francisco Giants,7.0,0.0,699134.0,687931.0,Chris Guccione,Nestor Ceja,"75 degrees, Clear.","7 mph, L To R.",6:45 PM.,"44,057.",9,2.0,0.0,6,0
823922,2026-07-31,R,2026,UNIQLO Field at Dodger Stadium,Los Angeles Dodgers,Boston Red Sox,4.0,9.0,683618.0,624133.0,Gabe Morales,Doug Eddings,"78 degrees, Clear.","4 mph, Out To CF.",7:10 PM.,"47,903.",9,0.0,0.0,4,3
823111,2026-07-31,R,2026,T-Mobile Park,Seattle Mariners,Minnesota Twins,3.0,5.0,682243.0,805673.0,Alan Porter,Roberto Ortiz,"80 degrees, Clear.","5 mph, In From LF.",7:11 PM.,"43,489.",9,2.0,0.0,3,2
822781,2026-08-01,R,2026,Rogers Centre,Toronto Blue Jays,St. Louis Cardinals,5.0,1.0,592332.0,687273.0,Rob Drake,Jordan Baker,"77 degrees, Partly Cloudy.","6 mph, R To L.",3:07 PM.,"41,819.",9,0.0,0.0,2,0
823109,2026-08-01,R,2026,T-Mobile Park,Seattle Mariners,Minnesota Twins,4.0,3.0,669302.0,687570.0,Roberto Ortiz,Jim Wolf,"73 degrees, Partly Cloudy.","8 mph, Out To LF.",1:12 PM.,"41,423.",9,2.0,0.0,3,1
822944,2026-08-01,R,2026,Tropicana Field,Tampa Bay Rays,Chicago White Sox,1.0,0.0,656876.0,663855.0,Alfonso Márquez,Mike Estabrook,"72 degrees, Dome.","0 mph, None.",4:10 PM.,"23,309.",9,0.0,0.0,1,0
823594,2026-08-01,R,2026,Citi Field,New York Mets,Miami Marlins,2.0,6.0,804267.0,663969.0,Brock Ballou,Chris Conroy,"87 degrees, Sunny.","4 mph, Out To LF.",4:30 PM.,"30,078.",9,0.0,1.0,2,4
824485,2026-08-01,R,2026,Great American Ball Park,Cincinnati Reds,Pittsburgh Pirates,1.0,4.0,671096.0,677952.0,Dexter Kelley,Shane Livensparger,"76 degrees, Overcast.","10 mph, In From CF.",6:41 PM.,"27,616.",9,0.0,0.0,1,3
824808,2026-08-01,R,2026,Oriole Park at Camden Yards,Baltimore Orioles,Philadelphia Phillies,0.0,5.0,669358.0,650911.0,Marvin Hudson,Tripp Gibson,"82 degrees, Cloudy.","13 mph, Out To LF.",7:08 PM.,"37,751.",9,0.0,0.0,0,1
824162,2026-08-01,R,2026,Daikin Park,Houston Astros,Texas Rangers,5.0,4.0,669854.0,594798.0,Adam Hamari,Todd Tichenor,"73 degrees, Roof Closed.","0 mph, None.",6:11 PM.,"38,461.",9,0.0,0.0,5,3
824405,2026-08-01,R,2026,Progressive Field,Cleveland Guardians,Arizona Diamondbacks,8.0,12.0,800048.0,684442.0,Ryan Wills,Jonathan Parra,"80 degrees, Partly Cloudy.","6 mph, R To L.",7:15 PM.,"30,392.",9,2.0,0.0,2,2
824890,2026-08-01,R,2026,Truist Park,Atlanta Braves,Washington Nationals,8.0,3.0,527048.0,571945.0,John Bacon,Brian Walsh,"88 degrees, Clear.","8 mph, L To R.",7:17 PM.,"38,625.",9,2.0,0.0,4,0
824649,2026-08-01,R,2026,Wrigley Field,Chicago Cubs,New York Yankees,5.0,2.0,656849.0,608331.0,Ron Kulpa,Scott Barry,"71 degrees, Overcast.","21 mph, In From CF.",6:15 PM.,"39,630.",9,1.0,0.0,1,1
824326,2026-08-01,R,2026,Coors Field,Colorado Rockies,Kansas City Royals,12.0,6.0,663372.0,679883.0,Vic Carapazza,Edwin Moscoso,"94 degrees, Clear.","4 mph, R To L.",6:12 PM.,"40,216.",9,0.0,0.0,8,4
823269,2026-08-01,R,2026,Petco Park,San Diego Padres,San Francisco Giants,6.0,5.0,621111.0,641816.0,Nestor Ceja,John Tumpane,"79 degrees, Clear.","7 mph, L To R.",5:41 PM.,"43,766.",9,2.0,0.0,4,3
823920,2026-08-01,R,2026,UNIQLO Field at Dodger Stadium,Los Angeles Dodgers,Boston Red Sox,2.0,3.0,808967.0,801139.0,Doug Eddings,Mike Muchlinski,"85 degrees, Clear.","7 mph, Out To CF.",6:11 PM.,"49,291.",9,0.0,1.0,2,2
824000,2026-08-01,R,2026,Angel Stadium,Los Angeles Angels,Milwaukee Brewers,1.0,3.0,608718.0,688107.0,Mark Wegner,Steven Jaschinski,"84 degrees, Clear.","8 mph, Out To CF.",6:38 PM.,"31,124.",9,1.0,0.0,1,1
824972,2026-08-01,R,2026,Sutter Health Park,Athletics,Detroit Tigers,6.0,8.0,678022.0,664285.0,Louie Krupa,Jeremie Rehak,"98 degrees, Clear.","6 mph, Out To RF.",6:40 PM.,"10,426.",9,0.0,2.0,2,4
824807,2026-08-02,R,2026,Oriole Park at Camden Yards,Baltimore Orioles,Philadelphia Phillies,0.0,8.0,680694.0,554430.0,Tripp Gibson,Nick Mahrley,"82 degrees, Cloudy.","11 mph, R To L.",1:36 PM.,"31,403.",6,0.0,0.0,0,5
824891,2026-08-02,R,2026,Truist Park,Atlanta Braves,Washington Nationals,4.0,2.0,702275.0,676917.0,Brian Walsh,Chad Fairchild,"86 degrees, Partly Cloudy.","8 mph, R To L.",1:36 PM.,"27,143.",9,0.0,0.0,3,2
822783,2026-08-02,R,2026,Rogers Centre,Toronto Blue Jays,St. Louis Cardinals,1.0,5.0,453286.0,669461.0,Jordan Baker,Stu Scheurwater,"68 degrees, Roof Closed.","0 mph, None.",1:37 PM.,"41,321.",9,0.0,0.0,0,1
824404,2026-08-02,R,2026,Progressive Field,Cleveland Guardians,Arizona Diamondbacks,5.0,0.0,668909.0,518876.0,Jonathan Parra,Lance Barksdale,"81 degrees, Overcast.","5 mph, In From RF.",1:42 PM.,"24,869.",9,0.0,0.0,5,0
824483,2026-08-02,R,2026,Great American Ball Park,Cincinnati Reds,Pittsburgh Pirates,10.0,2.0,695505.0,656605.0,Jacob Metz,Dan Merzel,"74 degrees, Partly Cloudy.","5 mph, In From RF.",1:41 PM.,"23,878.",9,3.0,0.0,9,1
822943,2026-08-02,R,2026,Tropicana Field,Tampa Bay Rays,Chicago White Sox,1.0,9.0,643377.0,641743.0,Mike Estabrook,Dillon Wilson,"72 degrees, Dome.","0 mph, None.",1:40 PM.,"23,559.",9,0.0,2.0,0,3
823592,2026-08-02,R,2026,Citi Field,New York Mets,Miami Marlins,0.0,2.0,476594.0,645261.0,Chris Conroy,Ben May,"82 degrees, Partly Cloudy.","13 mph, Out To LF.",1:40 PM.,"32,109.",9,0.0,0.0,0,1
824163,2026-08-02,R,2026,Daikin Park,Houston Astros,Texas Rangers,7.0,3.0,663567.0,677958.0,Todd Tichenor,Tyler Jones,"73 degrees, Roof Closed.","0 mph, None.",1:10 PM.,"33,955.",9,0.0,0.0,3,2
824648,2026-08-02,R,2026,Wrigley Field,Chicago Cubs,New York Yankees,1.0,2.0,607067.0,543037.0,Scott Barry,Manny Gonzalez,"71 degrees, Overcast.","13 mph, In From LF.",1:20 PM.,"40,057.",9,0.0,0.0,1,2
824323,2026-08-02,R,2026,Coors Field,Colorado Rockies,Kansas City Royals,8.0,1.0,607536.0,607625.0,Edwin Moscoso,Nic Lentz,"99 degrees, Sunny.","11 mph, R To L.",1:09 PM.,"32,226.",9,1.0,0.0,2,1
823996,2026-08-02,R,2026,Angel Stadium,Los Angeles Angels,Milwaukee Brewers,3.0,0.0,700712.0,694819.0,Steven Jaschinski,Nate Tomlinson,"87 degrees, Sunny.","7 mph, R To L.",12:15 PM.,"31,061.",9,0.0,0.0,2,0
824971,2026-08-02,R,2026,Sutter Health Park,Athletics,Detroit Tigers,0.0,11.0,695611.0,672456.0,Jeremie Rehak,Dan Iassogna,"95 degrees, Sunny.","3 mph, L To R.",1:05 PM.,"8,237.",9,0.0,2.0,0,6
823270,2026-08-02,R,2026,Petco Park,San Diego Padres,San Francisco Giants,5.0,4.0,606996.0,694738.0,John Tumpane,Willie Traynor,"82 degrees, Sunny.","9 mph, L To R.",1:12 PM.,"43,856.",9,0.0,0.0,5,3
823107,2026-08-02,R,2026,T-Mobile Park,Seattle Mariners,Minnesota Twins,7.0,6.0,669923.0,671737.0,Jim Wolf,Alex MacKay,"67 degrees, Cloudy.","4 mph, L To R.",1:12 PM.,"41,710.",9,2.0,0.0,2,0
823919,2026-08-02,R,2026,UNIQLO Field at Dodger Stadium,Los Angeles Dodgers,Boston Red Sox,4.0,8.0,686218.0,687562.0,Mike Muchlinski,Emil Jimenez,"87 degrees, Sunny.","2 mph, Calm.",4:20 PM.,"46,834.",9,0.0,2.0,3,5
823431,2026-08-03,R,2026,Citizens Bank Park,Philadelphia Phillies,Washington Nationals,6.0,3.0,605400.0,674841.0,Manny Gonzalez,Tom Hanahan,"89 degrees, Partly Cloudy.","7 mph, L To R.",6:41 PM.,"41,115.",9,0.0,1.0,0,3
823520,2026-08-03,R,2026,Yankee Stadium,New York Yankees,St. Louis Cardinals,7.0,13.0,693645.0,700241.0,Andy Fletcher,Alex Tosi,"80 degrees, Clear.","13 mph, L To R.",7:10 PM.,"38,151.",9,0.0,2.0,3,6
823757,2026-08-03,R,2026,American Family Field,Milwaukee Brewers,Pittsburgh Pirates,3.0,4.0,687075.0,696149.0,John Libka,James Hoye,"76 degrees, Clear.","10 mph, In From RF.",6:40 PM.,"30,684.",9,0.0,0.0,1,4
824647,2026-08-03,R,2026,Wrigley Field,Chicago Cubs,Los Angeles Dodgers,10.0,5.0,571510.0,680736.0,Chris Segal,Laz Diaz,"76 degrees, Clear.","10 mph, In From RF.",7:05 PM.,"39,384.",9,2.0,3.0,7,4
822867,2026-08-03,R,2026,Globe Life Field,Texas Rangers,San Francisco Giants,1.0,5.0,615698.0,657277.0,Dan Iassogna,Adrian Johnson,"74 degrees, Roof Closed.","0 mph, None.",7:10 PM.,"23,736.",9,0.0,0.0,0,3
824160,2026-08-03,R,2026,Daikin Park,Houston Astros,Toronto Blue Jays,1.0,3.0,664299.0,669456.0,Emil Jimenez,Gabe Morales,"73 degrees, Roof Closed.","0 mph, None.",7:10 PM.,"22,789.",9,0.0,0.0,0,3
824324,2026-08-03,R,2026,Coors Field,Colorado Rockies,Tampa Bay Rays,9.0,13.0,547179.0,693855.0,Alex MacKay,Alan Porter,"89 degrees, Cloudy.","6 mph, R To L.",6:40 PM.,"19,598.",9,0.0,2.0,2,8
825095,2026-08-03,R,2026,Chase Field,Arizona Diamondbacks,San Diego Padres,5.0,1.0,694297.0,650633.0,Ramon De Jesus,Paul Clemons,"78 degrees, Roof Closed.","0 mph, None.",6:41 PM.,"22,008.",9,0.0,0.0,3,0
824805,2026-08-04,R,2026,Oriole Park at Camden Yards,Baltimore Orioles,Los Angeles Angels,3.0,1.0,700249.0,680570.0,Dan Merzel,Dan Bellino,"88 degrees, Partly Cloudy.","7 mph, In From CF.",6:36 PM.,"18,585.",9,0.0,0.0,2,0
824403,2026-08-04,R,2026,Progressive Field,Cleveland Guardians,New York Mets,2.0,6.0,676282.0,640455.0,Chad Fairchild,Chad Whitson,"78 degrees, Clear.","6 mph, In From CF.",6:41 PM.,"24,636.",9,0.0,0.0,2,5
824484,2026-08-04,R,2026,Great American Ball Park,Cincinnati Reds,Athletics,5.0,4.0,663903.0,669372.0,Lance Barksdale,Will Little,"86 degrees, Clear.","3 mph, L To R.",6:42 PM.,"21,714.",9,0.0,0.0,3,3
823432,2026-08-04,R,2026,Citizens Bank Park,Philadelphia Phillies,Washington Nationals,5.0,0.0,666200.0,687223.0,Tom Hanahan,Ron Kulpa,"84 degrees, Partly Cloudy.","4 mph, Out To CF.",6:42 PM.,"38,731.",9,1.0,0.0,4,0
823517,2026-08-04,R,2026,Yankee Stadium,New York Yankees,St. Louis Cardinals,2.0,0.0,677960.0,690928.0,Alex Tosi,Cory Blaser,"80 degrees, Partly Cloudy.","6 mph, R To L.",7:09 PM.,"41,081.",9,0.0,0.0,2,0
824731,2026-08-04,R,2026,Fenway Park,Boston Red Sox,Chicago White Sox,14.0,2.0,663776.0,663436.0,Brennan Miller,Brock Ballou,"82 degrees, Clear.","2 mph, Out To CF.",7:10 PM.,"37,669.",9,6.0,0.0,7,1
824888,2026-08-04,R,2026,Truist Park,Atlanta Braves,Miami Marlins,4.0,2.0,656550.0,687473.0,Tyler Jones,Clint Vondrak,"85 degrees, Partly Cloudy.","3 mph, L To R.",7:16 PM.,"26,374.",9,0.0,0.0,1,0
824084,2026-08-04,R,2026,Kauffman Stadium,Kansas City Royals,Minnesota Twins,8.0,2.0,677976.0,657746.0,Willie Traynor,Chris Guccione,"91 degrees, Overcast.","6 mph, R To L.",6:50 PM.,"20,177.",9,2.0,0.0,5,1
823756,2026-08-04,R,2026,American Family Field,Milwaukee Brewers,Pittsburgh Pirates,4.0,2.0,701656.0,683003.0,James Hoye,D.J. Reyburn,"82 degrees, Cloudy.","8 mph, In From RF.",6:40 PM.,"30,014.",9,0.0,0.0,4,2
824645,2026-08-04,R,2026,Wrigley Field,Chicago Cubs,Los Angeles Dodgers,5.0,1.0,665871.0,669373.0,Laz Diaz,Erich Bacchus,"83 degrees, Partly Cloudy.","8 mph, Out To CF.",7:05 PM.,"40,584.",9,0.0,0.0,1,1
822865,2026-08-04,R,2026,Globe Life Field,Texas Rangers,San Francisco Giants,5.0,4.0,669022.0,694918.0,Adrian Johnson,Louie Krupa,"74 degrees, Roof Closed.","0 mph, None.",7:08 PM.,"26,959.",9,2.0,0.0,2,0
824161,2026-08-04,R,2026,Daikin Park,Houston Astros,Toronto Blue Jays,7.0,2.0,669713.0,702056.0,Gabe Morales,Mike Muchlinski,"73 degrees, Roof Closed.","0 mph, None.",7:10 PM.,"30,450.",9,0.0,0.0,6,2
824321,2026-08-04,R,2026,Coors Field,Colorado Rockies,Tampa Bay Rays,7.0,9.0,687312.0,642547.0,Alan Porter,Roberto Ortiz,"76 degrees, Partly Cloudy.","9 mph, In From LF.",6:40 PM.,"23,071.",11,1.0,0.0,7,5
825054,2026-08-04,R,2026,Chase Field,Arizona Diamondbacks,San Diego Padres,4.0,9.0,593958.0,681190.0,Paul Clemons,James Jean,"76 degrees, Roof Closed.","0 mph, None.",6:40 PM.,"20,839.",9,0.0,3.0,0,6
823108,2026-08-04,R,2026,T-Mobile Park,Seattle Mariners,Detroit Tigers,0.0,8.0,676106.0,675512.0,Nate Tomlinson,Carlos Torres,"77 degrees, Cloudy.","9 mph, L To R.",6:41 PM.,"35,752.",9,0.0,0.0,0,4
824158,2026-08-05,R,2026,Daikin Park,Houston Astros,Toronto Blue Jays,4.0,5.0,686613.0,592791.0,Mike Muchlinski,Doug Eddings,"73 degrees, Roof Closed.","0 mph, None.",1:10 PM.,"27,751.",10,0.0,0.0,3,0
824646,2026-08-05,R,2026,Wrigley Field,Chicago Cubs,Los Angeles Dodgers,7.0,6.0,684007.0,641778.0,Erich Bacchus,Brian O'Nora,"80 degrees, Overcast.","9 mph, Out To CF.",1:20 PM.,"38,691.",9,1.0,1.0,6,1
822866,2026-08-05,R,2026,Globe Life Field,Texas Rangers,San Francisco Giants,6.0,0.0,674003.0,687931.0,Louie Krupa,Adam Beck,"74 degrees, Roof Closed.","0 mph, None.",1:38 PM.,"26,098.",9,0.0,0.0,5,0
824322,2026-08-05,R,2026,Coors Field,Colorado Rockies,Tampa Bay Rays,0.0,4.0,608372.0,607259.0,Roberto Ortiz,Jim Wolf,"69 degrees, Partly Cloudy.","10 mph, In From CF.",1:12 PM.,"21,100.",9,0.0,2.0,0,3
824806,2026-08-05,R,2026,Oriole Park at Camden Yards,Baltimore Orioles,Los Angeles Angels,5.0,2.0,669432.0,672282.0,Dan Bellino,Derek Thomas,"83 degrees, Partly Cloudy.","7 mph, R To L.",6:36 PM.,"16,977.",9,0.0,0.0,3,0
824402,2026-08-05,R,2026,Progressive Field,Cleveland Guardians,New York Mets,5.0,6.0,676440.0,681035.0,Chad Whitson,John Bacon,"81 degrees, Partly Cloudy.","5 mph, In From RF.",6:42 PM.,"29,033.",10,0.0,0.0,3,3
824482,2026-08-05,R,2026,Great American Ball Park,Cincinnati Reds,Athletics,3.0,2.0,695076.0,682052.0,Will Little,Ryan Additon,"85 degrees, Partly Cloudy.","3 mph, R To L.",6:41 PM.,"16,544.",9,0.0,1.0,2,1
823429,2026-08-05,R,2026,Citizens Bank Park,Philadelphia Phillies,Washington Nationals,4.0,10.0,691725.0,663623.0,Ron Kulpa,Scott Barry,"81 degrees, Overcast.","7 mph, Out To LF.",7:05 PM.,"37,025.",11,0.0,1.0,2,1
823516,2026-08-05,R,2026,Yankee Stadium,New York Yankees,St. Louis Cardinals,1.0,3.0,701542.0,669467.0,Cory Blaser,Austin Jones,"77 degrees, Cloudy.","8 mph, R To L.",8:13 PM.,"37,425.",9,0.0,0.0,0,3
824728,2026-08-05,R,2026,Fenway Park,Boston Red Sox,Chicago White Sox,4.0,0.0,543243.0,680732.0,Brock Ballou,Chris Conroy,"84 degrees, Partly Cloudy.","4 mph, Out To CF.",7:12 PM.,"37,517.",9,1.0,0.0,2,0
824889,2026-08-05,R,2026,Truist Park,Atlanta Braves,Miami Marlins,4.0,1.0,693821.0,691587.0,Clint Vondrak,Adam Hamari,"76 degrees, Cloudy.","7 mph, Out To RF.",7:16 PM.,"25,136.",9,0.0,0.0,4,1
824082,2026-08-05,R,2026,Kauffman Stadium,Kansas City Royals,Minnesota Twins,2.0,1.0,702070.0,665152.0,Chris Guccione,Charlie Ramos,"81 degrees, Cloudy.","4 mph, R To L.",6:40 PM.,"13,439.",9,0.0,0.0,1,1
823753,2026-08-05,R,2026,American Family Field,Milwaukee Brewers,Pittsburgh Pirates,4.0,2.0,690986.0,694973.0,D.J. Reyburn,Sean Barber,"75 degrees, Cloudy.","6 mph, In From CF.",6:40 PM.,"33,528.",9,0.0,0.0,3,0
825052,2026-08-05,R,2026,Chase Field,Arizona Diamondbacks,San Diego Padres,10.0,4.0,683352.0,663554.0,James Jean,Quinn Wolcott,"76 degrees, Roof Closed.","0 mph, None.",6:42 PM.,"17,559.",9,0.0,0.0,8,0
823106,2026-08-05,R,2026,T-Mobile Park,Seattle Mariners,Detroit Tigers,4.0,2.0,693433.0,623454.0,Carlos Torres,Mark Wegner,"83 degrees, Clear.","6 mph, In From LF.",6:42 PM.,"40,743.",9,0.0,0.0,0,0
824804,2026-08-06,R,2026,Oriole Park at Camden Yards,Baltimore Orioles,Los Angeles Angels,1.0,4.0,687064.0,696270.0,Derek Thomas,Mark Ripperger,"89 degrees, Partly Cloudy.","5 mph, Out To CF.",12:36 PM.,"21,202.",9,0.0,0.0,1,3
824481,2026-08-06,R,2026,Great American Ball Park,Cincinnati Reds,Athletics,6.0,5.0,671096.0,686930.0,Ryan Additon,Jonathan Parra,"84 degrees, Partly Cloudy.","5 mph, R To L.",12:41 PM.,"17,617.",9,1.0,0.0,5,3
824401,2026-08-06,R,2026,Progressive Field,Cleveland Guardians,New York Mets,6.0,13.0,656492.0,690997.0,John Bacon,Brian Walsh,"84 degrees, Partly Cloudy.","7 mph, L To R.",1:10 PM.,"26,764.",9,2.0,0.0,5,6
823754,2026-08-06,R,2026,American Family Field,Milwaukee Brewers,Pittsburgh Pirates,5.0,2.0,669160.0,677952.0,Sean Barber,John Libka,"76 degrees, Cloudy.","7 mph, In From LF.",1:10 PM.,"38,145.",9,1.0,0.0,4,2
824664,2026-08-06,R,2026,Wrigley Field,Chicago Cubs,Toronto Blue Jays,3.0,2.0,656849.0,656302.0,Chris Segal,Laz Diaz,"76 degrees, Cloudy.","5 mph, Out To LF.",1:20 PM.,"39,476.",11,0.0,1.0,0,1
823105,2026-08-06,R,2026,T-Mobile Park,Seattle Mariners,Detroit Tigers,0.0,11.0,682243.0,664285.0,Mark Wegner,Steven Jaschinski,"77 degrees, Sunny.","6 mph, L To R.",1:11 PM.,"30,323.",9,0.0,3.0,0,4
823430,2026-08-06,R,2026,Citizens Bank Park,Philadelphia Phillies,Washington Nationals,7.0,3.0,650911.0,571945.0,Scott Barry,Manny Gonzalez,"90 degrees, Partly Cloudy.","9 mph, Out To CF.",6:08 PM.,"40,301.",9,2.0,0.0,6,2
824729,2026-08-06,R,2026,Fenway Park,Boston Red Sox,Chicago White Sox,12.0,11.0,624133.0,622491.0,Chris Conroy,John Tumpane,"89 degrees, Partly Cloudy.","7 mph, Out To CF.",7:13 PM.,"37,082.",13,0.0,0.0,5,7
824885,2026-08-06,R,2026,Truist Park,Atlanta Braves,Miami Marlins,11.0,3.0,527048.0,676083.0,Adam Hamari,Todd Tichenor,"87 degrees, Cloudy.","6 mph, L To R.",7:16 PM.,"33,500.",9,0.0,0.0,2,0
824080,2026-08-06,R,2026,Kauffman Stadium,Kansas City Royals,Minnesota Twins,3.0,4.0,608379.0,641927.0,Charlie Ramos,Jansen Visconti,"82 degrees, Cloudy.","5 mph, R To L.",6:40 PM.,"16,036.",9,0.0,0.0,2,1
825053,2026-08-06,R,2026,Chase Field,Arizona Diamondbacks,San Diego Padres,1.0,5.0,684442.0,621111.0,Quinn Wolcott,Ramon De Jesus,"76 degrees, Roof Closed.","0 mph, None.",6:40 PM.,"21,884.",9,0.0,1.0,1,3
823349,2026-08-07,R,2026,PNC Park,Pittsburgh Pirates,New York Mets,4.0,6.0,669387.0,804267.0,Todd Tichenor,Tyler Jones,"80 degrees, Partly Cloudy.","7 mph, Out To LF.",6:42 PM.,"33,497.",9,0.0,1.0,0,6
823428,2026-08-07,R,2026,Citizens Bank Park,Philadelphia Phillies,Toronto Blue Jays,4.0,5.0,554430.0,667755.0,John Tumpane,Brennan Miller,"78 degrees, Partly Cloudy.","13 mph, Out To CF.",8:41 PM.,"43,641.",9,0.0,0.0,2,3
822699,2026-08-07,R,2026,Nationals Park,Washington Nationals,Cincinnati Reds,5.0,3.0,676917.0,695534.0,Laz Diaz,Erich Bacchus,"86 degrees, Cloudy.","7 mph, Out To RF.",7:47 PM.,"26,065.",9,3.0,0.0,5,3
823515,2026-08-07,R,2026,Yankee Stadium,New York Yankees,Atlanta Braves,3.0,2.0,608331.0,641816.0,Mark Ripperger,Dan Merzel,"76 degrees, Cloudy.","2 mph, Out To RF.",9:00 PM.,"42,297.",10,0.0,0.0,0,0
824727,2026-08-07,R,2026,Fenway Park,Boston Red Sox,Athletics,13.0,1.0,801139.0,678022.0,Manny Gonzalez,Tom Hanahan,"92 degrees, Clear.","5 mph, L To R.",7:11 PM.,"37,227.",9,0.0,0.0,9,1
823836,2026-08-07,R,2026,loanDepot park,Miami Marlins,Los Angeles Angels,3.0,4.0,663969.0,691946.0,Jonathan Parra,Lance Barksdale,"72 degrees, Roof Closed.","0 mph, None.",7:10 PM.,"16,506.",9,0.0,1.0,1,1
824566,2026-08-07,R,2026,Rate Field,Chicago White Sox,Cleveland Guardians,2.0,8.0,702273.0,800048.0,Austin Jones,Andy Fletcher,"87 degrees, Partly Cloudy.","8 mph, R To L.",6:40 PM.,"33,750.",9,0.0,2.0,1,7
823750,2026-08-07,R,2026,American Family Field,Milwaukee Brewers,Minnesota Twins,6.0,8.0,675660.0,805673.0,Brian Walsh,Chad Fairchild,"83 degrees, Partly Cloudy.","6 mph, In From RF.",6:40 PM.,"42,118.",9,1.0,0.0,6,6
824081,2026-08-07,R,2026,Kauffman Stadium,Kansas City Royals,Chicago Cubs,4.0,6.0,663738.0,592332.0,Adam Beck,Dan Iassogna,"85 degrees, Clear.","5 mph, R To L.",7:10 PM.,"26,083.",9,1.0,0.0,2,4
823024,2026-08-07,R,2026,Busch Stadium,St. Louis Cardinals,Colorado Rockies,3.0,2.0,681517.0,663372.0,Jansen Visconti,Willie Traynor,"85 degrees, Cloudy.","7 mph, R To L.",7:15 PM.,"26,481.",9,0.0,0.0,3,2
822863,2026-08-07,R,2026,Globe Life Field,Texas Rangers,Baltimore Orioles,2.0,1.0,543135.0,669358.0,John Libka,James Hoye,"74 degrees, Roof Closed.","0 mph, None.",7:15 PM.,"27,804.",9,0.0,0.0,0,1
825051,2026-08-07,R,2026,Chase Field,Arizona Diamondbacks,Los Angeles Dodgers,4.0,3.0,518876.0,808963.0,Bruce Dreckman,Nate Tomlinson,"76 degrees, Roof Closed.","0 mph, None.",6:41 PM.,"46,172.",9,0.0,0.0,2,0
823266,2026-08-07,R,2026,Petco Park,San Diego Padres,Houston Astros,3.0,6.0,592662.0,669854.0,Jim Wolf,Alex MacKay,"77 degrees, Clear.","8 mph, L To R.",6:40 PM.,"40,958.",9,0.0,0.0,3,4
823103,2026-08-07,R,2026,T-Mobile Park,Seattle Mariners,Tampa Bay Rays,1.0,2.0,669302.0,656876.0,Doug Eddings,Emil Jimenez,"81 degrees, Clear.","6 mph, L To R.",6:46 PM.,"39,468.",9,0.0,0.0,0,2
823191,2026-08-07,R,2026,Oracle Park,San Francisco Giants,Detroit Tigers,5.0,2.0,664141.0,672456.0,Ramon De Jesus,Adrian Johnson,"60 degrees, Cloudy.","14 mph, Varies.",7:16 PM.,"34,104.",9,2.0,1.0,5,2
823514,2026-08-08,R,2026,Yankee Stadium,New York Yankees,Atlanta Braves,5.0,4.0,543037.0,519242.0,Dan Merzel,Dan Bellino,"89 degrees, Partly Cloudy.","9 mph, Out To RF.",3:08 PM.,"45,222.",9,0.0,0.0,3,2
824726,2026-08-08,R,2026,Fenway Park,Boston Red Sox,Athletics,3.0,7.0,687562.0,695611.0,Tom Hanahan,Ron Kulpa,"91 degrees, Partly Cloudy.","5 mph, Out To RF.",4:09 PM.,"36,696.",9,2.0,0.0,2,3
823834,2026-08-08,R,2026,loanDepot park,Miami Marlins,Los Angeles Angels,7.0,0.0,645261.0,700712.0,Lance Barksdale,Will Little,"72 degrees, Roof Closed.","0 mph, None.",4:10 PM.,"16,045.",9,0.0,0.0,7,0
823426,2026-08-08,R,2026,Citizens Bank Park,Philadelphia Phillies,Toronto Blue Jays,5.0,7.0,605400.0,453286.0,Brennan Miller,Brock Ballou,"84 degrees, Partly Cloudy.","11 mph, Out To RF.",6:06 PM.,"40,010.",11,0.0,1.0,0,2
823348,2026-08-08,R,2026,PNC Park,Pittsburgh Pirates,New York Mets,9.0,0.0,696149.0,476594.0,Tyler Jones,Clint Vondrak,"84 degrees, Partly Cloudy.","11 mph, Out To LF.",6:42 PM.,"30,121.",9,3.0,0.0,8,0
822701,2026-08-08,R,2026,Nationals Park,Washington Nationals,Cincinnati Reds,8.0,2.0,674841.0,695505.0,Erich Bacchus,Dexter Kelley,"90 degrees, Partly Cloudy.","6 mph, Out To CF.",6:47 PM.,"32,602.",9,0.0,0.0,2,0
824079,2026-08-08,R,2026,Kauffman Stadium,Kansas City Royals,Chicago Cubs,6.0,3.0,607625.0,605280.0,Dan Iassogna,D.J. Reyburn,"87 degrees, Clear.","6 mph, R To L.",6:10 PM.,"32,326.",9,1.0,0.0,4,2
823752,2026-08-08,R,2026,American Family Field,Milwaukee Brewers,Minnesota Twins,4.0,3.0,688107.0,671737.0,Chad Fairchild,Chad Whitson,"82 degrees, Clear.","2 mph, In From RF.",6:10 PM.,"40,625.",9,1.0,0.0,3,3
823267,2026-08-08,R,2026,Petco Park,San Diego Padres,Houston Astros,3.0,2.0,650633.0,663567.0,Alex MacKay,Jacob Metz,"82 degrees, Sunny.","9 mph, L To R.",4:16 PM.,"41,937.",9,1.0,0.0,3,1
823188,2026-08-08,R,2026,Oracle Park,San Francisco Giants,Detroit Tigers,0.0,8.0,694738.0,695549.0,Adrian Johnson,Paul Clemons,"68 degrees, Partly Cloudy.","16 mph, Varies.",4:17 PM.,"35,506.",9,0.0,0.0,0,0
823021,2026-08-08,R,2026,Busch Stadium,St. Louis Cardinals,Colorado Rockies,6.0,8.0,669461.0,607536.0,Willie Traynor,Chris Guccione,"87 degrees, Clear.","3 mph, R To L.",6:15 PM.,"29,204.",9,2.0,1.0,3,5
822864,2026-08-08,R,2026,Globe Life Field,Texas Rangers,Baltimore Orioles,5.0,1.0,594798.0,680694.0,James Hoye,James Jean,"74 degrees, Roof Closed.","0 mph, None.",6:15 PM.,"38,626.",9,0.0,1.0,2,1
824565,2026-08-08,R,2026,Rate Field,Chicago White Sox,Cleveland Guardians,6.0,3.0,641743.0,668909.0,Andy Fletcher,Alex Tosi,"82 degrees, Clear.","8 mph, In From LF.",6:32 PM.,"38,227.",9,0.0,0.0,0,0
825049,2026-08-08,R,2026,Chase Field,Arizona Diamondbacks,Los Angeles Dodgers,1.0,2.0,694297.0,808967.0,Nate Tomlinson,Carlos Torres,"76 degrees, Roof Closed.","0 mph, None.",5:10 PM.,"46,213.",10,0.0,0.0,0,0
823102,2026-08-08,R,2026,T-Mobile Park,Seattle Mariners,Tampa Bay Rays,2.0,3.0,669923.0,668984.0,Emil Jimenez,Gabe Morales,"80 degrees, Clear.","6 mph, L To R.",7:03 PM.,"41,351.",9,0.0,0.0,1,1
822700,2026-08-09,R,2026,Nationals Park,Washington Nationals,Cincinnati Reds,7.0,1.0,695418.0,663903.0,Dexter Kelley,Chris Segal,"92 degrees, Partly Cloudy.","3 mph, L To R.",12:15 PM.,"21,375.",9,0.0,0.0,3,1
824724,2026-08-09,R,2026,Fenway Park,Boston Red Sox,Athletics,3.0,4.0,669062.0,669372.0,Ron Kulpa,Scott Barry,"88 degrees, Partly Cloudy.","6 mph, Out To RF.",1:36 PM.,"36,817.",9,0.0,1.0,3,2
823345,2026-08-09,R,2026,PNC Park,Pittsburgh Pirates,New York Mets,1.0,11.0,683003.0,640455.0,Clint Vondrak,Adam Hamari,"81 degrees, Sunny.","7 mph, Calm.",1:37 PM.,"22,753.",9,0.0,2.0,1,10
823425,2026-08-09,R,2026,Citizens Bank Park,Philadelphia Phillies,Toronto Blue Jays,7.0,6.0,666200.0,669456.0,Brock Ballou,Chris Conroy,"90 degrees, Partly Cloudy.","7 mph, L To R.",1:36 PM.,"40,398.",12,0.0,0.0,4,2
823513,2026-08-09,R,2026,Yankee Stadium,New York Yankees,Atlanta Braves,1.0,2.0,693645.0,656550.0,Dan Bellino,Derek Thomas,"90 degrees, Partly Cloudy.","8 mph, Out To RF.",1:40 PM.,"42,533.",10,0.0,0.0,0,0
823835,2026-08-09,R,2026,loanDepot park,Miami Marlins,Los Angeles Angels,12.0,3.0,687473.0,680570.0,Will Little,Ryan Additon,"72 degrees, Roof Closed.","0 mph, None.",1:40 PM.,"13,215.",9,3.0,1.0,10,2
824078,2026-08-09,R,2026,Kauffman Stadium,Kansas City Royals,Chicago Cubs,2.0,10.0,677976.0,571510.0,D.J. Reyburn,Louie Krupa,"90 degrees, Partly Cloudy.","15 mph, R To L.",1:10 PM.,"24,225.",9,0.0,1.0,2,4
824564,2026-08-09,R,2026,Rate Field,Chicago White Sox,Cleveland Guardians,5.0,3.0,663436.0,676282.0,Alex Tosi,Cory Blaser,"86 degrees, Cloudy.","9 mph, R To L.",1:10 PM.,"31,263.",9,1.0,2.0,5,2
823751,2026-08-09,R,2026,American Family Field,Milwaukee Brewers,Minnesota Twins,4.0,3.0,694819.0,687570.0,Chad Whitson,John Bacon,"78 degrees, Roof Closed.","4 mph, In From LF.",1:10 PM.,"42,731.",10,1.0,0.0,3,1
823020,2026-08-09,R,2026,Busch Stadium,St. Louis Cardinals,Colorado Rockies,7.0,4.0,700241.0,547179.0,Chris Guccione,Charlie Ramos,"90 degrees, Partly Cloudy.","10 mph, Out To LF.",1:16 PM.,"25,589.",9,1.0,1.0,4,1
822862,2026-08-09,R,2026,Globe Life Field,Texas Rangers,Baltimore Orioles,5.0,10.0,677958.0,700249.0,James Jean,Sean Barber,"74 degrees, Roof Closed.","0 mph, None.",1:38 PM.,"35,334.",9,0.0,2.0,3,7
823190,2026-08-09,R,2026,Oracle Park,San Francisco Giants,Detroit Tigers,1.0,3.0,657277.0,675512.0,Paul Clemons,Quinn Wolcott,"70 degrees, Sunny.","7 mph, Out To CF.",1:06 PM.,"32,200.",10,0.0,0.0,0,0
825050,2026-08-09,R,2026,Chase Field,Arizona Diamondbacks,Los Angeles Dodgers,4.0,2.0,593958.0,680736.0,Carlos Torres,Mark Wegner,"77 degrees, Roof Closed.","0 mph, None.",1:11 PM.,"43,775.",9,2.0,0.0,4,1
823104,2026-08-09,R,2026,T-Mobile Park,Seattle Mariners,Tampa Bay Rays,1.0,4.0,676106.0,693855.0,Gabe Morales,Mike Muchlinski,"71 degrees, Partly Cloudy.","2 mph, Out To RF.",1:11 PM.,"35,839.",9,1.0,0.0,1,2
823268,2026-08-09,R,2026,Petco Park,San Diego Padres,Houston Astros,7.0,2.0,681190.0,664299.0,Jacob Metz,Roberto Ortiz,"79 degrees, Partly Cloudy.","8 mph, L To R.",5:21 PM.,"40,160.",9,0.0,0.0,4,2
822780,2026-08-10,R,2026,Rogers Centre,Toronto Blue Jays,Boston Red Sox,2.0,1.0,592791.0,543243.0,Charlie Ramos,Nestor Ceja,"82 degrees, Cloudy.","17 mph, Out To RF.",7:07 PM.,"42,511.",9,0.0,0.0,1,0
824887,2026-08-10,R,2026,Truist Park,Atlanta Braves,New York Mets,5.0,8.0,693821.0,681035.0,Cory Blaser,Jansen Visconti,"90 degrees, Partly Cloudy.","4 mph, R To L.",7:16 PM.,"28,402.",9,2.0,5.0,5,7
823675,2026-08-10,R,2026,Target Field,Minnesota Twins,Baltimore Orioles,9.0,5.0,665152.0,669432.0,Adam Hamari,Todd Tichenor,"86 degrees, Clear.","3 mph, L To R.",6:42 PM.,"20,155.",9,0.0,0.0,2,1
823018,2026-08-10,R,2026,Busch Stadium,St. Louis Cardinals,Philadelphia Phillies,5.0,6.0,690928.0,691725.0,Louie Krupa,Adam Beck,"91 degrees, Clear.","6 mph, R To L.",6:45 PM.,"26,903.",9,0.0,0.0,0,3
823998,2026-08-10,R,2026,Angel Stadium,Los Angeles Angels,Texas Rangers,1.0,4.0,672282.0,669022.0,Nick Mahrley,Austin Jones,"81 degrees, Partly Cloudy.","7 mph, R To L.",6:39 PM.,"23,880.",10,1.0,0.0,1,1
825048,2026-08-10,R,2026,Chase Field,Arizona Diamondbacks,Colorado Rockies,9.0,0.0,647336.0,687312.0,Mike Muchlinski,Doug Eddings,"77 degrees, Roof Closed.","0 mph, None.",6:40 PM.,"17,358.",9,4.0,0.0,7,0
824969,2026-08-10,R,2026,Sutter Health Park,Athletics,Tampa Bay Rays,6.0,10.0,682052.0,642547.0,Quinn Wolcott,Ramon De Jesus,"87 degrees, Clear.","8 mph, R To L.",6:41 PM.,"7,427.",9,2.0,1.0,3,1
823265,2026-08-10,R,2026,Petco Park,San Diego Padres,Milwaukee Brewers,3.0,2.0,663554.0,701656.0,Lance Barrett,Malachi Moore,"75 degrees, Cloudy.","6 mph, L To R.",6:41 PM.,"40,323.",9,0.0,0.0,1,2
823189,2026-08-10,R,2026,Oracle Park,San Francisco Giants,Houston Astros,3.0,6.0,694918.0,669713.0,Mark Wegner,Steven Jaschinski,"65 degrees, Clear.","13 mph, Varies.",6:45 PM.,"28,070.",10,0.0,1.0,2,1
823918,2026-08-10,R,2026,UNIQLO Field at Dodger Stadium,Los Angeles Dodgers,Kansas City Royals,6.0,5.0,669373.0,702070.0,John Bacon,Brian Walsh,"77 degrees, Partly Cloudy.","4 mph, Out To RF.",7:10 PM.,"51,799.",9,0.0,1.0,2,3
824240,2026-08-11,R,2026,Comerica Park,Detroit Tigers,Cleveland Guardians,6.0,4.0,623454.0,676440.0,Sean Barber,John Libka,"78 degrees, Partly Cloudy.","1 mph, In From RF.",6:40 PM.,"30,709.",9,0.0,0.0,4,1
823832,2026-08-11,R,2026,loanDepot park,Miami Marlins,Pittsburgh Pirates,2.0,0.0,691587.0,694973.0,Nic Lentz,Hunter Wendelstedt,"72 degrees, Roof Closed.","0 mph, None.",6:40 PM.,"9,366.",9,0.0,0.0,2,0
822697,2026-08-11,R,2026,Nationals Park,Washington Nationals,Chicago Cubs,6.0,8.0,663623.0,684007.0,Ryan Additon,Jonathan Parra,"87 degrees, Partly Cloudy.","7 mph, L To R.",6:45 PM.,"23,428.",9,2.0,0.0,4,6
823512,2026-08-11,R,2026,Yankee Stadium,New York Yankees,Seattle Mariners,4.0,1.0,677960.0,693433.0,Stu Scheurwater,Junior Valentine,"79 degrees, Cloudy.","4 mph, Out To CF.",7:09 PM.,"41,407.",9,0.0,0.0,0,0
822778,2026-08-11,R,2026,Rogers Centre,Toronto Blue Jays,Boston Red Sox,5.0,3.0,656302.0,663776.0,Nestor Ceja,Willie Traynor,"76 degrees, Overcast.","3 mph, Out To LF.",7:07 PM.,"42,419.",9,0.0,0.0,3,3
824886,2026-08-11,R,2026,Truist Park,Atlanta Braves,New York Mets,4.0,0.0,527048.0,690997.0,Jansen Visconti,Andy Fletcher,"75 degrees, Overcast.","6 mph, R To L.",7:17 PM.,"24,711.",9,0.0,0.0,1,0
823673,2026-08-11,R,2026,Target Field,Minnesota Twins,Baltimore Orioles,2.0,5.0,641927.0,687064.0,Todd Tichenor,Tyler Jones,"86 degrees, Clear.","5 mph, L To R.",6:41 PM.,"21,677.",9,0.0,2.0,2,5
824563,2026-08-11,R,2026,Rate Field,Chicago White Sox,Cincinnati Reds,4.0,5.0,680732.0,666157.0,Roberto Ortiz,Jim Wolf,"79 degrees, Partly Cloudy.","6 mph, In From CF.",6:41 PM.,"38,113.",10,1.0,0.0,4,1
823019,2026-08-11,R,2026,Busch Stadium,St. Louis Cardinals,Philadelphia Phillies,2.0,0.0,669467.0,650911.0,Adam Beck,Dan Iassogna,"91 degrees, Partly Cloudy.","10 mph, Out To LF.",6:45 PM.,"27,222.",9,0.0,0.0,0,0
823997,2026-08-11,R,2026,Angel Stadium,Los Angeles Angels,Texas Rangers,3.0,2.0,696270.0,674003.0,Austin Jones,Tripp Gibson,"83 degrees, Clear.","7 mph, R To L.",6:39 PM.,"23,648.",9,0.0,1.0,3,1
825046,2026-08-11,R,2026,Chase Field,Arizona Diamondbacks,Colorado Rockies,2.0,3.0,683352.0,608372.0,Doug Eddings,Emil Jimenez,"75 degrees, Roof Closed.","0 mph, None.",6:43 PM.,"21,002.",9,2.0,0.0,2,0
824970,2026-08-11,R,2026,Sutter Health Park,Athletics,Tampa Bay Rays,4.0,12.0,686930.0,607259.0,Ramon De Jesus,Adrian Johnson,"86 degrees, Clear.","11 mph, R To L.",6:40 PM.,"8,154.",9,0.0,2.0,2,6
823264,2026-08-11,R,2026,Petco Park,San Diego Padres,Milwaukee Brewers,11.0,2.0,621111.0,690986.0,Malachi Moore,Alfonso Márquez,"77 degrees, Partly Cloudy.","9 mph, L To R.",6:40 PM.,"40,534.",9,0.0,0.0,8,1
823186,2026-08-11,R,2026,Oracle Park,San Francisco Giants,Houston Astros,4.0,1.0,687931.0,686613.0,Steven Jaschinski,Nate Tomlinson,"62 degrees, Clear.","13 mph, Out To CF.",6:45 PM.,"30,093.",9,0.0,0.0,3,1
823917,2026-08-11,R,2026,UNIQLO Field at Dodger Stadium,Los Angeles Dodgers,Kansas City Royals,5.0,4.0,605483.0,608379.0,Brian Walsh,Bill Miller,"78 degrees, Clear.","2 mph, Calm.",7:10 PM.,"49,958.",10,0.0,0.0,1,1
823672,2026-08-12,R,2026,Target Field,Minnesota Twins,Baltimore Orioles,7.0,5.0,805673.0,669358.0,Tyler Jones,Bruce Dreckman,"86 degrees, Sunny.","7 mph, In From CF.",12:42 PM.,"20,160.",9,1.0,1.0,7,4
823017,2026-08-12,R,2026,Busch Stadium,St. Louis Cardinals,Philadelphia Phillies,7.0,1.0,681517.0,554430.0,Dan Iassogna,D.J. Reyburn,"94 degrees, Overcast.","11 mph, Out To CF.",1:15 PM.,"22,565.",9,0.0,0.0,5,1
824967,2026-08-12,R,2026,Sutter Health Park,Athletics,Tampa Bay Rays,4.0,8.0,678022.0,656876.0,Adrian Johnson,Dexter Kelley,"82 degrees, Partly Cloudy.","5 mph, Calm.",12:05 PM.,"8,287.",9,0.0,0.0,2,7
825047,2026-08-12,R,2026,Chase Field,Arizona Diamondbacks,Colorado Rockies,4.0,6.0,518876.0,663372.0,Emil Jimenez,Gabe Morales,"75 degrees, Roof Closed.","0 mph, None.",12:41 PM.,"17,168.",9,1.0,0.0,2,6
823187,2026-08-12,R,2026,Oracle Park,San Francisco Giants,Houston Astros,1.0,2.0,605288.0,687911.0,Nate Tomlinson,Paul Clemons,"64 degrees, Overcast.","6 mph, Varies.",12:47 PM.,"28,101.",9,1.0,0.0,1,0
823263,2026-08-12,R,2026,Petco Park,San Diego Padres,Milwaukee Brewers,4.0,3.0,592662.0,669160.0,Alfonso Márquez,Mike Estabrook,"79 degrees, Partly Cloudy.","8 mph, L To R.",1:10 PM.,"36,072.",11,0.0,0.0,1,2
824241,2026-08-12,R,2026,Comerica Park,Detroit Tigers,Cleveland Guardians,4.0,6.0,664285.0,656492.0,John Libka,James Hoye,"78 degrees, Overcast.","7 mph, R To L.",6:43 PM.,"31,400.",9,2.0,2.0,3,4
823833,2026-08-12,R,2026,loanDepot park,Miami Marlins,Pittsburgh Pirates,8.0,2.0,676083.0,669387.0,Hunter Wendelstedt,Brock Ballou,"72 degrees, Roof Closed.","0 mph, None.",6:40 PM.,"7,441.",9,0.0,0.0,6,2
822698,2026-08-12,R,2026,Nationals Park,Washington Nationals,Chicago Cubs,6.0,12.0,800600.0,656849.0,Jonathan Parra,Lance Barksdale,"86 degrees, Cloudy.","6 mph, Out To RF.",6:46 PM.,"21,116.",9,0.0,0.0,4,4
823511,2026-08-12,R,2026,Yankee Stadium,New York Yankees,Seattle Mariners,10.0,5.0,701542.0,682243.0,Junior Valentine,Rob Drake,"85 degrees, Partly Cloudy.","5 mph, Out To CF.",7:11 PM.,"41,714.",9,0.0,3.0,5,5
822779,2026-08-12,R,2026,Rogers Centre,Toronto Blue Jays,Boston Red Sox,6.0,4.0,667755.0,624133.0,Willie Traynor,Chris Guccione,"68 degrees, Roof Closed.","0 mph, None.",7:07 PM.,"42,888.",9,0.0,0.0,1,1
824883,2026-08-12,R,2026,Truist Park,Atlanta Braves,New York Mets,6.0,3.0,641816.0,804267.0,Andy Fletcher,Alex Tosi,"90 degrees, Partly Cloudy.","7 mph, R To L.",7:16 PM.,"26,415.",9,0.0,0.0,3,0
824562,2026-08-12,R,2026,Rate Field,Chicago White Sox,Cincinnati Reds,5.0,0.0,622491.0,695076.0,Jim Wolf,Alan Porter,"80 degrees, Cloudy.","3 mph, Out To RF.",6:40 PM.,"24,099.",9,0.0,0.0,1,0
823916,2026-08-12,R,2026,UNIQLO Field at Dodger Stadium,Los Angeles Dodgers,Kansas City Royals,4.0,2.0,641778.0,663738.0,Bill Miller,John Bacon,"75 degrees, Cloudy.","7 mph, Out To CF.",7:11 PM.,"47,578.",9,0.0,0.0,4,2
823994,2026-08-12,R,2026,Angel Stadium,Los Angeles Angels,Texas Rangers,5.0,2.0,691946.0,615698.0,Tripp Gibson,Marvin Hudson,"78 degrees, Partly Cloudy.","8 mph, Out To CF.",7:11 PM.,"33,733.",9,0.0,0.0,1,2
824238,2026-08-13,R,2026,Comerica Park,Detroit Tigers,Cleveland Guardians,3.0,0.0,672456.0,800048.0,James Hoye,James Jean,"81 degrees, Cloudy.","2 mph, L To R.",1:10 PM.,"31,777.",9,0.0,0.0,1,0
824561,2026-08-13,R,2026,Rate Field,Chicago White Sox,Cincinnati Reds,8.0,9.0,663436.0,671096.0,Alan Porter,Alex MacKay,"78 degrees, Cloudy.","5 mph, In From LF.",12:10 PM.,"17,013.",9,1.0,3.0,5,8
823829,2026-08-13,R,2026,loanDepot park,Miami Marlins,Pittsburgh Pirates,1.0,13.0,663969.0,677952.0,Brock Ballou,Vic Carapazza,"72 degrees, Roof Closed.","0 mph, None.",1:10 PM.,"8,223.",9,0.0,0.0,0,2
823508,2026-08-13,R,2026,Yankee Stadium,New York Yankees,Seattle Mariners,0.0,1.0,608331.0,669302.0,Rob Drake,Jordan Baker,"85 degrees, Partly Cloudy.","9 mph, Out To RF.",1:38 PM.,"41,842.",9,0.0,0.0,0,1
822776,2026-08-13,R,2026,Rogers Centre,Toronto Blue Jays,Boston Red Sox,0.0,7.0,453286.0,801139.0,Chris Guccione,Charlie Ramos,"83 degrees, Partly Cloudy.","13 mph, L To R.",3:07 PM.,"43,442.",9,0.0,1.0,0,1
822696,2026-08-13,R,2026,Nationals Park,Washington Nationals,Chicago Cubs,7.0,0.0,676917.0,592332.0,Lance Barksdale,Ryan Wills,"89 degrees, Partly Cloudy.","8 mph, In From LF.",4:06 PM.,"21,463.",9,0.0,0.0,6,0
823669,2026-08-13,R,2026,Field of Dreams,Minnesota Twins,Philadelphia Phillies,1.0,7.0,671737.0,605400.0,Bruce Dreckman,Alex Tosi,"72 degrees, Partly Cloudy.","9 mph, In From CF.",6:33 PM.,"7,163.",9,0.0,2.0,1,5
823995,2026-08-13,R,2026,Angel Stadium,Los Angeles Angels,Texas Rangers,7.0,0.0,700712.0,594798.0,Marvin Hudson,Nick Mahrley,"75 degrees, Partly Cloudy.","7 mph, Out To CF.",7:08 PM.,"24,959.",9,0.0,0.0,6,0
823915,2026-08-13,R,2026,UNIQLO Field at Dodger Stadium,Los Angeles Dodgers,Milwaukee Brewers,4.0,5.0,808963.0,675660.0,Gabe Morales,Mike Muchlinski,"75 degrees, Cloudy.","3 mph, L To R.",7:10 PM.,"46,105.",9,0.0,0.0,1,2
824643,2026-08-14,R,2026,Wrigley Field,Chicago Cubs,St. Louis Cardinals,3.0,0.0,605280.0,669461.0,Paul Clemons,Mark Wegner,"76 degrees, Partly Cloudy.","9 mph, In From CF.",1:20 PM.,"40,374.",9,0.0,0.0,0,0
824479,2026-08-14,R,2026,Great American Ball Park,Cincinnati Reds,Miami Marlins,1.0,0.0,695505.0,645261.0,James Jean,Sean Barber,"84 degrees, Partly Cloudy.","3 mph, Out To CF.",6:11 PM.,"21,232.",9,0.0,0.0,0,0
823346,2026-08-14,R,2026,PNC Park,Pittsburgh Pirates,Boston Red Sox,8.0,4.0,696149.0,687562.0,Ryan Wills,Ryan Additon,"77 degrees, Partly Cloudy.","1 mph, R To L.",6:41 PM.,"32,036.",9,0.0,0.0,7,2
824237,2026-08-14,R,2026,Comerica Park,Detroit Tigers,Chicago White Sox,5.0,9.0,695549.0,656794.0,D.J. Reyburn,Louie Krupa,"81 degrees, Partly Cloudy.","5 mph, In From LF.",6:40 PM.,"39,638.",9,0.0,1.0,3,6
823591,2026-08-14,R,2026,Citi Field,New York Mets,Washington Nationals,4.0,1.0,476594.0,674841.0,Charlie Ramos,Nestor Ceja,"80 degrees, Partly Cloudy.","7 mph, Out To LF.",7:10 PM.,"30,660.",9,0.0,0.0,0,1
824399,2026-08-14,R,2026,Progressive Field,Cleveland Guardians,San Diego Padres,5.0,7.0,668909.0,650633.0,Shane Livensparger,Adam Hamari,"79 degrees, Partly Cloudy.","6 mph, In From RF.",7:10 PM.,"35,726.",9,0.0,0.0,3,5
822942,2026-08-14,R,2026,Tropicana Field,Tampa Bay Rays,Baltimore Orioles,5.0,6.0,571927.0,605135.0,Jordan Baker,Stu Scheurwater,"72 degrees, Dome.","0 mph, None.",7:10 PM.,"18,343.",9,0.0,0.0,2,2
824882,2026-08-14,R,2026,Truist Park,Atlanta Braves,Arizona Diamondbacks,0.0,2.0,519242.0,694297.0,Roberto Ortiz,Jim Wolf,"87 degrees, Cloudy.","7 mph, Out To LF.",7:17 PM.,"35,106.",9,0.0,1.0,0,1
822777,2026-08-14,R,2026,Rogers Centre,Toronto Blue Jays,New York Yankees,3.0,1.0,669456.0,543037.0,Vic Carapazza,Nic Lentz,"77 degrees, Clear.","2 mph, Out To LF.",7:15 PM.,"42,816.",9,0.0,0.0,0,0
824159,2026-08-14,R,2026,Daikin Park,Houston Astros,Seattle Mariners,10.0,7.0,663567.0,669923.0,Alex MacKay,Austin Jones,"73 degrees, Roof Closed.","0 mph, None.",7:10 PM.,"30,582.",10,1.0,2.0,5,2
823993,2026-08-14,R,2026,Angel Stadium,Los Angeles Angels,Kansas City Royals,6.0,7.0,680570.0,607625.0,Dexter Kelley,Quinn Wolcott,"78 degrees, Clear.","8 mph, Out To LF.",6:39 PM.,"23,139.",9,0.0,0.0,5,5
824968,2026-08-14,R,2026,Sutter Health Park,Athletics,Texas Rangers,8.0,3.0,695611.0,677958.0,Mike Estabrook,Jacob Metz,"77 degrees, Clear.","10 mph, R To L.",6:40 PM.,"8,082.",9,3.0,0.0,3,0
823913,2026-08-14,R,2026,UNIQLO Field at Dodger Stadium,Los Angeles Dodgers,Milwaukee Brewers,3.0,1.0,808967.0,688107.0,Mike Muchlinski,Doug Eddings,"74 degrees, Clear.","3 mph, L To R.",7:11 PM.,"47,066.",9,1.0,0.0,2,1
823185,2026-08-14,R,2026,Oracle Park,San Francisco Giants,Colorado Rockies,2.0,5.0,694738.0,607536.0,Lance Barrett,John Bacon,"63 degrees, Overcast.","9 mph, Out To CF.",7:16 PM.,"38,258.",9,0.0,0.0,1,2
824239,2026-08-15,R,2026,Comerica Park,Detroit Tigers,Chicago White Sox,3.0,4.0,675512.0,641743.0,Louie Krupa,Adam Beck,"76 degrees, Cloudy.","7 mph, In From CF.",1:10 PM.,"33,119.",9,1.0,1.0,3,3
824644,2026-08-15,R,2026,Wrigley Field,Chicago Cubs,St. Louis Cardinals,4.0,8.0,571510.0,700241.0,Mark Wegner,Nate Tomlinson,"77 degrees, Cloudy.","7 mph, Out To LF.",1:20 PM.,"39,834.",9,0.0,3.0,3,4
822775,2026-08-15,R,2026,Rogers Centre,Toronto Blue Jays,New York Yankees,4.0,1.0,680755.0,693645.0,Nic Lentz,Hunter Wendelstedt,"73 degrees, Sunny.","14 mph, R To L.",3:07 PM.,"42,580.",9,0.0,0.0,1,1
823184,2026-08-15,R,2026,Oracle Park,San Francisco Giants,Colorado Rockies,7.0,1.0,657277.0,547179.0,John Bacon,Brian Walsh,"65 degrees, Cloudy.","8 mph, Out To CF.",1:06 PM.,"35,069.",9,0.0,0.0,7,1
823588,2026-08-15,R,2026,Citi Field,New York Mets,Washington Nationals,5.0,4.0,640455.0,695418.0,Nestor Ceja,Willie Traynor,"83 degrees, Sunny.","4 mph, Out To LF.",4:10 PM.,"34,737.",9,2.0,0.0,2,1
822941,2026-08-15,R,2026,Tropicana Field,Tampa Bay Rays,Baltimore Orioles,3.0,4.0,693855.0,680694.0,Stu Scheurwater,Erich Bacchus,"72 degrees, Dome.","0 mph, None.",6:10 PM.,"28,055.",10,0.0,0.0,1,2
824480,2026-08-15,R,2026,Great American Ball Park,Cincinnati Reds,Miami Marlins,4.0,8.0,663903.0,687473.0,Sean Barber,John Libka,"84 degrees, Partly Cloudy.","5 mph, R To L.",6:41 PM.,"38,302.",9,0.0,0.0,4,3
824400,2026-08-15,R,2026,Progressive Field,Cleveland Guardians,San Diego Padres,6.0,1.0,676282.0,593974.0,Adam Hamari,Todd Tichenor,"79 degrees, Partly Cloudy.","8 mph, L To R.",7:11 PM.,"35,153.",9,1.0,1.0,4,1
824157,2026-08-15,R,2026,Daikin Park,Houston Astros,Seattle Mariners,5.0,10.0,669713.0,676106.0,Austin Jones,Tripp Gibson,"73 degrees, Roof Closed.","0 mph, None.",6:10 PM.,"34,664.",9,1.0,0.0,2,5
823671,2026-08-15,R,2026,Target Field,Minnesota Twins,Philadelphia Phillies,1.0,9.0,687570.0,666200.0,Alex Tosi,Cory Blaser,"80 degrees, Overcast.","4 mph, R To L.",6:11 PM.,"29,218.",9,0.0,0.0,0,8
823347,2026-08-15,R,2026,PNC Park,Pittsburgh Pirates,Boston Red Sox,0.0,4.0,683003.0,543243.0,Ryan Additon,Jonathan Parra,"79 degrees, Cloudy.","2 mph, R To L.",7:16 PM.,"38,408.",9,0.0,0.0,0,1
824884,2026-08-15,R,2026,Truist Park,Atlanta Braves,Arizona Diamondbacks,3.0,10.0,656550.0,593958.0,Jim Wolf,Edwin Jimenez,"91 degrees, Partly Cloudy.","6 mph, Out To RF.",7:17 PM.,"39,693.",9,2.0,0.0,2,6
823914,2026-08-15,R,2026,UNIQLO Field at Dodger Stadium,Los Angeles Dodgers,Milwaukee Brewers,1.0,4.0,680736.0,694819.0,Doug Eddings,Emil Jimenez,"81 degrees, Sunny.","10 mph, Out To CF.",4:16 PM.,"47,767.",9,0.0,0.0,1,4
823990,2026-08-15,R,2026,Angel Stadium,Los Angeles Angels,Kansas City Royals,1.0,0.0,672282.0,677976.0,Quinn Wolcott,Ramon De Jesus,"78 degrees, Clear.","7 mph, R To L.",6:40 PM.,"30,002.",9,0.0,0.0,0,0
824966,2026-08-15,R,2026,Sutter Health Park,Athletics,Texas Rangers,3.0,5.0,669372.0,669022.0,Jacob Metz,Malachi Moore,"85 degrees, Clear.","9 mph, Out To LF.",6:41 PM.,"10,070.",9,0.0,0.0,3,1
822940,2026-08-16,R,2026,Tropicana Field,Tampa Bay Rays,Baltimore Orioles,2.0,10.0,642547.0,669432.0,Erich Bacchus,Felix Neon,"72 degrees, Dome.","0 mph, None.",12:15 PM.,"18,598.",9,0.0,0.0,1,3
823344,2026-08-16,R,2026,PNC Park,Pittsburgh Pirates,Boston Red Sox,8.0,3.0,669199.0,663776.0,Jonathan Parra,Lance Barksdale,"81 degrees, Overcast.","10 mph, Out To CF.",1:37 PM.,"25,575.",9,2.0,0.0,7,3
824880,2026-08-16,R,2026,Truist Park,Atlanta Braves,Arizona Diamondbacks,5.0,3.0,693821.0,647336.0,Edwin Jimenez,Alan Porter,"92 degrees, Sunny.","5 mph, Out To CF.",1:37 PM.,"29,629.",9,0.0,0.0,2,1
822774,2026-08-16,R,2026,Rogers Centre,Toronto Blue Jays,New York Yankees,3.0,4.0,656302.0,677960.0,Hunter Wendelstedt,Brock Ballou,"74 degrees, Partly Cloudy.","10 mph, R To L.",1:37 PM.,"42,351.",10,0.0,0.0,1,1
823590,2026-08-16,R,2026,Citi Field,New York Mets,Washington Nationals,4.0,3.0,681035.0,663623.0,Willie Traynor,Chris Guccione,"79 degrees, Cloudy.","13 mph, Out To LF.",1:40 PM.,"28,624.",9,0.0,0.0,4,2
824397,2026-08-16,R,2026,Progressive Field,Cleveland Guardians,San Diego Padres,0.0,5.0,676440.0,663554.0,Todd Tichenor,Tyler Jones,"78 degrees, Overcast.","9 mph, Out To RF.",4:51 PM.,"24,708.",9,0.0,0.0,0,3
824236,2026-08-16,R,2026,Comerica Park,Detroit Tigers,Chicago White Sox,5.0,7.0,623454.0,680732.0,Adam Beck,Dan Iassogna,"80 degrees, Overcast.","5 mph, R To L.",1:40 PM.,"34,251.",9,0.0,0.0,4,3
824477,2026-08-16,R,2026,Great American Ball Park,Cincinnati Reds,Miami Marlins,1.0,7.0,666157.0,691587.0,John Libka,James Hoye,"87 degrees, Overcast.","9 mph, Out To LF.",1:42 PM.,"24,092.",9,0.0,0.0,0,0
823670,2026-08-16,R,2026,Target Field,Minnesota Twins,Philadelphia Phillies,5.0,7.0,665152.0,691725.0,Cory Blaser,Jansen Visconti,"79 degrees, Partly Cloudy.","12 mph, Out To CF.",1:12 PM.,"29,614.",9,4.0,0.0,5,0
824642,2026-08-16,R,2026,Wrigley Field,Chicago Cubs,St. Louis Cardinals,4.0,11.0,665795.0,690928.0,Nate Tomlinson,Bruce Dreckman,"86 degrees, Cloudy.","4 mph, Out To RF.",2:14 PM.,"39,395.",9,0.0,2.0,2,9
823182,2026-08-16,R,2026,Oracle Park,San Francisco Giants,Colorado Rockies,7.0,13.0,694918.0,687312.0,Brian Walsh,Gabe Morales,"66 degrees, Partly Cloudy.","16 mph, Varies.",1:05 PM.,"32,063.",9,1.0,0.0,7,6
824965,2026-08-16,R,2026,Sutter Health Park,Athletics,Texas Rangers,5.0,2.0,682052.0,674003.0,Malachi Moore,Alfonso Márquez,"85 degrees, Partly Cloudy.","4 mph, L To R.",1:06 PM.,"7,343.",9,0.0,0.0,2,2
823991,2026-08-16,R,2026,Angel Stadium,Los Angeles Angels,Kansas City Royals,0.0,3.0,696270.0,702070.0,Ramon De Jesus,Adrian Johnson,"84 degrees, Sunny.","8 mph, R To L.",1:08 PM.,"28,036.",9,0.0,0.0,0,2
823912,2026-08-16,R,2026,UNIQLO Field at Dodger Stadium,Los Angeles Dodgers,Milwaukee Brewers,2.0,6.0,669373.0,701656.0,Emil Jimenez,Derek Thomas,"83 degrees, Sunny.","7 mph, Out To CF.",1:10 PM.,"45,828.",9,0.0,0.0,1,2
824156,2026-08-16,R,2026,Daikin Park,Houston Astros,Seattle Mariners,2.0,3.0,686613.0,693433.0,Tripp Gibson,Marvin Hudson,"73 degrees, Roof Closed.","0 mph, None.",6:20 PM.,"27,971.",9,0.0,1.0,1,2
824514,2026-08-17,R,2026,Great American Ball Park,Cincinnati Reds,St. Louis Cardinals,1.0,2.0,592288.0,687273.0,Vic Carapazza,Brock Ballou,"83 degrees, Overcast.","5 mph, Out To LF.",1:42 PM.,"20,434.",9,0.0,2.0,1,2
824478,2026-08-17,R,2026,Great American Ball Park,Cincinnati Reds,St. Louis Cardinals,6.0,5.0,695076.0,669467.0,Nic Lentz,Edwin Moscoso,"81 degrees, Cloudy.","8 mph, Out To CF.",6:40 PM.,"12,166.",10,1.0,0.0,1,2
822939,2026-08-17,R,2026,Tropicana Field,Tampa Bay Rays,Baltimore Orioles,7.0,6.0,663556.0,687064.0,Felix Neon,Jordan Baker,"72 degrees, Dome.","0 mph, None.",6:05 PM.,"10,159.",9,0.0,0.0,4,6
823427,2026-08-17,R,2026,Citizens Bank Park,Philadelphia Phillies,Miami Marlins,6.0,5.0,650911.0,676083.0,Tyler Jones,Shane Livensparger,"86 degrees, Cloudy.","5 mph, Out To CF.",6:42 PM.,"37,544.",9,0.0,0.0,2,0
823343,2026-08-17,R,2026,PNC Park,Pittsburgh Pirates,Detroit Tigers,5.0,8.0,669387.0,664285.0,Ben May,John Tumpane,"79 degrees, Overcast.","6 mph, Out To RF.",7:11 PM.,"21,956.",9,0.0,2.0,1,5
824725,2026-08-17,R,2026,Fenway Park,Boston Red Sox,Arizona Diamondbacks,11.0,1.0,687941.0,683352.0,Dan Iassogna,D.J. Reyburn,"76 degrees, Overcast.","4 mph, Out To LF.",7:11 PM.,"36,511.",9,0.0,0.0,7,0
823589,2026-08-17,R,2026,Citi Field,New York Mets,San Diego Padres,2.0,1.0,690997.0,621111.0,Chris Segal,Laz Diaz,"77 degrees, Cloudy.","6 mph, In From RF.",7:10 PM.,"27,842.",9,2.0,0.0,2,1
824077,2026-08-17,R,2026,Kauffman Stadium,Kansas City Royals,Athletics,9.0,5.0,608379.0,686930.0,Jansen Visconti,Andy Fletcher,"85 degrees, Clear.","4 mph, L To R.",6:40 PM.,"12,438.",9,3.0,1.0,6,4
823668,2026-08-17,R,2026,Target Field,Minnesota Twins,Atlanta Braves,4.0,2.0,641927.0,527048.0,Bruce Dreckman,Mark Wegner,"79 degrees, Partly Cloudy.","10 mph, Out To CF.",7:31 PM.,"19,990.",9,4.0,0.0,4,2
824641,2026-08-17,R,2026,Wrigley Field,Chicago Cubs,Chicago White Sox,7.0,5.0,684007.0,622491.0,Scott Barry,Manny Gonzalez,"76 degrees, Clear.","6 mph, In From RF.",7:05 PM.,"40,354.",10,2.0,0.0,4,3
824320,2026-08-17,R,2026,Coors Field,Colorado Rockies,Los Angeles Dodgers,5.0,11.0,608372.0,605483.0,Mark Ripperger,Adam Hamari,"92 degrees, Partly Cloudy.","5 mph, R To L.",6:43 PM.,"34,609.",9,0.0,0.0,1,7
824803,2026-08-18,R,2026,Oriole Park at Camden Yards,Baltimore Orioles,New York Yankees,1.0,3.0,669358.0,607074.0,Will Little,Ryan Wills,"84 degrees, Partly Cloudy.","3 mph, In From LF.",6:37 PM.,"23,257.",9,0.0,0.0,1,1
823341,2026-08-18,R,2026,PNC Park,Pittsburgh Pirates,Detroit Tigers,4.0,1.0,677952.0,672456.0,John Tumpane,Chris Conroy,"79 degrees, Clear.","5 mph, Out To LF.",6:41 PM.,"20,222.",9,0.0,0.0,3,1
824398,2026-08-18,R,2026,Progressive Field,Cleveland Guardians,San Francisco Giants,8.0,1.0,656492.0,687931.0,Jordan Baker,Stu Scheurwater,"77 degrees, Partly Cloudy.","6 mph, In From LF.",6:40 PM.,"21,309.",9,3.0,0.0,7,1
824475,2026-08-18,R,2026,Great American Ball Park,Cincinnati Reds,St. Louis Cardinals,0.0,3.0,671096.0,681517.0,Brock Ballou,Edwin Moscoso,"81 degrees, Clear.","3 mph, Out To CF.",6:41 PM.,"21,757.",9,0.0,0.0,0,1
822938,2026-08-18,R,2026,Tropicana Field,Tampa Bay Rays,Toronto Blue Jays,5.0,10.0,607259.0,667755.0,James Hoye,James Jean,"72 degrees, Dome.","0 mph, None.",6:40 PM.,"12,387.",9,0.0,2.0,3,8
823423,2026-08-18,R,2026,Citizens Bank Park,Philadelphia Phillies,Miami Marlins,6.0,4.0,554430.0,806188.0,Shane Livensparger,Clint Vondrak,"85 degrees, Partly Cloudy.","9 mph, In From LF.",6:41 PM.,"39,237.",9,1.0,0.0,1,2
824723,2026-08-18,R,2026,Fenway Park,Boston Red Sox,Arizona Diamondbacks,9.0,4.0,624133.0,518876.0,D.J. Reyburn,Louie Krupa,"76 degrees, Partly Cloudy.","5 mph, In From RF.",7:11 PM.,"36,592.",9,3.0,0.0,6,4
823586,2026-08-18,R,2026,Citi Field,New York Mets,San Diego Padres,2.0,5.0,804267.0,592662.0,Laz Diaz,Edwin Jimenez,"80 degrees, Partly Cloudy.","6 mph, Out To LF.",7:10 PM.,"35,508.",9,0.0,1.0,1,3
824075,2026-08-18,R,2026,Kauffman Stadium,Kansas City Royals,Athletics,4.0,3.0,663738.0,669620.0,Andy Fletcher,Alex Tosi,"86 degrees, Partly Cloudy.","4 mph, R To L.",6:40 PM.,"12,009.",9,0.0,1.0,0,1
823667,2026-08-18,R,2026,Target Field,Minnesota Twins,Atlanta Braves,4.0,1.0,805673.0,641816.0,Mark Wegner,Carlos Torres,"79 degrees, Partly Cloudy.","9 mph, Out To RF.",6:41 PM.,"22,193.",9,2.0,0.0,2,0
823749,2026-08-18,R,2026,American Family Field,Milwaukee Brewers,Seattle Mariners,22.0,0.0,690986.0,682243.0,Adrian Johnson,Dexter Kelley,"80 degrees, Roof Closed.","0 mph, None.",6:40 PM.,"36,870.",9,1.0,0.0,6,0
822859,2026-08-18,R,2026,Globe Life Field,Texas Rangers,Washington Nationals,5.0,0.0,615698.0,800600.0,Chad Fairchild,Bill Miller,"74 degrees, Roof Closed.","0 mph, None.",7:08 PM.,"22,126.",9,1.0,0.0,5,0
824639,2026-08-18,R,2026,Wrigley Field,Chicago Cubs,Chicago White Sox,4.0,3.0,592332.0,663542.0,Manny Gonzalez,Tom Hanahan,"77 degrees, Partly Cloudy.","9 mph, Out To CF.",7:08 PM.,"40,304.",9,2.0,0.0,2,3
824154,2026-08-18,R,2026,Daikin Park,Houston Astros,Los Angeles Angels,1.0,3.0,664299.0,691946.0,Alfonso Márquez,Mike Estabrook,"73 degrees, Roof Closed.","0 mph, None.",7:11 PM.,"22,767.",9,0.0,0.0,0,3
824319,2026-08-18,R,2026,Coors Field,Colorado Rockies,Los Angeles Dodgers,6.0,7.0,663372.0,641778.0,Adam Hamari,Dan Merzel,"86 degrees, Cloudy.","3 mph, R To L.",6:41 PM.,"29,898.",9,1.0,1.0,4,6
823342,2026-08-19,R,2026,PNC Park,Pittsburgh Pirates,Detroit Tigers,4.0,3.0,694973.0,695549.0,Chris Conroy,Austin Jones,"75 degrees, Partly Cloudy.","10 mph, Out To LF.",12:37 PM.,"18,208.",9,1.0,0.0,1,3
823587,2026-08-19,R,2026,Citi Field,New York Mets,San Diego Padres,4.0,2.0,476594.0,650633.0,Edwin Jimenez,Erich Bacchus,"85 degrees, Sunny.","7 mph, Out To RF.",1:10 PM.,"26,195.",9,0.0,0.0,2,1
823664,2026-08-19,R,2026,Target Field,Minnesota Twins,Atlanta Braves,6.0,4.0,671737.0,700363.0,Carlos Torres,Nate Tomlinson,"77 degrees, Partly Cloudy.","3 mph, In From CF.",12:41 PM.,"20,316.",9,0.0,0.0,4,1
824640,2026-08-19,R,2026,Wrigley Field,Chicago Cubs,Chicago White Sox,0.0,3.0,605280.0,656794.0,Tom Hanahan,Ron Kulpa,"75 degrees, Partly Cloudy.","8 mph, In From CF.",1:20 PM.,"40,086.",9,0.0,0.0,0,0
824722,2026-08-19,R,2026,Fenway Park,Boston Red Sox,Arizona Diamondbacks,6.0,7.0,801139.0,694297.0,Louie Krupa,Adam Beck,"85 degrees, Partly Cloudy.","4 mph, Out To RF.",4:11 PM.,"36,540.",10,1.0,0.0,2,3
823424,2026-08-19,R,2026,Citizens Bank Park,Philadelphia Phillies,Miami Marlins,4.0,1.0,605400.0,645261.0,Clint Vondrak,Todd Tichenor,"85 degrees, Partly Cloudy.","9 mph, L To R.",6:06 PM.,"37,031.",9,0.0,0.0,3,0
824801,2026-08-19,R,2026,Oriole Park at Camden Yards,Baltimore Orioles,New York Yankees,3.0,5.0,605135.0,701542.0,Ryan Wills,Ryan Additon,"86 degrees, Partly Cloudy.","5 mph, Out To RF.",6:35 PM.,"26,453.",9,1.0,0.0,2,3
824394,2026-08-19,R,2026,Progressive Field,Cleveland Guardians,San Francisco Giants,0.0,1.0,800048.0,683363.0,Stu Scheurwater,Steven Jaschinski,"77 degrees, Partly Cloudy.","3 mph, Calm.",6:40 PM.,"20,021.",9,0.0,0.0,0,1
824476,2026-08-19,R,2026,Great American Ball Park,Cincinnati Reds,St. Louis Cardinals,5.0,4.0,695505.0,669461.0,Edwin Moscoso,Hunter Wendelstedt,"79 degrees, Partly Cloudy.","3 mph, R To L.",6:41 PM.,"16,097.",9,0.0,0.0,0,2
822937,2026-08-19,R,2026,Tropicana Field,Tampa Bay Rays,Toronto Blue Jays,7.0,6.0,656876.0,453286.0,James Jean,Sean Barber,"72 degrees, Dome.","0 mph, None.",6:40 PM.,"13,015.",9,2.0,0.0,7,5
824076,2026-08-19,R,2026,Kauffman Stadium,Kansas City Royals,Athletics,9.0,7.0,607625.0,605488.0,Alex Tosi,Cory Blaser,"82 degrees, Clear.","2 mph, L To R.",6:40 PM.,"11,579.",9,0.0,2.0,1,5
823748,2026-08-19,R,2026,American Family Field,Milwaukee Brewers,Seattle Mariners,5.0,7.0,669160.0,669302.0,Dexter Kelley,Quinn Wolcott,"72 degrees, Partly Cloudy.","6 mph, In From LF.",6:40 PM.,"34,564.",9,0.0,4.0,2,7
822860,2026-08-19,R,2026,Globe Life Field,Texas Rangers,Washington Nationals,0.0,6.0,677958.0,676917.0,Bill Miller,Chad Whitson,"74 degrees, Roof Closed.","0 mph, None.",7:08 PM.,"23,963.",9,0.0,0.0,0,2
824155,2026-08-19,R,2026,Daikin Park,Houston Astros,Los Angeles Angels,3.0,2.0,814490.0,700712.0,Mike Estabrook,Lance Barrett,"73 degrees, Roof Closed.","0 mph, None.",7:10 PM.,"21,162.",9,0.0,0.0,3,2
824318,2026-08-19,R,2026,Coors Field,Colorado Rockies,Los Angeles Dodgers,4.0,6.0,607536.0,808963.0,Dan Merzel,Dan Bellino,"89 degrees, Cloudy.","7 mph, In From CF.",6:40 PM.,"33,179.",10,0.0,0.0,2,4
824474,2026-08-20,R,2026,Great American Ball Park,Cincinnati Reds,St. Louis Cardinals,9.0,10.0,663903.0,700241.0,Hunter Wendelstedt,Vic Carapazza,"75 degrees, Partly Cloudy.","3 mph, Out To CF.",12:41 PM.,"15,361.",9,0.0,1.0,0,4
824395,2026-08-20,R,2026,Progressive Field,Cleveland Guardians,San Francisco Giants,5.0,2.0,668909.0,694738.0,Steven Jaschinski,Rob Drake,"76 degrees, Partly Cloudy.","7 mph, In From RF.",1:10 PM.,"24,448.",9,3.0,0.0,3,2
822934,2026-08-20,R,2026,Tropicana Field,Tampa Bay Rays,Toronto Blue Jays,1.0,5.0,693855.0,669456.0,Sean Barber,John Libka,"72 degrees, Dome.","0 mph, None.",1:10 PM.,"12,857.",9,0.0,0.0,1,3
824074,2026-08-20,R,2026,Kauffman Stadium,Kansas City Royals,Athletics,6.0,2.0,677976.0,695611.0,Cory Blaser,John Bacon,"80 degrees, Sunny.","3 mph, In From RF.",1:10 PM.,"11,867.",9,1.0,0.0,6,2
824589,2026-08-20,R,2026,Rate Field,Chicago White Sox,Atlanta Braves,0.0,2.0,641743.0,656550.0,Ron Kulpa,Scott Barry,"76 degrees, Sunny.","13 mph, L To R.",1:11 PM.,"17,052.",9,0.0,0.0,0,1
823747,2026-08-20,R,2026,American Family Field,Milwaukee Brewers,Seattle Mariners,7.0,4.0,688107.0,669923.0,Quinn Wolcott,Ramon De Jesus,"78 degrees, Sunny.","7 mph, In From CF.",1:10 PM.,"35,909.",9,6.0,0.0,6,4
824802,2026-08-20,R,2026,Oriole Park at Camden Yards,Baltimore Orioles,New York Yankees,1.0,6.0,680694.0,543037.0,Ryan Additon,Jonathan Parra,"74 degrees, Cloudy.","8 mph, In From LF.",6:58 PM.,"29,200.",9,0.0,0.0,1,3
822861,2026-08-20,R,2026,Globe Life Field,Texas Rangers,Washington Nationals,2.0,0.0,594798.0,674841.0,Chad Whitson,Brian Walsh,"74 degrees, Roof Closed.","0 mph, None.",7:08 PM.,"21,179.",9,0.0,0.0,1,0
824153,2026-08-20,R,2026,Daikin Park,Houston Astros,Los Angeles Angels,3.0,18.0,663567.0,680570.0,Lance Barrett,Malachi Moore,"73 degrees, Roof Closed.","0 mph, None.",7:10 PM.,"20,934.",9,2.0,1.0,2,14
823746,2026-08-21,R,2026,American Family Field,Milwaukee Brewers,Atlanta Braves,2.0,1.0,694819.0,519242.0,Todd Tichenor,John Tumpane,"75 degrees, Roof Closed.","0 mph, None.",3:10 PM.,"40,130.",9,0.0,0.0,2,0
823420,2026-08-21,R,2026,Citizens Bank Park,Philadelphia Phillies,St. Louis Cardinals,7.0,6.0,666200.0,690928.0,Erich Bacchus,Chris Segal,"82 degrees, Partly Cloudy.","4 mph, Varies.",6:42 PM.,"44,802.",10,0.0,2.0,3,2
823510,2026-08-21,R,2026,Yankee Stadium,New York Yankees,Toronto Blue Jays,3.0,1.0,693645.0,689254.0,Adam Beck,Dan Iassogna,"75 degrees, Partly Cloudy.","8 mph, In From LF.",7:11 PM.,"45,062.",9,0.0,0.0,3,1
824721,2026-08-21,R,2026,Fenway Park,Boston Red Sox,San Francisco Giants,6.0,4.0,543243.0,657277.0,John Libka,James Hoye,"69 degrees, Overcast.","5 mph, In From CF.",7:10 PM.,"37,007.",9,0.0,0.0,5,4
823830,2026-08-21,R,2026,loanDepot park,Miami Marlins,Washington Nationals,3.0,2.0,687473.0,695418.0,Rob Drake,D.J. Reyburn,"72 degrees, Roof Closed.","0 mph, None.",7:11 PM.,"13,941.",9,0.0,0.0,0,0
824800,2026-08-21,R,2026,Oriole Park at Camden Yards,Baltimore Orioles,Tampa Bay Rays,5.0,3.0,669432.0,642547.0,Vic Carapazza,Nic Lentz,"77 degrees, Partly Cloudy.","3 mph, In From RF.",7:16 PM.,"25,963.",9,1.0,0.0,5,3
824559,2026-08-21,R,2026,Rate Field,Chicago White Sox,New York Mets,6.0,4.0,680732.0,640455.0,Ramon De Jesus,Adrian Johnson,"77 degrees, Cloudy.","6 mph, R To L.",7:00 PM.,"31,599.",9,0.0,0.0,0,4
824072,2026-08-21,R,2026,Kauffman Stadium,Kansas City Royals,Detroit Tigers,5.0,2.0,702070.0,675512.0,Scott Barry,Manny Gonzalez,"81 degrees, Partly Cloudy.","2 mph, R To L.",7:10 PM.,"29,535.",9,0.0,0.0,2,0
824152,2026-08-21,R,2026,Daikin Park,Houston Astros,Athletics,4.0,0.0,669713.0,669372.0,Jonathan Parra,Will Little,"73 degrees, Roof Closed.","0 mph, None.",7:11 PM.,"28,477.",9,0.0,0.0,3,0
822857,2026-08-21,R,2026,Globe Life Field,Texas Rangers,Los Angeles Angels,2.0,1.0,669022.0,672282.0,Andy Fletcher,Jen Pawol,"74 degrees, Roof Closed.","0 mph, None.",7:15 PM.,"29,309.",10,0.0,0.0,0,0
824317,2026-08-21,R,2026,Coors Field,Colorado Rockies,Cleveland Guardians,1.0,9.0,685299.0,676282.0,Nate Tomlinson,Bruce Dreckman,"88 degrees, Partly Cloudy.","5 mph, R To L.",6:43 PM.,"26,800.",9,1.0,0.0,1,4
825045,2026-08-21,R,2026,Chase Field,Arizona Diamondbacks,Cincinnati Reds,9.0,0.0,593958.0,666157.0,Dan Bellino,Mark Ripperger,"75 degrees, Roof Closed.","0 mph, None.",6:40 PM.,"32,087.",9,1.0,0.0,6,0
823262,2026-08-21,R,2026,Petco Park,San Diego Padres,Minnesota Twins,6.0,2.0,681190.0,687570.0,Brian Walsh,Chad Fairchild,"79 degrees, Partly Cloudy.","6 mph, L To R.",6:41 PM.,"44,293.",9,2.0,0.0,6,2
823911,2026-08-21,R,2026,UNIQLO Field at Dodger Stadium,Los Angeles Dodgers,Pittsburgh Pirates,5.0,4.0,808967.0,696149.0,Malachi Moore,Alfonso Márquez,"83 degrees, Clear.","2 mph, L To R.",7:10 PM.,"51,872.",10,2.0,1.0,4,2
823101,2026-08-21,R,2026,T-Mobile Park,Seattle Mariners,Chicago Cubs,6.0,5.0,676106.0,571510.0,Brennan Miller,Ryan Blakney,"78 degrees, Partly Cloudy.","4 mph, Out To CF.",7:10 PM.,"46,018.",10,0.0,3.0,5,3
823509,2026-08-22,R,2026,Yankee Stadium,New York Yankees,Toronto Blue Jays,3.0,4.0,677960.0,656302.0,Dan Iassogna,Louie Krupa,"74 degrees, Cloudy.","6 mph, In From LF.",1:38 PM.,"46,231.",9,0.0,1.0,0,3
823743,2026-08-22,R,2026,American Family Field,Milwaukee Brewers,Atlanta Braves,4.0,1.0,701656.0,527048.0,John Tumpane,Adam Hamari,"78 degrees, Partly Cloudy.","10 mph, Out To CF.",1:10 PM.,"42,298.",9,0.0,1.0,4,1
823831,2026-08-22,R,2026,loanDepot park,Miami Marlins,Washington Nationals,4.0,2.0,691587.0,663623.0,D.J. Reyburn,Stu Scheurwater,"72 degrees, Roof Closed.","0 mph, None.",4:10 PM.,"18,473.",9,2.0,0.0,4,2
823422,2026-08-22,R,2026,Citizens Bank Park,Philadelphia Phillies,St. Louis Cardinals,12.0,3.0,691725.0,687273.0,Chris Segal,Laz Diaz,"77 degrees, Cloudy.","4 mph, Out To CF.",6:05 PM.,"42,218.",9,3.0,0.0,7,0
824798,2026-08-22,R,2026,Oriole Park at Camden Yards,Baltimore Orioles,Tampa Bay Rays,3.0,2.0,687064.0,663556.0,Nic Lentz,Edwin Moscoso,"74 degrees, Partly Cloudy.","8 mph, R To L.",7:06 PM.,"27,158.",10,0.0,0.0,0,1
822858,2026-08-22,R,2026,Globe Life Field,Texas Rangers,Los Angeles Angels,0.0,3.0,674003.0,696270.0,Jen Pawol,Alex Tosi,"74 degrees, Roof Closed.","0 mph, None.",6:08 PM.,"35,836.",9,0.0,1.0,0,1
824151,2026-08-22,R,2026,Daikin Park,Houston Astros,Athletics,3.0,4.0,686613.0,682052.0,Will Little,Ryan Wills,"73 degrees, Roof Closed.","0 mph, None.",6:10 PM.,"31,009.",9,0.0,0.0,1,1
824560,2026-08-22,R,2026,Rate Field,Chicago White Sox,New York Mets,5.0,10.0,622491.0,681035.0,Adrian Johnson,Dexter Kelley,"81 degrees, Partly Cloudy.","12 mph, Out To CF.",6:10 PM.,"30,705.",9,0.0,1.0,4,7
824073,2026-08-22,R,2026,Kauffman Stadium,Kansas City Royals,Detroit Tigers,3.0,1.0,608379.0,623454.0,Manny Gonzalez,Tom Hanahan,"83 degrees, Clear.","7 mph, L To R.",6:15 PM.,"23,156.",9,0.0,0.0,2,1
823910,2026-08-22,R,2026,UNIQLO Field at Dodger Stadium,Los Angeles Dodgers,Pittsburgh Pirates,4.0,3.0,669373.0,683003.0,Alfonso Márquez,Mike Estabrook,"90 degrees, Sunny.","9 mph, Out To RF.",4:15 PM.,"53,417.",9,0.0,3.0,4,3
823100,2026-08-22,R,2026,T-Mobile Park,Seattle Mariners,Chicago Cubs,5.0,4.0,807739.0,656849.0,Ryan Blakney,Ben May,"77 degrees, Sunny.","8 mph, Out To CF.",4:15 PM.,"45,681.",9,1.0,0.0,2,1
824718,2026-08-22,R,2026,Fenway Park,Boston Red Sox,San Francisco Giants,3.0,2.0,663776.0,694918.0,James Hoye,James Jean,"72 degrees, Overcast.","4 mph, In From CF.",7:15 PM.,"36,478.",9,0.0,1.0,0,2
825044,2026-08-22,R,2026,Chase Field,Arizona Diamondbacks,Cincinnati Reds,5.0,11.0,647336.0,695076.0,Mark Ripperger,Shane Livensparger,"75 degrees, Roof Closed.","0 mph, None.",5:10 PM.,"36,405.",9,0.0,1.0,2,7
824316,2026-08-22,R,2026,Coors Field,Colorado Rockies,Cleveland Guardians,3.0,4.0,687312.0,676440.0,Bruce Dreckman,Jacob Metz,"81 degrees, Cloudy.","4 mph, Out To CF.",6:11 PM.,"39,327.",9,0.0,0.0,2,3
823261,2026-08-22,R,2026,Petco Park,San Diego Padres,Minnesota Twins,7.0,5.0,663554.0,665152.0,Chad Fairchild,Bill Miller,"79 degrees, Clear.","7 mph, L To R.",5:41 PM.,"41,484.",9,0.0,1.0,1,5
824799,2026-08-23,R,2026,Oriole Park at Camden Yards,Baltimore Orioles,Tampa Bay Rays,1.0,3.0,669358.0,607259.0,Edwin Moscoso,Dillon Wilson,"80 degrees, Partly Cloudy.","12 mph, Out To RF.",1:38 PM.,"27,745.",9,0.0,0.0,0,0
823421,2026-08-23,R,2026,Citizens Bank Park,Philadelphia Phillies,St. Louis Cardinals,6.0,4.0,650911.0,681517.0,Laz Diaz,Edwin Jimenez,"79 degrees, Partly Cloudy.","11 mph, L To R.",1:37 PM.,"42,610.",9,0.0,1.0,0,3
823507,2026-08-23,R,2026,Yankee Stadium,New York Yankees,Toronto Blue Jays,8.0,3.0,607074.0,667755.0,Louie Krupa,Jeremie Rehak,"79 degrees, Partly Cloudy.","11 mph, Calm.",1:39 PM.,"41,802.",9,0.0,0.0,2,2
823827,2026-08-23,R,2026,loanDepot park,Miami Marlins,Washington Nationals,6.0,2.0,676083.0,800600.0,Stu Scheurwater,Steven Jaschinski,"72 degrees, Roof Closed.","0 mph, None.",1:42 PM.,"17,826.",9,1.0,0.0,3,1
824071,2026-08-23,R,2026,Kauffman Stadium,Kansas City Royals,Detroit Tigers,11.0,7.0,663738.0,621097.0,Tom Hanahan,Ron Kulpa,"79 degrees, Cloudy.","5 mph, In From RF.",1:11 PM.,"21,269.",9,0.0,1.0,9,5
824150,2026-08-23,R,2026,Daikin Park,Houston Astros,Athletics,6.0,7.0,664299.0,669620.0,Ryan Wills,Ryan Additon,"73 degrees, Roof Closed.","0 mph, None.",1:12 PM.,"30,708.",9,3.0,0.0,6,6
824558,2026-08-23,R,2026,Rate Field,Chicago White Sox,New York Mets,2.0,1.0,656794.0,690997.0,Dexter Kelley,Quinn Wolcott,"75 degrees, Partly Cloudy.","5 mph, Out To RF.",1:09 PM.,"27,721.",9,0.0,0.0,0,0
822856,2026-08-23,R,2026,Globe Life Field,Texas Rangers,Los Angeles Angels,5.0,3.0,615698.0,579328.0,Alex Tosi,Cory Blaser,"74 degrees, Roof Closed.","0 mph, None.",1:38 PM.,"31,593.",9,0.0,0.0,5,0
824315,2026-08-23,R,2026,Coors Field,Colorado Rockies,Cleveland Guardians,2.0,7.0,608372.0,656492.0,Jacob Metz,Carlos Torres,"91 degrees, Partly Cloudy.","7 mph, In From CF.",1:11 PM.,"28,835.",9,0.0,3.0,2,6
824720,2026-08-23,R,2026,Fenway Park,Boston Red Sox,San Francisco Giants,5.0,4.0,687562.0,683363.0,James Jean,Sean Barber,"70 degrees, Overcast.","1 mph, Out To RF.",3:16 PM.,"36,278.",9,0.0,2.0,5,3
823909,2026-08-23,R,2026,UNIQLO Field at Dodger Stadium,Los Angeles Dodgers,Pittsburgh Pirates,4.0,0.0,605483.0,669199.0,Mike Estabrook,Lance Barrett,"97 degrees, Sunny.","2 mph, Out To CF.",1:11 PM.,"44,092.",9,1.0,0.0,4,0
823099,2026-08-23,R,2026,T-Mobile Park,Seattle Mariners,Chicago Cubs,2.0,19.0,682243.0,684007.0,Ben May,Chris Conroy,"69 degrees, Cloudy.","3 mph, Out To CF.",1:12 PM.,"44,649.",9,1.0,0.0,2,6
823258,2026-08-23,R,2026,Petco Park,San Diego Padres,Minnesota Twins,8.0,1.0,621111.0,641927.0,Bill Miller,Chad Whitson,"81 degrees, Partly Cloudy.","9 mph, L To R.",1:11 PM.,"40,103.",9,0.0,0.0,1,1
825043,2026-08-23,R,2026,Chase Field,Arizona Diamondbacks,Cincinnati Reds,5.0,3.0,683352.0,671096.0,Shane Livensparger,Dan Merzel,"75 degrees, Roof Closed.","0 mph, None.",1:16 PM.,"28,433.",9,0.0,0.0,0,3
823745,2026-08-23,R,2026,Journey Bank Ballpark,Milwaukee Brewers,Atlanta Braves,2.0,4.0,675660.0,641816.0,Adam Hamari,Clint Vondrak,"68 degrees, Partly Cloudy.","10 mph, Out To RF.",7:11 PM.,"2,432.",9,0.0,0.0,1,2
824235,2026-08-24,R,2026,Comerica Park,Detroit Tigers,Tampa Bay Rays,1.0,4.0,664285.0,656876.0,Quinn Wolcott,Paul Clemons,"74 degrees, Cloudy.","8 mph, Out To CF.",6:41 PM.,"23,265.",9,0.0,2.0,1,3
823828,2026-08-24,R,2026,loanDepot park,Miami Marlins,Boston Red Sox,2.0,4.0,645261.0,624133.0,Ron Kulpa,David Rackley,"72 degrees, Roof Closed.","0 mph, None.",6:40 PM.,"16,247.",9,0.0,0.0,1,1
822695,2026-08-24,R,2026,Nationals Park,Washington Nationals,Colorado Rockies,13.0,3.0,676917.0,663372.0,Nick Mahrley,Marvin Hudson,"81 degrees, Partly Cloudy.","3 mph, L To R.",6:47 PM.,"12,105.",9,0.0,0.0,5,2
824557,2026-08-24,R,2026,Rate Field,Chicago White Sox,Texas Rangers,2.0,11.0,664353.0,677958.0,Chris Guccione,Scott Barry,"72 degrees, Partly Cloudy.","8 mph, In From LF.",6:41 PM.,"11,471.",9,0.0,2.0,2,7
823992,2026-08-24,R,2026,Angel Stadium,Los Angeles Angels,Cleveland Guardians,2.0,4.0,691946.0,800048.0,Gabe Morales,Doug Eddings,"88 degrees, Clear.","7 mph, R To L.",6:39 PM.,"26,302.",9,0.0,0.0,1,2
825041,2026-08-24,R,2026,Chase Field,Arizona Diamondbacks,Chicago Cubs,0.0,7.0,518876.0,592332.0,Lance Barrett,Malachi Moore,"75 degrees, Roof Closed.","0 mph, None.",6:42 PM.,"28,704.",9,0.0,0.0,0,2
823260,2026-08-24,R,2026,Petco Park,San Diego Padres,Pittsburgh Pirates,2.0,3.0,592662.0,677952.0,Dan Merzel,Dan Bellino,"78 degrees, Partly Cloudy.","8 mph, L To R.",6:40 PM.,"40,447.",12,0.0,0.0,0,0
824964,2026-08-24,R,2026,Sutter Health Park,Athletics,Minnesota Twins,6.0,9.0,605488.0,805673.0,Alan Porter,Jim Wolf,"90 degrees, Clear.","10 mph, R To L.",6:40 PM.,"8,149.",9,0.0,1.0,1,4
823097,2026-08-24,R,2026,T-Mobile Park,Seattle Mariners,Philadelphia Phillies,9.0,2.0,669302.0,554430.0,Chad Whitson,Brian Walsh,"75 degrees, Clear.","9 mph, L To R.",6:41 PM.,"35,293.",9,5.0,1.0,8,2
823183,2026-08-24,R,2026,Oracle Park,San Francisco Giants,Cincinnati Reds,5.0,0.0,687931.0,695505.0,Chris Conroy,Brennan Miller,"62 degrees, Partly Cloudy.","15 mph, Out To CF.",6:45 PM.,"31,123.",9,2.0,0.0,5,0
824233,2026-08-25,R,2026,Comerica Park,Detroit Tigers,Tampa Bay Rays,4.0,1.0,695549.0,668984.0,Paul Clemons,Adrian Johnson,"78 degrees, Partly Cloudy.","7 mph, In From RF.",6:40 PM.,"26,605.",9,0.0,0.0,3,1
823826,2026-08-25,R,2026,loanDepot park,Miami Marlins,Boston Red Sox,3.0,7.0,663969.0,801139.0,David Rackley,Manny Gonzalez,"72 degrees, Roof Closed.","0 mph, None.",6:40 PM.,"16,821.",11,0.0,0.0,1,1
822693,2026-08-25,R,2026,Nationals Park,Washington Nationals,Colorado Rockies,1.0,3.0,674841.0,690279.0,Marvin Hudson,Willie Traynor,"81 degrees, Cloudy.","6 mph, In From LF.",6:46 PM.,"13,876.",9,0.0,0.0,1,3
823505,2026-08-25,R,2026,Yankee Stadium,New York Yankees,Houston Astros,7.0,9.0,701542.0,814490.0,Clint Vondrak,Steven Jaschinski,"77 degrees, Partly Cloudy.","9 mph, Out To CF.",7:09 PM.,"43,229.",9,0.0,0.0,5,3
822773,2026-08-25,R,2026,Rogers Centre,Toronto Blue Jays,Kansas City Royals,3.0,5.0,453286.0,607625.0,Carlos Torres,Nate Tomlinson,"72 degrees, Clear.","3 mph, R To L.",7:07 PM.,"43,245.",9,1.0,1.0,1,2
823585,2026-08-25,R,2026,Citi Field,New York Mets,Milwaukee Brewers,3.0,2.0,804267.0,690986.0,Hunter Wendelstedt,Vic Carapazza,"77 degrees, Partly Cloudy.","6 mph, Out To RF.",7:10 PM.,"28,942.",10,0.0,0.0,1,1
824881,2026-08-25,R,2026,Truist Park,Atlanta Braves,Los Angeles Dodgers,4.0,3.0,693821.0,607192.0,Edwin Jimenez,Erich Bacchus,"90 degrees, Clear.","3 mph, Calm.",7:16 PM.,"36,832.",9,3.0,0.0,3,3
824556,2026-08-25,R,2026,Rate Field,Chicago White Sox,Texas Rangers,11.0,7.0,641743.0,594798.0,Scott Barry,Charlie Ramos,"78 degrees, Partly Cloudy.","7 mph, In From CF.",6:41 PM.,"19,892.",9,6.0,0.0,10,4
823016,2026-08-25,R,2026,Busch Stadium,St. Louis Cardinals,Baltimore Orioles,1.0,13.0,669461.0,605135.0,Cory Blaser,Jansen Visconti,"84 degrees, Partly Cloudy.","5 mph, R To L.",6:46 PM.,"26,877.",9,0.0,0.0,1,12
823989,2026-08-25,R,2026,Angel Stadium,Los Angeles Angels,Cleveland Guardians,6.0,8.0,700712.0,668909.0,Doug Eddings,Mike Muchlinski,"87 degrees, Clear.","9 mph, Out To LF.",6:38 PM.,"26,001.",10,2.0,0.0,6,5
825042,2026-08-25,R,2026,Chase Field,Arizona Diamondbacks,Chicago Cubs,5.0,4.0,694297.0,605280.0,Malachi Moore,Alfonso Márquez,"76 degrees, Roof Closed.","0 mph, None.",6:40 PM.,"28,215.",9,0.0,0.0,0,3
823259,2026-08-25,R,2026,Petco Park,San Diego Padres,Pittsburgh Pirates,0.0,1.0,650633.0,694973.0,Dan Bellino,Mark Ripperger,"83 degrees, Clear.","5 mph, L To R.",6:41 PM.,"40,709.",9,0.0,0.0,0,0
824962,2026-08-25,R,2026,Sutter Health Park,Athletics,Minnesota Twins,4.0,2.0,695611.0,671737.0,Jim Wolf,Roberto Ortiz,"90 degrees, Partly Cloudy.","8 mph, Out To LF.",6:41 PM.,"8,301.",9,0.0,0.0,2,0
823098,2026-08-25,R,2026,T-Mobile Park,Seattle Mariners,Philadelphia Phillies,4.0,1.0,669923.0,605400.0,Brian Walsh,Chad Fairchild,"78 degrees, Clear.","8 mph, Out To CF.",6:42 PM.,"37,600.",9,0.0,0.0,1,1
823181,2026-08-25,R,2026,Oracle Park,San Francisco Giants,Cincinnati Reds,3.0,1.0,605288.0,663903.0,Brennan Miller,Ryan Blakney,"66 degrees, Partly Cloudy.","8 mph, Out To CF.",6:45 PM.,"27,207.",9,2.0,0.0,3,0
824234,2026-08-26,R,2026,Comerica Park,Detroit Tigers,Tampa Bay Rays,0.0,3.0,675512.0,642547.0,Adrian Johnson,Dexter Kelley,"78 degrees, Partly Cloudy.","9 mph, R To L.",1:10 PM.,"21,482.",9,0.0,0.0,0,2
825039,2026-08-26,R,2026,Chase Field,Arizona Diamondbacks,Chicago Cubs,2.0,0.0,593958.0,571510.0,Alfonso Márquez,Mike Estabrook,"76 degrees, Roof Closed.","0 mph, None.",12:41 PM.,"24,297.",9,0.0,0.0,0,0
823180,2026-08-26,R,2026,Oracle Park,San Francisco Giants,Cincinnati Reds,9.0,10.0,657277.0,666157.0,Ryan Blakney,Ben May,"70 degrees, Sunny.","10 mph, Out To CF.",12:45 PM.,"24,130.",9,0.0,0.0,4,2
823988,2026-08-26,R,2026,Angel Stadium,Los Angeles Angels,Cleveland Guardians,3.0,4.0,680570.0,676282.0,Mike Muchlinski,Emil Jimenez,"92 degrees, Sunny.","4 mph, Out To CF.",1:09 PM.,"25,161.",9,1.0,0.0,3,1
823255,2026-08-26,R,2026,Petco Park,San Diego Padres,Pittsburgh Pirates,3.0,0.0,681190.0,696149.0,Mark Ripperger,Shane Livensparger,"82 degrees, Partly Cloudy.","9 mph, L To R.",1:11 PM.,"40,413.",9,0.0,0.0,2,0
823096,2026-08-26,R,2026,T-Mobile Park,Seattle Mariners,Philadelphia Phillies,0.0,6.0,693433.0,666200.0,Chad Fairchild,Bill Miller,"69 degrees, Partly Cloudy.","5 mph, Out To CF.",1:13 PM.,"33,642.",9,0.0,2.0,0,6
823825,2026-08-26,R,2026,loanDepot park,Miami Marlins,Boston Red Sox,4.0,0.0,687473.0,543243.0,Manny Gonzalez,Tom Hanahan,"72 degrees, Roof Closed.","0 mph, None.",6:40 PM.,"17,472.",9,1.0,0.0,2,0
822692,2026-08-26,R,2026,Nationals Park,Washington Nationals,Colorado Rockies,1.0,13.0,663362.0,685299.0,Willie Traynor,Tripp Gibson,"84 degrees, Partly Cloudy.","9 mph, Out To LF.",6:46 PM.,"13,845.",9,0.0,0.0,1,4
823506,2026-08-26,R,2026,Yankee Stadium,New York Yankees,Houston Astros,9.0,3.0,695684.0,663567.0,Steven Jaschinski,John Tumpane,"78 degrees, Partly Cloudy.","10 mph, R To L.",7:08 PM.,"40,269.",9,2.0,1.0,3,2
822772,2026-08-26,R,2026,Rogers Centre,Toronto Blue Jays,Kansas City Royals,3.0,0.0,693686.0,677976.0,Nate Tomlinson,Mark Wegner,"69 degrees, Clear.","11 mph, R To L.",7:07 PM.,"42,323.",9,0.0,0.0,3,0
823584,2026-08-26,R,2026,Citi Field,New York Mets,Milwaukee Brewers,1.0,8.0,476594.0,669160.0,Vic Carapazza,Nic Lentz,"75 degrees, Partly Cloudy.","9 mph, Out To LF.",7:10 PM.,"23,607.",9,0.0,0.0,1,7
824878,2026-08-26,R,2026,Truist Park,Atlanta Braves,Los Angeles Dodgers,6.0,5.0,700363.0,808963.0,Erich Bacchus,Chris Segal,"89 degrees, Cloudy.","6 mph, Out To RF.",7:17 PM.,"37,227.",9,1.0,0.0,4,3
824555,2026-08-26,R,2026,Rate Field,Chicago White Sox,Texas Rangers,10.0,4.0,680732.0,669022.0,Charlie Ramos,Nestor Ceja,"83 degrees, Partly Cloudy.","10 mph, Varies.",6:41 PM.,"16,038.",9,0.0,0.0,6,2
823015,2026-08-26,R,2026,Busch Stadium,St. Louis Cardinals,Baltimore Orioles,7.0,8.0,700241.0,680694.0,Jansen Visconti,Alex Tosi,"87 degrees, Clear.","7 mph, Out To RF.",6:46 PM.,"21,185.",9,0.0,5.0,7,7
824963,2026-08-26,R,2026,Sutter Health Park,Athletics,Minnesota Twins,7.0,4.0,669372.0,687570.0,Roberto Ortiz,Alex MacKay,"98 degrees, Clear.","5 mph, Calm.",6:06 PM.,"9,446.",9,0.0,1.0,2,3
822694,2026-08-27,R,2026,Nationals Park,Washington Nationals,Colorado Rockies,7.0,1.0,663623.0,687312.0,Tripp Gibson,Nick Mahrley,"81 degrees, Partly Cloudy.","9 mph, Out To LF.",1:05 PM.,"14,768.",9,2.0,0.0,4,1
823014,2026-08-27,R,2026,Busch Stadium,St. Louis Cardinals,Baltimore Orioles,7.0,5.0,700669.0,669432.0,Alex Tosi,Andy Fletcher,"83 degrees, Partly Cloudy.","6 mph, Out To RF.",1:15 PM.,"20,723.",9,0.0,0.0,6,1
823503,2026-08-27,R,2026,Yankee Stadium,New York Yankees,Houston Astros,1.0,5.0,543037.0,669713.0,John Tumpane,Adam Hamari,"76 degrees, Cloudy.","9 mph, R To L.",7:15 PM.,"41,203.",9,0.0,0.0,0,1
822771,2026-08-27,R,2026,Rogers Centre,Toronto Blue Jays,Kansas City Royals,2.0,13.0,681293.0,702070.0,Mark Wegner,Jacob Metz,"77 degrees, Clear.","19 mph, R To L.",7:07 PM.,"42,621.",9,0.0,2.0,0,4
823581,2026-08-27,R,2026,Citi Field,New York Mets,Milwaukee Brewers,2.0,8.0,640455.0,694819.0,Nic Lentz,Edwin Moscoso,"74 degrees, Overcast.","10 mph, Out To LF.",7:10 PM.,"26,611.",9,0.0,2.0,2,5
824879,2026-08-27,R,2026,Truist Park,Atlanta Braves,Los Angeles Dodgers,1.0,0.0,519242.0,808967.0,Chris Segal,Laz Diaz,"84 degrees, Partly Cloudy.","2 mph, Calm.",7:16 PM.,"39,650.",9,1.0,0.0,1,0
823179,2026-08-27,R,2026,Oracle Park,San Francisco Giants,Arizona Diamondbacks,6.0,1.0,694738.0,703615.0,Alex MacKay,Alan Porter,"67 degrees, Partly Cloudy.","8 mph, Out To CF.",6:46 PM.,"40,120.",9,1.0,0.0,2,1
824638,2026-08-28,R,2026,Wrigley Field,Chicago Cubs,Cincinnati Reds,8.0,10.0,656849.0,695076.0,Bill Miller,Chad Whitson,"77 degrees, Sunny.","6 mph, R To L.",1:21 PM.,"39,036.",9,1.0,0.0,3,2
824231,2026-08-28,R,2026,Comerica Park,Detroit Tigers,Los Angeles Dodgers,1.0,2.0,623454.0,669373.0,Nestor Ceja,Chris Guccione,"76 degrees, Partly Cloudy.","5 mph, In From LF.",6:40 PM.,"41,012.",9,0.0,0.0,1,0
822691,2026-08-28,R,2026,Nationals Park,Washington Nationals,Miami Marlins,9.0,2.0,800600.0,691587.0,Laz Diaz,Edwin Jimenez,"84 degrees, Partly Cloudy.","8 mph, In From RF.",6:47 PM.,"18,047.",9,0.0,0.0,5,1
824396,2026-08-28,R,2026,Progressive Field,Cleveland Guardians,Kansas City Royals,0.0,3.0,676440.0,608379.0,Dexter Kelley,Quinn Wolcott,"73 degrees, Clear.","7 mph, In From RF.",7:11 PM.,"31,941.",9,0.0,0.0,0,1
823583,2026-08-28,R,2026,Citi Field,New York Mets,Houston Astros,1.0,3.0,681035.0,686613.0,Jacob Metz,Carlos Torres,"79 degrees, Partly Cloudy.","5 mph, In From LF.",7:10 PM.,"28,848.",9,0.0,0.0,1,0
822935,2026-08-28,R,2026,Tropicana Field,Tampa Bay Rays,San Diego Padres,9.0,4.0,663556.0,663554.0,Andy Fletcher,Jansen Visconti,"72 degrees, Dome.","0 mph, None.",7:10 PM.,"16,470.",9,0.0,0.0,7,2
822769,2026-08-28,R,2026,Rogers Centre,Toronto Blue Jays,Seattle Mariners,8.0,1.0,656302.0,676106.0,Adam Hamari,Clint Vondrak,"69 degrees, Clear.","3 mph, Out To LF.",7:16 PM.,"41,910.",9,3.0,1.0,5,1
824877,2026-08-28,R,2026,Truist Park,Atlanta Braves,Colorado Rockies,6.0,4.0,656550.0,608372.0,Tom Hanahan,Ron Kulpa,"84 degrees, Cloudy.","5 mph, Out To RF.",7:16 PM.,"38,006.",9,0.0,0.0,6,3
823504,2026-08-28,R,2026,Yankee Stadium,New York Yankees,Boston Red Sox,1.0,0.0,693645.0,663776.0,Edwin Moscoso,Hunter Wendelstedt,"81 degrees, Partly Cloudy.","7 mph, Out To RF.",7:16 PM.,"43,476.",9,0.0,0.0,1,0
823744,2026-08-28,R,2026,American Family Field,Milwaukee Brewers,Texas Rangers,6.0,1.0,701656.0,674003.0,Ben May,Chris Conroy,"79 degrees, Partly Cloudy.","11 mph, R To L.",6:40 PM.,"41,620.",9,2.0,0.0,2,1
823666,2026-08-28,R,2026,Target Field,Minnesota Twins,Chicago White Sox,4.0,7.0,665152.0,622491.0,Mike Estabrook,Lance Barrett,"78 degrees, Partly Cloudy.","6 mph, Out To LF.",7:12 PM.,"28,140.",9,3.0,4.0,4,6
823013,2026-08-28,R,2026,Busch Stadium,St. Louis Cardinals,Pittsburgh Pirates,4.0,1.0,687273.0,683003.0,Nick Mahrley,Marvin Hudson,"82 degrees, Clear.","4 mph, In From RF.",7:17 PM.,"22,964.",9,0.0,0.0,3,1
823985,2026-08-28,R,2026,Angel Stadium,Los Angeles Angels,Philadelphia Phillies,3.0,5.0,672282.0,691725.0,Shane Livensparger,Dan Merzel,"89 degrees, Clear.","5 mph, R To L.",6:38 PM.,"34,951.",9,3.0,0.0,3,1
824960,2026-08-28,R,2026,Sutter Health Park,Athletics,Baltimore Orioles,3.0,4.0,682052.0,687064.0,Emil Jimenez,Gabe Morales,"74 degrees, Cloudy.","7 mph, Out To LF.",6:41 PM.,"7,228.",10,0.0,0.0,0,2
823178,2026-08-28,R,2026,Oracle Park,San Francisco Giants,Arizona Diamondbacks,6.0,10.0,694918.0,684442.0,Alan Porter,Jim Wolf,"63 degrees, Partly Cloudy.","13 mph, Varies.",7:15 PM.,"27,153.",9,1.0,1.0,5,6
823539,2026-08-29,R,2026,Yankee Stadium,New York Yankees,Boston Red Sox,0.0,6.0,607074.0,687562.0,Hunter Wendelstedt,Felix Neon,"76 degrees, Sunny.","5 mph, In From CF.",1:09 PM.,"47,314.",9,0.0,1.0,0,2
823501,2026-08-29,R,2026,Yankee Stadium,New York Yankees,Boston Red Sox,9.0,2.0,608331.0,687941.0,Nic Lentz,Vic Carapazza,"75 degrees, Clear.","4 mph, In From LF.",7:16 PM.,"44,266.",9,0.0,0.0,3,1
824230,2026-08-29,R,2026,Comerica Park,Detroit Tigers,Los Angeles Dodgers,2.0,1.0,672456.0,605483.0,Chris Guccione,Scott Barry,"80 degrees, Partly Cloudy.","10 mph, R To L.",1:10 PM.,"40,022.",9,0.0,0.0,1,0
823665,2026-08-29,R,2026,Target Field,Minnesota Twins,Chicago White Sox,2.0,3.0,641927.0,607200.0,Lance Barrett,Malachi Moore,"75 degrees, Cloudy.","10 mph, In From LF.",1:11 PM.,"28,310.",9,1.0,1.0,2,2
823011,2026-08-29,R,2026,Busch Stadium,St. Louis Cardinals,Pittsburgh Pirates,2.0,6.0,681517.0,669199.0,Marvin Hudson,Willie Traynor,"87 degrees, Cloudy.","7 mph, In From RF.",1:16 PM.,"26,265.",9,0.0,1.0,1,5
824637,2026-08-29,R,2026,Wrigley Field,Chicago Cubs,Cincinnati Reds,17.0,5.0,592332.0,671096.0,Chad Whitson,Brian Walsh,"81 degrees, Partly Cloudy.","10 mph, Out To CF.",1:20 PM.,"39,597.",9,3.0,0.0,10,5
822770,2026-08-29,R,2026,Rogers Centre,Toronto Blue Jays,Seattle Mariners,4.0,3.0,667755.0,807739.0,Clint Vondrak,Steven Jaschinski,"75 degrees, Partly Cloudy.","9 mph, Out To CF.",3:49 PM.,"41,512.",9,0.0,0.0,2,3
823177,2026-08-29,R,2026,Oracle Park,San Francisco Giants,Arizona Diamondbacks,1.0,7.0,683363.0,518876.0,Jim Wolf,Jen Pawol,"65 degrees, Sunny.","13 mph, Out To CF.",1:05 PM.,"39,190.",9,0.0,0.0,0,0
823176,2026-08-29,R,2026,Oracle Park,San Francisco Giants,Arizona Diamondbacks,7.0,2.0,805074.0,683352.0,Roberto Ortiz,Alex MacKay,"63 degrees, Clear.","11 mph, Varies.",7:06 PM.,"29,272.",9,1.0,0.0,4,1
822690,2026-08-29,R,2026,Nationals Park,Washington Nationals,Miami Marlins,5.0,4.0,676917.0,645261.0,Edwin Jimenez,Erich Bacchus,"84 degrees, Partly Cloudy.","5 mph, R To L.",4:06 PM.,"32,055.",10,0.0,0.0,4,0
824392,2026-08-29,R,2026,Progressive Field,Cleveland Guardians,Kansas City Royals,3.0,8.0,656492.0,663738.0,Quinn Wolcott,Paul Clemons,"81 degrees, Partly Cloudy.","4 mph, L To R.",4:10 PM.,"31,509.",9,0.0,0.0,2,2
823582,2026-08-29,R,2026,Citi Field,New York Mets,Houston Astros,6.0,2.0,690997.0,656986.0,Carlos Torres,Nate Tomlinson,"79 degrees, Sunny.","4 mph, In From LF.",4:10 PM.,"29,183.",9,1.0,1.0,4,1
822936,2026-08-29,R,2026,Tropicana Field,Tampa Bay Rays,San Diego Padres,7.0,6.0,607259.0,621111.0,Jansen Visconti,Tyler Jones,"72 degrees, Dome.","0 mph, None.",4:10 PM.,"25,621.",9,1.0,0.0,2,1
824874,2026-08-29,R,2026,Truist Park,Atlanta Braves,Colorado Rockies,2.0,1.0,527048.0,688642.0,Ron Kulpa,David Rackley,"85 degrees, Partly Cloudy.","6 mph, L To R.",4:26 PM.,"40,129.",9,0.0,0.0,0,0
823741,2026-08-29,R,2026,American Family Field,Milwaukee Brewers,Texas Rangers,5.0,3.0,675660.0,615698.0,Chris Conroy,Brennan Miller,"77 degrees, Roof Closed.","0 mph, None.",6:15 PM.,"36,895.",9,2.0,0.0,3,1
824961,2026-08-29,R,2026,Sutter Health Park,Athletics,Baltimore Orioles,3.0,5.0,678022.0,669358.0,Gabe Morales,Doug Eddings,"83 degrees, Clear.","11 mph, R To L.",7:05 PM.,"10,619.",9,0.0,0.0,0,2
823986,2026-08-29,R,2026,Angel Stadium,Los Angeles Angels,Philadelphia Phillies,2.0,4.0,696270.0,650911.0,Dan Merzel,Dan Bellino,"84 degrees, Clear.","6 mph, R To L.",7:08 PM.,"38,677.",10,0.0,0.0,0,1
822688,2026-08-30,R,2026,Nationals Park,Washington Nationals,Miami Marlins,2.0,6.0,674841.0,676083.0,Erich Bacchus,Chris Segal,"80 degrees, Partly Cloudy.","10 mph, Out To RF.",12:17 PM.,"20,891.",9,0.0,0.0,1,0
824876,2026-08-30,R,2026,Truist Park,Atlanta Braves,Colorado Rockies,3.0,2.0,641816.0,690279.0,David Rackley,Manny Gonzalez,"86 degrees, Partly Cloudy.","6 mph, L To R.",1:36 PM.,"31,776.",10,0.0,0.0,2,0
823502,2026-08-30,R,2026,Yankee Stadium,New York Yankees,Boston Red Sox,16.0,1.0,701542.0,624133.0,Vic Carapazza,Edwin Moscoso,"77 degrees, Cloudy.","10 mph, Out To LF.",1:39 PM.,"45,256.",9,0.0,0.0,5,0
822766,2026-08-30,R,2026,Rogers Centre,Toronto Blue Jays,Seattle Mariners,7.0,0.0,453286.0,669302.0,Steven Jaschinski,John Tumpane,"65 degrees, Cloudy.","2 mph, Out To LF.",1:37 PM.,"42,039.",9,2.0,0.0,3,0
824393,2026-08-30,R,2026,Progressive Field,Cleveland Guardians,Kansas City Royals,11.0,1.0,800048.0,607625.0,Paul Clemons,Adrian Johnson,"78 degrees, Cloudy.","10 mph, L To R.",2:10 PM.,"28,448.",9,3.0,1.0,9,1
824232,2026-08-30,R,2026,Comerica Park,Detroit Tigers,Los Angeles Dodgers,1.0,6.0,664285.0,607192.0,Scott Barry,Charlie Ramos,"76 degrees, Cloudy.","5 mph, R To L.",2:38 PM.,"35,387.",9,0.0,0.0,1,1
822933,2026-08-30,R,2026,Tropicana Field,Tampa Bay Rays,San Diego Padres,5.0,4.0,656876.0,592662.0,Tyler Jones,Cory Blaser,"72 degrees, Dome.","0 mph, None.",1:40 PM.,"19,576.",11,0.0,0.0,1,2
823662,2026-08-30,R,2026,Target Field,Minnesota Twins,Chicago White Sox,5.0,1.0,805673.0,663855.0,Malachi Moore,Alfonso Márquez,"85 degrees, Overcast.","8 mph, In From CF.",1:11 PM.,"26,225.",9,3.0,0.0,4,0
823740,2026-08-30,R,2026,American Family Field,Milwaukee Brewers,Texas Rangers,4.0,7.0,669160.0,677958.0,Brennan Miller,Austin Jones,"87 degrees, Partly Cloudy.","15 mph, R To L.",1:12 PM.,"37,996.",9,2.0,0.0,2,4
823010,2026-08-30,R,2026,Busch Stadium,St. Louis Cardinals,Pittsburgh Pirates,4.0,5.0,669461.0,677952.0,Willie Traynor,Tripp Gibson,"92 degrees, Sunny.","9 mph, Out To LF.",1:16 PM.,"23,459.",9,0.0,0.0,2,4
823580,2026-08-30,R,2026,Citi Field,New York Mets,Houston Astros,3.0,6.0,804267.0,814490.0,Nate Tomlinson,Mark Wegner,"81 degrees, Cloudy.","9 mph, Out To CF.",3:11 PM.,"25,227.",9,2.0,1.0,3,2
824959,2026-08-30,R,2026,Sutter Health Park,Athletics,Baltimore Orioles,5.0,8.0,605488.0,605135.0,Doug Eddings,Mike Muchlinski,"82 degrees, Sunny.","4 mph, Out To LF.",1:05 PM.,"7,606.",9,2.0,1.0,5,7
823987,2026-08-30,R,2026,Angel Stadium,Los Angeles Angels,Philadelphia Phillies,2.0,5.0,579328.0,554430.0,Dan Bellino,Mark Ripperger,"90 degrees, Sunny.","8 mph, R To L.",1:08 PM.,"31,035.",9,1.0,0.0,1,1
824636,2026-08-30,R,2026,Wrigley Field,Chicago Cubs,Cincinnati Reds,5.0,7.0,684007.0,695505.0,Brian Walsh,Chad Fairchild,"77 degrees, Drizzle.","6 mph, Out To CF.",6:45 PM.,"36,308.",9,1.0,0.0,3,6
824911,2026-08-31,R,2026,Truist Park,Atlanta Braves,San Francisco Giants,3.0,7.0,693821.0,683627.0,Adrian Johnson,Ramon De Jesus,"92 degrees, Partly Cloudy.","5 mph, Out To RF.",6:06 PM.,"29,349.",9,1.0,1.0,3,2
824473,2026-08-31,R,2026,Great American Ball Park,Cincinnati Reds,San Diego Padres,0.0,5.0,663903.0,650633.0,Manny Gonzalez,D.J. Reyburn,"90 degrees, Partly Cloudy.","7 mph, R To L.",6:40 PM.,"16,162.",9,0.0,0.0,0,4
822932,2026-08-31,R,2026,Tropicana Field,Tampa Bay Rays,New York Mets,2.0,3.0,693855.0,476594.0,Austin Jones,Ben May,"72 degrees, Dome.","0 mph, None.",6:40 PM.,"13,618.",9,0.0,0.0,0,1
824719,2026-08-31,R,2026,Fenway Park,Boston Red Sox,Seattle Mariners,9.0,8.0,801139.0,669923.0,Lance Barksdale,Will Little,"75 degrees, Cloudy.","5 mph, R To L.",6:45 PM.,"37,487.",10,1.0,1.0,5,3
822689,2026-08-31,R,2026,Nationals Park,Washington Nationals,Miami Marlins,6.0,3.0,702021.0,687473.0,Chris Segal,Laz Diaz,"83 degrees, Cloudy.","3 mph, R To L.",6:45 PM.,"10,746.",9,0.0,0.0,2,3
823663,2026-08-31,R,2026,Target Field,Minnesota Twins,Detroit Tigers,11.0,1.0,671737.0,695549.0,Jeremie Rehak,Adam Beck,"88 degrees, Partly Cloudy.","9 mph, Out To RF.",6:40 PM.,"14,918.",9,1.0,0.0,5,0
824635,2026-08-31,R,2026,Wrigley Field,Chicago Cubs,Milwaukee Brewers,17.0,3.0,605280.0,690986.0,Tripp Gibson,Nick Mahrley,"81 degrees, Partly Cloudy.","2 mph, Out To CF.",6:40 PM.,"34,763.",9,4.0,0.0,9,0
822855,2026-08-31,R,2026,Globe Life Field,Texas Rangers,Athletics,8.0,1.0,594798.0,695611.0,Vic Carapazza,Hunter Wendelstedt,"74 degrees, Roof Closed.","0 mph, None.",7:08 PM.,"22,572.",9,0.0,0.0,7,0
824149,2026-08-31,R,2026,Daikin Park,Houston Astros,Chicago White Sox,6.0,3.0,663567.0,641743.0,Mark Ripperger,Shane Livensparger,"73 degrees, Roof Closed.","0 mph, None.",7:10 PM.,"21,236.",9,0.0,0.0,6,2
824314,2026-08-31,R,2026,Coors Field,Colorado Rockies,Baltimore Orioles,1.0,2.0,685299.0,700249.0,Sean Barber,John Libka,"85 degrees, Cloudy.","10 mph, R To L.",6:42 PM.,"17,277.",9,0.0,0.0,1,1
823982,2026-08-31,R,2026,Angel Stadium,Los Angeles Angels,New York Yankees,10.0,1.0,700712.0,695684.0,Rob Drake,Stu Scheurwater,"79 degrees, Clear.","8 mph, Out To LF.",6:38 PM.,"37,613.",9,0.0,0.0,6,1
825040,2026-08-31,R,2026,Chase Field,Arizona Diamondbacks,Philadelphia Phillies,1.0,2.0,694297.0,605400.0,Mike Muchlinski,Emil Jimenez,"76 degrees, Roof Closed.","0 mph, None.",6:40 PM.,"21,314.",9,0.0,0.0,1,2
824472,2026-09-01,R,2026,Great American Ball Park,Cincinnati Reds,San Diego Padres,4.0,3.0,666157.0,681190.0,Ron Kulpa,Jacob Metz,"92 degrees, Clear.","5 mph, R To L.",6:41 PM.,"19,376.",9,1.0,1.0,2,2
823340,2026-09-01,R,2026,PNC Park,Pittsburgh Pirates,San Francisco Giants,13.0,12.0,694973.0,657277.0,Todd Tichenor,Ryan Additon,"84 degrees, Partly Cloudy.","10 mph, Out To LF.",6:42 PM.,"11,814.",9,2.0,0.0,11,5
822929,2026-09-01,R,2026,Tropicana Field,Tampa Bay Rays,New York Mets,6.0,2.0,642547.0,640455.0,Ben May,John Tumpane,"72 degrees, Dome.","0 mph, None.",6:40 PM.,"16,850.",9,1.0,1.0,2,1
824391,2026-09-01,R,2026,Progressive Field,Cleveland Guardians,Toronto Blue Jays,6.0,1.0,668909.0,693686.0,Laz Diaz,Edwin Jimenez,"86 degrees, Partly Cloudy.","9 mph, L To R.",6:40 PM.,"18,099.",9,0.0,0.0,2,1
824716,2026-09-01,R,2026,Fenway Park,Boston Red Sox,Seattle Mariners,6.0,9.0,699151.0,693433.0,Will Little,Derek Thomas,"66 degrees, Cloudy.","4 mph, Out To LF.",6:46 PM.,"35,758.",9,1.0,1.0,1,9
822687,2026-09-01,R,2026,Nationals Park,Washington Nationals,Atlanta Braves,9.0,5.0,663623.0,700363.0,Ramon De Jesus,Dexter Kelley,"95 degrees, Clear.","7 mph, Out To RF.",6:45 PM.,"18,975.",9,0.0,0.0,5,2
823661,2026-09-01,R,2026,Target Field,Minnesota Twins,Detroit Tigers,15.0,2.0,702193.0,675512.0,Adam Beck,Dan Iassogna,"85 degrees, Overcast.","3 mph, Out To CF.",6:41 PM.,"17,267.",9,1.0,1.0,4,1
824070,2026-09-01,R,2026,Kauffman Stadium,Kansas City Royals,Miami Marlins,3.0,6.0,677976.0,663969.0,Charlie Ramos,Nestor Ceja,"97 degrees, Clear.","7 mph, R To L.",6:40 PM.,"13,330.",9,0.0,0.0,0,3
824633,2026-09-01,R,2026,Wrigley Field,Chicago Cubs,Milwaukee Brewers,4.0,9.0,571510.0,688107.0,Nick Mahrley,Ryan Blakney,"91 degrees, Partly Cloudy.","7 mph, Out To CF.",6:40 PM.,"33,185.",9,0.0,0.0,3,1
822854,2026-09-01,R,2026,Globe Life Field,Texas Rangers,Athletics,8.0,5.0,669022.0,669620.0,Hunter Wendelstedt,Nic Lentz,"74 degrees, Roof Closed.","0 mph, None.",7:09 PM.,"24,253.",9,1.0,0.0,5,1
824148,2026-09-01,R,2026,Daikin Park,Houston Astros,Chicago White Sox,1.0,5.0,669854.0,680732.0,Shane Livensparger,Dan Merzel,"73 degrees, Roof Closed.","0 mph, None.",7:11 PM.,"26,838.",9,0.0,0.0,0,3
824313,2026-09-01,R,2026,Coors Field,Colorado Rockies,Baltimore Orioles,4.0,2.0,687312.0,680694.0,John Libka,John Bacon,"84 degrees, Partly Cloudy.","4 mph, R To L.",6:40 PM.,"16,334.",9,0.0,0.0,2,1
823984,2026-09-01,R,2026,Angel Stadium,Los Angeles Angels,New York Yankees,3.0,7.0,680570.0,543037.0,Stu Scheurwater,Dillon Wilson,"78 degrees, Clear.","6 mph, R To L.",6:39 PM.,"37,678.",9,0.0,3.0,1,4
825038,2026-09-01,R,2026,Chase Field,Arizona Diamondbacks,Philadelphia Phillies,1.0,7.0,593958.0,666200.0,Emil Jimenez,Gabe Morales,"76 degrees, Roof Closed.","0 mph, None.",6:41 PM.,"27,395.",9,0.0,2.0,1,3
823908,2026-09-01,R,2026,UNIQLO Field at Dodger Stadium,Los Angeles Dodgers,St. Louis Cardinals,8.0,13.0,641778.0,700241.0,Alex MacKay,Alan Porter,"73 degrees, Clear.","9 mph, Out To CF.",7:11 PM.,"44,593.",9,0.0,0.0,4,10
824470,2026-09-02,R,2026,Great American Ball Park,Cincinnati Reds,San Diego Padres,7.0,3.0,682227.0,663554.0,Jacob Metz,Tom Hanahan,"94 degrees, Sunny.","6 mph, Out To LF.",12:41 PM.,"14,632.",9,0.0,2.0,4,3
822686,2026-09-02,R,2026,Nationals Park,Washington Nationals,Atlanta Braves,0.0,9.0,695418.0,656550.0,Dexter Kelley,Paul Clemons,"88 degrees, Cloudy.","7 mph, In From RF.",1:06 PM.,"15,248.",9,0.0,0.0,0,0
822851,2026-09-02,R,2026,Globe Life Field,Texas Rangers,Athletics,2.0,9.0,674003.0,682052.0,Nic Lentz,Tyler Jones,"74 degrees, Roof Closed.","0 mph, None.",1:38 PM.,"23,801.",9,1.0,0.0,2,8
824312,2026-09-02,R,2026,Coors Field,Colorado Rockies,Baltimore Orioles,6.0,5.0,608372.0,669432.0,John Bacon,James Hoye,"85 degrees, Sunny.","11 mph, R To L.",1:13 PM.,"15,616.",11,0.0,0.0,2,3
825037,2026-09-02,R,2026,Chase Field,Arizona Diamondbacks,Philadelphia Phillies,1.0,0.0,664199.0,691725.0,Gabe Morales,Doug Eddings,"76 degrees, Roof Closed.","0 mph, None.",12:41 PM.,"19,039.",9,0.0,0.0,0,0
824717,2026-09-02,R,2026,Fenway Park,Boston Red Sox,Seattle Mariners,3.0,8.0,663776.0,682243.0,Derek Thomas,Lance Barksdale,"71 degrees, Partly Cloudy.","5 mph, In From RF.",4:11 PM.,"33,922.",9,0.0,0.0,1,4
823339,2026-09-02,R,2026,PNC Park,Pittsburgh Pirates,San Francisco Giants,4.0,5.0,696149.0,694738.0,Ryan Additon,Clint Vondrak,"90 degrees, Partly Cloudy.","10 mph, Out To LF.",6:43 PM.,"11,763.",10,0.0,1.0,1,3
822931,2026-09-02,R,2026,Tropicana Field,Tampa Bay Rays,New York Mets,4.0,10.0,643377.0,663795.0,John Tumpane,Brennan Miller,"72 degrees, Dome.","0 mph, None.",6:40 PM.,"14,431.",9,0.0,3.0,4,6
824390,2026-09-02,R,2026,Progressive Field,Cleveland Guardians,Toronto Blue Jays,0.0,11.0,676282.0,656302.0,Edwin Jimenez,Erich Bacchus,"89 degrees, Partly Cloudy.","14 mph, Out To RF.",6:41 PM.,"17,248.",9,0.0,1.0,0,7
823660,2026-09-02,R,2026,Target Field,Minnesota Twins,Detroit Tigers,6.0,11.0,665152.0,623454.0,Dan Iassogna,Brock Ballou,"89 degrees, Clear.","2 mph, In From LF.",6:42 PM.,"13,770.",12,0.0,0.0,1,4
824068,2026-09-02,R,2026,Kauffman Stadium,Kansas City Royals,Miami Marlins,6.0,9.0,702070.0,691587.0,Nestor Ceja,Chris Guccione,"98 degrees, Clear.","8 mph, R To L.",6:40 PM.,"10,913.",9,5.0,2.0,6,4
824634,2026-09-02,R,2026,Wrigley Field,Chicago Cubs,Milwaukee Brewers,5.0,9.0,656849.0,694819.0,Ryan Blakney,Willie Traynor,"92 degrees, Partly Cloudy.","9 mph, Out To CF.",6:40 PM.,"36,112.",9,2.0,2.0,5,6
824147,2026-09-02,R,2026,Daikin Park,Houston Astros,Chicago White Sox,2.0,0.0,669713.0,663436.0,Dan Merzel,Dan Bellino,"73 degrees, Roof Closed.","0 mph, None.",7:10 PM.,"24,025.",9,0.0,0.0,0,0
823983,2026-09-02,R,2026,Angel Stadium,Los Angeles Angels,New York Yankees,3.0,6.0,672282.0,693645.0,Dillon Wilson,Junior Valentine,"78 degrees, Clear.","6 mph, R To L.",6:39 PM.,"38,372.",10,0.0,0.0,0,1
823906,2026-09-02,R,2026,UNIQLO Field at Dodger Stadium,Los Angeles Dodgers,St. Louis Cardinals,6.0,8.0,808967.0,802408.0,Alan Porter,Jim Wolf,"75 degrees, Clear.","6 mph, Out To RF.",7:10 PM.,"45,900.",10,3.0,0.0,3,0
823337,2026-09-03,R,2026,PNC Park,Pittsburgh Pirates,San Francisco Giants,5.0,2.0,669199.0,694918.0,Clint Vondrak,Steven Jaschinski,"77 degrees, Cloudy.","7 mph, In From CF.",12:37 PM.,"11,578.",9,2.0,0.0,2,0
824388,2026-09-03,R,2026,Progressive Field,Cleveland Guardians,Toronto Blue Jays,3.0,6.0,676440.0,667755.0,Erich Bacchus,Chris Segal,"88 degrees, Partly Cloudy.","10 mph, L To R.",1:11 PM.,"18,186.",9,0.0,0.0,3,5
824144,2026-09-03,R,2026,Daikin Park,Houston Astros,Chicago White Sox,6.0,2.0,686613.0,622491.0,Dan Bellino,Mark Ripperger,"73 degrees, Roof Closed.","0 mph, None.",1:11 PM.,"24,155.",9,2.0,0.0,6,2
824796,2026-09-03,R,2026,Oriole Park at Camden Yards,Baltimore Orioles,Boston Red Sox,5.0,6.0,687064.0,687562.0,Paul Clemons,Adrian Johnson,"89 degrees, Partly Cloudy.","5 mph, Out To RF.",7:17 PM.,"19,720.",9,1.0,1.0,3,1
824632,2026-09-03,R,2026,Wrigley Field,Chicago Cubs,Milwaukee Brewers,2.0,1.0,592332.0,701656.0,Willie Traynor,Tripp Gibson,"81 degrees, Partly Cloudy.","7 mph, In From RF.",6:15 PM.,"39,018.",9,0.0,0.0,2,1
824069,2026-09-03,R,2026,Kauffman Stadium,Kansas City Royals,Miami Marlins,7.0,3.0,608379.0,645261.0,Chris Guccione,James Jean,"97 degrees, Clear.","9 mph, R To L.",6:40 PM.,"10,803.",9,0.0,1.0,4,3
822853,2026-09-03,R,2026,Globe Life Field,Texas Rangers,Tampa Bay Rays,6.0,0.0,615698.0,663556.0,Lance Barksdale,Ryan Wills,"74 degrees, Roof Closed.","0 mph, None.",7:08 PM.,"26,507.",9,0.0,0.0,4,0
823095,2026-09-03,R,2026,T-Mobile Park,Seattle Mariners,Athletics,4.0,7.0,807739.0,678022.0,James Hoye,Sean Barber,"64 degrees, Roof Closed.","0 mph, None.",6:42 PM.,"27,368.",9,3.0,1.0,3,4
823907,2026-09-03,R,2026,UNIQLO Field at Dodger Stadium,Los Angeles Dodgers,St. Louis Cardinals,3.0,2.0,669373.0,687273.0,Jim Wolf,Roberto Ortiz,"73 degrees, Clear.","3 mph, L To R.",7:10 PM.,"45,150.",9,0.0,1.0,1,2
824424,2026-09-04,R,2026,Progressive Field,Cleveland Guardians,Detroit Tigers,7.0,6.0,671106.0,672456.0,Tom Hanahan,Austin Jones,"80 degrees, Cloudy.","6 mph, L To R.",3:14 PM.,"23,562.",9,1.0,4.0,6,6
824387,2026-09-04,R,2026,Progressive Field,Cleveland Guardians,Detroit Tigers,4.0,3.0,656492.0,808825.0,Manny Gonzalez,Ron Kulpa,"75 degrees, Partly Cloudy.","6 mph, In From CF.",7:45 PM.,"21,474.",10,0.0,0.0,0,3
824471,2026-09-04,R,2026,Great American Ball Park,Cincinnati Reds,Milwaukee Brewers,7.0,10.0,695076.0,675660.0,James Jean,Charlie Ramos,"88 degrees, Partly Cloudy.","4 mph, Out To LF.",7:00 PM.,"30,450.",9,1.0,0.0,6,9
823418,2026-09-04,R,2026,Citizens Bank Park,Philadelphia Phillies,Atlanta Braves,2.0,5.0,650911.0,519242.0,Steven Jaschinski,Todd Tichenor,"85 degrees, Partly Cloudy.","8 mph, Out To CF.",6:42 PM.,"41,883.",9,0.0,0.0,2,3
823338,2026-09-04,R,2026,PNC Park,Pittsburgh Pirates,Los Angeles Angels,1.0,0.0,683003.0,696270.0,Tyler Jones,Vic Carapazza,"78 degrees, Partly Cloudy.","4 mph, Out To CF.",7:09 PM.,"22,363.",9,0.0,0.0,1,0
824797,2026-09-04,R,2026,Oriole Park at Camden Yards,Baltimore Orioles,Boston Red Sox,0.0,1.0,669358.0,624133.0,Adrian Johnson,Ramon De Jesus,"85 degrees, Overcast.","6 mph, L To R.",7:08 PM.,"19,821.",9,0.0,1.0,0,1
823579,2026-09-04,R,2026,Citi Field,New York Mets,San Francisco Giants,10.0,6.0,690997.0,683363.0,Brock Ballou,Jeremie Rehak,"81 degrees, Clear.","7 mph, L To R.",7:10 PM.,"29,377.",9,3.0,0.0,7,2
823824,2026-09-04,R,2026,loanDepot park,Miami Marlins,Chicago Cubs,1.0,6.0,676083.0,684007.0,Brennan Miller,Chris Conroy,"72 degrees, Roof Closed.","0 mph, None.",7:10 PM.,"17,470.",9,0.0,0.0,0,1
824554,2026-09-04,R,2026,Rate Field,Chicago White Sox,Minnesota Twins,4.0,1.0,607200.0,805673.0,Tripp Gibson,Nick Mahrley,"89 degrees, Partly Cloudy.","7 mph, Out To LF.",6:40 PM.,"25,616.",9,1.0,0.0,4,0
822852,2026-09-04,R,2026,Globe Life Field,Texas Rangers,Tampa Bay Rays,6.0,7.0,592866.0,607259.0,Ryan Wills,Will Little,"74 degrees, Roof Closed.","0 mph, None.",7:08 PM.,"25,584.",9,0.0,0.0,1,6
824146,2026-09-04,R,2026,Daikin Park,Houston Astros,Arizona Diamondbacks,3.0,1.0,664299.0,518876.0,Chris Segal,Laz Diaz,"73 degrees, Roof Closed.","0 mph, None.",7:11 PM.,"33,482.",9,0.0,0.0,3,1
824067,2026-09-04,R,2026,Kauffman Stadium,Kansas City Royals,Toronto Blue Jays,2.0,9.0,663738.0,592791.0,Mark Ripperger,Shane Livensparger,"97 degrees, Clear.","5 mph, R To L.",7:10 PM.,"18,218.",9,1.0,4.0,1,5
824311,2026-09-04,R,2026,Coors Field,Colorado Rockies,St. Louis Cardinals,6.0,7.0,663372.0,669467.0,Doug Eddings,Mike Muchlinski,"92 degrees, Partly Cloudy.","17 mph, Out To LF.",6:40 PM.,"28,580.",9,1.0,0.0,1,4
823256,2026-09-04,R,2026,Petco Park,San Diego Padres,New York Yankees,3.0,2.0,621111.0,608331.0,Roberto Ortiz,Alex MacKay,"72 degrees, Clear.","6 mph, L To R.",6:40 PM.,"41,345.",10,0.0,0.0,1,1
823905,2026-09-04,R,2026,UNIQLO Field at Dodger Stadium,Los Angeles Dodgers,Washington Nationals,5.0,3.0,605483.0,800600.0,Junior Valentine,Rob Drake,"75 degrees, Clear.","7 mph, Out To RF.",7:10 PM.,"49,847.",9,0.0,0.0,4,0
823093,2026-09-04,R,2026,T-Mobile Park,Seattle Mariners,Athletics,6.0,7.0,669302.0,695034.0,Sean Barber,John Libka,"67 degrees, Roof Closed.","8 mph, In From CF.",7:11 PM.,"34,134.",9,0.0,0.0,5,7
823577,2026-09-05,R,2026,Citi Field,New York Mets,San Francisco Giants,5.0,9.0,804267.0,683627.0,Jeremie Rehak,David Rackley,"79 degrees, Sunny.","7 mph, In From LF.",4:10 PM.,"30,046.",9,0.0,1.0,2,6
823823,2026-09-05,R,2026,loanDepot park,Miami Marlins,Chicago Cubs,5.0,6.0,687473.0,665871.0,Chris Conroy,Ben May,"72 degrees, Roof Closed.","0 mph, None.",4:12 PM.,"26,141.",9,0.0,0.0,4,5
823419,2026-09-05,R,2026,Citizens Bank Park,Philadelphia Phillies,Atlanta Braves,4.0,2.0,554430.0,527048.0,Todd Tichenor,Ryan Additon,"83 degrees, Partly Cloudy.","10 mph, In From CF.",6:05 PM.,"43,241.",9,2.0,0.0,4,1
824389,2026-09-05,R,2026,Progressive Field,Cleveland Guardians,Detroit Tigers,0.0,6.0,800048.0,664285.0,Ron Kulpa,Jacob Metz,"73 degrees, Clear.","14 mph, In From RF.",6:10 PM.,"30,862.",9,0.0,1.0,0,2
823335,2026-09-05,R,2026,PNC Park,Pittsburgh Pirates,Los Angeles Angels,1.0,6.0,677952.0,579328.0,Vic Carapazza,Hunter Wendelstedt,"77 degrees, Cloudy.","7 mph, Out To CF.",6:41 PM.,"25,541.",9,0.0,0.0,0,3
824468,2026-09-05,R,2026,Great American Ball Park,Cincinnati Reds,Milwaukee Brewers,5.0,3.0,671096.0,669160.0,Charlie Ramos,Nestor Ceja,"87 degrees, Partly Cloudy.","9 mph, Out To RF.",6:41 PM.,"32,778.",9,1.0,1.0,2,2
824795,2026-09-05,R,2026,Oriole Park at Camden Yards,Baltimore Orioles,Boston Red Sox,0.0,5.0,605135.0,543243.0,Ramon De Jesus,Dexter Kelley,"80 degrees, Partly Cloudy.","8 mph, In From LF.",7:06 PM.,"32,207.",9,0.0,0.0,0,0
822850,2026-09-05,R,2026,Globe Life Field,Texas Rangers,Tampa Bay Rays,3.0,6.0,594798.0,656876.0,Will Little,Derek Thomas,"74 degrees, Roof Closed.","0 mph, None.",6:08 PM.,"31,657.",10,0.0,1.0,0,2
824066,2026-09-05,R,2026,Kauffman Stadium,Kansas City Royals,Toronto Blue Jays,3.0,4.0,607625.0,453286.0,Shane Livensparger,Dan Merzel,"97 degrees, Partly Cloudy.","4 mph, R To L.",6:09 PM.,"20,547.",9,2.0,2.0,3,3
824553,2026-09-05,R,2026,Rate Field,Chicago White Sox,Minnesota Twins,4.0,6.0,641743.0,671737.0,Nick Mahrley,Ryan Blakney,"76 degrees, Cloudy.","15 mph, L To R.",6:10 PM.,"27,749.",9,3.0,0.0,4,5
824145,2026-09-05,R,2026,Daikin Park,Houston Astros,Arizona Diamondbacks,3.0,4.0,814490.0,694297.0,Laz Diaz,Edwin Jimenez,"73 degrees, Roof Closed.","0 mph, None.",6:15 PM.,"36,470.",10,0.0,0.0,3,1
823257,2026-09-05,R,2026,Petco Park,San Diego Padres,New York Yankees,1.0,5.0,592662.0,607074.0,Alex MacKay,Alan Porter,"80 degrees, Partly Cloudy.","8 mph, L To R.",4:16 PM.,"40,946.",9,0.0,0.0,1,5
824310,2026-09-05,R,2026,Coors Field,Colorado Rockies,St. Louis Cardinals,10.0,7.0,690279.0,669461.0,Mike Muchlinski,Emil Jimenez,"93 degrees, Partly Cloudy.","8 mph, In From CF.",6:11 PM.,"39,768.",9,0.0,0.0,6,3
823904,2026-09-05,R,2026,UNIQLO Field at Dodger Stadium,Los Angeles Dodgers,Washington Nationals,6.0,5.0,607192.0,676917.0,Rob Drake,Stu Scheurwater,"85 degrees, Cloudy.","7 mph, L To R.",6:09 PM.,"52,785.",9,2.0,0.0,2,3
823094,2026-09-05,R,2026,T-Mobile Park,Seattle Mariners,Athletics,2.0,6.0,669923.0,605488.0,John Libka,D.J. Reyburn,"69 degrees, Partly Cloudy.","3 mph, In From CF.",6:42 PM.,"40,950.",9,0.0,0.0,0,4
824469,2026-09-06,R,2026,Great American Ball Park,Cincinnati Reds,Milwaukee Brewers,12.0,8.0,663903.0,690986.0,Nestor Ceja,Chris Guccione,"77 degrees, Sunny.","10 mph, L To R.",12:12 PM.,"23,310.",9,1.0,0.0,9,6
823417,2026-09-06,R,2026,Citizens Bank Park,Philadelphia Phillies,Atlanta Braves,4.0,5.0,605400.0,641816.0,Ryan Additon,Clint Vondrak,"77 degrees, Sunny.","8 mph, In From CF.",1:12 PM.,"42,793.",9,2.0,0.0,2,0
824794,2026-09-06,R,2026,Oriole Park at Camden Yards,Baltimore Orioles,Boston Red Sox,1.0,3.0,680694.0,801139.0,Dexter Kelley,Paul Clemons,"78 degrees, Partly Cloudy.","4 mph, In From CF.",1:38 PM.,"27,596.",9,1.0,0.0,1,3
823336,2026-09-06,R,2026,PNC Park,Pittsburgh Pirates,Los Angeles Angels,1.0,0.0,694973.0,700712.0,Hunter Wendelstedt,Nic Lentz,"75 degrees, Sunny.","8 mph, In From LF.",1:38 PM.,"25,530.",9,0.0,0.0,1,0
824385,2026-09-06,R,2026,Progressive Field,Cleveland Guardians,Detroit Tigers,3.0,2.0,668909.0,695549.0,Jacob Metz,Tom Hanahan,"75 degrees, Sunny.","14 mph, In From RF.",1:40 PM.,"32,318.",10,1.0,2.0,2,2
823578,2026-09-06,R,2026,Citi Field,New York Mets,San Francisco Giants,4.0,2.0,681035.0,702885.0,David Rackley,Dan Iassogna,"74 degrees, Partly Cloudy.","8 mph, In From CF.",1:40 PM.,"29,410.",9,0.0,0.0,0,2
823822,2026-09-06,R,2026,loanDepot park,Miami Marlins,Chicago Cubs,10.0,3.0,663969.0,605280.0,Ben May,John Tumpane,"72 degrees, Roof Closed.","0 mph, None.",1:41 PM.,"29,526.",9,0.0,0.0,8,3
824142,2026-09-06,R,2026,Daikin Park,Houston Astros,Arizona Diamondbacks,2.0,3.0,663567.0,593958.0,Edwin Jimenez,Erich Bacchus,"73 degrees, Roof Closed.","0 mph, None.",1:10 PM.,"39,478.",9,1.0,0.0,1,3
824065,2026-09-06,R,2026,Kauffman Stadium,Kansas City Royals,Toronto Blue Jays,6.0,1.0,677976.0,681293.0,Dan Merzel,Dan Bellino,"96 degrees, Partly Cloudy.","3 mph, R To L.",1:12 PM.,"17,518.",9,3.0,0.0,6,0
822848,2026-09-06,R,2026,Globe Life Field,Texas Rangers,Tampa Bay Rays,8.0,6.0,669022.0,693855.0,Derek Thomas,Lance Barksdale,"74 degrees, Roof Closed.","0 mph, None.",1:38 PM.,"33,285.",9,0.0,0.0,7,5
824309,2026-09-06,R,2026,Coors Field,Colorado Rockies,St. Louis Cardinals,8.0,10.0,685299.0,681517.0,Emil Jimenez,Gabe Morales,"84 degrees, Sunny.","7 mph, R To L.",1:10 PM.,"30,819.",9,2.0,0.0,5,7
823091,2026-09-06,R,2026,T-Mobile Park,Seattle Mariners,Athletics,2.0,0.0,693433.0,695611.0,D.J. Reyburn,James Hoye,"69 degrees, Sunny.","7 mph, In From LF.",1:12 PM.,"36,867.",9,0.0,0.0,2,0
823253,2026-09-06,R,2026,Petco Park,San Diego Padres,New York Yankees,4.0,3.0,650633.0,543037.0,Alan Porter,Jim Wolf,"81 degrees, Cloudy.","11 mph, L To R.",1:12 PM.,"41,061.",9,3.0,0.0,3,0
824552,2026-09-06,R,2026,Rate Field,Chicago White Sox,Minnesota Twins,10.0,1.0,663542.0,641927.0,Ryan Blakney,Willie Traynor,"74 degrees, Partly Cloudy.","5 mph, L To R.",5:20 PM.,"32,024.",9,0.0,0.0,1,0
823903,2026-09-06,R,2026,UNIQLO Field at Dodger Stadium,Los Angeles Dodgers,Washington Nationals,7.0,5.0,680736.0,674841.0,Stu Scheurwater,Jordan Baker,"75 degrees, Overcast.","2 mph, In From CF.",7:10 PM.,"54,211.",9,0.0,0.0,4,4
823415,2026-09-07,R,2026,Citizens Bank Park,Philadelphia Phillies,Atlanta Braves,1.0,0.0,666200.0,656550.0,Clint Vondrak,Steven Jaschinski,"77 degrees, Partly Cloudy.","8 mph, In From LF.",1:06 PM.,"41,820.",9,0.0,0.0,0,0
823820,2026-09-07,R,2026,loanDepot park,Miami Marlins,New York Mets,4.0,9.0,691587.0,804636.0,Alfonso Márquez,Mike Estabrook,"72 degrees, Roof Closed.","0 mph, None.",1:11 PM.,"16,007.",9,0.0,2.0,4,7
824715,2026-09-07,R,2026,Fenway Park,Boston Red Sox,Los Angeles Angels,5.0,2.0,678394.0,680570.0,Mark Wegner,Bruce Dreckman,"77 degrees, Sunny.","5 mph, L To R.",1:36 PM.,"36,787.",9,0.0,0.0,5,0
824793,2026-09-07,R,2026,Oriole Park at Camden Yards,Baltimore Orioles,Cleveland Guardians,6.0,4.0,669432.0,676282.0,Chris Guccione,James Jean,"78 degrees, Partly Cloudy.","7 mph, In From LF.",1:36 PM.,"21,612.",9,0.0,0.0,4,0
824062,2026-09-07,R,2026,Kauffman Stadium,Kansas City Royals,Arizona Diamondbacks,4.0,5.0,702070.0,571882.0,Lance Barksdale,Ryan Wills,"84 degrees, Partly Cloudy.","6 mph, R To L.",1:10 PM.,"18,912.",10,0.0,0.0,0,0
823742,2026-09-07,R,2026,American Family Field,Milwaukee Brewers,Chicago Cubs,4.0,3.0,688107.0,571510.0,Scott Barry,Adam Hamari,"78 degrees, Partly Cloudy.","10 mph, In From CF.",1:10 PM.,"42,368.",9,0.0,0.0,1,1
824229,2026-09-07,R,2026,Comerica Park,Detroit Tigers,Minnesota Twins,5.0,4.0,675512.0,657746.0,Edwin Moscoso,Vic Carapazza,"78 degrees, Partly Cloudy.","7 mph, In From LF.",3:10 PM.,"23,314.",9,1.0,1.0,5,2
823254,2026-09-07,R,2026,Petco Park,San Diego Padres,Washington Nationals,3.0,2.0,601713.0,663623.0,Gabe Morales,Doug Eddings,"91 degrees, Partly Cloudy.","9 mph, L To R.",2:12 PM.,"38,149.",9,1.0,0.0,3,0
823175,2026-09-07,R,2026,Oracle Park,San Francisco Giants,St. Louis Cardinals,5.0,4.0,657277.0,700241.0,James Hoye,Sean Barber,"76 degrees, Clear.","13 mph, Out To CF.",5:10 PM.,"25,833.",11,1.0,0.0,3,0
823902,2026-09-07,R,2026,UNIQLO Field at Dodger Stadium,Los Angeles Dodgers,Cincinnati Reds,6.0,3.0,686218.0,695505.0,Cory Blaser,Andy Fletcher,"85 degrees, Partly Cloudy.","3 mph, L To R.",6:10 PM.,"50,293.",9,0.0,1.0,2,1
824958,2026-09-07,R,2026,Sutter Health Park,Athletics,Toronto Blue Jays,6.0,5.0,682052.0,656302.0,Chad Fairchild,Bill Miller,"84 degrees, Clear.","4 mph, L To R.",7:06 PM.,"7,467.",9,2.0,0.0,5,1
824792,2026-09-08,R,2026,Oriole Park at Camden Yards,Baltimore Orioles,Cleveland Guardians,5.0,9.0,687064.0,676440.0,Charlie Ramos,David Rackley,"83 degrees, Partly Cloudy.","8 mph, R To L.",6:37 PM.,"13,279.",9,0.0,1.0,5,6
824228,2026-09-08,R,2026,Comerica Park,Detroit Tigers,Minnesota Twins,2.0,3.0,623454.0,665152.0,Vic Carapazza,Tyler Jones,"78 degrees, Partly Cloudy.","7 mph, In From RF.",6:40 PM.,"22,874.",9,0.0,1.0,2,1
823414,2026-09-08,R,2026,Citizens Bank Park,Philadelphia Phillies,Houston Astros,5.0,6.0,691725.0,669713.0,Dan Iassogna,Brock Ballou,"84 degrees, Partly Cloudy.","6 mph, Out To RF.",6:40 PM.,"39,262.",9,0.0,0.0,0,5
823821,2026-09-08,R,2026,loanDepot park,Miami Marlins,New York Mets,5.0,7.0,645261.0,640455.0,Mike Estabrook,Malachi Moore,"72 degrees, Roof Closed.","0 mph, None.",6:40 PM.,"9,470.",9,0.0,2.0,0,7
824714,2026-09-08,R,2026,Fenway Park,Boston Red Sox,Los Angeles Angels,1.0,6.0,663776.0,672282.0,Bruce Dreckman,Carlos Torres,"74 degrees, Partly Cloudy.","4 mph, Out To LF.",6:45 PM.,"36,028.",9,0.0,0.0,0,4
823500,2026-09-08,R,2026,Yankee Stadium,New York Yankees,Colorado Rockies,5.0,3.0,693645.0,687312.0,Steven Jaschinski,Todd Tichenor,"76 degrees, Partly Cloudy.","3 mph, Out To RF.",7:08 PM.,"46,211.",9,1.0,0.0,2,1
824875,2026-09-08,R,2026,Truist Park,Atlanta Braves,Tampa Bay Rays,1.0,7.0,700363.0,642547.0,Lance Barrett,Willie Traynor,"85 degrees, Clear.","7 mph, L To R.",7:16 PM.,"30,969.",9,1.0,1.0,1,4
824063,2026-09-08,R,2026,Kauffman Stadium,Kansas City Royals,Arizona Diamondbacks,3.0,5.0,608379.0,669203.0,Ryan Wills,Will Little,"99 degrees, Clear.","6 mph, R To L.",6:40 PM.,"13,361.",11,0.0,0.0,0,0
824551,2026-09-08,R,2026,Rate Field,Chicago White Sox,Pittsburgh Pirates,3.0,9.0,680732.0,696149.0,Jim Wolf,Roberto Ortiz,"83 degrees, Clear.","13 mph, In From RF.",6:41 PM.,"18,375.",9,0.0,5.0,1,9
823738,2026-09-08,R,2026,American Family Field,Milwaukee Brewers,Chicago Cubs,4.0,3.0,694819.0,656849.0,Adam Hamari,Manny Gonzalez,"75 degrees, Roof Closed.","0 mph, None.",6:40 PM.,"36,076.",10,1.0,1.0,1,1
823250,2026-09-08,R,2026,Petco Park,San Diego Padres,Washington Nationals,5.0,4.0,663554.0,683000.0,Doug Eddings,Mike Muchlinski,"88 degrees, Partly Cloudy.","12 mph, In From LF.",6:40 PM.,"42,681.",9,0.0,0.0,0,1
823092,2026-09-08,R,2026,T-Mobile Park,Seattle Mariners,Texas Rangers,5.0,10.0,682243.0,615698.0,Jordan Baker,Junior Valentine,"71 degrees, Clear.","10 mph, L To R.",6:41 PM.,"35,476.",9,0.0,1.0,3,9
824957,2026-09-08,R,2026,Sutter Health Park,Athletics,Toronto Blue Jays,2.0,4.0,678022.0,667755.0,Bill Miller,Jonathan Parra,"92 degrees, Partly Cloudy.","4 mph, L To R.",6:40 PM.,"7,632.",9,0.0,0.0,1,2
823174,2026-09-08,R,2026,Oracle Park,San Francisco Giants,St. Louis Cardinals,2.0,1.0,694738.0,687273.0,Sean Barber,John Libka,"72 degrees, Partly Cloudy.","10 mph, Varies.",6:46 PM.,"27,787.",9,1.0,0.0,2,0
823901,2026-09-08,R,2026,UNIQLO Field at Dodger Stadium,Los Angeles Dodgers,Cincinnati Reds,3.0,2.0,669373.0,666157.0,Andy Fletcher,Louie Krupa,"89 degrees, Partly Cloudy.","5 mph, In From LF.",7:10 PM.,"48,439.",9,1.0,0.0,3,2
824226,2026-09-09,R,2026,Comerica Park,Detroit Tigers,Minnesota Twins,7.0,2.0,672456.0,805673.0,Tyler Jones,Hunter Wendelstedt,"79 degrees, Cloudy.","10 mph, R To L.",2:50 PM.,"18,788.",9,2.0,0.0,5,2
824956,2026-09-09,R,2026,Sutter Health Park,Athletics,Toronto Blue Jays,2.0,0.0,669620.0,680755.0,Jonathan Parra,Brian Walsh,"89 degrees, Partly Cloudy.","8 mph, Calm.",12:06 PM.,"7,217.",9,0.0,0.0,2,0
823172,2026-09-09,R,2026,Oracle Park,San Francisco Giants,St. Louis Cardinals,7.0,6.0,694918.0,669467.0,John Libka,D.J. Reyburn,"80 degrees, Partly Cloudy.","5 mph, Varies.",12:45 PM.,"27,487.",9,1.0,0.0,1,5
823251,2026-09-09,R,2026,Petco Park,San Diego Padres,Washington Nationals,9.0,2.0,621111.0,800600.0,Mike Muchlinski,Emil Jimenez,"95 degrees, Partly Cloudy.","5 mph, L To R.",1:10 PM.,"33,276.",9,0.0,0.0,7,2
823090,2026-09-09,R,2026,T-Mobile Park,Seattle Mariners,Texas Rangers,3.0,2.0,807739.0,674003.0,Junior Valentine,Rob Drake,"71 degrees, Partly Cloudy.","6 mph, L To R.",1:11 PM.,"21,565.",9,0.0,0.0,3,1
824791,2026-09-09,R,2026,Oriole Park at Camden Yards,Baltimore Orioles,Cleveland Guardians,9.0,5.0,669358.0,656492.0,David Rackley,Nestor Ceja,"85 degrees, Partly Cloudy.","11 mph, Out To LF.",6:37 PM.,"16,222.",9,0.0,2.0,8,2
823416,2026-09-09,R,2026,Citizens Bank Park,Philadelphia Phillies,Houston Astros,11.0,7.0,650911.0,686613.0,Brock Ballou,Jeremie Rehak,"82 degrees, Partly Cloudy.","13 mph, Out To CF.",6:42 PM.,"38,642.",9,0.0,0.0,5,6
823818,2026-09-09,R,2026,loanDepot park,Miami Marlins,New York Mets,14.0,15.0,676083.0,476594.0,Malachi Moore,Edwin Jimenez,"72 degrees, Roof Closed.","0 mph, None.",6:40 PM.,"10,955.",9,0.0,0.0,3,8
824713,2026-09-09,R,2026,Fenway Park,Boston Red Sox,Los Angeles Angels,4.0,6.0,687562.0,696270.0,Carlos Torres,Jacob Metz,"75 degrees, Overcast.","5 mph, Out To CF.",6:45 PM.,"35,428.",9,0.0,0.0,2,6
823497,2026-09-09,R,2026,Yankee Stadium,New York Yankees,Colorado Rockies,6.0,1.0,701542.0,608372.0,Todd Tichenor,Ryan Additon,"81 degrees, Cloudy.","9 mph, L To R.",7:09 PM.,"34,413.",9,0.0,0.0,5,1
824871,2026-09-09,R,2026,Truist Park,Atlanta Braves,Tampa Bay Rays,2.0,7.0,625643.0,643377.0,Willie Traynor,Jansen Visconti,"87 degrees, Partly Cloudy.","4 mph, L To R.",7:16 PM.,"30,969.",9,0.0,0.0,1,6
824064,2026-09-09,R,2026,Kauffman Stadium,Kansas City Royals,Arizona Diamondbacks,5.0,2.0,663738.0,668678.0,Will Little,Derek Thomas,"77 degrees, Cloudy.","5 mph, R To L.",7:30 PM.,"15,369.",9,0.0,0.0,5,2
824549,2026-09-09,R,2026,Rate Field,Chicago White Sox,Pittsburgh Pirates,2.0,4.0,663436.0,669199.0,Roberto Ortiz,Alex MacKay,"79 degrees, Cloudy.","9 mph, Out To LF.",6:40 PM.,"14,803.",9,0.0,0.0,0,1
823739,2026-09-09,R,2026,American Family Field,Milwaukee Brewers,Chicago Cubs,8.0,6.0,701656.0,592332.0,Manny Gonzalez,Ron Kulpa,"81 degrees, Partly Cloudy.","7 mph, Out To LF.",6:40 PM.,"36,073.",9,3.0,0.0,7,1
823900,2026-09-09,R,2026,UNIQLO Field at Dodger Stadium,Los Angeles Dodgers,Cincinnati Reds,14.0,1.0,808967.0,695076.0,Louie Krupa,Alex Tosi,"91 degrees, Clear.","9 mph, Out To RF.",7:10 PM.,"45,252.",9,0.0,0.0,9,1
824872,2026-09-10,R,2026,Truist Park,Atlanta Braves,Tampa Bay Rays,3.0,1.0,527048.0,607259.0,Jansen Visconti,Nick Mahrley,"83 degrees, Partly Cloudy.","3 mph, L To R.",12:16 PM.,"31,664.",9,0.0,0.0,0,0
823413,2026-09-10,R,2026,Citizens Bank Park,Philadelphia Phillies,Houston Astros,1.0,2.0,554430.0,664299.0,Jeremie Rehak,Adam Beck,"86 degrees, Sunny.","9 mph, Out To RF.",1:06 PM.,"37,100.",9,0.0,0.0,1,1
823088,2026-09-10,R,2026,T-Mobile Park,Seattle Mariners,Texas Rangers,4.0,3.0,669302.0,594798.0,Rob Drake,Stu Scheurwater,"68 degrees, Cloudy.","3 mph, L To R.",1:11 PM.,"24,784.",9,0.0,0.0,0,3
823499,2026-09-10,R,2026,Yankee Stadium,New York Yankees,Colorado Rockies,10.0,3.0,608331.0,663372.0,Ryan Additon,Clint Vondrak,"82 degrees, Cloudy.","5 mph, In From RF.",7:08 PM.,"40,706.",9,2.0,0.0,4,1
824550,2026-09-10,R,2026,Rate Field,Chicago White Sox,Pittsburgh Pirates,0.0,2.0,696146.0,683003.0,Alex MacKay,Alan Porter,"74 degrees, Clear.","8 mph, L To R.",6:39 PM.,"17,741.",9,0.0,0.0,0,1
824631,2026-09-11,R,2026,Wrigley Field,Chicago Cubs,Pittsburgh Pirates,12.0,2.0,684007.0,696062.0,Derek Thomas,Lance Barksdale,"74 degrees, Sunny.","9 mph, R To L.",1:21 PM.,"39,190.",9,0.0,1.0,9,1
824227,2026-09-11,R,2026,Comerica Park,Detroit Tigers,Colorado Rockies,6.0,2.0,664285.0,690279.0,Ron Kulpa,Ryan Blakney,"72 degrees, Clear.","6 mph, In From CF.",6:41 PM.,"33,245.",9,0.0,0.0,1,1
822684,2026-09-11,R,2026,Nationals Park,Washington Nationals,Los Angeles Angels,4.0,3.0,676917.0,579328.0,Clint Vondrak,Steven Jaschinski,"81 degrees, Partly Cloudy.","3 mph, In From RF.",6:46 PM.,"17,061.",9,0.0,1.0,1,1
823498,2026-09-11,R,2026,Yankee Stadium,New York Yankees,New York Mets,6.0,4.0,607074.0,690997.0,Nick Mahrley,Lance Barrett,"74 degrees, Clear.","7 mph, L To R.",7:09 PM.,"47,410.",9,1.0,0.0,5,1
822767,2026-09-11,R,2026,Rogers Centre,Toronto Blue Jays,Baltimore Orioles,4.0,7.0,453286.0,605135.0,Hunter Wendelstedt,Edwin Moscoso,"68 degrees, Clear.","6 mph, Out To LF.",7:07 PM.,"42,111.",9,0.0,1.0,1,6
824711,2026-09-11,R,2026,Fenway Park,Boston Red Sox,Kansas City Royals,2.0,3.0,543243.0,607625.0,Alan Porter,Jim Wolf,"72 degrees, Clear.","5 mph, L To R.",7:12 PM.,"36,890.",9,0.0,1.0,2,3
822930,2026-09-11,R,2026,Tropicana Field,Tampa Bay Rays,Houston Astros,3.0,1.0,656876.0,699044.0,Jacob Metz,Mark Wegner,"72 degrees, Dome.","0 mph, None.",7:10 PM.,"16,217.",9,0.0,0.0,1,1
823817,2026-09-11,R,2026,loanDepot park,Miami Marlins,Los Angeles Dodgers,2.0,6.0,687473.0,605483.0,Adam Beck,Dan Iassogna,"72 degrees, Roof Closed.","0 mph, None.",7:11 PM.,"29,370.",9,0.0,0.0,0,1
824873,2026-09-11,R,2026,Truist Park,Atlanta Braves,Philadelphia Phillies,6.0,5.0,519242.0,605400.0,Nestor Ceja,Adam Hamari,"74 degrees, Cloudy.","8 mph, In From RF.",8:02 PM.,"40,161.",11,1.0,0.0,1,3
823736,2026-09-11,R,2026,American Family Field,Milwaukee Brewers,Cincinnati Reds,20.0,0.0,669160.0,671096.0,Emil Jimenez,Gabe Morales,"73 degrees, Clear.","8 mph, In From CF.",6:45 PM.,"41,879.",9,2.0,0.0,17,0
823659,2026-09-11,R,2026,Target Field,Minnesota Twins,Cleveland Guardians,2.0,5.0,671737.0,800048.0,D.J. Reyburn,James Hoye,"80 degrees, Partly Cloudy.","15 mph, R To L.",7:11 PM.,"20,907.",9,0.0,0.0,1,0
823012,2026-09-11,R,2026,Busch Stadium,St. Louis Cardinals,Chicago White Sox,7.0,3.0,669461.0,641743.0,Edwin Jimenez,Alfonso Márquez,"75 degrees, Overcast.","6 mph, In From RF.",8:25 PM.,"30,274.",9,1.0,1.0,6,2
824954,2026-09-11,R,2026,Sutter Health Park,Athletics,Seattle Mariners,6.0,5.0,605488.0,669923.0,Alex Tosi,Cory Blaser,"85 degrees, Clear.","8 mph, Out To LF.",6:40 PM.,"8,682.",10,2.0,1.0,4,2
825036,2026-09-11,R,2026,Chase Field,Arizona Diamondbacks,Texas Rangers,9.0,1.0,518876.0,669022.0,Brian Walsh,Chad Fairchild,"76 degrees, Roof Closed.","0 mph, None.",6:43 PM.,"32,849.",9,0.0,0.0,4,1
823173,2026-09-11,R,2026,Oracle Park,San Francisco Giants,San Diego Padres,5.0,7.0,683627.0,592662.0,Stu Scheurwater,Jordan Baker,"63 degrees, Clear.","14 mph, Out To CF.",7:16 PM.,"38,381.",9,1.0,0.0,5,7
824224,2026-09-12,R,2026,Comerica Park,Detroit Tigers,Colorado Rockies,11.0,7.0,808825.0,685299.0,Ryan Blakney,James Jean,"78 degrees, Partly Cloudy.","6 mph, In From RF.",1:10 PM.,"32,019.",9,0.0,0.0,4,4
823496,2026-09-12,R,2026,Yankee Stadium,New York Yankees,New York Mets,2.0,12.0,543037.0,804267.0,Lance Barrett,Willie Traynor,"78 degrees, Cloudy.","10 mph, Out To LF.",1:38 PM.,"46,864.",9,0.0,1.0,1,5
824630,2026-09-12,R,2026,Wrigley Field,Chicago Cubs,Pittsburgh Pirates,4.0,3.0,605280.0,694973.0,Lance Barksdale,Ryan Wills,"83 degrees, Partly Cloudy.","9 mph, Out To CF.",1:20 PM.,"39,422.",9,1.0,0.0,2,0
822768,2026-09-12,R,2026,Rogers Centre,Toronto Blue Jays,Baltimore Orioles,7.0,3.0,693686.0,680694.0,Edwin Moscoso,Scott Barry,"74 degrees, Partly Cloudy.","7 mph, R To L.",3:07 PM.,"41,949.",9,2.0,0.0,5,1
822685,2026-09-12,R,2026,Nationals Park,Washington Nationals,Los Angeles Angels,6.0,5.0,674841.0,700712.0,Steven Jaschinski,Todd Tichenor,"79 degrees, Overcast.","7 mph, R To L.",4:06 PM.,"25,713.",10,1.0,0.0,4,0
823170,2026-09-12,R,2026,Oracle Park,San Francisco Giants,San Diego Padres,6.0,7.0,702885.0,650633.0,Jordan Baker,Junior Valentine,"67 degrees, Sunny.","15 mph, Varies.",1:05 PM.,"40,146.",9,2.0,0.0,3,5
824712,2026-09-12,R,2026,Fenway Park,Boston Red Sox,Kansas City Royals,5.0,1.0,624133.0,677976.0,Jim Wolf,Roberto Ortiz,"72 degrees, Partly Cloudy.","8 mph, In From RF.",4:12 PM.,"36,877.",9,0.0,0.0,1,0
823657,2026-09-12,R,2026,Target Field,Minnesota Twins,Cleveland Guardians,4.0,3.0,687570.0,682982.0,James Hoye,Sean Barber,"72 degrees, Sunny.","12 mph, Out To CF.",3:11 PM.,"26,158.",9,0.0,0.0,4,3
823819,2026-09-12,R,2026,loanDepot park,Miami Marlins,Los Angeles Dodgers,4.0,3.0,663969.0,607192.0,Dan Iassogna,Brock Ballou,"72 degrees, Roof Closed.","0 mph, None.",4:10 PM.,"34,814.",9,0.0,2.0,4,2
822927,2026-09-12,R,2026,Tropicana Field,Tampa Bay Rays,Houston Astros,3.0,2.0,693855.0,663567.0,Mark Wegner,Bruce Dreckman,"72 degrees, Dome.","0 mph, None.",6:10 PM.,"24,642.",9,0.0,1.0,2,1
823737,2026-09-12,R,2026,American Family Field,Milwaukee Brewers,Cincinnati Reds,13.0,9.0,675660.0,663903.0,Gabe Morales,Doug Eddings,"78 degrees, Partly Cloudy.","10 mph, Out To CF.",6:10 PM.,"41,167.",9,4.0,0.0,13,5
824870,2026-09-12,R,2026,Truist Park,Atlanta Braves,Philadelphia Phillies,12.0,2.0,641816.0,641835.0,Adam Hamari,Charlie Ramos,"85 degrees, Partly Cloudy.","11 mph, In From RF.",7:17 PM.,"40,863.",9,0.0,1.0,8,1
823009,2026-09-12,R,2026,Busch Stadium,St. Louis Cardinals,Chicago White Sox,5.0,6.0,681517.0,656794.0,Alfonso Márquez,Mike Estabrook,"88 degrees, Clear.","5 mph, Out To RF.",6:37 PM.,"40,387.",9,0.0,0.0,4,4
825035,2026-09-12,R,2026,Chase Field,Arizona Diamondbacks,Texas Rangers,2.0,6.0,694297.0,677958.0,Chad Fairchild,Bill Miller,"77 degrees, Roof Closed.","0 mph, None.",5:10 PM.,"34,300.",9,0.0,0.0,1,6
824955,2026-09-12,R,2026,Sutter Health Park,Athletics,Seattle Mariners,1.0,19.0,695611.0,693433.0,Cory Blaser,Andy Fletcher,"78 degrees, Partly Cloudy.","12 mph, Out To LF.",6:40 PM.,"10,289.",9,0.0,2.0,1,9
824225,2026-09-13,R,2026,Comerica Park,Detroit Tigers,Colorado Rockies,8.0,1.0,695549.0,687312.0,James Jean,Manny Gonzalez,"78 degrees, Partly Cloudy.","9 mph, Out To CF.",12:10 PM.,"22,726.",9,2.0,1.0,8,1
822682,2026-09-13,R,2026,Nationals Park,Washington Nationals,Los Angeles Angels,6.0,5.0,683000.0,680570.0,Todd Tichenor,Ryan Additon,"84 degrees, Partly Cloudy.","8 mph, Out To RF.",1:35 PM.,"20,761.",9,0.0,0.0,0,2
824869,2026-09-13,R,2026,Truist Park,Atlanta Braves,Philadelphia Phillies,4.0,9.0,656550.0,691725.0,Charlie Ramos,David Rackley,"88 degrees, Partly Cloudy.","8 mph, Out To LF.",1:37 PM.,"39,830.",9,1.0,0.0,1,2
823495,2026-09-13,R,2026,Yankee Stadium,New York Yankees,New York Mets,2.0,0.0,693645.0,681035.0,Willie Traynor,Jansen Visconti,"72 degrees, Rain.","5 mph, In From LF.",1:56 PM.,"45,508.",9,1.0,0.0,2,0
822764,2026-09-13,R,2026,Rogers Centre,Toronto Blue Jays,Baltimore Orioles,8.0,1.0,656302.0,669432.0,Scott Barry,Austin Jones,"78 degrees, Partly Cloudy.","6 mph, R To L.",1:38 PM.,"41,805.",9,0.0,0.0,4,1
822928,2026-09-13,R,2026,Tropicana Field,Tampa Bay Rays,Houston Astros,14.0,4.0,642547.0,669713.0,Bruce Dreckman,Carlos Torres,"72 degrees, Dome.","0 mph, None.",1:40 PM.,"18,718.",9,3.0,0.0,11,0
823815,2026-09-13,R,2026,loanDepot park,Miami Marlins,Los Angeles Dodgers,6.0,4.0,691587.0,686218.0,Brock Ballou,Jeremie Rehak,"72 degrees, Roof Closed.","0 mph, None.",1:41 PM.,"32,003.",9,0.0,0.0,0,3
823658,2026-09-13,R,2026,Target Field,Minnesota Twins,Cleveland Guardians,2.0,9.0,657746.0,676440.0,Sean Barber,John Libka,"69 degrees, Partly Cloudy.","7 mph, Out To RF.",1:15 PM.,"17,676.",9,0.0,1.0,1,4
823734,2026-09-13,R,2026,American Family Field,Milwaukee Brewers,Cincinnati Reds,3.0,4.0,688107.0,695505.0,Doug Eddings,Mike Muchlinski,"72 degrees, Roof Closed.","0 mph, None.",1:11 PM.,"40,559.",9,0.0,0.0,2,0
823008,2026-09-13,R,2026,Busch Stadium,St. Louis Cardinals,Chicago White Sox,3.0,1.0,700241.0,689818.0,Mike Estabrook,Malachi Moore,"85 degrees, Partly Cloudy.","6 mph, Out To RF.",1:16 PM.,"34,609.",9,0.0,0.0,0,1
824628,2026-09-13,R,2026,Wrigley Field,Chicago Cubs,Pittsburgh Pirates,3.0,4.0,571510.0,696149.0,Ryan Wills,Will Little,"71 degrees, Cloudy.","10 mph, In From LF.",1:20 PM.,"39,103.",9,0.0,1.0,2,1
824708,2026-09-13,R,2026,Fenway Park,Boston Red Sox,Kansas City Royals,4.0,1.0,801139.0,702070.0,Roberto Ortiz,Alex MacKay,"67 degrees, Cloudy.","2 mph, In From RF.",4:55 PM.,"34,966.",9,0.0,0.0,1,0
824952,2026-09-13,R,2026,Sutter Health Park,Athletics,Seattle Mariners,8.0,7.0,682052.0,682243.0,Andy Fletcher,Louie Krupa,"75 degrees, Sunny.","7 mph, L To R.",1:06 PM.,"9,171.",9,2.0,0.0,2,6
825033,2026-09-13,R,2026,Chase Field,Arizona Diamondbacks,Texas Rangers,6.0,7.0,593958.0,615698.0,Bill Miller,Chad Whitson,"77 degrees, Roof Closed.","0 mph, None.",1:10 PM.,"28,843.",9,0.0,2.0,1,5
823171,2026-09-13,R,2026,Oracle Park,San Francisco Giants,San Diego Padres,4.0,6.0,657277.0,601713.0,Junior Valentine,Rob Drake,"68 degrees, Sunny.","19 mph, Out To CF.",4:22 PM.,"35,115.",9,0.0,2.0,3,6
824465,2026-09-14,R,2026,Great American Ball Park,Cincinnati Reds,Los Angeles Dodgers,1.0,4.0,666157.0,669373.0,Tom Hanahan,Manny Gonzalez,"77 degrees, Clear.","6 mph, In From LF.",6:41 PM.,"22,807.",9,0.0,0.0,0,3
824386,2026-09-14,R,2026,Progressive Field,Cleveland Guardians,Chicago White Sox,3.0,7.0,668909.0,656794.0,Nic Lentz,David Rackley,"66 degrees, Partly Cloudy.","6 mph, In From RF.",6:40 PM.,"24,318.",9,0.0,0.0,0,0
822765,2026-09-14,R,2026,Rogers Centre,Toronto Blue Jays,Detroit Tigers,5.0,6.0,667755.0,675512.0,Jeremie Rehak,Adam Beck,"67 degrees, Clear.","6 mph, Out To CF.",7:07 PM.,"42,867.",9,2.0,0.0,2,0
823575,2026-09-14,R,2026,Citi Field,New York Mets,Baltimore Orioles,1.0,2.0,804636.0,687064.0,Dan Bellino,Mark Ripperger,"70 degrees, Clear.","15 mph, In From LF.",7:11 PM.,"35,800.",9,0.0,0.0,1,1
824629,2026-09-14,R,2026,Wrigley Field,Chicago Cubs,Atlanta Braves,7.0,3.0,656849.0,625643.0,Paul Clemons,Quinn Wolcott,"69 degrees, Partly Cloudy.","13 mph, R To L.",6:40 PM.,"34,515.",9,0.0,0.0,5,0
823656,2026-09-14,R,2026,Target Field,Minnesota Twins,New York Yankees,3.0,8.0,665152.0,701542.0,John Tumpane,Brennan Miller,"59 degrees, Cloudy.","12 mph, R To L.",6:41 PM.,"24,204.",9,0.0,0.0,0,1
823006,2026-09-14,R,2026,Busch Stadium,St. Louis Cardinals,San Francisco Giants,2.0,1.0,687273.0,694738.0,Carlos Torres,Jacob Metz,"85 degrees, Clear.","9 mph, R To L.",6:46 PM.,"25,150.",9,0.0,0.0,2,0
824308,2026-09-14,R,2026,Coors Field,Colorado Rockies,San Diego Padres,7.0,8.0,608372.0,663554.0,Jansen Visconti,Alex Tosi,"84 degrees, Partly Cloudy.","19 mph, In From LF.",6:41 PM.,"14,805.",9,1.0,1.0,2,6
823981,2026-09-14,R,2026,Angel Stadium,Los Angeles Angels,Seattle Mariners,6.0,4.0,672282.0,807739.0,Chad Whitson,Brian Walsh,"75 degrees, Clear.","4 mph, Out To CF.",6:38 PM.,"28,311.",9,2.0,0.0,6,3
825034,2026-09-14,R,2026,Chase Field,Arizona Diamondbacks,Miami Marlins,8.0,7.0,669203.0,645261.0,Austin Jones,Erich Bacchus,"76 degrees, Roof Closed.","0 mph, None.",6:41 PM.,"19,434.",9,0.0,0.0,4,5
824466,2026-09-15,R,2026,Great American Ball Park,Cincinnati Reds,Los Angeles Dodgers,0.0,4.0,695076.0,808967.0,Manny Gonzalez,James Jean,"89 degrees, Clear.","6 mph, In From RF.",6:41 PM.,"25,341.",9,0.0,0.0,0,3
822925,2026-09-15,R,2026,Tropicana Field,Tampa Bay Rays,Athletics,2.0,1.0,643377.0,678022.0,Alex MacKay,Alan Porter,"72 degrees, Dome.","0 mph, None.",6:40 PM.,"16,102.",9,0.0,0.0,1,0
824384,2026-09-15,R,2026,Progressive Field,Cleveland Guardians,Chicago White Sox,7.0,6.0,656492.0,669684.0,David Rackley,Hunter Wendelstedt,"81 degrees, Partly Cloudy.","14 mph, Out To CF.",6:41 PM.,"23,514.",9,3.0,0.0,4,2
823333,2026-09-15,R,2026,PNC Park,Pittsburgh Pirates,Milwaukee Brewers,1.0,5.0,669199.0,694819.0,John Libka,D.J. Reyburn,"79 degrees, Clear.","7 mph, Out To LF.",6:43 PM.,"23,961.",9,0.0,0.0,0,1
822683,2026-09-15,R,2026,Nationals Park,Washington Nationals,Philadelphia Phillies,6.0,3.0,800600.0,650911.0,Malachi Moore,Alfonso Márquez,"78 degrees, Clear.","5 mph, R To L.",6:47 PM.,"23,952.",9,2.0,1.0,3,3
822762,2026-09-15,R,2026,Rogers Centre,Toronto Blue Jays,Detroit Tigers,1.0,10.0,680755.0,623454.0,Adam Beck,Dan Iassogna,"68 degrees, Roof Closed.","0 mph, None.",7:07 PM.,"43,554.",9,0.0,0.0,0,5
823574,2026-09-15,R,2026,Citi Field,New York Mets,Baltimore Orioles,5.0,7.0,640455.0,669358.0,Mark Ripperger,Shane Livensparger,"68 degrees, Clear.","7 mph, Out To LF.",7:11 PM.,"28,097.",11,1.0,0.0,3,2
824627,2026-09-15,R,2026,Wrigley Field,Chicago Cubs,Atlanta Braves,3.0,6.0,592332.0,527048.0,Quinn Wolcott,Nate Tomlinson,"75 degrees, Cloudy.","4 mph, In From CF.",6:40 PM.,"38,516.",9,0.0,0.0,3,0
823654,2026-09-15,R,2026,Target Field,Minnesota Twins,New York Yankees,1.0,8.0,641927.0,608331.0,Brennan Miller,Edwin Jimenez,"69 degrees, Clear.","9 mph, Out To RF.",6:41 PM.,"27,882.",9,0.0,2.0,1,3
823007,2026-09-15,R,2026,Busch Stadium,St. Louis Cardinals,San Francisco Giants,3.0,10.0,669467.0,694918.0,Jacob Metz,Mark Wegner,"90 degrees, Partly Cloudy.","7 mph, Out To LF.",6:45 PM.,"26,666.",9,1.0,3.0,2,8
822849,2026-09-15,R,2026,Globe Life Field,Texas Rangers,Boston Red Sox,4.0,2.0,594798.0,663776.0,Tripp Gibson,Nick Mahrley,"74 degrees, Roof Closed.","0 mph, None.",7:08 PM.,"30,907.",9,0.0,0.0,4,2
824143,2026-09-15,R,2026,Daikin Park,Houston Astros,Kansas City Royals,4.0,2.0,686613.0,608379.0,Rob Drake,Stu Scheurwater,"73 degrees, Roof Closed.","0 mph, None.",7:10 PM.,"28,635.",9,1.0,0.0,4,1
824307,2026-09-15,R,2026,Coors Field,Colorado Rockies,San Diego Padres,9.0,3.0,607536.0,621111.0,Alex Tosi,Cory Blaser,"72 degrees, Partly Cloudy.","4 mph, R To L.",6:40 PM.,"15,115.",9,0.0,1.0,2,3
823980,2026-09-15,R,2026,Angel Stadium,Los Angeles Angels,Seattle Mariners,2.0,1.0,696270.0,669302.0,Brian Walsh,Chad Fairchild,"75 degrees, Clear.","10 mph, Out To CF.",6:40 PM.,"30,906.",9,0.0,0.0,1,0
825030,2026-09-15,R,2026,Chase Field,Arizona Diamondbacks,Miami Marlins,2.0,4.0,647336.0,676083.0,Erich Bacchus,Chris Segal,"74 degrees, Roof Closed.","0 mph, None.",6:41 PM.,"24,869.",11,1.0,0.0,1,1
824382,2026-09-16,R,2026,Progressive Field,Cleveland Guardians,Chicago White Sox,6.0,3.0,800048.0,641743.0,Edwin Moscoso,Nic Lentz,"79 degrees, Cloudy.","7 mph, In From LF.",1:10 PM.,"23,336.",9,0.0,0.0,2,3
823004,2026-09-16,R,2026,Busch Stadium,St. Louis Cardinals,San Francisco Giants,5.0,6.0,669461.0,683627.0,Mark Wegner,Bruce Dreckman,"91 degrees, Cloudy.","4 mph, In From RF.",12:17 PM.,"24,960.",10,0.0,0.0,0,1
823655,2026-09-16,R,2026,Target Field,Minnesota Twins,New York Yankees,5.0,4.0,805673.0,607074.0,Edwin Jimenez,Louie Krupa,"71 degrees, Partly Cloudy.","10 mph, In From RF.",12:42 PM.,"21,887.",13,1.0,0.0,2,0
822763,2026-09-16,R,2026,Rogers Centre,Toronto Blue Jays,Detroit Tigers,5.0,1.0,453286.0,672456.0,Dan Iassogna,Brock Ballou,"74 degrees, Partly Cloudy.","5 mph, Out To LF.",3:07 PM.,"43,463.",9,0.0,1.0,3,1
824467,2026-09-16,R,2026,Great American Ball Park,Cincinnati Reds,Los Angeles Dodgers,6.0,2.0,671096.0,605483.0,James Jean,Scott Barry,"91 degrees, Partly Cloudy.","7 mph, In From LF.",6:42 PM.,"20,151.",9,0.0,0.0,3,1
822926,2026-09-16,R,2026,Tropicana Field,Tampa Bay Rays,Athletics,4.0,3.0,607259.0,669620.0,Alan Porter,Jim Wolf,"72 degrees, Dome.","0 mph, None.",6:40 PM.,"14,552.",9,2.0,0.0,4,2
823332,2026-09-16,R,2026,PNC Park,Pittsburgh Pirates,Milwaukee Brewers,4.0,5.0,683003.0,701656.0,D.J. Reyburn,James Hoye,"83 degrees, Partly Cloudy.","4 mph, Calm.",6:41 PM.,"11,393.",9,0.0,0.0,3,3
822680,2026-09-16,R,2026,Nationals Park,Washington Nationals,Philadelphia Phillies,0.0,3.0,688692.0,554430.0,Alfonso Márquez,Lance Barrett,"84 degrees, Clear.","6 mph, R To L.",6:45 PM.,"23,007.",9,0.0,2.0,0,2
823576,2026-09-16,R,2026,Citi Field,New York Mets,Baltimore Orioles,1.0,7.0,675540.0,605135.0,Shane Livensparger,Dan Merzel,"73 degrees, Cloudy.","8 mph, Out To LF.",7:11 PM.,"25,324.",9,0.0,1.0,1,6
824626,2026-09-16,R,2026,Wrigley Field,Chicago Cubs,Atlanta Braves,8.0,4.0,684007.0,702275.0,Nate Tomlinson,Ramon De Jesus,"69 degrees, Cloudy.","10 mph, In From LF.",6:40 PM.,"35,779.",9,1.0,0.0,6,0
822846,2026-09-16,R,2026,Globe Life Field,Texas Rangers,Boston Red Sox,7.0,3.0,669022.0,687562.0,Nick Mahrley,Ben May,"74 degrees, Roof Closed.","0 mph, None.",7:08 PM.,"26,364.",9,1.0,2.0,3,3
824140,2026-09-16,R,2026,Daikin Park,Houston Astros,Kansas City Royals,2.0,5.0,664299.0,663738.0,Stu Scheurwater,Jordan Baker,"73 degrees, Roof Closed.","0 mph, None.",7:12 PM.,"28,497.",9,0.0,0.0,0,2
824306,2026-09-16,R,2026,Coors Field,Colorado Rockies,San Diego Padres,3.0,9.0,690279.0,592662.0,Cory Blaser,Andy Fletcher,"74 degrees, Cloudy.","13 mph, In From LF.",6:42 PM.,"16,806.",9,1.0,2.0,1,8
823979,2026-09-16,R,2026,Angel Stadium,Los Angeles Angels,Seattle Mariners,2.0,7.0,579328.0,669923.0,Chad Fairchild,Bill Miller,"74 degrees, Clear.","8 mph, Out To LF.",6:38 PM.,"38,906.",9,1.0,2.0,2,5
825031,2026-09-16,R,2026,Chase Field,Arizona Diamondbacks,Miami Marlins,3.0,4.0,518876.0,687473.0,Chris Segal,Laz Diaz,"74 degrees, Roof Closed.","0 mph, None.",6:41 PM.,"22,162.",9,0.0,0.0,2,4
823334,2026-09-17,R,2026,PNC Park,Pittsburgh Pirates,Milwaukee Brewers,7.0,4.0,696062.0,690986.0,James Hoye,Sean Barber,"77 degrees, Partly Cloudy.","5 mph, Out To LF.",12:37 PM.,"10,818.",9,0.0,0.0,5,1
824464,2026-09-17,R,2026,Great American Ball Park,Cincinnati Reds,Los Angeles Dodgers,2.0,8.0,663903.0,680736.0,Scott Barry,Tom Hanahan,"90 degrees, Partly Cloudy.","7 mph, Out To LF.",12:41 PM.,"24,169.",9,0.0,2.0,1,7
822924,2026-09-17,R,2026,Tropicana Field,Tampa Bay Rays,Athletics,10.0,1.0,656876.0,605488.0,Jim Wolf,Roberto Ortiz,"72 degrees, Dome.","0 mph, None.",1:10 PM.,"12,305.",9,0.0,0.0,6,0
824305,2026-09-17,R,2026,Coors Field,Colorado Rockies,San Diego Padres,2.0,9.0,685299.0,650633.0,Andy Fletcher,Jansen Visconti,"74 degrees, Cloudy.","2 mph, In From LF.",1:10 PM.,"16,674.",9,1.0,0.0,1,9
824141,2026-09-17,R,2026,Daikin Park,Houston Astros,Kansas City Royals,6.0,2.0,699044.0,607625.0,Jordan Baker,Junior Valentine,"72 degrees, Roof Closed.","0 mph, None.",6:15 PM.,"34,853.",9,1.0,1.0,4,1
823573,2026-09-17,R,2026,Citi Field,New York Mets,Philadelphia Phillies,0.0,3.0,690997.0,605400.0,Ramon De Jesus,Paul Clemons,"76 degrees, Cloudy.","6 mph, Out To LF.",7:15 PM.,"32,044.",9,0.0,0.0,0,1
824548,2026-09-17,R,2026,Rate Field,Chicago White Sox,Detroit Tigers,3.0,1.0,607200.0,664285.0,Bruce Dreckman,Carlos Torres,"70 degrees, Drizzle.","11 mph, L To R.",6:40 PM.,"18,472.",9,3.0,0.0,3,1
822845,2026-09-17,R,2026,Globe Life Field,Texas Rangers,Boston Red Sox,3.0,4.0,641302.0,543243.0,Ben May,Willie Traynor,"74 degrees, Roof Closed.","0 mph, None.",7:09 PM.,"30,828.",9,1.0,0.0,3,0
823978,2026-09-17,R,2026,Angel Stadium,Los Angeles Angels,Minnesota Twins,5.0,4.0,700712.0,671737.0,Laz Diaz,Austin Jones,"75 degrees, Clear.","9 mph, Varies.",6:39 PM.,"34,251.",10,3.0,0.0,3,0
824463,2026-09-18,R,2026,Great American Ball Park,Cincinnati Reds,Chicago Cubs,6.0,4.0,695505.0,605280.0,Sean Barber,John Libka,"76 degrees, Partly Cloudy.","10 mph, L To R.",6:41 PM.,"31,678.",9,2.0,0.0,3,4
823331,2026-09-18,R,2026,PNC Park,Pittsburgh Pirates,Kansas City Royals,8.0,5.0,694973.0,677976.0,Bill Miller,Chad Whitson,"75 degrees, Clear.","8 mph, Calm.",6:42 PM.,"25,424.",9,0.0,1.0,5,5
824790,2026-09-18,R,2026,Oriole Park at Camden Yards,Baltimore Orioles,Milwaukee Brewers,5.0,6.0,700249.0,669160.0,Roberto Ortiz,Alex MacKay,"80 degrees, Partly Cloudy.","9 mph, In From LF.",7:06 PM.,"25,304.",10,0.0,0.0,3,3
824383,2026-09-18,R,2026,Progressive Field,Cleveland Guardians,Athletics,5.0,3.0,682982.0,686930.0,Junior Valentine,Rob Drake,"70 degrees, Partly Cloudy.","10 mph, In From RF.",7:10 PM.,"35,391.",9,0.0,3.0,4,3
822923,2026-09-18,R,2026,Tropicana Field,Tampa Bay Rays,Boston Red Sox,2.0,4.0,693855.0,624133.0,Brock Ballou,Jeremie Rehak,"72 degrees, Dome.","0 mph, None.",7:10 PM.,"23,342.",9,1.0,1.0,1,4
823572,2026-09-18,R,2026,Citi Field,New York Mets,Philadelphia Phillies,6.0,3.0,804267.0,641835.0,Paul Clemons,Quinn Wolcott,"76 degrees, Partly Cloudy.","6 mph, In From CF.",7:16 PM.,"29,764.",9,3.0,0.0,3,1
824547,2026-09-18,R,2026,Rate Field,Chicago White Sox,Detroit Tigers,8.0,11.0,689818.0,808825.0,Carlos Torres,Mark Wegner,"71 degrees, Partly Cloudy.","9 mph, In From LF.",6:40 PM.,"26,204.",9,6.0,1.0,8,5
822847,2026-09-18,R,2026,Globe Life Field,Texas Rangers,Toronto Blue Jays,7.0,1.0,677958.0,656302.0,Tom Hanahan,Manny Gonzalez,"74 degrees, Roof Closed.","0 mph, None.",7:08 PM.,"31,045.",9,0.0,0.0,5,1
824303,2026-09-18,R,2026,Coors Field,Colorado Rockies,Seattle Mariners,4.0,5.0,687312.0,693433.0,Mike Estabrook,Malachi Moore,"74 degrees, Cloudy.","11 mph, In From LF.",6:11 PM.,"40,203.",9,1.0,3.0,2,3
824138,2026-09-18,R,2026,Daikin Park,Houston Astros,Atlanta Braves,2.0,6.0,663567.0,641816.0,Lance Barrett,Nic Lentz,"73 degrees, Roof Closed.","0 mph, None.",7:10 PM.,"36,921.",9,0.0,0.0,1,2
823005,2026-09-18,R,2026,Busch Stadium,St. Louis Cardinals,Washington Nationals,1.0,9.0,681517.0,676917.0,Dan Merzel,Dan Bellino,"89 degrees, Clear.","2 mph, R To L.",7:17 PM.,"25,855.",9,0.0,3.0,0,8
823977,2026-09-18,R,2026,Angel Stadium,Los Angeles Angels,Minnesota Twins,0.0,3.0,680570.0,687570.0,Austin Jones,Erich Bacchus,"75 degrees, Clear.","8 mph, Out To CF.",6:39 PM.,"35,237.",9,0.0,2.0,0,2
823252,2026-09-18,R,2026,Petco Park,San Diego Padres,Miami Marlins,8.0,2.0,601713.0,663969.0,Marvin Hudson,Tripp Gibson,"73 degrees, Clear.","9 mph, L To R.",6:41 PM.,"42,765.",9,0.0,0.0,6,1
825032,2026-09-18,R,2026,Chase Field,Arizona Diamondbacks,New York Yankees,2.0,9.0,593958.0,543037.0,Jansen Visconti,Alex Tosi,"74 degrees, Roof Closed.","0 mph, None.",6:40 PM.,"41,910.",9,0.0,5.0,2,6
823898,2026-09-18,R,2026,UNIQLO Field at Dodger Stadium,Los Angeles Dodgers,San Francisco Giants,8.0,2.0,607192.0,702885.0,Louie Krupa,John Tumpane,"72 degrees, Clear.","6 mph, Out To RF.",7:15 PM.,"48,145.",9,1.0,0.0,2,2
824545,2026-09-19,R,2026,Rate Field,Chicago White Sox,Detroit Tigers,3.0,1.0,680732.0,695549.0,Mark Wegner,Nate Tomlinson,"69 degrees, Overcast.","5 mph, Varies.",1:11 PM.,"30,631.",9,1.0,0.0,2,1
824788,2026-09-19,R,2026,Oriole Park at Camden Yards,Baltimore Orioles,Milwaukee Brewers,0.0,1.0,669432.0,688107.0,Alex MacKay,Alan Porter,"77 degrees, Cloudy.","7 mph, R To L.",4:06 PM.,"32,663.",9,0.0,0.0,0,1
822921,2026-09-19,R,2026,Tropicana Field,Tampa Bay Rays,Boston Red Sox,2.0,1.0,642547.0,678394.0,Jeremie Rehak,Adam Beck,"72 degrees, Dome.","0 mph, None.",4:10 PM.,"27,402.",9,0.0,0.0,1,1
823571,2026-09-19,R,2026,Citi Field,New York Mets,Philadelphia Phillies,10.0,3.0,681035.0,691725.0,Quinn Wolcott,Tyler Jones,"68 degrees, Cloudy.","6 mph, In From RF.",4:30 PM.,"37,468.",9,0.0,0.0,4,3
824380,2026-09-19,R,2026,Progressive Field,Cleveland Guardians,Athletics,12.0,6.0,676440.0,682052.0,Rob Drake,Stu Scheurwater,"71 degrees, Cloudy.","11 mph, R To L.",6:10 PM.,"31,615.",9,5.0,2.0,11,6
824461,2026-09-19,R,2026,Great American Ball Park,Cincinnati Reds,Chicago Cubs,2.0,5.0,666157.0,571510.0,John Libka,D.J. Reyburn,"85 degrees, Overcast.","6 mph, Out To LF.",6:41 PM.,"37,031.",9,0.0,0.0,2,2
823330,2026-09-19,R,2026,PNC Park,Pittsburgh Pirates,Kansas City Royals,6.0,5.0,696149.0,702070.0,Chad Whitson,Brian Walsh,"70 degrees, Partly Cloudy.","6 mph, In From CF.",6:43 PM.,"21,004.",9,0.0,0.0,4,3
822843,2026-09-19,R,2026,Globe Life Field,Texas Rangers,Toronto Blue Jays,6.0,2.0,615698.0,667755.0,Manny Gonzalez,James Jean,"74 degrees, Roof Closed.","0 mph, None.",6:08 PM.,"38,399.",9,1.0,0.0,3,0
824137,2026-09-19,R,2026,Daikin Park,Houston Astros,Atlanta Braves,3.0,6.0,669713.0,656550.0,Nic Lentz,Edwin Moscoso,"73 degrees, Roof Closed.","0 mph, None.",6:10 PM.,"41,147.",9,1.0,0.0,2,0
823003,2026-09-19,R,2026,Busch Stadium,St. Louis Cardinals,Washington Nationals,5.0,8.0,700241.0,674841.0,Dan Bellino,Mark Ripperger,"95 degrees, Partly Cloudy.","5 mph, R To L.",6:16 PM.,"29,774.",11,0.0,2.0,0,2
824304,2026-09-19,R,2026,Coors Field,Colorado Rockies,Seattle Mariners,5.0,3.0,500779.0,682243.0,Malachi Moore,Edwin Jimenez,"74 degrees, Cloudy.","5 mph, R To L.",6:11 PM.,"34,457.",9,0.0,2.0,1,3
825029,2026-09-19,R,2026,Chase Field,Arizona Diamondbacks,New York Yankees,5.0,3.0,694297.0,693645.0,Alex Tosi,Cory Blaser,"73 degrees, Roof Closed.","0 mph, None.",5:41 PM.,"47,918.",9,0.0,0.0,2,1
823249,2026-09-19,R,2026,Petco Park,San Diego Padres,Miami Marlins,7.0,6.0,663554.0,691587.0,Tripp Gibson,Nick Mahrley,"74 degrees, Clear.","9 mph, L To R.",5:41 PM.,"43,433.",10,0.0,0.0,5,5
823899,2026-09-19,R,2026,UNIQLO Field at Dodger Stadium,Los Angeles Dodgers,San Francisco Giants,10.0,4.0,669373.0,805074.0,John Tumpane,Brennan Miller,"77 degrees, Clear.","7 mph, Out To RF.",6:10 PM.,"47,410.",9,1.0,0.0,7,4
823976,2026-09-19,R,2026,Angel Stadium,Los Angeles Angels,Minnesota Twins,6.0,5.0,672282.0,657746.0,Erich Bacchus,Chris Segal,"77 degrees, Clear.","6 mph, R To L.",6:38 PM.,"33,726.",11,0.0,0.0,2,4
823570,2026-09-20,R,2026,Citi Field,New York Mets,Philadelphia Phillies,2.0,7.0,804636.0,650911.0,Tyler Jones,Ramon De Jesus,"68 degrees, Drizzle.","8 mph, Out To LF.",1:11 PM.,"33,611.",9,0.0,2.0,0,4
823329,2026-09-20,R,2026,PNC Park,Pittsburgh Pirates,Kansas City Royals,4.0,3.0,669199.0,608379.0,Brian Walsh,Chad Fairchild,"72 degrees, Partly Cloudy.","7 mph, Out To CF.",1:37 PM.,"14,979.",9,0.0,1.0,1,1
824462,2026-09-20,R,2026,Great American Ball Park,Cincinnati Reds,Chicago Cubs,1.0,9.0,695076.0,656849.0,D.J. Reyburn,James Hoye,"86 degrees, Partly Cloudy.","6 mph, R To L.",1:41 PM.,"28,917.",9,0.0,1.0,1,8
824381,2026-09-20,R,2026,Progressive Field,Cleveland Guardians,Athletics,1.0,0.0,668909.0,678022.0,Stu Scheurwater,Jordan Baker,"68 degrees, Cloudy.","12 mph, In From CF.",3:45 PM.,"26,110.",9,0.0,0.0,1,0
822922,2026-09-20,R,2026,Tropicana Field,Tampa Bay Rays,Boston Red Sox,5.0,1.0,643377.0,663776.0,Adam Beck,Dan Iassogna,"72 degrees, Dome.","0 mph, None.",1:40 PM.,"24,654.",9,4.0,0.0,5,0
824139,2026-09-20,R,2026,Daikin Park,Houston Astros,Atlanta Braves,2.0,4.0,686613.0,527048.0,Edwin Moscoso,Lance Barksdale,"73 degrees, Roof Closed.","0 mph, None.",1:11 PM.,"36,612.",9,0.0,0.0,1,0
824546,2026-09-20,R,2026,Rate Field,Chicago White Sox,Detroit Tigers,8.0,1.0,663436.0,675512.0,Nate Tomlinson,Bruce Dreckman,"65 degrees, Rain.","10 mph, L To R.",5:00 PM.,"21,354.",9,0.0,0.0,6,0
823001,2026-09-20,R,2026,Busch Stadium,St. Louis Cardinals,Washington Nationals,5.0,3.0,687273.0,663623.0,Mark Ripperger,Shane Livensparger,"81 degrees, Partly Cloudy.","1 mph, Out To LF.",1:16 PM.,"27,814.",9,1.0,0.0,2,1
822844,2026-09-20,R,2026,Globe Life Field,Texas Rangers,Toronto Blue Jays,2.0,7.0,594798.0,693686.0,James Jean,Scott Barry,"74 degrees, Roof Closed.","0 mph, None.",1:38 PM.,"33,694.",9,0.0,1.0,2,3
824300,2026-09-20,R,2026,Coors Field,Colorado Rockies,Seattle Mariners,1.0,2.0,608372.0,807739.0,Edwin Jimenez,Alfonso Márquez,"71 degrees, Sunny.","9 mph, In From CF.",1:13 PM.,"33,751.",9,0.0,0.0,0,1
823975,2026-09-20,R,2026,Angel Stadium,Los Angeles Angels,Minnesota Twins,0.0,8.0,696270.0,665152.0,Chris Segal,Laz Diaz,"80 degrees, Sunny.","4 mph, R To L.",1:09 PM.,"32,240.",9,0.0,0.0,0,3
823896,2026-09-20,R,2026,UNIQLO Field at Dodger Stadium,Los Angeles Dodgers,San Francisco Giants,3.0,1.0,676263.0,683363.0,Brennan Miller,Ben May,"79 degrees, Partly Cloudy.","5 mph, Out To CF.",1:11 PM.,"48,085.",9,0.0,1.0,0,1
823247,2026-09-20,R,2026,Petco Park,San Diego Padres,Miami Marlins,7.0,3.0,621111.0,645261.0,Nick Mahrley,Ryan Blakney,"76 degrees, Partly Cloudy.","9 mph, L To R.",1:11 PM.,"40,847.",9,0.0,0.0,4,0
825028,2026-09-20,R,2026,Chase Field,Arizona Diamondbacks,New York Yankees,8.0,4.0,669203.0,701542.0,Cory Blaser,Andy Fletcher,"73 degrees, Roof Closed.","0 mph, None.",1:10 PM.,"37,755.",9,1.0,0.0,6,4
824789,2026-09-20,R,2026,Oriole Park at Camden Yards,Baltimore Orioles,Milwaukee Brewers,0.0,3.0,687064.0,694819.0,Alan Porter,Jim Wolf,"81 degrees, Cloudy.","6 mph, Out To RF.",7:21 PM.,"15,337.",9,0.0,0.0,0,2
824787,2026-09-21,R,2026,Oriole Park at Camden Yards,Baltimore Orioles,Toronto Blue Jays,4.0,3.0,669358.0,702056.0,Carlos Torres,Mark Wegner,"65 degrees, Overcast.","3 mph, In From RF.",7:22 PM.,"12,067.",9,1.0,3.0,1,3
824221,2026-09-21,R,2026,Comerica Park,Detroit Tigers,Washington Nationals,9.0,2.0,689981.0,687792.0,Emil Jimenez,Louie Krupa,"60 degrees, Partly Cloudy.","11 mph, L To R.",6:41 PM.,"21,121.",9,2.0,0.0,9,0
823169,2026-09-21,R,2026,Oracle Park,San Francisco Giants,Minnesota Twins,5.0,2.0,694918.0,805673.0,Andy Fletcher,Steven Jaschinski,"62 degrees, Cloudy.","15 mph, Varies.",6:46 PM.,"27,466.",9,2.0,0.0,5,1
823543,2026-09-22,R,2026,Yankee Stadium,New York Yankees,Tampa Bay Rays,2.0,0.0,607074.0,607259.0,Sean Barber,Gabe Morales,"69 degrees, Cloudy.","15 mph, L To R.",1:08 PM.,"41,421.",9,0.0,0.0,2,0
823494,2026-09-22,R,2026,Yankee Stadium,New York Yankees,Tampa Bay Rays,1.0,6.0,608331.0,656876.0,John Libka,James Hoye,"65 degrees, Cloudy.","13 mph, L To R.",7:08 PM.,"38,656.",9,0.0,0.0,0,1
824222,2026-09-22,R,2026,Comerica Park,Detroit Tigers,Washington Nationals,1.0,3.0,623454.0,683000.0,Louie Krupa,Mike Muchlinski,"64 degrees, Partly Cloudy.","7 mph, L To R.",6:40 PM.,"25,608.",9,0.0,0.0,0,1
823328,2026-09-22,R,2026,PNC Park,Pittsburgh Pirates,St. Louis Cardinals,2.0,0.0,683003.0,669467.0,Ron Kulpa,John Bacon,"60 degrees, Overcast.","11 mph, In From CF.",6:41 PM.,"11,375.",9,0.0,0.0,0,0
823412,2026-09-22,R,2026,Citizens Bank Park,Philadelphia Phillies,Milwaukee Brewers,6.0,4.0,554430.0,669160.0,Shane Livensparger,Dan Bellino,"63 degrees, Overcast.","9 mph, In From RF.",6:41 PM.,"37,132.",9,0.0,0.0,3,1
824709,2026-09-22,R,2026,Fenway Park,Boston Red Sox,Cleveland Guardians,2.0,3.0,801139.0,800048.0,Ramon De Jesus,Paul Clemons,"62 degrees, Partly Cloudy.","5 mph, Varies.",6:45 PM.,"37,416.",9,0.0,0.0,1,2
824867,2026-09-22,R,2026,Truist Park,Atlanta Braves,Cincinnati Reds,0.0,4.0,702275.0,682227.0,Jordan Baker,Derek Thomas,"81 degrees, Overcast.","5 mph, Out To RF.",7:16 PM.,"38,214.",9,0.0,0.0,0,1
824061,2026-09-22,R,2026,Kauffman Stadium,Kansas City Royals,Chicago White Sox,11.0,14.0,663738.0,641743.0,Adam Hamari,Clint Vondrak,"73 degrees, Partly Cloudy.","5 mph, In From RF.",6:40 PM.,"15,785.",9,0.0,2.0,4,9
824624,2026-09-22,R,2026,Wrigley Field,Chicago Cubs,Miami Marlins,2.0,8.0,684007.0,676083.0,Nic Lentz,Vic Carapazza,"62 degrees, Partly Cloudy.","13 mph, In From CF.",6:40 PM.,"33,759.",12,0.0,0.0,0,1
822840,2026-09-22,R,2026,Globe Life Field,Texas Rangers,New York Mets,3.0,6.0,669022.0,640455.0,Laz Diaz,Lance Barrett,"74 degrees, Roof Closed.","0 mph, None.",7:08 PM.,"24,191.",9,0.0,0.0,3,2
824302,2026-09-22,R,2026,Coors Field,Colorado Rockies,Arizona Diamondbacks,2.0,7.0,607536.0,647336.0,David Rackley,Nestor Ceja,"76 degrees, Partly Cloudy.","5 mph, R To L.",6:41 PM.,"19,324.",9,0.0,3.0,2,6
824953,2026-09-22,R,2026,Sutter Health Park,Athletics,Los Angeles Angels,9.0,7.0,669620.0,579328.0,Ben May,Felix Neon,"79 degrees, Clear.","6 mph, Out To LF.",6:41 PM.,"7,711.",9,0.0,1.0,0,5
823089,2026-09-22,R,2026,T-Mobile Park,Seattle Mariners,Houston Astros,0.0,7.0,669302.0,664299.0,Ryan Blakney,Marvin Hudson,"68 degrees, Clear.","4 mph, Out To CF.",6:41 PM.,"33,382.",9,0.0,1.0,0,4
823166,2026-09-22,R,2026,Oracle Park,San Francisco Giants,Minnesota Twins,2.0,3.0,683627.0,671737.0,Steven Jaschinski,Dillon Wilson,"61 degrees, Partly Cloudy.","8 mph, Out To CF.",6:46 PM.,"28,079.",9,0.0,0.0,1,0
823897,2026-09-22,R,2026,UNIQLO Field at Dodger Stadium,Los Angeles Dodgers,San Diego Padres,7.0,0.0,592779.0,650633.0,Lance Barksdale,Ryan Additon,"73 degrees, Clear.","7 mph, Out To CF.",7:10 PM.,"46,066.",9,0.0,0.0,5,0
824223,2026-09-23,R,2026,Comerica Park,Detroit Tigers,Washington Nationals,2.0,4.0,664285.0,663992.0,Mike Muchlinski,Doug Eddings,"65 degrees, Sunny.","14 mph, In From LF.",1:12 PM.,"21,373.",9,0.0,0.0,0,0
824785,2026-09-23,R,2026,Oriole Park at Camden Yards,Baltimore Orioles,Toronto Blue Jays,4.0,2.0,605135.0,453286.0,Mark Wegner,Austin Jones,"63 degrees, Overcast.","7 mph, In From CF.",1:37 PM.,"10,562.",9,0.0,0.0,4,0
824784,2026-09-23,R,2026,Oriole Park at Camden Yards,Baltimore Orioles,Toronto Blue Jays,4.0,2.0,694346.0,669310.0,Nate Tomlinson,Tyler Jones,"65 degrees, Partly Cloudy.","15 mph, In From CF.",6:35 PM.,"19,824.",9,3.0,0.0,4,0
823168,2026-09-23,R,2026,Oracle Park,San Francisco Giants,Minnesota Twins,2.0,4.0,702885.0,687570.0,Dillon Wilson,Rob Drake,"68 degrees, Sunny.","7 mph, Varies.",12:46 PM.,"28,136.",9,0.0,0.0,2,2
823327,2026-09-23,R,2026,PNC Park,Pittsburgh Pirates,St. Louis Cardinals,1.0,5.0,669199.0,669461.0,John Bacon,Scott Barry,"63 degrees, Partly Cloudy.","12 mph, In From CF.",6:41 PM.,"13,176.",9,0.0,0.0,1,5
823410,2026-09-23,R,2026,Citizens Bank Park,Philadelphia Phillies,Milwaukee Brewers,1.0,4.0,605400.0,701656.0,Dan Bellino,Dan Merzel,"65 degrees, Partly Cloudy.","14 mph, R To L.",6:43 PM.,"37,271.",9,0.0,1.0,1,4
823492,2026-09-23,R,2026,Yankee Stadium,New York Yankees,Tampa Bay Rays,9.0,2.0,543037.0,669438.0,James Hoye,D.J. Reyburn,"64 degrees, Partly Cloudy.","13 mph, In From LF.",7:07 PM.,"42,238.",9,1.0,0.0,8,2
824710,2026-09-23,R,2026,Fenway Park,Boston Red Sox,Cleveland Guardians,1.0,0.0,543243.0,656492.0,Paul Clemons,Quinn Wolcott,"57 degrees, Clear.","9 mph, In From CF.",7:13 PM.,"36,360.",9,0.0,0.0,0,0
824868,2026-09-23,R,2026,Truist Park,Atlanta Braves,Cincinnati Reds,3.0,2.0,519242.0,671096.0,Derek Thomas,Junior Valentine,"74 degrees, Partly Cloudy.","12 mph, L To R.",7:16 PM.,"39,680.",10,0.0,1.0,0,1
824060,2026-09-23,R,2026,Kauffman Stadium,Kansas City Royals,Chicago White Sox,5.0,4.0,607625.0,663542.0,Clint Vondrak,Todd Tichenor,"74 degrees, Partly Cloudy.","6 mph, In From RF.",6:40 PM.,"17,114.",9,4.0,0.0,4,4
824625,2026-09-23,R,2026,Wrigley Field,Chicago Cubs,Miami Marlins,2.0,3.0,592332.0,687473.0,Vic Carapazza,Alex Tosi,"63 degrees, Partly Cloudy.","13 mph, In From RF.",6:40 PM.,"36,635.",9,0.0,0.0,0,0
822841,2026-09-23,R,2026,Globe Life Field,Texas Rangers,New York Mets,2.0,7.0,674003.0,690997.0,Lance Barrett,Erich Bacchus,"74 degrees, Roof Closed.","0 mph, None.",7:08 PM.,"30,188.",9,0.0,0.0,2,2
824301,2026-09-23,R,2026,Coors Field,Colorado Rockies,Arizona Diamondbacks,3.0,5.0,690279.0,518876.0,Nestor Ceja,Charlie Ramos,"72 degrees, Cloudy.","10 mph, L To R.",6:43 PM.,"21,041.",9,0.0,4.0,2,4
824951,2026-09-23,R,2026,Sutter Health Park,Athletics,Los Angeles Angels,7.0,3.0,605488.0,700712.0,Felix Neon,John Tumpane,"86 degrees, Clear.","3 mph, Calm.",6:40 PM.,"7,430.",9,4.0,0.0,5,3
823894,2026-09-23,R,2026,UNIQLO Field at Dodger Stadium,Los Angeles Dodgers,San Diego Padres,1.0,5.0,808967.0,592662.0,Ryan Additon,Will Little,"74 degrees, Clear.","4 mph, Out To CF.",7:10 PM.,"48,201.",9,0.0,0.0,1,4
823086,2026-09-23,R,2026,T-Mobile Park,Seattle Mariners,Houston Astros,6.0,5.0,669923.0,814490.0,Marvin Hudson,Tripp Gibson,"62 degrees, Partly Cloudy.","6 mph, In From LF.",7:12 PM.,"24,802.",10,0.0,0.0,4,4
823326,2026-09-24,R,2026,PNC Park,Pittsburgh Pirates,St. Louis Cardinals,2.0,1.0,694973.0,681517.0,Scott Barry,Tom Hanahan,"61 degrees, Sunny.","7 mph, In From RF.",12:38 PM.,"15,822.",9,1.0,1.0,1,1
824059,2026-09-24,R,2026,Kauffman Stadium,Kansas City Royals,Chicago White Sox,1.0,9.0,677976.0,689818.0,Todd Tichenor,Cory Blaser,"72 degrees, Partly Cloudy.","4 mph, In From RF.",1:10 PM.,"15,592.",9,0.0,3.0,1,9
824623,2026-09-24,R,2026,Wrigley Field,Chicago Cubs,Miami Marlins,2.0,1.0,571510.0,663969.0,Alex Tosi,Edwin Moscoso,"65 degrees, Partly Cloudy.","9 mph, In From CF.",1:20 PM.,"35,410.",9,0.0,0.0,1,1
822842,2026-09-24,R,2026,Globe Life Field,Texas Rangers,New York Mets,3.0,1.0,677958.0,804267.0,Erich Bacchus,Chris Segal,"74 degrees, Roof Closed.","0 mph, None.",1:38 PM.,"25,320.",9,2.0,1.0,2,1
824298,2026-09-24,R,2026,Coors Field,Colorado Rockies,Arizona Diamondbacks,8.0,12.0,685299.0,593958.0,Charlie Ramos,Chris Guccione,"70 degrees, Cloudy.","8 mph, In From RF.",1:10 PM.,"22,511.",9,0.0,6.0,1,11
823411,2026-09-24,R,2026,Citizens Bank Park,Philadelphia Phillies,Milwaukee Brewers,1.0,5.0,691725.0,675660.0,Dan Merzel,Mark Ripperger,"66 degrees, Overcast.","11 mph, In From RF.",6:06 PM.,"37,177.",9,0.0,0.0,1,1
824707,2026-09-24,R,2026,Fenway Park,Boston Red Sox,Cleveland Guardians,0.0,1.0,624133.0,682982.0,Quinn Wolcott,Adrian Johnson,"58 degrees, Partly Cloudy.","6 mph, In From CF.",6:47 PM.,"36,711.",9,0.0,0.0,0,1
823493,2026-09-24,R,2026,Yankee Stadium,New York Yankees,Tampa Bay Rays,6.0,4.0,693645.0,693855.0,Edwin Jimenez,Sean Barber,"64 degrees, Partly Cloudy.","13 mph, In From LF.",7:08 PM.,"44,136.",9,0.0,0.0,0,3
824866,2026-09-24,R,2026,Truist Park,Atlanta Braves,Cincinnati Reds,6.0,7.0,641816.0,663903.0,Junior Valentine,Stu Scheurwater,"70 degrees, Clear.","8 mph, L To R.",7:15 PM.,"40,165.",9,4.0,1.0,6,5
824950,2026-09-24,R,2026,Sutter Health Park,Athletics,Houston Astros,5.0,7.0,686930.0,663567.0,John Tumpane,Brennan Miller,"87 degrees, Partly Cloudy.","6 mph, Out To RF.",6:41 PM.,"9,367.",9,0.0,0.0,4,3
823087,2026-09-24,R,2026,T-Mobile Park,Seattle Mariners,Los Angeles Angels,4.0,6.0,693433.0,680570.0,Rob Drake,Andy Fletcher,"57 degrees, Roof Closed.","0 mph, None.",6:42 PM.,"31,032.",9,0.0,0.0,4,3
823895,2026-09-24,R,2026,UNIQLO Field at Dodger Stadium,Los Angeles Dodgers,San Diego Padres,2.0,4.0,607192.0,601713.0,Will Little,Ryan Wills,"74 degrees, Clear.","4 mph, Out To RF.",7:10 PM.,"53,027.",9,0.0,0.0,0,0
824703,2026-09-25,R,2026,Fenway Park,Boston Red Sox,Chicago Cubs,4.0,3.0,687941.0,605280.0,Doug Eddings,Brock Ballou,"65 degrees, Cloudy.","14 mph, In From RF.",1:06 PM.,"33,506.",9,0.0,1.0,3,3
824706,2026-09-25,R,2026,Fenway Park,Boston Red Sox,Chicago Cubs,2.0,0.0,678394.0,656849.0,D.J. Reyburn,Emil Jimenez,"66 degrees, Cloudy.","20 mph, In From CF.",5:35 PM.,"36,449.",9,0.0,0.0,0,0
823491,2026-09-25,R,2026,Yankee Stadium,New York Yankees,Baltimore Orioles,2.0,10.0,694341.0,669432.0,Edwin Moscoso,Edwin Jimenez,"69 degrees, Cloudy.","17 mph, In From LF.",4:08 PM.,,9,0.0,0.0,1,7
823489,2026-09-25,R,2026,Yankee Stadium,New York Yankees,Baltimore Orioles,6.0,3.0,642232.0,687064.0,Nic Lentz,Vic Carapazza,"69 degrees, Partly Cloudy.","16 mph, In From LF.",7:31 PM.,"46,656.",9,0.0,0.0,1,0
824220,2026-09-25,R,2026,Comerica Park,Detroit Tigers,Pittsburgh Pirates,8.0,7.0,695549.0,696149.0,Jonathan Parra,Laz Diaz,"63 degrees, Partly Cloudy.","5 mph, L To R.",7:08 PM.,"36,315.",9,0.0,0.0,6,2
823409,2026-09-25,R,2026,Citizens Bank Park,Philadelphia Phillies,Tampa Bay Rays,0.0,2.0,650911.0,642547.0,Cory Blaser,Ramon De Jesus,"71 degrees, Partly Cloudy.","17 mph, In From CF.",6:42 PM.,"40,133.",9,0.0,1.0,0,2
822681,2026-09-25,R,2026,Nationals Park,Washington Nationals,New York Mets,7.0,6.0,674841.0,642376.0,Sean Barber,Austin Jones,"73 degrees, Partly Cloudy.","5 mph, In From CF.",6:46 PM.,"28,639.",9,2.0,1.0,6,5
822760,2026-09-25,R,2026,Rogers Centre,Toronto Blue Jays,Cincinnati Reds,6.0,5.0,667755.0,666157.0,Adrian Johnson,Paul Clemons,"61 degrees, Clear.","6 mph, Out To RF.",7:07 PM.,"42,535.",9,2.0,0.0,2,5
823816,2026-09-25,R,2026,loanDepot park,Miami Marlins,Atlanta Braves,3.0,0.0,691587.0,678061.0,Adam Hamari,Clint Vondrak,"72 degrees, Roof Closed.","0 mph, None.",7:10 PM.,"36,060.",9,0.0,0.0,0,0
824058,2026-09-25,R,2026,Kauffman Stadium,Kansas City Royals,Cleveland Guardians,9.0,12.0,702070.0,668909.0,Tom Hanahan,John Libka,"65 degrees, Rain.","4 mph, R To L.",7:20 PM.,"26,034.",9,1.0,2.0,5,7
824544,2026-09-25,R,2026,Rate Field,Chicago White Sox,Colorado Rockies,6.0,1.0,680732.0,608372.0,Mark Ripperger,Shane Livensparger,"63 degrees, Cloudy.","6 mph, In From LF.",6:41 PM.,"35,778.",9,2.0,0.0,3,1
823735,2026-09-25,R,2026,American Family Field,Milwaukee Brewers,St. Louis Cardinals,8.0,4.0,688107.0,700241.0,Stu Scheurwater,Jordan Baker,"69 degrees, Roof Closed.","0 mph, None.",6:40 PM.,"42,793.",9,1.0,0.0,4,1
823652,2026-09-25,R,2026,Target Field,Minnesota Twins,Texas Rangers,10.0,2.0,657746.0,594798.0,Chris Guccione,David Rackley,"68 degrees, Cloudy.","9 mph, In From RF.",7:11 PM.,"25,768.",9,0.0,2.0,8,2
824947,2026-09-25,R,2026,Sutter Health Park,Athletics,Houston Astros,6.0,5.0,682052.0,686613.0,Ryan Wills,Gabe Morales,"77 degrees, Clear.","8 mph, Out To LF.",6:41 PM.,"9,012.",9,0.0,0.0,0,1
823248,2026-09-25,R,2026,Petco Park,San Diego Padres,Arizona Diamondbacks,4.0,11.0,663554.0,694297.0,Brennan Miller,Ben May,"74 degrees, Partly Cloudy.","10 mph, L To R.",6:43 PM.,"44,512.",9,0.0,3.0,2,7
823085,2026-09-25,R,2026,T-Mobile Park,Seattle Mariners,Los Angeles Angels,5.0,7.0,682243.0,672282.0,Andy Fletcher,Jansen Visconti,"57 degrees, Partly Cloudy.","5 mph, In From CF.",7:11 PM.,"40,678.",9,0.0,1.0,0,2
823167,2026-09-25,R,2026,Oracle Park,San Francisco Giants,Los Angeles Dodgers,0.0,2.0,805074.0,669373.0,Tripp Gibson,Nick Mahrley,"63 degrees, Clear.","11 mph, Out To CF.",7:15 PM.,"40,770.",9,0.0,0.0,0,2
822678,2026-09-26,R,2026,Nationals Park,Washington Nationals,New York Mets,1.0,7.0,813349.0,804636.0,Austin Jones,Jen Pawol,"67 degrees, Overcast.","16 mph, In From LF.",12:37 PM.,"27,284.",9,0.0,0.0,1,0
824219,2026-09-26,R,2026,Comerica Park,Detroit Tigers,Pittsburgh Pirates,4.0,3.0,434378.0,489446.0,Laz Diaz,Tyler Jones,"70 degrees, Sunny.","8 mph, Out To RF.",1:11 PM.,"41,377.",9,0.0,0.0,0,2
822759,2026-09-26,R,2026,Rogers Centre,Toronto Blue Jays,Cincinnati Reds,1.0,5.0,702056.0,695076.0,Paul Clemons,John Bacon,"71 degrees, Sunny.","5 mph, Out To CF.",3:07 PM.,"42,482.",9,0.0,0.0,0,5
823165,2026-09-26,R,2026,Oracle Park,San Francisco Giants,Los Angeles Dodgers,3.0,4.0,683363.0,605483.0,Nick Mahrley,Ryan Blakney,"63 degrees, Sunny.","7 mph, Out To CF.",1:06 PM.,"40,124.",9,0.0,0.0,1,3
823653,2026-09-26,R,2026,Target Field,Minnesota Twins,Texas Rangers,2.0,6.0,641927.0,543135.0,David Rackley,Nestor Ceja,"62 degrees, Drizzle.","10 mph, In From CF.",5:11 PM.,"28,491.",9,1.0,0.0,1,6
823813,2026-09-26,R,2026,loanDepot park,Miami Marlins,Atlanta Braves,3.0,8.0,667652.0,608718.0,Clint Vondrak,James Jean,"72 degrees, Roof Closed.","0 mph, None.",4:11 PM.,"35,414.",9,0.0,1.0,2,6
824057,2026-09-26,R,2026,Kauffman Stadium,Kansas City Royals,Cleveland Guardians,5.0,11.0,608379.0,676440.0,John Libka,Ron Kulpa,"74 degrees, Partly Cloudy.","5 mph, R To L.",6:10 PM.,"24,656.",9,3.0,0.0,3,5
824543,2026-09-26,R,2026,Rate Field,Chicago White Sox,Colorado Rockies,6.0,9.0,663436.0,500779.0,Shane Livensparger,Dan Bellino,"64 degrees, Partly Cloudy.","8 mph, L To R.",6:10 PM.,"31,938.",9,0.0,3.0,2,5
823733,2026-09-26,R,2026,American Family Field,Milwaukee Brewers,St. Louis Cardinals,3.0,2.0,669160.0,687273.0,Jordan Baker,Derek Thomas,"70 degrees, Roof Closed.","0 mph, None.",6:10 PM.,"42,900.",9,0.0,0.0,3,2
823407,2026-09-26,R,2026,Citizens Bank Park,Philadelphia Phillies,Tampa Bay Rays,1.0,12.0,605400.0,643377.0,Ramon De Jesus,Carlos Torres,"62 degrees, Drizzle.","14 mph, In From CF.",7:51 PM.,"43,076.",9,0.0,3.0,0,7
823245,2026-09-26,R,2026,Petco Park,San Diego Padres,Arizona Diamondbacks,10.0,7.0,621111.0,664199.0,Ben May,John Tumpane,"76 degrees, Partly Cloudy.","9 mph, L To R.",5:41 PM.,"44,698.",9,1.0,0.0,8,4
824949,2026-09-26,R,2026,Sutter Health Park,Athletics,Houston Astros,2.0,13.0,678022.0,669713.0,Gabe Morales,Ryan Additon,"79 degrees, Partly Cloudy.","6 mph, Out To LF.",6:40 PM.,"12,025.",9,0.0,1.0,1,6
823083,2026-09-26,R,2026,T-Mobile Park,Seattle Mariners,Los Angeles Angels,8.0,4.0,807739.0,696270.0,Jansen Visconti,Dillon Wilson,"58 degrees, Partly Cloudy.","7 mph, In From LF.",6:42 PM.,"40,308.",9,0.0,0.0,4,0
822679,2026-09-27,R,2026,Nationals Park,Washington Nationals,New York Mets,6.0,4.0,687792.0,640455.0,Jen Pawol,James Hoye,"62 degrees, Rain.","14 mph, L To R.",2:05 PM.,"23,753.",9,1.0,1.0,5,4
823408,2026-09-27,R,2026,Citizens Bank Park,Philadelphia Phillies,Tampa Bay Rays,7.0,3.0,554430.0,607259.0,Carlos Torres,Nate Tomlinson,"65 degrees, Overcast.","19 mph, In From RF.",2:31 PM.,"42,146.",9,1.0,0.0,7,1
824705,2026-09-27,R,2026,Tropicana Field,Boston Red Sox,Chicago Cubs,2.0,6.0,656557.0,684007.0,Emil Jimenez,Mike Muchlinski,"72 degrees, Dome.","0 mph, None.",3:05 PM.,"20,411.",9,1.0,2.0,2,3
824948,2026-09-27,R,2026,Sutter Health Park,Athletics,Houston Astros,0.0,9.0,686751.0,663567.0,Ryan Additon,Will Little,"66 degrees, Partly Cloudy.","6 mph, Out To CF.",12:05 PM.,"10,022.",9,0.0,0.0,0,4
823164,2026-09-27,R,2026,Oracle Park,San Francisco Giants,Los Angeles Dodgers,1.0,5.0,693313.0,676263.0,Ryan Blakney,Marvin Hudson,"61 degrees, Partly Cloudy.","8 mph, Out To CF.",12:06 PM.,"40,145.",10,0.0,0.0,1,1
822761,2026-09-27,R,2026,Rogers Centre,Toronto Blue Jays,Cincinnati Reds,5.0,1.0,453286.0,682227.0,John Bacon,Quinn Wolcott,"76 degrees, Sunny.","15 mph, In From CF.",3:07 PM.,"42,131.",9,0.0,0.0,4,1
824055,2026-09-27,R,2026,Kauffman Stadium,Kansas City Royals,Cleveland Guardians,3.0,2.0,663738.0,800048.0,Ron Kulpa,Scott Barry,"72 degrees, Cloudy.","4 mph, R To L.",2:10 PM.,"22,827.",9,1.0,0.0,2,1
824217,2026-09-27,R,2026,Comerica Park,Detroit Tigers,Pittsburgh Pirates,2.0,4.0,689981.0,683003.0,Tyler Jones,Erich Bacchus,"76 degrees, Sunny.","8 mph, Out To RF.",3:11 PM.,"30,165.",9,0.0,1.0,0,4
823246,2026-09-27,R,2026,Petco Park,San Diego Padres,Arizona Diamondbacks,9.0,4.0,681190.0,647336.0,John Tumpane,Chris Segal,"78 degrees, Cloudy.","7 mph, L To R.",12:11 PM.,"44,471.",9,0.0,0.0,3,0
823084,2026-09-27,R,2026,T-Mobile Park,Seattle Mariners,Los Angeles Angels,7.0,3.0,669302.0,579328.0,Dillon Wilson,Rob Drake,"59 degrees, Sunny.","11 mph, In From LF.",12:11 PM.,"44,761.",9,0.0,0.0,3,0
823650,2026-09-27,R,2026,Target Field,Minnesota Twins,Texas Rangers,6.0,4.0,665152.0,669022.0,Nestor Ceja,Charlie Ramos,"65 degrees, Partly Cloudy.","3 mph, In From LF.",2:11 PM.,"26,839.",9,1.0,0.0,5,1
824542,2026-09-27,R,2026,Rate Field,Chicago White Sox,Colorado Rockies,4.0,2.0,641743.0,607536.0,Dan Bellino,Dan Merzel,"70 degrees, Partly Cloudy.","6 mph, L To R.",2:11 PM.,"29,767.",9,0.0,0.0,4,1
823814,2026-09-27,R,2026,loanDepot park,Miami Marlins,Atlanta Braves,5.0,3.0,676083.0,702275.0,James Jean,Todd Tichenor,"72 degrees, Roof Closed.","0 mph, None.",3:10 PM.,"35,730.",9,0.0,0.0,1,1
823731,2026-09-27,R,2026,American Family Field,Milwaukee Brewers,St. Louis Cardinals,6.0,4.0,694819.0,669467.0,Derek Thomas,Junior Valentine,"70 degrees, Partly Cloudy.","5 mph, L To R.",2:10 PM.,"43,556.",9,3.0,0.0,6,0
823490,2026-09-27,R,2026,Yankee Stadium,New York Yankees,Baltimore Orioles,,,,,,,,,,,0,,,0,0
849845,2026-09-29,F,2026,Truist Park,Atlanta Braves,Philadelphia Phillies,5.0,3.0,519242.0,666200.0,Dan Merzel,Adam Beck,"80 degrees, Sunny.","3 mph, Calm.",2:16 PM.,"30,127.",9,0.0,1.0,1,1
849849,2026-09-29,F,2026,Daikin Park,Houston Astros,Chicago White Sox,3.0,6.0,805123.0,696146.0,Alex MacKay,Alex Tosi,"73 degrees, Roof Closed.","0 mph, None.",4:10 PM.,"34,011.",9,0.0,1.0,2,5
849851,2026-09-29,F,2026,Yankee Stadium,New York Yankees,Boston Red Sox,9.0,0.0,693645.0,801139.0,Nate Tomlinson,Scott Barry,"67 degrees, Cloudy.","8 mph, L To R.",8:15 PM.,"48,437.",9,0.0,0.0,2,0
849843,2026-09-29,F,2026,Petco Park,San Diego Padres,Chicago Cubs,8.0,0.0,650633.0,571510.0,Ramon De Jesus,Erich Bacchus,"74 degrees, Clear.","4 mph, L To R.",7:11 PM.,"47,084.",9,2.0,0.0,7,0
849841,2026-09-30,F,2026,Truist Park,Atlanta Braves,Philadelphia Phillies,3.0,4.0,641816.0,650911.0,Adam Beck,Mark Ripperger,"83 degrees, Partly Cloudy.","4 mph, L To R.",2:16 PM.,"37,150.",10,1.0,1.0,1,1
849846,2026-09-30,F,2026,Daikin Park,Houston Astros,Chicago White Sox,3.0,7.0,686613.0,680732.0,Alex Tosi,Ryan Additon,"73 degrees, Roof Closed.","0 mph, None.",4:11 PM.,"36,015.",9,1.0,4.0,3,4
849848,2026-09-30,F,2026,Yankee Stadium,New York Yankees,Boston Red Sox,9.0,2.0,608331.0,543243.0,Scott Barry,John Libka,"68 degrees, Cloudy.","5 mph, Varies.",8:15 PM.,"49,004.",9,0.0,0.0,2,0
849842,2026-09-30,F,2026,Petco Park,San Diego Padres,Chicago Cubs,4.0,1.0,601713.0,592332.0,Erich Bacchus,Chad Fairchild,"71 degrees, Partly Cloudy.","6 mph, L To R.",7:10 PM.,"47,513.",9,0.0,0.0,4,1
849844,2026-10-01,F,2026,Truist Park,Atlanta Braves,Philadelphia Phillies,6.0,2.0,678061.0,605400.0,Mark Ripperger,Jordan Baker,"84 degrees, Partly Cloudy.","5 mph, L To R.",8:15 PM.,"41,731.",9,3.0,0.0,5,0
849829,2026-10-03,D,2026,Progressive Field,Cleveland Guardians,Chicago White Sox,0.0,3.0,800048.0,696146.0,Cory Blaser,Gabe Morales,"63 degrees, Partly Cloudy.","9 mph, R To L.",1:08 PM.,"34,287.",9,0.0,0.0,0,2
849828,2026-10-03,D,2026,UNIQLO Field at Dodger Stadium,Los Angeles Dodgers,Atlanta Braves,5.0,3.0,669373.0,689266.0,Roberto Ortiz,Chris Guccione,"100 degrees, Sunny.","2 mph, Varies.",1:08 PM.,"50,194.",9,0.0,0.0,2,0
849835,2026-10-03,D,2026,Tropicana Field,Tampa Bay Rays,New York Yankees,1.0,0.0,656876.0,543037.0,Shane Livensparger,Jeremie Rehak,"72 degrees, Dome.","0 mph, None.",6:38 PM.,"40,542.",9,0.0,0.0,1,0
849830,2026-10-03,D,2026,American Family Field,Milwaukee Brewers,San Diego Padres,3.0,2.0,694819.0,592662.0,Nick Mahrley,Lance Barrett,"69 degrees, Roof Closed.","0 mph, None.",7:38 PM.,"42,843.",9,0.0,0.0,2,2
849825,2026-10-04,D,2026,American Family Field,Milwaukee Brewers,San Diego Padres,4.0,3.0,701656.0,650633.0,Lance Barrett,Alfonso Márquez,"68 degrees, Sunny.","11 mph, Out To CF.",3:08 PM.,"41,683.",9,0.0,1.0,1,2
849823,2026-10-04,D,2026,UNIQLO Field at Dodger Stadium,Los Angeles Dodgers,Atlanta Braves,2.0,3.0,605483.0,678061.0,Chris Guccione,James Hoye,"95 degrees, Partly Cloudy.","4 mph, Varies.",5:03 PM.,"50,729.",9,0.0,1.0,1,2
849834,2026-10-05,D,2026,Progressive Field,Cleveland Guardians,Chicago White Sox,3.0,4.0,668909.0,641743.0,Gabe Morales,Todd Tichenor,"61 degrees, Clear.","13 mph, In From CF.",5:04 PM.,"32,050.",9,2.0,0.0,2,1
849839,2026-10-05,D,2026,Tropicana Field,Tampa Bay Rays,New York Yankees,5.0,2.0,642547.0,693645.0,Jeremie Rehak,Dan Bellino,"72 degrees, Dome.","0 mph, None.",8:10 PM.,"40,226.",9,1.0,0.0,5,1
849819,2026-10-06,D,2026,Truist Park,Atlanta Braves,Los Angeles Dodgers,1.0,3.0,519242.0,808967.0,James Hoye,Tripp Gibson,"75 degrees, Clear.","6 mph, L To R.",6:11 PM.,"42,420.",9,0.0,0.0,1,3
849826,2026-10-06,D,2026,Petco Park,San Diego Padres,Milwaukee Brewers,4.0,3.0,601713.0,669160.0,Alfonso Márquez,Nic Lentz,"82 degrees, Clear.","9 mph, In From LF.",6:39 PM.,"47,708.",9,0.0,0.0,3,2
849833,2026-10-07,D,2026,Rate Field,Chicago White Sox,Cleveland Guardians,3.0,9.0,656794.0,682982.0,Todd Tichenor,Jansen Visconti,"75 degrees, Sunny.","6 mph, L To R.",3:07 PM.,"40,590.",9,1.0,0.0,2,5
849822,2026-10-07,D,2026,Truist Park,Atlanta Braves,Los Angeles Dodgers,1.0,4.0,641816.0,607192.0,Tripp Gibson,Jim Wolf,"79 degrees, Clear.","3 mph, Varies.",6:09 PM.,"41,173.",9,1.0,0.0,1,1
849838,2026-10-07,D,2026,Yankee Stadium,New York Yankees,Tampa Bay Rays,3.0,4.0,608331.0,607259.0,Dan Bellino,Ben May,"64 degrees, Clear.","9 mph, R To L.",8:09 PM.,"48,865.",9,0.0,0.0,2,2
849827,2026-10-07,D,2026,Petco Park,San Diego Padres,Milwaukee Brewers,1.0,3.0,621111.0,688107.0,Nic Lentz,Quinn Wolcott,"81 degrees, Clear.","6 mph, In From LF.",7:08 PM.,"47,712.",9,0.0,0.0,1,2
849832,2026-10-08,D,2026,Rate Field,Chicago White Sox,Cleveland Guardians,5.0,9.0,696146.0,800048.0,Jansen Visconti,Vic Carapazza,"65 degrees, Clear.","3 mph, In From CF.",7:08 PM.,"39,920.",9,0.0,0.0,4,3
