"id","name","swings_competitive","percent_swings_competitive","contact","avg_bat_speed","hard_swing_rate","squared_up_per_bat_contact","squared_up_per_swing","blast_per_bat_contact","blast_per_swing","swing_length","swords","batter_run_value","whiffs","whiff_per_swing","batted_ball_events","batted_ball_event_per_swing"
691406,"Caminero, Junior",1064,0.9117395029991431,829,"79.448458618",0.8486842105263156,0.2943305186972256,0.22932330827067668,0.2376357056694813,0.18515037593984962,"8.71048343",17,6.11494394668669,235,0.22086466165413535,448,0.42105263157894735
519317,"Stanton, Giancarlo",155,0.9011627906976745,99,"79.335077806",0.9290322580645161,0.30303030303030304,0.1935483870967742,0.2222222222222222,0.14193548387096774,"8.440819226",3,-3.0550473837536254,56,0.36129032258064514,58,0.3741935483870968
691023,"Walker, Jordan",1100,0.9075907590759076,785,"79.262161836",0.8545454545454544,0.27770700636942675,0.19818181818181818,0.21656050955414013,0.15454545454545454,"8.336534809",28,1.6497980884861392,315,0.2863636363636364,411,0.37363636363636366
701762,"Kurtz, Nick",668,0.907608695652174,433,"78.191794296",0.8038922155688623,0.26096997690531176,0.1691616766467066,0.21478060046189376,0.13922155688622753,"7.759190614",17,-6.269644478536646,235,0.35179640718562877,183,0.27395209580838326
701358,"Smith, Cam",1037,0.9017391304347826,744,"77.954946885",0.7810993249758917,0.23387096774193547,0.1677917068466731,0.15994623655913978,0.11475409836065574,"7.691833404",14,-27.3673115422271,293,0.28254580520732886,347,0.33461909353905495
665833,"Cruz, Oneil",655,0.9122562674094707,421,"77.703353115",0.7267175572519083,0.3159144893111639,0.20305343511450383,0.22327790973871733,0.1435114503816794,"7.531574763",11,4.694509430718776,234,0.35725190839694654,205,0.31297709923664124
669003,"Mitchell, Garrett",829,0.910989010989011,552,"77.621793124",0.8045838359469238,0.3170289855072464,0.21109770808202655,0.2318840579710145,0.15440289505428226,"7.250445332",24,-12.201953569148333,277,0.3341375150784077,279,0.3365500603136309
695491,"Báez, Joshua",189,0.9174757281553398,129,"77.532896349",0.7407407407407407,0.2558139534883721,0.1746031746031746,0.13953488372093023,0.09523809523809523,"7.756611587",5,1.1140071166036036,60,0.31746031746031744,64,0.3386243386243386
666176,"Adell, Jo",1222,0.9058561897702001,916,"77.417285507",0.7250409165302782,0.24344978165938866,0.18248772504091654,0.16375545851528384,0.12274959083469722,"7.713069624",30,-24.655119079771328,306,0.25040916530278234,423,0.34615384615384615
673357,"Robert Jr., Luis",399,0.9047619047619048,302,"77.25030411",0.7293233082706767,0.24834437086092714,0.18796992481203006,0.15562913907284767,0.11779448621553884,"7.721698521",9,-6.74687525227594,97,0.24310776942355888,145,0.3634085213032581
656941,"Schwarber, Kyle",1197,0.901355421686747,851,"77.123026358",0.7451963241436924,0.23971797884841364,0.17042606516290726,0.1692126909518214,0.12030075187969924,"7.504777669",52,-3.549935188254179,346,0.28905597326649957,352,0.29406850459482037
691277,"De Los Santos, Deyvison",73,0.9012345679012346,53,"77.09548137",0.6986301369863013,0.22641509433962265,0.1643835616438356,0.11320754716981132,0.0821917808219178,"7.997113151",3,-5.943196370365994,20,0.273972602739726,30,0.410958904109589
682987,"Jones, Spencer",600,0.9104704097116844,377,"77.064759283",0.7100000000000001,0.2413793103448276,0.15166666666666667,0.14588859416445624,0.09166666666666666,"7.8773241",10,-11.785229149653071,223,0.37166666666666665,149,0.24833333333333332
695506,"Caglianone, Jac",968,0.9055191768007483,713,"77.004386157",0.728305785123967,0.31837307152875177,0.23450413223140495,0.23562412342215988,0.17355371900826447,"7.859147056",20,9.682267312453737,255,0.2634297520661157,354,0.365702479338843
575929,"Contreras, Willson",908,0.9016881827209533,645,"76.995886883",0.7114537444933918,0.2558139534883721,0.1817180616740088,0.15968992248062017,0.11343612334801761,"7.897557643",24,16.57983164660132,263,0.289647577092511,305,0.33590308370044053
695578,"Wood, James",874,0.9010309278350516,637,"76.885823959",0.6876430205949658,0.34850863422291994,0.2540045766590389,0.25588697017268447,0.18649885583524028,"7.403010732",45,-5.900371781285049,237,0.2711670480549199,317,0.36270022883295194
703607,"Bolte, Henry",759,0.9100719424460432,528,"76.791723597",0.7022397891963107,0.2916666666666667,0.2028985507246377,0.21022727272727273,0.14624505928853754,"7.5768917",22,-13.81655193880947,231,0.30434782608695654,251,0.33069828722002637
672016,"Clarke, Denzel",132,0.9103448275862069,86,"76.752346136",0.696969696969697,0.2558139534883721,0.16666666666666666,0.13953488372093023,0.09090909090909091,"7.429055",4,-9.739554735965669,46,0.3484848484848485,44,0.3333333333333333
695657,"Montgomery, Colson",1142,0.9006309148264984,744,"76.607909212",0.7049036777583189,0.22446236559139784,0.14623467600700527,0.14650537634408603,0.09544658493870403,"7.974860604",37,-24.884843601398494,398,0.34851138353765326,328,0.287215411558669
677594,"Rodríguez, Julio",1117,0.9059205190592052,834,"76.570785971",0.6723366159355418,0.2829736211031175,0.21128021486123547,0.1774580335731415,0.13249776186213072,"7.767213617",17,-22.73309592101666,283,0.25335720680393914,417,0.37332139659803043
668723,"Vilade, Ryan",467,0.912109375,358,"76.54111531",0.6552462526766597,0.2346368715083799,0.17987152034261242,0.15363128491620112,0.11777301927194861,"7.457346767",5,-9.811047572433546,109,0.2334047109207709,156,0.3340471092077088
641343,"Bauers, Jake",849,0.9022316684378321,619,"76.485956148",0.6808009422850411,0.32148626817447495,0.23439340400471143,0.1987075928917609,0.14487632508833923,"7.667092002",33,-2.1294064948932587,230,0.270906949352179,306,0.36042402826855124
666211,"Trammell, Taylor",479,0.9020715630885122,310,"76.484173361",0.674321503131524,0.23225806451612904,0.15031315240083507,0.15161290322580645,0.09812108559498957,"7.888183132",16,-16.94722564736275,169,0.35281837160751567,150,0.31315240083507306
805904,"Cole, Zach",84,0.8936170212765957,49,"76.376682381",0.6666666666666666,0.3469387755102041,0.20238095238095238,0.22448979591836735,0.13095238095238096,"7.384512857",1,-2.385780126682376,35,0.4166666666666667,29,0.34523809523809523
665487,"Tatis Jr., Fernando",1009,0.9073741007194245,776,"76.372516472",0.649157581764123,0.36082474226804123,0.27750247770069375,0.24484536082474226,0.18830525272547077,"7.349438751",28,-1.8681630488993317,233,0.2309217046580773,453,0.4489593657086224
621550,"Wisdom, Patrick",94,0.9038461538461539,57,"76.306840851",0.6595744680851064,0.3157894736842105,0.19148936170212766,0.15789473684210525,0.09574468085106383,"8.098305957",3,-6.98104569392729,37,0.39361702127659576,24,0.2553191489361702
665489,"Guerrero Jr., Vladimir",922,0.90748031496063,751,"76.289564143",0.6236442516268982,0.3235685752330226,0.2635574837310195,0.20905459387483355,0.1702819956616052,"7.582825998",13,-36.37350642529994,171,0.18546637744034708,438,0.4750542299349241
666624,"Morel, Christopher",170,0.9090909090909091,109,"76.265580353",0.6235294117647058,0.29357798165137616,0.18823529411764706,0.14678899082568808,0.09411764705882353,"8.017417588",2,-10.829983278469173,61,0.3588235294117647,57,0.3352941176470588
682829,"De La Cruz, Elly",947,0.909702209414025,695,"76.195359197",0.6114044350580783,0.3424460431654676,0.25131995776135163,0.2302158273381295,0.1689545934530095,"7.180752027",24,14.202351770557671,252,0.26610348468849,357,0.37697993664202745
691181,"Rodriguez, Emmanuel",70,0.8860759493670886,50,"76.144690429",0.6857142857142857,0.24,0.17142857142857143,0.14,0.1,"6.979422571",5,-2.2749960773222035,20,0.2857142857142857,25,0.35714285714285715
656305,"Chapman, Matt",552,0.9093904448105437,427,"76.129580707",0.6105072463768115,0.22014051522248243,0.17028985507246377,0.13348946135831383,0.10326086956521739,"7.369365254",11,-13.709591440324207,125,0.22644927536231885,201,0.3641304347826087
670541,"Alvarez, Yordan",1046,0.9135371179039301,844,"76.129271711",0.6137667304015297,0.33293838862559244,0.26864244741873805,0.22156398104265404,0.17877629063097514,"7.667061396",5,18.76156444542875,202,0.1931166347992352,435,0.41586998087954113
687282,"Rincones Jr., Gabriel",178,0.9035532994923858,128,"76.086965562",0.6123595505617977,0.1953125,0.1404494382022472,0.125,0.0898876404494382,"7.143844663",4,-8.778260825051833,50,0.2808988764044944,53,0.29775280898876405
592450,"Judge, Aaron",465,0.9046692607003891,320,"76.077789226",0.638709677419355,0.3125,0.21505376344086022,0.203125,0.13978494623655913,"8.133405527",12,3.970774871747218,145,0.3118279569892473,143,0.30752688172043013
682663,"Ramírez, Agustín",444,0.9042769857433809,320,"75.892403649",0.5833333333333334,0.2625,0.1891891891891892,0.15,0.10810810810810811,"7.680489482",11,-17.866930432675538,124,0.27927927927927926,158,0.35585585585585583
694673,"Ortiz, Abimelec",270,0.9090909090909091,215,"75.800140407",0.6222222222222225,0.2372093023255814,0.18888888888888888,0.10232558139534884,0.08148148148148149,"7.335175074",3,-9.129325916758754,55,0.2037037037037037,84,0.3111111111111111
663586,"Riley, Austin",1114,0.9079054604726976,779,"75.797410987",0.59245960502693,0.2734274711168164,0.19120287253141832,0.1527599486521181,0.10682226211849193,"7.563510799",26,-36.43011423708091,335,0.3007181328545781,348,0.3123877917414722
669394,"Burger, Jake",1044,0.9054640069384216,710,"75.724394981",0.6216475095785439,0.30704225352112674,0.20881226053639848,0.19014084507042253,0.12931034482758622,"7.531876925",35,-21.301075718851056,334,0.31992337164750956,376,0.36015325670498083
691723,"Mayo, Coby",744,0.914004914004914,522,"75.709263965",0.5833333333333331,0.2835249042145594,0.1989247311827957,0.16475095785440613,0.11559139784946236,"7.35039703",10,-8.80659041774904,222,0.29838709677419356,232,0.3118279569892473
660670,"Acuña Jr., Ronald",825,0.8996728462377317,612,"75.676495721",0.5866666666666668,0.27450980392156865,0.20363636363636364,0.16830065359477125,0.12484848484848485,"7.608752897",32,-13.9853253744403,213,0.2581818181818182,300,0.36363636363636365
682985,"Greene, Riley",1006,0.903863432165319,707,"75.657860278",0.5904572564612325,0.27722772277227725,0.19483101391650098,0.16407355021216408,0.11530815109343936,"7.271190517",15,-5.959015177832838,299,0.29721669980119286,319,0.31709741550695825
682818,"Piñango, Yohendrick",317,0.9031339031339032,241,"75.595015804",0.5741324921135648,0.27385892116182575,0.2082018927444795,0.17427385892116182,0.13249211356466878,"7.14926306",5,-8.617925972856408,76,0.23974763406940064,114,0.35962145110410093
701350,"Anthony, Roman",338,0.9110512129380054,245,"75.553969704",0.5473372781065089,0.363265306122449,0.26331360946745563,0.20816326530612245,0.15088757396449703,"7.450312337",12,-3.5562713633895773,93,0.27514792899408286,133,0.39349112426035504
687515,"Thomas, Colby",211,0.9134199134199135,138,"75.495420569",0.5734597156398105,0.2753623188405797,0.18009478672985782,0.15217391304347827,0.0995260663507109,"7.562052322",2,-8.432127083631807,73,0.3459715639810427,64,0.3033175355450237
682998,"Carroll, Corbin",1061,0.9107296137339056,797,"75.468855589",0.5786993402450518,0.32747804265997493,0.24599434495758718,0.18193224592220827,0.13666352497643733,"7.468986946",10,-18.079373618224373,264,0.24882186616399624,414,0.3901979264844486
694025,"Reyes, Felix",62,0.8985507246376812,48,"75.458407903",0.5483870967741936,0.2916666666666667,0.22580645161290322,0.125,0.0967741935483871,"7.450099516",2,-4.220070277061434,14,0.22580645161290322,29,0.46774193548387094
694514,"Thompson, Sterlin",119,0.9015151515151515,90,"75.429328151",0.5546218487394957,0.24444444444444444,0.18487394957983194,0.12222222222222222,0.09243697478991597,"7.029012689",0,-3.3269109578233618,29,0.24369747899159663,42,0.35294117647058826
804606,"Griffin, Konnor",599,0.904833836858006,441,"75.425221285",0.5575959933222036,0.26303854875283444,0.19365609348914858,0.14965986394557823,0.11018363939899833,"7.670106227",13,-11.582389075465375,158,0.2637729549248748,217,0.3622704507512521
686948,"Baldwin, Drake",1107,0.9044117647058824,855,"75.403602855",0.5709123757904244,0.3157894736842105,0.24390243902439024,0.1847953216374269,0.14272809394760613,"7.316180714",24,-7.615683186039956,252,0.22764227642276422,398,0.35953026196928634
669065,"Stowers, Kyle",912,0.9065606361829026,619,"75.374370493",0.5515350877192983,0.3037156704361874,0.20614035087719298,0.20678513731825526,0.14035087719298245,"6.800720921",29,-11.353491212525922,293,0.32127192982456143,277,0.30372807017543857
703155,"Montes, Lazaro",106,0.905982905982906,59,"75.313041415",0.5754716981132074,0.2711864406779661,0.1509433962264151,0.1694915254237288,0.09433962264150944,"7.766152547",0,-3.020221879093895,47,0.44339622641509435,24,0.22641509433962265
663698,"Bart, Joey",205,0.9070796460176991,147,"75.303235073",0.521951219512195,0.21768707482993196,0.15609756097560976,0.14285714285714285,0.1024390243902439,"7.359530634",4,-3.944726658716603,58,0.28292682926829266,72,0.35121951219512193
670042,"Raley, Luke",523,0.9032815198618307,321,"75.275832983",0.5717017208413004,0.3052959501557632,0.18738049713193117,0.1838006230529595,0.11281070745697896,"7.282020096",11,-12.804629866693853,202,0.3862332695984704,159,0.30401529636711283
683146,"Baty, Brett",833,0.9064200217627857,610,"75.270221813",0.5654261704681874,0.2836065573770492,0.20768307322929172,0.16065573770491803,0.11764705882352941,"7.475294694",23,-20.165828486851215,223,0.26770708283313327,284,0.34093637454981995
670242,"Wallner, Matt",264,0.9072164948453608,157,"75.215032348",0.5681818181818181,0.2229299363057325,0.13257575757575757,0.12738853503184713,0.07575757575757576,"7.469698068",15,-11.558508985989734,107,0.4053030303030303,66,0.25
701305,"Dezenzo, Zach",138,0.9019607843137255,87,"75.14651587",0.5144927536231885,0.22988505747126436,0.14492753623188406,0.10344827586206896,0.06521739130434782,"7.65135413",2,-5.522220155218999,51,0.3695652173913043,42,0.30434782608695654
669127,"Langeliers, Shea",756,0.9108433734939759,534,"75.140732315",0.5198412698412699,0.3146067415730337,0.2222222222222222,0.17228464419475656,0.12169312169312169,"7.25562422",2,-5.6367995799128465,222,0.29365079365079366,273,0.3611111111111111
668904,"Lewis, Royce",893,0.9047619047619048,628,"75.128781422",0.5453527435610301,0.28503184713375795,0.20044792833146696,0.15286624203821655,0.10750279955207166,"8.064241366",23,-21.801823286141474,265,0.2967525195968645,316,0.3538633818589026
691718,"Crow-Armstrong, Pete",1288,0.9019607843137255,1005,"75.101659829",0.5372670807453417,0.26169154228855723,0.20419254658385094,0.15920398009950248,0.12422360248447205,"7.467980505",47,21.507513843103332,283,0.21972049689440995,411,0.3190993788819876
683357,"Caissie, Owen",562,0.9035369774919614,378,"75.075924395",0.5569395017793592,0.2804232804232804,0.18861209964412812,0.15343915343915343,0.10320284697508897,"7.121562687",17,-9.135862935904575,184,0.3274021352313167,168,0.298932384341637
553869,"Díaz, Elias",451,0.902,334,"75.058524235",0.507760532150776,0.23952095808383234,0.17738359201773837,0.1497005988023952,0.11086474501108648,"7.04658388",16,-11.808749191151039,117,0.25942350332594233,153,0.3392461197339246
678577,"Perez, Junior",64,0.927536231884058,40,"75.053433281",0.5625,0.35,0.21875,0.2,0.125,"7.518186875",0,-0.6983662426949759,24,0.375,20,0.3125
699302,"Rodríguez, Héctor",278,0.9025974025974026,208,"75.046886367",0.5179856115107914,0.23557692307692307,0.17625899280575538,0.125,0.09352517985611511,"7.869024748",6,-5.289446973917289,70,0.2517985611510791,98,0.35251798561151076
680776,"Duran, Jarren",1016,0.9039145907473309,700,"75.019365128",0.5078740157480316,0.2885714285714286,0.19881889763779528,0.1657142857142857,0.1141732283464567,"7.582611742",30,-43.95818024257207,316,0.3110236220472441,363,0.3572834645669291
663728,"Raleigh, Cal",1022,0.9020300088261254,719,"75.01712091",0.5136986301369865,0.23087621696801114,0.162426614481409,0.11543810848400557,0.0812133072407045,"7.901661957",26,-37.317909931963975,303,0.2964774951076321,275,0.2690802348336595
814430,"Callahan, Brett",143,0.9050632911392406,108,"74.977795594",0.5174825174825175,0.2222222222222222,0.16783216783216784,0.12037037037037036,0.09090909090909091,"7.008711888",5,-3.7248635853920065,35,0.24475524475524477,44,0.3076923076923077
696100,"Goodman, Hunter",1022,0.9092526690391459,689,"74.964751429",0.48923679060665365,0.26850507982583455,0.18101761252446183,0.15965166908563136,0.10763209393346379,"7.332167867",19,-5.626549491553298,333,0.3258317025440313,311,0.30430528375733856
677595,"Mauricio, Ronny",118,0.9007633587786259,83,"74.960862542",0.5000000000000001,0.24096385542168675,0.1694915254237288,0.14457831325301204,0.1016949152542373,"7.78666839",1,-0.843311461089773,35,0.2966101694915254,35,0.2966101694915254
671739,"Harris II, Michael",1107,0.9066339066339066,855,"74.946386549",0.5013550135501357,0.30994152046783624,0.23938572719060525,0.2046783625730994,0.15808491418247517,"8.118961572",20,-6.158873984162779,252,0.22764227642276422,433,0.3911472448057814
624585,"Soler, Jorge",619,0.9036496350364963,404,"74.943144281",0.5121163166397414,0.25742574257425743,0.1680129240710824,0.15099009900990099,0.09854604200323101,"7.901856268",7,-14.55582165392012,215,0.3473344103392569,191,0.308562197092084
621566,"Olson, Matt",1226,0.9061345158906134,945,"74.836823148",0.50326264274062,0.31216931216931215,0.2406199021207178,0.19470899470899472,0.1500815660685155,"7.592787227",22,-1.9396574494561067,281,0.22920065252854813,437,0.3564437194127243
699013,"Valdez, Esmerlyn",460,0.8984375,281,"74.805468152",0.5086956521739131,0.30604982206405695,0.18695652173913044,0.18505338078291814,0.11304347826086956,"7.960877109",5,-0.5480417202398719,179,0.38913043478260867,124,0.26956521739130435
815873,"Keys, Sean",136,0.9066666666666666,97,"74.779902647",0.5147058823529411,0.23711340206185566,0.16911764705882354,0.12371134020618557,0.08823529411764706,"7.44341875",1,-5.775091215059132,39,0.2867647058823529,40,0.29411764705882354
606466,"Marte, Ketel",968,0.9097744360902256,790,"74.768723233",0.4679752066115702,0.3329113924050633,0.27169421487603307,0.1848101265822785,0.15082644628099173,"7.713540702",12,-14.563688307438369,178,0.18388429752066116,439,0.4535123966942149
676369,"Velázquez, Nelson",204,0.9026548672566371,127,"74.707055294",0.5245098039215687,0.3779527559055118,0.23529411764705882,0.2204724409448819,0.13725490196078433,"7.441228284",4,-4.357577804858565,77,0.37745098039215685,64,0.3137254901960784
660271,"Ohtani, Shohei",984,0.9060773480662984,681,"74.692752876",0.4908536585365853,0.3671071953010279,0.2540650406504065,0.21145374449339208,0.14634146341463414,"7.897204126",11,-4.181160638031341,303,0.3079268292682927,346,0.3516260162601626
592518,"Machado, Manny",1128,0.9082125603864735,872,"74.691784096",0.45921985815602845,0.2889908256880734,0.22340425531914893,0.15481651376146788,0.1196808510638298,"7.875148688",31,-29.08118462226938,256,0.22695035460992907,425,0.37677304964539005
808959,"Murakami, Munetaka",904,0.904,539,"74.678593164",0.49446902654867253,0.3228200371057514,0.19247787610619468,0.22448979591836735,0.1338495575221239,"7.866547777",30,-13.1226894572139,365,0.40376106194690264,247,0.27323008849557523
545361,"Trout, Mike",963,0.9033771106941839,744,"74.672612305",0.48494288681204567,0.2701612903225806,0.2087227414330218,0.16263440860215053,0.1256490134994808,"7.453380093",25,-13.662181496275405,219,0.22741433021806853,330,0.3426791277258567
624413,"Alonso, Pete",1132,0.907051282051282,840,"74.666029576",0.4734982332155478,0.3380952380952381,0.2508833922261484,0.22738095238095238,0.1687279151943463,"7.180035018",18,1.6468068263856384,292,0.2579505300353357,400,0.35335689045936397
666464,"Encarnacion, Jerar",75,0.9036144578313253,61,"74.662510267",0.5466666666666667,0.21311475409836064,0.17333333333333334,0.11475409836065574,0.09333333333333334,"7.5507412",1,-4.565647889366821,14,0.18666666666666668,25,0.3333333333333333
641857,"McMahon, Ryan",605,0.9029850746268657,443,"74.662312942",0.4859504132231405,0.3047404063205418,0.2231404958677686,0.17607223476297967,0.12892561983471074,"7.363243306",19,-17.7811257795648,162,0.26776859504132233,215,0.35537190082644626
681297,"Cowser, Colton",653,0.9031811894882434,450,"74.601943017",0.4793261868300152,0.25333333333333335,0.17457886676875958,0.13777777777777778,0.09494640122511486,"7.473979908",20,-17.396700149389765,203,0.3108728943338438,205,0.31393568147013784
691785,"Mayer, Marcelo",396,0.908256880733945,291,"74.564374167",0.46212121212121215,0.27835051546391754,0.20454545454545456,0.12027491408934708,0.08838383838383838,"7.951796313",8,-17.733548691309572,105,0.26515151515151514,161,0.4065656565656566
545341,"Grichuk, Randal",481,0.9041353383458647,372,"74.533148711",0.46361746361746353,0.3521505376344086,0.27234927234927236,0.20161290322580644,0.15592515592515593,"7.733082412",9,4.152316219098168,109,0.22661122661122662,198,0.41164241164241167
691176,"Domínguez, Jasson",376,0.910411622276029,284,"74.530686144",0.4202127659574469,0.29225352112676056,0.22074468085106383,0.15140845070422534,0.11436170212765957,"7.777663723",4,-12.188526978893831,92,0.24468085106382978,148,0.39361702127659576
682674,"Bericoto, Victor",224,0.9105691056910569,161,"74.524177991",0.48214285714285704,0.32298136645962733,0.23214285714285715,0.14285714285714285,0.10267857142857142,"7.590776384",6,-3.6781416687245647,63,0.28125,77,0.34375
672356,"Arias, Gabriel",264,0.8979591836734694,151,"74.514834508",0.4507575757575757,0.2980132450331126,0.17045454545454544,0.18543046357615894,0.10606060606060606,"7.396739053",7,-5.134499448425974,113,0.42803030303030304,77,0.2916666666666667
691373,"Garcia, Jhostynxon",98,0.8990825688073395,66,"74.474399592",0.4489795918367347,0.24242424242424243,0.16326530612244897,0.10606060606060606,0.07142857142857142,"7.825669592",1,-7.148420288188086,32,0.32653061224489793,31,0.3163265306122449
657757,"Sheets, Gavin",680,0.9066666666666666,556,"74.455069382",0.47058823529411775,0.24820143884892087,0.20294117647058824,0.11690647482014388,0.09558823529411764,"7.726882221",20,-14.853222845538266,124,0.18235294117647058,260,0.38235294117647056
663993,"Lowe, Nathaniel",723,0.9060150375939849,584,"74.434732656",0.43845089903181195,0.2517123287671233,0.2033195020746888,0.1523972602739726,0.12309820193637622,"7.539173458",19,-0.45497636110087813,139,0.19225449515905949,272,0.37621023513139695
691016,"Soderstrom, Tyler",670,0.9054054054054054,524,"74.418929821",0.45074626865671646,0.30725190839694655,0.24029850746268658,0.17748091603053434,0.13880597014925372,"7.504831806",16,-14.6783041451545,146,0.21791044776119403,267,0.39850746268656717
694192,"Chourio, Jackson",901,0.9073514602215509,699,"74.402120777",0.4650388457269701,0.34048640915593703,0.2641509433962264,0.18741058655221746,0.1453940066592675,"7.363608202",20,9.241695856016598,202,0.2241953385127636,358,0.3973362930077691
694203,"Guzman, Denzer",533,0.9018612521150592,400,"74.352920469",0.45590994371482163,0.2425,0.18198874296435272,0.125,0.09380863039399624,"7.995989343",1,-18.269671518896466,133,0.24953095684803,196,0.3677298311444653
681715,"Hernández, Heriberto",812,0.9072625698324023,574,"74.324533325",0.4655172413793103,0.35714285714285715,0.2524630541871921,0.1951219512195122,0.13793103448275862,"7.734357377",27,-12.91640919084091,238,0.29310344827586204,300,0.3694581280788177
572233,"Walker, Christian",1123,0.90056134723336,830,"74.323762591",0.4345503116651826,0.27349397590361446,0.20213713268032057,0.15903614457831325,0.11754229741763135,"7.412731131",40,-26.784286704936413,293,0.26090828138913624,408,0.3633125556544969
671277,"García Jr., Luis",952,0.9092645654250239,773,"74.303022532",0.45273109243697485,0.32858990944372574,0.2668067226890756,0.19146183699870634,0.15546218487394958,"7.450689863",14,11.018896757571637,179,0.1880252100840336,395,0.41491596638655465
666160,"Moniak, Mickey",798,0.9047619047619048,582,"74.301625714",0.4536340852130326,0.28865979381443296,0.21052631578947367,0.13745704467353953,0.10025062656641603,"7.799904035",14,1.9566305734293366,216,0.2706766917293233,276,0.3458646616541353
677592,"Pereira, Everson",191,0.9052132701421801,126,"74.292301204",0.4712041884816754,0.2777777777777778,0.18324607329842932,0.15873015873015872,0.10471204188481675,"8.019791361",8,-4.260357469208948,65,0.3403141361256545,58,0.3036649214659686
686527,"Canzone, Dominic",861,0.9082278481012658,642,"74.282012509",0.4343786295005807,0.3582554517133956,0.26713124274099886,0.2071651090342679,0.15447154471544716,"7.407335923",13,0.0017727126959412587,219,0.25435540069686413,351,0.4076655052264808
694212,"Basallo, Samuel",688,0.9076517150395779,489,"74.272168576",0.44476744186046524,0.32719836400818,0.23255813953488372,0.18200408997955012,0.12936046511627908,"7.602706105",19,-14.820226856477582,199,0.28924418604651164,247,0.35901162790697677
670224,"Misner, Kameron",85,0.9239130434782609,51,"74.260397176",0.411764705882353,0.19607843137254902,0.11764705882352941,0.0392156862745098,0.023529411764705882,"7.653476118",0,-4.021137406338623,34,0.4,21,0.24705882352941178
691788,"Mack, Joe",537,0.9055649241146712,407,"74.256687691",0.4338919925512105,0.3095823095823096,0.2346368715083799,0.14742014742014742,0.11173184357541899,"7.390999944",5,-14.205640271331058,130,0.24208566108007448,207,0.3854748603351955
700246,"Williams, Carson",71,0.8987341772151899,51,"74.207787887",0.35211267605633795,0.17647058823529413,0.1267605633802817,0.058823529411764705,0.04225352112676056,"7.553689577",2,-5.549182457546448,20,0.28169014084507044,23,0.323943661971831
680779,"Davis, Henry",511,0.9060283687943262,393,"74.205985753",0.42661448140900204,0.2875318066157761,0.22113502935420742,0.1450381679389313,0.11154598825831702,"7.308730607",14,-22.81406952823822,118,0.2309197651663405,183,0.35812133072407043
665953,"Chaparro, Andrés",382,0.9009433962264151,278,"74.205487565",0.4476439790575916,0.302158273381295,0.2198952879581152,0.15827338129496402,0.11518324607329843,"7.327127592",14,3.576593564939,104,0.27225130890052357,139,0.36387434554973824
682626,"Alvarez, Francisco",707,0.9029374201787995,481,"74.186920736",0.42857142857142855,0.3201663201663202,0.21782178217821782,0.19334719334719336,0.13154172560113153,"7.291528515",14,-15.777450997897454,226,0.31966053748231965,239,0.33804809052333806
547180,"Harper, Bryce",1245,0.9067734887108522,876,"74.141008506",0.4570281124497991,0.2865296803652968,0.20160642570281123,0.1598173515981735,0.11244979919678715,"7.329120297",14,-12.844496965380737,369,0.2963855421686747,414,0.3325301204819277
683002,"Henderson, Gunnar",1179,0.9013761467889908,927,"74.132133427",0.4156064461407972,0.28694714131607335,0.22561492790500423,0.14563106796116504,0.11450381679389313,"7.32104838",25,-21.479291627387,252,0.21374045801526717,438,0.37150127226463103
621439,"Buxton, Byron",691,0.9068241469816273,489,"74.089327424",0.4037626628075254,0.2965235173824131,0.2098408104196816,0.1656441717791411,0.11722141823444283,"7.982021056",14,-6.655982495586564,202,0.29232995658465993,244,0.35311143270622286
665052,"Conine, Griffin",539,0.9028475711892797,349,"74.080855455",0.4248608534322819,0.3438395415472779,0.22263450834879406,0.2148997134670487,0.1391465677179963,"7.475210278",14,1.5942106663407722,190,0.3525046382189239,178,0.3302411873840445
669004,"Melendez, MJ",256,0.9014084507042254,175,"74.067085547",0.40625000000000006,0.30857142857142855,0.2109375,0.18285714285714286,0.125,"7.916130977",5,-10.796025823213592,81,0.31640625,69,0.26953125
686611,"Crews, Dylan",749,0.9134146341463415,540,"74.055400975",0.38718291054739645,0.29814814814814816,0.21495327102803738,0.1685185185185185,0.12149532710280374,"7.589476061",17,-21.844687082096797,209,0.27903871829105475,271,0.36181575433911883
691777,"Muncy, Max",466,0.9083820662768031,326,"74.053243541",0.45493562231759654,0.26993865030674846,0.1888412017167382,0.15950920245398773,0.11158798283261803,"7.508564313",17,-8.673454892959537,140,0.30042918454935624,145,0.3111587982832618
683748,"Mesa Jr., Victor",445,0.9044715447154471,339,"74.043712404",0.3887640449438202,0.3008849557522124,0.2292134831460674,0.1415929203539823,0.10786516853932585,"7.912440989",5,-2.2380132145301808,106,0.23820224719101124,160,0.3595505617977528
642708,"Rosario, Amed",426,0.9006342494714588,311,"74.036673028",0.4107981220657278,0.2990353697749196,0.21830985915492956,0.1639871382636656,0.11971830985915492,"7.407286526",4,-6.248405051583771,115,0.2699530516431925,156,0.36619718309859156
667670,"Rooker, Brent",314,0.9127906976744186,199,"73.974290987",0.4108280254777071,0.2914572864321608,0.18471337579617833,0.19095477386934673,0.12101910828025478,"7.085263312",7,-9.705825069688744,115,0.3662420382165605,104,0.33121019108280253
699912,"Fernandez, Jose",333,0.9,256,"73.960755766",0.4294294294294294,0.296875,0.22822822822822822,0.15234375,0.11711711711711711,"7.794749159",4,-8.373862015684342,77,0.23123123123123124,131,0.3933933933933934
694374,"Tawa, Tim",579,0.9089481946624803,424,"73.958114491",0.37132987910189996,0.3160377358490566,0.231433506044905,0.1721698113207547,0.12607944732297063,"7.176938152",15,-14.805575135721554,155,0.26770293609671847,214,0.3696027633851468
677951,"Witt Jr., Bobby",999,0.9073569482288828,767,"73.946409459",0.4194194194194194,0.35723598435462844,0.27427427427427425,0.2046936114732725,0.15715715715715717,"6.994460611",19,-9.528565570120556,232,0.23223223223223224,422,0.42242242242242245
677588,"Tena, José",497,0.9052823315118397,335,"73.945849718",0.4205231388329982,0.29850746268656714,0.2012072434607646,0.18208955223880596,0.1227364185110664,"7.09993666",10,-10.423638177739715,162,0.32595573440643866,163,0.32796780684104626
804668,"Flores Jr., Rafael",262,0.903448275862069,185,"73.945149389",0.39312977099236635,0.32432432432432434,0.22900763358778625,0.1783783783783784,0.12595419847328243,"7.480420267",6,3.3059913945285437,77,0.29389312977099236,96,0.366412213740458
668952,"Kreidler, Ryan",458,0.899803536345776,329,"73.934778734",0.39082969432314413,0.2917933130699088,0.2096069868995633,0.1519756838905775,0.1091703056768559,"7.905649651",15,-15.95452069119256,129,0.2816593886462882,172,0.37554585152838427
678246,"Vargas, Miguel",1112,0.9077551020408163,898,"73.911195216",0.42266187050359716,0.32516703786191536,0.26258992805755393,0.1603563474387528,0.12949640287769784,"7.785765683",10,-12.883959994565998,214,0.19244604316546762,442,0.39748201438848924
703197,"Arroyo, Michael",62,0.8985507246376812,53,"73.878726452",0.37096774193548393,0.2830188679245283,0.24193548387096775,0.1320754716981132,0.11290322580645161,"7.697835968",0,3.266156001538357,9,0.14516129032258066,27,0.43548387096774194
695600,"Jensen, Carter",990,0.9041095890410958,728,"73.870614081",0.3737373737373737,0.3159340659340659,0.23232323232323232,0.15384615384615385,0.11313131313131314,"7.141660354",45,-17.814992658968073,262,0.26464646464646463,341,0.34444444444444444
687597,"Beck, Jordan",316,0.9028571428571428,216,"73.865911013",0.37974683544303806,0.2361111111111111,0.16139240506329114,0.12037037037037036,0.08227848101265822,"7.894563386",4,-13.713742198659462,100,0.31645569620253167,91,0.2879746835443038
681047,"Franklin, Christian",87,0.9157894736842105,63,"73.827315172",0.3908045977011495,0.25396825396825395,0.1839080459770115,0.1111111111111111,0.08045977011494253,"7.049536897",3,-5.421249277879994,24,0.27586206896551724,33,0.3793103448275862
622761,"Mateo, Jorge",406,0.9022222222222223,290,"73.811936108",0.37438423645320185,0.2482758620689655,0.17733990147783252,0.1206896551724138,0.08620689655172414,"7.737307143",12,-13.31914495140016,116,0.2857142857142857,132,0.3251231527093596
670231,"Rave, John",227,0.908,175,"73.789221718",0.3656387665198237,0.3142857142857143,0.2422907488986784,0.17714285714285713,0.13656387665198239,"7.241511454",2,-2.5047170499213967,52,0.2290748898678414,94,0.41409691629955947
677800,"Abreu, Wilyer",1182,0.9050535987748851,914,"73.785926337",0.36294416243654826,0.31400437636761486,0.2428087986463621,0.15207877461706784,0.11759729272419628,"7.184125135",15,-20.583451819047394,268,0.22673434856175972,446,0.377326565143824
676475,"Burleson, Alec",1184,0.90727969348659,948,"73.755163902",0.37584459459459474,0.33122362869198313,0.2652027027027027,0.18565400843881857,0.14864864864864866,"7.688158319",18,0.8023173220362514,236,0.19932432432432431,460,0.3885135135135135
680869,"Gelof, Zack",657,0.909972299168975,473,"73.752424033",0.32115677321156766,0.33192389006342493,0.2389649923896499,0.14799154334038056,0.106544901065449,"7.254181826",3,-5.4659983054880685,184,0.2800608828006088,252,0.3835616438356164
678545,"Basabe, Osleivis",221,0.9132231404958677,172,"73.743567421",0.3665158371040723,0.29651162790697677,0.23076923076923078,0.13953488372093023,0.1085972850678733,"7.298449412",7,-9.511145317092625,49,0.22171945701357465,92,0.416289592760181
807727,"McAdoo, Charles",167,0.9027027027027027,129,"73.735362156",0.3652694610778444,0.24806201550387597,0.19161676646706588,0.08527131782945736,0.0658682634730539,"7.242566766",0,-3.9102046699810242,38,0.2275449101796407,66,0.39520958083832336
668901,"Vientos, Mark",521,0.9108391608391608,366,"73.697424223",0.34548944337811904,0.3360655737704918,0.236084452975048,0.1885245901639344,0.1324376199616123,"7.544541593",15,-14.300088348292512,155,0.29750479846449135,193,0.3704414587332054
703601,"Clark, Max",305,0.9050445103857567,261,"73.682517902",0.3147540983606558,0.2796934865900383,0.23934426229508196,0.10727969348659004,0.09180327868852459,"7.575847082",4,-5.575133792785328,44,0.14426229508196722,130,0.4262295081967213
701785,"Culpepper, Kaelen",226,0.9076305220883534,171,"73.673435265",0.3628318584070796,0.2573099415204678,0.19469026548672566,0.08771929824561403,0.06637168141592921,"7.295262788",0,0.6365714056100655,55,0.24336283185840707,81,0.3584070796460177
666139,"Lowe, Josh",712,0.9035532994923858,478,"73.636015197",0.35533707865168535,0.24267782426778242,0.16292134831460675,0.100418410041841,0.06741573033707865,"7.515595969",10,-29.512287408992197,234,0.32865168539325845,193,0.2710674157303371
671056,"Herrera, Iván",1119,0.9053398058252428,908,"73.626948257",0.4030384271671136,0.30286343612334804,0.2457551385165326,0.14757709251101322,0.11974977658623771,"7.69703202",21,-19.428582752299686,211,0.18856121537086684,441,0.3941018766756032
699024,"Bernal, Leo",165,0.9065934065934066,126,"73.603066909",0.31515151515151524,0.36507936507936506,0.2787878787878788,0.20634920634920634,0.15757575757575756,"7.437802364",4,1.6306637253912835,39,0.23636363636363636,67,0.40606060606060607
668709,"Bleday, JJ",878,0.9023638232271326,660,"73.600232882",0.32004555808656043,0.29848484848484846,0.224373576309795,0.13787878787878788,0.10364464692482915,"7.292640103",26,-16.747633964380334,218,0.24829157175398633,325,0.3701594533029613
671732,"Butler, Lawrence",889,0.9043743641912513,666,"73.592215613",0.3745781777277839,0.26876876876876876,0.2013498312710911,0.15015015015015015,0.1124859392575928,"7.02010315",21,-24.37383519959767,223,0.2508436445444319,296,0.3329583802024747
669087,"Huff, Sam",66,0.9041095890410958,37,"73.556924394",0.34848484848484845,0.24324324324324326,0.13636363636363635,0.16216216216216217,0.09090909090909091,"7.838718788",1,-3.5400734803736995,29,0.4393939393939394,13,0.19696969696969696
660821,"Sánchez, Jesús",536,0.9069373942470389,390,"73.547313582",0.4328358208955224,0.31025641025641026,0.22574626865671643,0.16666666666666666,0.12126865671641791,"6.849219123",3,-19.95472292822324,146,0.27238805970149255,189,0.35261194029850745
650490,"Díaz, Yandy",1084,0.9078726968174204,941,"73.534317592",0.38284132841328405,0.3379383634431456,0.2933579335793358,0.19766206163655686,0.17158671586715868,"7.573989179",12,0.9187949667409689,143,0.13191881918819187,480,0.44280442804428044
666181,"Benson, Will",181,0.905,119,"73.531456685",0.3756906077348066,0.3025210084033613,0.19889502762430938,0.13445378151260504,0.08839779005524862,"7.687908729",6,-9.820232484831795,62,0.3425414364640884,55,0.30386740331491713
691781,"House, Brady",586,0.9057187017001546,428,"73.525433396",0.3344709897610922,0.32009345794392524,0.23378839590443687,0.17757009345794392,0.1296928327645051,"7.553264625",11,-13.180840728575516,158,0.2696245733788396,219,0.37372013651877134
664040,"Lowe, Brandon",1178,0.9019908116385911,802,"73.50498646",0.3870967741935484,0.3179551122194514,0.2164685908319185,0.1658354114713217,0.11290322580645161,"7.082271129",48,-4.078540868401232,376,0.31918505942275044,381,0.3234295415959253
691002,"Morales, Yohandy",81,0.9,52,"73.47194716",0.3580246913580246,0.3269230769230769,0.20987654320987653,0.2692307692307692,0.1728395061728395,"7.50136284",2,2.4126270164591594,29,0.35802469135802467,28,0.345679012345679
680777,"Jeffers, Ryan",548,0.9013157894736842,464,"73.466974489",0.4051094890510949,0.3232758620689655,0.2737226277372263,0.14870689655172414,0.1259124087591241,"7.21255365",16,0.1272296285121871,84,0.15328467153284672,237,0.4324817518248175
542303,"Ozuna, Marcell",472,0.9042145593869731,328,"73.463952013",0.36864406779661024,0.2926829268292683,0.2033898305084746,0.12804878048780488,0.08898305084745763,"7.475611419",4,-23.795011321853366,144,0.3050847457627119,156,0.3305084745762712
687749,"Bowen, Jase",152,0.9325153374233128,88,"73.462015724",0.2894736842105264,0.26136363636363635,0.1513157894736842,0.06818181818181818,0.039473684210526314,"7.926523618",2,-7.170991574665062,64,0.42105263157894735,39,0.2565789473684211
661388,"Contreras, William",936,0.9069767441860465,760,"73.458563825",0.37072649572649563,0.3868421052631579,0.3141025641025641,0.19473684210526315,0.1581196581196581,"7.234888312",18,-12.071159381840026,176,0.18803418803418803,444,0.47435897435897434
686555,"Collins, Isaac",728,0.9021065675340768,587,"73.457695646",0.32967032967032955,0.30664395229982966,0.24725274725274726,0.1465076660988075,0.11813186813186813,"6.76174375",30,-26.901157960496583,141,0.1936813186813187,309,0.42445054945054944
687952,"Encarnacion-Strand, Christian",411,0.9133333333333333,298,"73.446570827",0.33819951338199516,0.24496644295302014,0.17761557177615572,0.1174496644295302,0.0851581508515815,"7.388747762",7,-0.515099320535865,113,0.2749391727493917,125,0.30413625304136255
805811,"Eldridge, Bryce",730,0.9136420525657072,544,"73.417615712",0.34383561643835625,0.31985294117647056,0.23835616438356164,0.18566176470588236,0.13835616438356163,"7.378773068",9,-2.6920627585666588,186,0.2547945205479452,249,0.3410958904109589
669357,"Gorman, Nolan",545,0.902317880794702,345,"73.416507817",0.32660550458715604,0.28695652173913044,0.181651376146789,0.15072463768115943,0.09541284403669725,"7.64720055",9,-23.85902791515954,200,0.3669724770642202,156,0.28623853211009176
676356,"DeLuca, Jonny",622,0.9053857350800583,482,"73.407954502",0.3376205787781349,0.2551867219917012,0.1977491961414791,0.12863070539419086,0.09967845659163987,"7.819601897",10,-2.2401100154505382,140,0.22508038585209003,245,0.39389067524115756
621043,"Correa, Carlos",232,0.9098039215686274,180,"73.405211983",0.3879310344827587,0.2833333333333333,0.21982758620689655,0.16666666666666666,0.12931034482758622,"7.217647198",1,-4.434513025365438,52,0.22413793103448276,87,0.375
642350,"Siri, Jose",439,0.9032921810699589,282,"73.391372733",0.37585421412300685,0.2624113475177305,0.16856492027334852,0.16666666666666666,0.1070615034168565,"7.715042369",9,-7.450003081811858,157,0.357630979498861,130,0.296127562642369
677956,"Hinds, Rece",134,0.9115646258503401,74,"73.379727313",0.3656716417910448,0.22972972972972974,0.12686567164179105,0.12162162162162163,0.06716417910447761,"7.73379209",4,-7.782577754908324,60,0.44776119402985076,31,0.23134328358208955
663330,"Jones, Jahmai",303,0.907185628742515,197,"73.356715611",0.353135313531353,0.30456852791878175,0.19801980198019803,0.16751269035532995,0.10891089108910891,"7.66622802",5,-9.445884131284794,106,0.34983498349834985,95,0.31353135313531355
701538,"Merrill, Jackson",1187,0.9144838212634823,874,"73.355422797",0.31508003369839943,0.30892448512585813,0.22746419545071608,0.16361556064073227,0.12047177759056445,"7.522576588",24,-21.256562375981378,313,0.2636899747262005,396,0.33361415332771693
663604,"Lockridge, Brandon",185,0.8980582524271845,132,"73.355398108",0.4054054054054055,0.22727272727272727,0.16216216216216217,0.1590909090909091,0.11351351351351352,"7.015405946",3,-3.0030384623673783,53,0.2864864864864865,63,0.34054054054054056
595879,"Báez, Javier",344,0.9124668435013262,248,"73.348358576",0.3197674418604652,0.3064516129032258,0.22093023255813954,0.14112903225806453,0.10174418604651163,"8.57704189",3,-8.431383389933467,96,0.27906976744186046,139,0.40406976744186046
687401,"Ortiz, Joey",613,0.9054652880354506,503,"73.317382838",0.3327895595432301,0.3220675944333996,0.2642740619902121,0.147117296222664,0.12071778140293637,"7.511541093",6,-6.721282062795914,110,0.17944535073409462,265,0.43230016313213704
673548,"Suzuki, Seiya",992,0.9009990917347865,775,"73.280327631",0.3598790322580646,0.2761290322580645,0.2157258064516129,0.1406451612903226,0.10987903225806452,"7.2147213",22,-4.140816848690756,217,0.21875,375,0.3780241935483871
663457,"Nootbaar, Lars",462,0.9112426035502958,381,"73.252825909",0.34632034632034636,0.3779527559055118,0.3116883116883117,0.18635170603674542,0.15367965367965367,"6.840898701",10,-11.629826177125182,81,0.17532467532467533,198,0.42857142857142855
828599,"Spence, Lucas",114,0.8976377952755905,70,"73.251908772",0.29824561403508776,0.35714285714285715,0.21929824561403508,0.21428571428571427,0.13157894736842105,"6.923797632",1,-1.5721391339514146,44,0.38596491228070173,34,0.2982456140350877
694249,"Carrigg, Cole",639,0.9050991501416431,494,"73.208990955",0.3474178403755868,0.24696356275303644,0.19092331768388107,0.12348178137651822,0.09546165884194054,"7.494770689",18,-3.9650784880594294,145,0.2269170579029734,219,0.3427230046948357
543807,"Springer, George",863,0.899895724713243,686,"73.185777625",0.35689455388180763,0.30466472303207,0.2421784472769409,0.14285714285714285,0.11355735805330243,"7.44975153",28,-10.476338092513565,177,0.20509849362688296,345,0.39976825028968715
592663,"Realmuto, J.T.",759,0.905727923627685,585,"73.173484269",0.32938076416337286,0.3435897435897436,0.2648221343873518,0.13675213675213677,0.10540184453227931,"7.417051647",13,-33.22262569619174,174,0.22924901185770752,292,0.3847167325428195
592885,"Yelich, Christian",793,0.9031890660592256,563,"73.168284615",0.31021437578814626,0.2984014209591474,0.21185372005044137,0.14031971580817051,0.09962168978562422,"7.595719079",11,-31.84542421171885,230,0.2900378310214376,276,0.3480453972257251
676724,"Young, Jared",560,0.9105691056910569,433,"73.138915732",0.3250000000000002,0.3510392609699769,0.2714285714285714,0.18937644341801385,0.14642857142857144,"7.203006536",10,-11.281137909816499,127,0.22678571428571428,228,0.40714285714285714
679529,"Torkelson, Spencer",983,0.9026629935720845,703,"73.12570706",0.2553407934893183,0.2972972972972973,0.2126144455747711,0.13940256045519203,0.09969481180061038,"7.730889776",24,-19.128647311645047,280,0.28484231943031535,328,0.3336724313326551
695257,"Cook, Billy",103,0.9035087719298246,67,"73.122988835",0.28155339805825247,0.2835820895522388,0.18446601941747573,0.05970149253731343,0.038834951456310676,"7.651722233",1,-4.522203159160236,36,0.34951456310679613,28,0.27184466019417475
642201,"White, Eli",369,0.902200488997555,277,"73.120221978",0.2953929539295393,0.24187725631768953,0.18157181571815717,0.10469314079422383,0.07859078590785908,"7.262597425",7,-5.116088354907703,92,0.24932249322493225,132,0.35772357723577236
669236,"Jackson, Jeremiah",531,0.9045996592844975,391,"73.094542392",0.3050847457627119,0.329923273657289,0.24293785310734464,0.1483375959079284,0.10922787193973635,"7.533406836",18,-17.425681543272415,140,0.263653483992467,197,0.3709981167608286
680664,"Valencia, Eduardo",254,0.9071428571428571,185,"73.067471693",0.30314960629921256,0.34054054054054056,0.24803149606299213,0.1945945945945946,0.14173228346456693,"7.925124252",2,9.189244811988589,69,0.27165354330708663,88,0.3464566929133858
672960,"Okamoto, Kazuma",1112,0.9004048582995952,784,"73.051042923",0.3345323741007194,0.31887755102040816,0.22482014388489208,0.14923469387755103,0.1052158273381295,"7.916571178",33,-12.762999800813384,328,0.2949640287769784,370,0.3327338129496403
694728,"Matthews, Brice",378,0.9086538461538461,234,"73.005892778",0.29894179894179895,0.2905982905982906,0.17989417989417988,0.14102564102564102,0.0873015873015873,"7.328578016",8,-20.216261895275522,144,0.38095238095238093,120,0.31746031746031744
665750,"Taveras, Leody",768,0.9056603773584906,583,"72.965645026",0.29166666666666663,0.2727272727272727,0.20703125,0.11149228130360206,0.08463541666666667,"7.439405221",9,-24.006440099264175,185,0.24088541666666666,274,0.3567708333333333
696135,"Watson, Kahlil",162,0.9,110,"72.962146235",0.27160493827160487,0.3,0.2037037037037037,0.12727272727272726,0.08641975308641975,"7.635052531",5,-4.01201974839972,52,0.32098765432098764,54,0.3333333333333333
681624,"Pages, Andy",985,0.902014652014652,798,"72.957594081",0.28426395939086285,0.30451127819548873,0.2467005076142132,0.13533834586466165,0.10964467005076142,"7.649534518",15,-7.454499449224844,187,0.18984771573604062,388,0.39390862944162436
682928,"Abrams, CJ",1160,0.9027237354085603,831,"72.953248284",0.27499999999999997,0.3200962695547533,0.2293103448275862,0.14320096269554752,0.10258620689655172,"7.707222052",30,-0.3683627009267314,329,0.2836206896551724,396,0.3413793103448276
662139,"Varsho, Daulton",905,0.9086345381526104,716,"72.925182575",0.281767955801105,0.25837988826815644,0.20441988950276244,0.09916201117318436,0.07845303867403315,"7.717588729",4,-34.11562846451296,189,0.20883977900552486,335,0.3701657458563536
656577,"Jackson, Alex",128,0.9014084507042254,89,"72.919503047",0.296875,0.21348314606741572,0.1484375,0.07865168539325842,0.0546875,"7.30647375",2,-4.558201186038412,39,0.3046875,36,0.28125
596019,"Lindor, Francisco",800,0.9029345372460497,615,"72.9181205",0.2875000000000001,0.3463414634146341,0.26625,0.14634146341463414,0.1125,"7.655842925",14,-18.59178175053693,185,0.23125,295,0.36875
672284,"Kelenic, Jarred",135,0.9121621621621622,83,"72.905173333",0.28148148148148155,0.3373493975903614,0.2074074074074074,0.21686746987951808,0.13333333333333333,"7.372969111",4,-6.334085989014721,52,0.3851851851851852,41,0.3037037037037037
669134,"Campusano, Luis",395,0.9038901601830663,308,"72.893305544",0.3037974683544303,0.2694805194805195,0.21012658227848102,0.11038961038961038,0.08607594936708861,"7.860774127",17,-7.0462120520649885,87,0.22025316455696203,144,0.36455696202531646
669720,"Hays, Austin",192,0.9056603773584906,129,"72.885922396",0.25000000000000006,0.3333333333333333,0.22395833333333334,0.13178294573643412,0.08854166666666667,"7.270360208",7,-2.361738048645009,63,0.328125,72,0.375
664056,"Bader, Harrison",203,0.9144144144144144,142,"72.87897601",0.3793103448275861,0.323943661971831,0.22660098522167488,0.11971830985915492,0.08374384236453201,"7.234788276",6,-8.483891721622792,61,0.30049261083743845,71,0.3497536945812808
656582,"Joe, Connor",75,0.9036144578313253,59,"72.870881333",0.3866666666666666,0.2711864406779661,0.21333333333333335,0.13559322033898305,0.10666666666666667,"7.329478933",2,-2.5487661715795364,16,0.21333333333333335,24,0.32
657136,"Wong, Connor",375,0.9146341463414634,284,"72.86609144",0.2906666666666667,0.2676056338028169,0.20266666666666666,0.12323943661971831,0.09333333333333334,"7.422356933",10,-15.258619534310236,91,0.24266666666666667,140,0.37333333333333335
665862,"Chisholm Jr., Jazz",877,0.9031925849639547,629,"72.862675473",0.28164196123147095,0.32432432432432434,0.23261117445838084,0.14308426073131955,0.10262257696693272,"7.853307457",15,-21.991910754603758,248,0.28278221208665905,291,0.33181299885974913
676551,"Hicklen, Brewer",76,0.9156626506024096,45,"72.852371579",0.28947368421052627,0.3111111111111111,0.18421052631578946,0.13333333333333333,0.07894736842105263,"7.691870921",0,-1.316814995060252,31,0.40789473684210525,22,0.2894736842105263
686780,"Pagés, Pedro",376,0.910411622276029,275,"72.830603298",0.24468085106382978,0.24,0.17553191489361702,0.11272727272727273,0.08244680851063829,"7.172987527",9,-15.614874164191855,101,0.26861702127659576,125,0.3324468085106383
640459,"Navarreto, Brian",110,0.9016393442622951,73,"72.821075909",0.17272727272727273,0.2054794520547945,0.13636363636363635,0.0958904109589041,0.06363636363636363,"7.822921182",2,-6.329209276552505,37,0.33636363636363636,30,0.2727272727272727
650489,"Castro, Willi",879,0.9015384615384615,622,"72.818255392",0.2775881683731513,0.2491961414790997,0.17633674630261661,0.12540192926045016,0.08873720136518772,"7.333180114",11,-15.718697207217817,257,0.2923777019340159,270,0.30716723549488056
671218,"Ramos, Heliot",786,0.9024110218140069,574,"72.792138931",0.2888040712468194,0.32578397212543553,0.23791348600508905,0.18118466898954705,0.13231552162849872,"6.866483015",17,-16.709506962807193,212,0.2697201017811705,272,0.3460559796437659
672275,"Bailey, Patrick",589,0.9047619047619048,440,"72.788356774",0.300509337860781,0.31136363636363634,0.23259762308998302,0.1318181818181818,0.09847198641765705,"7.350217063",14,-24.362682876486183,149,0.2529711375212224,208,0.3531409168081494
669224,"Wells, Austin",665,0.9097127222982216,500,"72.78694009",0.2766917293233083,0.282,0.21203007518796993,0.13,0.09774436090225563,"7.563397865",18,-25.680980434156538,165,0.24812030075187969,227,0.34135338345864663
676572,"Wagaman, Eric",86,0.8958333333333334,62,"72.776942442",0.31395348837209297,0.2903225806451613,0.20930232558139536,0.14516129032258066,0.10465116279069768,"7.066431163",2,-1.7157224501779982,24,0.27906976744186046,32,0.37209302325581395
668804,"Reynolds, Bryan",1135,0.9036624203821656,858,"72.772137868",0.29867841409691637,0.32634032634032634,0.24669603524229075,0.17016317016317017,0.12863436123348018,"6.972231004",53,-14.870499339418242,277,0.24405286343612334,413,0.36387665198237884
694671,"Langford, Wyatt",783,0.9094076655052264,589,"72.766326156",0.27203065134099613,0.30390492359932086,0.22860791826309068,0.1273344651952462,0.09578544061302682,"6.926245517",12,-11.266628792063734,194,0.24776500638569604,278,0.3550446998722861
656484,"Gray, Tristan",354,0.9076923076923077,231,"72.707748277",0.3107344632768361,0.24242424242424243,0.15819209039548024,0.09956709956709957,0.06497175141242938,"7.14750565",8,-14.54044862504107,123,0.3474576271186441,102,0.288135593220339
691458,"Jordan, Blaze",351,0.918848167539267,279,"72.705749259",0.26495726495726485,0.3225806451612903,0.2564102564102564,0.15412186379928317,0.1225071225071225,"7.306579003",4,-9.643891494435385,72,0.20512820512820512,149,0.42450142450142453
663743,"Fortes, Nick",506,0.9133574007220217,418,"72.684718656",0.2588932806324111,0.2942583732057416,0.24308300395256918,0.15789473684210525,0.13043478260869565,"7.534241917",7,-12.262087662209735,88,0.17391304347826086,234,0.4624505928853755
682848,"Rodríguez, Endy",244,0.9070631970260223,184,"72.67159082",0.262295081967213,0.358695652173913,0.27049180327868855,0.14673913043478262,0.11065573770491803,"7.258096844",3,-0.3522100601529069,60,0.2459016393442623,91,0.3729508196721312
681987,"Eaton, Nate",114,0.9047619047619048,78,"72.653594912",0.21929824561403508,0.20512820512820512,0.14035087719298245,0.08974358974358974,0.06140350877192982,"7.496549474",1,-4.727167363721896,36,0.3157894736842105,32,0.2807017543859649
516782,"Marte, Starling",305,0.9077380952380952,224,"72.642422525",0.30163934426229505,0.29910714285714285,0.21967213114754097,0.16071428571428573,0.1180327868852459,"7.237870951",9,-10.887035383586142,81,0.26557377049180325,104,0.34098360655737703
660710,"Durán, Rodolfo",140,0.9090909090909091,103,"72.639820357",0.3214285714285714,0.2524271844660194,0.18571428571428572,0.0970873786407767,0.07142857142857142,"7.157851",3,-5.679457711244754,37,0.2642857142857143,53,0.37857142857142856
694377,"Yorke, Nick",202,0.905829596412556,155,"72.639074109",0.2425742574257425,0.2903225806451613,0.22277227722772278,0.14193548387096774,0.10891089108910891,"7.338392921",4,-8.879724338297027,47,0.23267326732673269,74,0.36633663366336633
657041,"Thomas, Lane",563,0.9036918138041734,445,"72.617508526",0.2593250444049734,0.3146067415730337,0.24866785079928952,0.1348314606741573,0.10657193605683836,"6.869018046",20,-14.18563714280742,118,0.20959147424511546,222,0.39431616341030196
673237,"Diaz, Yainer",609,0.9049034175334324,485,"72.613606831",0.23152709359605902,0.3835051546391753,0.3054187192118227,0.16907216494845362,0.13464696223316913,"7.334978342",20,3.0699123017539844,124,0.20361247947454844,275,0.451559934318555
700250,"Rice, Ben",1054,0.9031705227077977,821,"72.608464867",0.24098671726755222,0.3556638246041413,0.27703984819734345,0.18392204628501826,0.1432637571157495,"7.678155987",16,12.632137587587152,233,0.22106261859582543,404,0.38330170777988615
677649,"Duran, Ezequiel",1060,0.9044368600682594,800,"72.608014302",0.27830188679245277,0.28375,0.21415094339622642,0.125,0.09433962264150944,"7.17089683",27,-11.274563205817518,260,0.24528301886792453,373,0.35188679245283017
678218,"Valenzuela, Brandon",478,0.9070208728652751,363,"72.604698703",0.21966527196652721,0.25895316804407714,0.19665271966527198,0.1184573002754821,0.0899581589958159,"7.854878305",8,-18.441117830149537,115,0.2405857740585774,153,0.3200836820083682
650391,"Jiménez, Eloy",60,0.9090909090909091,43,"72.589113667",0.21666666666666673,0.32558139534883723,0.23333333333333334,0.18604651162790697,0.13333333333333333,"7.273669167",1,-2.2005776563418418,17,0.2833333333333333,22,0.36666666666666664
686668,"Doyle, Brenton",377,0.908433734939759,260,"72.586996074",0.2015915119363395,0.31153846153846154,0.21485411140583555,0.13846153846153847,0.09549071618037135,"7.35920366",9,-8.489935482526747,117,0.3103448275862069,127,0.33687002652519893
669221,"Murphy, Sean",203,0.8982300884955752,148,"72.582589901",0.29064039408866993,0.31756756756756754,0.2315270935960591,0.1891891891891892,0.13793103448275862,"7.891507241",12,-6.751222372687392,55,0.270935960591133,71,0.3497536945812808
678554,"Mead, Curtis",501,0.8994614003590664,421,"72.575305888",0.27345309381237515,0.3016627078384798,0.25349301397205587,0.15201900237529692,0.1277445109780439,"7.063725529",9,2.1461084999910605,80,0.1596806387225549,208,0.4151696606786427
624641,"Sosa, Edmundo",504,0.9032258064516129,374,"72.562819206",0.27976190476190477,0.28609625668449196,0.2123015873015873,0.13903743315508021,0.10317460317460317,"8.102593135",1,-0.4929621326807639,130,0.25793650793650796,180,0.35714285714285715
806068,"Emerson, Colt",459,0.9035433070866141,314,"72.545709847",0.26361655773420484,0.22929936305732485,0.1568627450980392,0.0732484076433121,0.05010893246187364,"7.211625991",11,-15.721443171348607,145,0.3159041394335512,134,0.29193899782135074
672724,"Peraza, Oswald",687,0.9039473684210526,483,"72.52492524",0.27365356622998543,0.2650103519668737,0.18631732168850074,0.11594202898550725,0.08151382823871907,"7.564647889",15,-21.138631399227318,204,0.29694323144104806,214,0.31149927219796214
606192,"Hernández, Teoscar",832,0.9073064340239912,576,"72.51910875",0.2524038461538462,0.34375,0.23798076923076922,0.1753472222222222,0.12139423076923077,"7.767098389",22,-11.803758384099469,256,0.3076923076923077,291,0.34975961538461536
687637,"Beavers, Dylan",558,0.9043760129659644,426,"72.501097294",0.21326164874551976,0.30985915492957744,0.23655913978494625,0.14788732394366197,0.11290322580645161,"7.358897527",8,-12.121530586014739,132,0.23655913978494625,209,0.37455197132616486
641598,"Garver, Mitch",234,0.9069767441860465,161,"72.500435513",0.18803418803418803,0.33540372670807456,0.23076923076923078,0.13664596273291926,0.09401709401709402,"7.397699701",8,-8.433580833849811,73,0.31196581196581197,72,0.3076923076923077
669477,"Schmitt, Casey",698,0.9076723016905072,562,"72.489216777",0.27507163323782235,0.3398576512455516,0.27363896848137537,0.17437722419928825,0.14040114613180515,"7.563831189",14,2.560100057781146,136,0.19484240687679083,288,0.41260744985673353
691728,"Veen, Zac",141,0.9038461538461539,84,"72.486585248",0.2553191489361702,0.2261904761904762,0.1347517730496454,0.11904761904761904,0.07092198581560284,"7.247122553",5,-3.600348573014498,57,0.40425531914893614,32,0.22695035460992907
665742,"Soto, Juan",661,0.9042407660738714,541,"72.478555008",0.29046898638426627,0.42513863216266173,0.34795763993948564,0.22735674676524953,0.18608169440242056,"7.10170882",27,5.206046938875967,120,0.1815431164901664,307,0.46444780635400906
657656,"Laureano, Ramón",358,0.9017632241813602,249,"72.474939637",0.25977653631284914,0.26506024096385544,0.18435754189944134,0.12048192771084337,0.08379888268156424,"7.098213101",10,-9.745987694441887,109,0.30446927374301674,103,0.2877094972067039
624424,"Conforto, Michael",485,0.9031657355679702,362,"72.469054474",0.290721649484536,0.287292817679558,0.21443298969072164,0.11878453038674033,0.088659793814433,"7.277271278",10,-9.287033866964284,123,0.2536082474226804,165,0.3402061855670103
694197,"Genao, Angel",205,0.9070796460176991,159,"72.454313561",0.24390243902439027,0.4088050314465409,0.3170731707317073,0.15723270440251572,0.12195121951219512,"7.196197659",3,-11.975483760192919,46,0.22439024390243903,96,0.4682926829268293
607043,"Nimmo, Brandon",1118,0.9052631578947369,860,"72.415857093",0.2853309481216457,0.32558139534883723,0.2504472271914132,0.16395348837209303,0.1261180679785331,"7.01868534",28,-28.13506438786093,258,0.23076923076923078,392,0.35062611806797855
671083,"Kennedy, Buddy",89,0.898989898989899,67,"72.406395169",0.21348314606741578,0.208955223880597,0.15730337078651685,0.05970149253731343,0.0449438202247191,"6.787506404",3,-6.7780481684049185,22,0.24719101123595505,27,0.30337078651685395
814439,"Waldschmidt, Ryan",426,0.9102564102564102,291,"72.405558333",0.2183098591549296,0.29896907216494845,0.20422535211267606,0.1134020618556701,0.07746478873239436,"6.973357582",7,-8.358535306552575,135,0.31690140845070425,152,0.3568075117370892
687221,"Rushing, Dalton",416,0.9004329004329005,294,"72.393972188",0.1514423076923077,0.30612244897959184,0.21634615384615385,0.17687074829931973,0.125,"7.502840529",11,-0.169051285938808,122,0.2932692307692308,145,0.3485576923076923
672820,"Sosa, Lenyn",217,0.9079497907949791,170,"72.368454055",0.22580645161290328,0.3,0.2350230414746544,0.13529411764705881,0.10599078341013825,"7.59072682",1,-11.374184485011714,47,0.21658986175115208,86,0.39631336405529954
665161,"Peña, Jeremy",892,0.9055837563451776,616,"72.350884978",0.16591928251121077,0.3246753246753247,0.2242152466367713,0.1461038961038961,0.10089686098654709,"7.586947365",17,-3.103860734839594,276,0.3094170403587444,315,0.3531390134529148
593428,"Bogaerts, Xander",794,0.906392694063927,620,"72.331207746",0.28589420654911846,0.3725806451612903,0.29093198992443325,0.1596774193548387,0.12468513853904283,"7.31342971",21,-25.739195897417954,174,0.21914357682619648,339,0.4269521410579345
806146,"Lombard Jr., George",276,0.9049180327868852,211,"72.310713768",0.26086956521739124,0.2796208530805687,0.213768115942029,0.10900473933649289,0.08333333333333333,"7.400533732",4,-5.99396464010742,65,0.23550724637681159,107,0.38768115942028986
642715,"Adames, Willy",849,0.9041533546325878,626,"72.309419293",0.2544169611307418,0.28753993610223644,0.21201413427561838,0.12140575079872204,0.0895170789163722,"8.182485018",10,-8.212548650098977,223,0.2626619552414605,309,0.36395759717314485
502054,"Pham, Tommy",52,0.896551724137931,36,"72.298988269",0.2692307692307693,0.3611111111111111,0.25,0.19444444444444445,0.1346153846153846,"7.174388077",2,-4.096241165570547,16,0.3076923076923077,18,0.34615384615384615
641933,"O'Neill, Tyler",439,0.9051546391752577,309,"72.279969977",0.18906605922551256,0.313915857605178,0.22095671981776766,0.12944983818770225,0.09111617312072894,"7.35124041",7,-14.282717485002278,130,0.296127562642369,149,0.33940774487471526
660162,"Moncada, Yoán",191,0.9095238095238095,139,"72.272188586",0.3036649214659686,0.2949640287769784,0.21465968586387435,0.1366906474820144,0.09947643979057591,"7.36174822",4,-7.715712736026382,52,0.27225130890052357,62,0.32460732984293195
553993,"Suárez, Eugenio",834,0.9006479481641468,575,"72.260489628",0.22901678657074342,0.2539130434782609,0.1750599520383693,0.11304347826086956,0.07793764988009592,"7.793315084",40,-10.371189068377836,259,0.3105515587529976,252,0.302158273381295
681546,"Outman, James",311,0.9014492753623189,187,"72.255756849",0.1929260450160771,0.26737967914438504,0.1607717041800643,0.10695187165775401,0.06430868167202572,"7.790325273",14,-16.63046179001561,124,0.3987138263665595,83,0.26688102893890675
682622,"Marte, Noelvi",353,0.9028132992327366,265,"72.232909915",0.2719546742209632,0.2830188679245283,0.21246458923512748,0.10943396226415095,0.0821529745042493,"7.355187989",8,-16.126393988212104,88,0.24929178470254956,129,0.3654390934844193
694208,"Ballesteros, Moisés",599,0.9021084337349398,439,"72.228768531",0.2904841402337229,0.33712984054669703,0.24707846410684475,0.1571753986332574,0.11519198664440734,"7.116015526",17,-28.2437452629153,160,0.2671118530884808,225,0.3756260434056761
682668,"Acuña, Luisangel",343,0.9050131926121372,263,"72.228177201",0.27988338192419826,0.3688212927756654,0.282798833819242,0.1596958174904943,0.12244897959183673,"7.531605364",13,-21.21774561666903,80,0.23323615160349853,156,0.45481049562682213
592626,"Pederson, Joc",711,0.9080459770114943,509,"72.225011224",0.22503516174402258,0.3575638506876228,0.2559774964838256,0.18271119842829076,0.1308016877637131,"7.462763108",11,-8.34210812573424,202,0.2841068917018284,250,0.35161744022503516
695336,"Saggese, Thomas",327,0.9108635097493036,240,"72.210313547",0.2262996941896025,0.32083333333333336,0.23547400611620795,0.14583333333333334,0.10703363914373089,"6.987977706",8,-7.66280433849742,87,0.26605504587155965,107,0.327217125382263
663616,"Larnach, Trevor",654,0.9045643153526971,486,"72.193227339",0.23241590214067284,0.3333333333333333,0.24770642201834864,0.15637860082304528,0.1162079510703364,"7.207440046",11,-6.544987535253322,168,0.25688073394495414,268,0.40978593272171254
677942,"Alexander, Blaze",539,0.9074074074074074,408,"72.18299026",0.2393320964749536,0.3382352941176471,0.2560296846011132,0.14460784313725492,0.10946196660482375,"7.42939462",12,-10.661780513290191,131,0.24304267161410018,185,0.3432282003710575
671655,"Valera, George",61,0.9104477611940298,47,"72.166478033",0.21311475409836061,0.3617021276595745,0.2786885245901639,0.1276595744680851,0.09836065573770492,"6.759107541",0,-2.616350177924696,14,0.22950819672131148,26,0.4262295081967213
678662,"Tovar, Ezequiel",982,0.9050691244239631,694,"72.14951276",0.2209775967413443,0.2564841498559078,0.18126272912423624,0.09510086455331412,0.06720977596741344,"7.591566008",14,-41.45658096584107,288,0.29327902240325865,298,0.3034623217922607
699393,"Ramírez, Pedro",449,0.907070707070707,365,"72.149005056",0.2249443207126948,0.3178082191780822,0.2583518930957684,0.1589041095890411,0.1291759465478842,"7.530813586",10,-6.208131296241692,84,0.1870824053452116,189,0.4209354120267261
680728,"Del Castillo, Adrian",328,0.9035812672176309,241,"72.105795579",0.2347560975609756,0.31950207468879666,0.2347560975609756,0.11203319502074689,0.08231707317073171,"6.885181067",8,-11.372223053874881,87,0.2652439024390244,116,0.35365853658536583
701398,"Stewart, Sal",1193,0.9051593323216995,892,"72.09882176",0.2657166806370495,0.3251121076233184,0.24308466051969824,0.15582959641255606,0.1165129924559933,"7.563649723",34,-11.703150564646066,301,0.25230511316010057,421,0.3528918692372171
677060,"Stevens, Chad",58,0.90625,40,"72.088606897",0.3620689655172414,0.175,0.1206896551724138,0.075,0.05172413793103448,"7.116888966",1,-5.528578198664793,18,0.3103448275862069,11,0.1896551724137931
642215,"Wilson, Weston",317,0.9031339031339032,219,"72.073333155",0.19558359621451102,0.2328767123287671,0.1608832807570978,0.1004566210045662,0.0694006309148265,"7.558747224",10,-10.794088476064404,98,0.30914826498422715,100,0.31545741324921134
665966,"Narváez, Carlos",517,0.9086115992970123,355,"72.065205435",0.20116054158607344,0.30140845070422534,0.20696324951644102,0.10140845070422536,0.06963249516441006,"7.539920909",17,-24.509505752779223,162,0.31334622823984526,151,0.29206963249516443
807726,"Peck, John",132,0.9230769230769231,96,"72.031715833",0.1590909090909091,0.28125,0.20454545454545456,0.11458333333333333,0.08333333333333333,"7.221993636",3,-9.62565562165921,36,0.2727272727272727,49,0.3712121212121212
681508,"Gasper, Mickey",295,0.9021406727828746,247,"72.020631186",0.14237288135593215,0.38461538461538464,0.3220338983050847,0.14979757085020243,0.12542372881355932,"6.609743661",9,-2.8829193305629444,48,0.16271186440677965,145,0.4915254237288136
664034,"France, Ty",946,0.9061302681992337,703,"72.019059091",0.21564482029598303,0.2958748221906117,0.21987315010570824,0.14509246088193456,0.10782241014799154,"7.594187442",35,-6.687485177484872,243,0.2568710359408034,305,0.3224101479915433
690993,"Keith, Colt",633,0.9081779053084649,501,"72.005186288",0.19747235387045817,0.37524950099800397,0.296998420221169,0.17564870259481039,0.13902053712480253,"6.899143254",14,-14.663178713504003,132,0.20853080568720378,280,0.4423380726698262
694371,"Troy, Tommy",215,0.899581589958159,162,"71.998537488",0.23255813953488375,0.2716049382716049,0.20465116279069767,0.12345679012345678,0.09302325581395349,"6.96247907",7,-4.7918883004631025,53,0.24651162790697675,84,0.39069767441860465
690924,"Fulford, Braxton",130,0.9090909090909091,87,"71.996772615",0.24615384615384617,0.21839080459770116,0.14615384615384616,0.08045977011494253,0.05384615384615385,"6.643994462",3,-5.781742549976917,43,0.33076923076923076,37,0.2846153846153846
543510,"McCann, James",273,0.9130434782608695,190,"71.990105348",0.2344322344322344,0.3894736842105263,0.27106227106227104,0.1631578947368421,0.11355311355311355,"7.040243919",2,-0.449584328235052,83,0.304029304029304,107,0.39194139194139194
695681,"Moore, Christian",258,0.8989547038327527,176,"71.989653333",0.24418604651162792,0.2784090909090909,0.18992248062015504,0.125,0.08527131782945736,"7.224674767",5,-12.402837740159825,82,0.3178294573643411,75,0.29069767441860467
682988,"Locklear, Tyler",77,0.9166666666666666,59,"71.974727792",0.25974025974025977,0.23728813559322035,0.18181818181818182,0.11864406779661017,0.09090909090909091,"6.768346234",1,-1.6237576220437613,18,0.23376623376623376,24,0.3116883116883117
805805,"Jenkins, Walker",145,0.90625,113,"71.967270759",0.19999999999999998,0.3274336283185841,0.25517241379310346,0.10619469026548672,0.08275862068965517,"7.02018531",2,-3.7184133577463983,32,0.2206896551724138,61,0.4206896551724138
665019,"Clemens, Kody",993,0.9076782449725777,767,"71.961438177",0.12588116817724068,0.3767926988265971,0.29103726082578046,0.1773142112125163,0.13695871097683787,"7.188421269",15,-5.271866663579781,226,0.22759315206445116,382,0.38469284994964753
682927,"Simon, Ronny",125,0.9259259259259259,104,"71.95194304",0.224,0.28846153846153844,0.24,0.07692307692307693,0.064,"7.201676",1,-4.034838609878745,21,0.168,44,0.352
608701,"Refsnyder, Rob",204,0.8986784140969163,151,"71.949695686",0.19117647058823536,0.2781456953642384,0.20588235294117646,0.13245033112582782,0.09803921568627451,"7.592321912",7,-15.529601003268693,53,0.25980392156862747,76,0.37254901960784315
677870,"Jiménez, Leo",288,0.9,223,"71.943167118",0.16319444444444442,0.3632286995515695,0.28125,0.14798206278026907,0.11458333333333333,"7.32563816",8,-17.178843010533587,65,0.22569444444444445,121,0.4201388888888889
656555,"Hoskins, Rhys",494,0.9014598540145985,352,"71.940482733",0.1700404858299595,0.3039772727272727,0.2165991902834008,0.12215909090909091,0.08704453441295547,"8.219233644",15,-16.751810648589668,142,0.2874493927125506,154,0.3117408906882591
605137,"Bell, Josh",1095,0.9072079536039768,873,"71.933148037",0.25662100456621006,0.3230240549828179,0.25753424657534246,0.1466208476517755,0.11689497716894977,"7.891427479",22,-22.91003754209376,222,0.20273972602739726,420,0.3835616438356164
681351,"O'Hoppe, Logan",448,0.9068825910931174,331,"71.920082612",0.24776785714285712,0.3081570996978852,0.22767857142857142,0.1510574018126888,0.11160714285714286,"7.404592188",15,-19.754230069256636,117,0.2611607142857143,172,0.38392857142857145
691019,"Teel, Kyle",268,0.9023569023569024,179,"71.911715634",0.2761194029850747,0.2569832402234637,0.17164179104477612,0.12290502793296089,0.08208955223880597,"6.891455187",8,-7.154727775411878,89,0.332089552238806,72,0.26865671641791045
688363,"Pauley, Graham",265,0.8983050847457628,211,"71.903850679",0.19622641509433966,0.2559241706161137,0.2037735849056604,0.0947867298578199,0.07547169811320754,"7.367136868",8,-10.726847495527833,54,0.2037735849056604,100,0.37735849056603776
699625,"Crooks, Jimmy",252,0.9163636363636364,165,"71.901643413",0.20634920634920634,0.34545454545454546,0.2261904761904762,0.15151515151515152,0.0992063492063492,"7.1647225",4,-13.37790640913966,87,0.34523809523809523,80,0.31746031746031744
672640,"Lopez, Otto",1005,0.9045904590459046,827,"71.878488428",0.2348258706467662,0.3784764207980653,0.31144278606965176,0.18137847642079807,0.14925373134328357,"6.753118159",23,-3.5001081596249044,178,0.1771144278606965,491,0.48855721393034823
693307,"Dingler, Dillon",1010,0.9050179211469535,799,"71.869669861",0.16732673267326728,0.32540675844806005,0.25742574257425743,0.1539424280350438,0.12178217821782178,"7.583298842",11,-7.557745781075454,211,0.2089108910891089,388,0.38415841584158417
646240,"Devers, Rafael",1091,0.9099249374478732,782,"71.867350357",0.21173235563703027,0.3567774936061381,0.25572868927589365,0.19309462915601022,0.1384051329055912,"7.533039872",13,-2.1482373223609397,309,0.2832263978001833,360,0.32997250229147573
686681,"Massey, Michael",769,0.9015240328253223,640,"71.863696931",0.13003901170351106,0.3453125,0.28738621586475943,0.128125,0.10663198959687907,"7.140410442",14,-10.227253284417362,129,0.16775032509752927,333,0.43302990897269183
802139,"Wetherholt, JJ",919,0.910802775024777,751,"71.856683254",0.191512513601741,0.36884154460719043,0.3014145810663765,0.14247669773635152,0.11643090315560392,"7.516653156",18,-32.941024876141434,168,0.18280739934711643,411,0.4472252448313384
823550,"Song, Sung-Mun",220,0.9090909090909091,175,"71.856036409",0.14545454545454548,0.3142857142857143,0.25,0.09714285714285714,0.07727272727272727,"7.607285955",4,-14.08844414834622,45,0.20454545454545456,90,0.4090909090909091
663853,"Gonzalez, Romy",135,0.9121621621621622,88,"71.847356889",0.18518518518518517,0.29545454545454547,0.1925925925925926,0.1590909090909091,0.1037037037037037,"6.755960593",2,-7.094615746230245,47,0.34814814814814815,39,0.28888888888888886
694362,"Dunn, Blake",217,0.9041666666666667,178,"71.821855253",0.21198156682027647,0.3595505617977528,0.29493087557603687,0.11797752808988764,0.0967741935483871,"6.186199217",16,-3.024504462270236,39,0.17972350230414746,96,0.4423963133640553
666310,"Naylor, Bo",170,0.8994708994708994,149,"71.819644059",0.1411764705882353,0.2684563758389262,0.23529411764705882,0.1342281879194631,0.11764705882352941,"7.611980353",2,-9.785140860259324,21,0.12352941176470589,62,0.36470588235294116
681481,"Carpenter, Kerry",455,0.900990099009901,338,"71.770553385",0.16483516483516483,0.28994082840236685,0.2153846153846154,0.10946745562130178,0.08131868131868132,"7.391827055",8,-11.088643022996658,117,0.2571428571428571,151,0.33186813186813185
664023,"Happ, Ian",1073,0.9054852320675105,759,"71.757614362",0.17893755824790303,0.2938076416337286,0.20782851817334577,0.1383399209486166,0.097856477166822,"6.873454651",8,-27.255365485231316,314,0.29263746505125815,338,0.315004659832246
800543,"De Paula, Josue",56,0.9180327868852459,45,"71.750285179",0.25,0.28888888888888886,0.23214285714285715,0.1111111111111111,0.08928571428571429,"7.263898393",0,0.6261240975223854,11,0.19642857142857142,24,0.42857142857142855
694388,"Loperfido, Joey",203,0.9022222222222223,142,"71.745073103",0.187192118226601,0.3028169014084507,0.21182266009852216,0.09154929577464789,0.06403940886699508,"7.748779064",6,-7.858198725058652,61,0.30049261083743845,64,0.31527093596059114
672515,"Moreno, Gabriel",877,0.9050567595459237,753,"71.727011733",0.2269099201824401,0.3293492695883134,0.28278221208665905,0.14475431606905712,0.12428734321550741,"7.057384766",11,2.9365006449887456,124,0.14139110604332952,379,0.4321550741163056
673490,"Kim, Ha-Seong",239,0.9018867924528302,190,"71.723072678",0.17154811715481175,0.22105263157894736,0.17573221757322174,0.07368421052631578,0.058577405857740586,"7.072427531",2,-20.294062384191122,49,0.20502092050209206,86,0.3598326359832636
596146,"Kepler, Max",248,0.9018181818181819,187,"71.70510504",0.16532258064516128,0.3155080213903743,0.23790322580645162,0.13903743315508021,0.10483870967741936,"7.439551411",7,-13.622718145208015,61,0.24596774193548387,91,0.36693548387096775
696030,"Osuna, Alejandro",347,0.9036458333333334,291,"71.69546683",0.22766570605187322,0.3161512027491409,0.26512968299711814,0.10652920962199312,0.0893371757925072,"6.992188588",3,-11.06343335646111,56,0.16138328530259366,151,0.43515850144092216
621438,"Taylor, Tyrone",384,0.9056603773584906,306,"71.675065365",0.16145833333333337,0.33986928104575165,0.2708333333333333,0.13725490196078433,0.109375,"7.52705513",7,1.48443209152407,78,0.203125,166,0.4322916666666667
666969,"García, Adolis",442,0.9057377049180327,304,"71.66664",0.25565610859728505,0.35855263157894735,0.24660633484162897,0.1513157894736842,0.10407239819004525,"7.686367421",9,-19.640303881747826,138,0.31221719457013575,146,0.33031674208144796
521692,"Perez, Salvador",1177,0.9053846153846153,911,"71.634190161",0.18861512319456245,0.3172338090010977,0.24553950722175022,0.14709110867178923,0.11384876805437553,"7.706160246",22,-35.56724679762687,266,0.2259983007646559,443,0.37638062871707734
669016,"Marsh, Brandon",976,0.9020332717190388,751,"71.630131844",0.16495901639344263,0.3288948069241012,0.2530737704918033,0.14647137150466044,0.11270491803278689,"7.274512439",4,-20.729438552198676,225,0.2305327868852459,375,0.38422131147540983
641584,"Fraley, Jake",155,0.8959537572254336,118,"71.623627484",0.22580645161290325,0.2288135593220339,0.17419354838709677,0.05084745762711865,0.03870967741935484,"7.076364065",0,-4.857144884732898,37,0.23870967741935484,50,0.3225806451612903
669899,"Ward, Ryan",119,0.9015151515151515,84,"71.596718235",0.10924369747899164,0.2619047619047619,0.18487394957983194,0.11904761904761904,0.08403361344537816,"7.587248739",0,-4.084653905907713,35,0.29411764705882354,35,0.29411764705882354
607208,"Turner, Trea",1203,0.9120545868081881,893,"71.596680083",0.19201995012468828,0.3337066069428891,0.24771404821280132,0.1187010078387458,0.08811305070656691,"7.602248928",18,-39.1420602951377,310,0.257689110556941,468,0.38902743142144636
694497,"Carter, Evan",600,0.8968609865470852,425,"71.58871205",0.23,0.31058823529411766,0.22,0.12,0.085,"7.121912017",18,-34.227926904229385,175,0.2916666666666667,218,0.36333333333333334
606992,"Haase, Eric",135,0.9060402684563759,83,"71.57627037",0.14074074074074078,0.27710843373493976,0.17037037037037037,0.12048192771084337,0.07407407407407407,"7.206455556",4,-3.930593000619541,52,0.3851851851851852,43,0.31851851851851853
672386,"Kirk, Alejandro",468,0.8982725527831094,403,"71.565756047",0.15598290598290598,0.36724565756823824,0.3162393162393162,0.16377171215880892,0.14102564102564102,"7.098157009",10,-6.938361497053761,65,0.1388888888888889,229,0.4893162393162393
672580,"Garcia, Maikel",455,0.9063745019920318,404,"71.551928527",0.17802197802197806,0.400990099009901,0.35604395604395606,0.15346534653465346,0.13626373626373625,"7.096701033",10,-6.807995270906341,51,0.11208791208791209,248,0.545054945054945
702284,"Young, Cole",1035,0.9015679442508711,844,"71.54771513",0.2164251207729469,0.3353080568720379,0.27342995169082124,0.12440758293838862,0.10144927536231885,"6.937861024",16,-30.085131746070754,191,0.18454106280193236,439,0.4241545893719807
621020,"Swanson, Dansby",806,0.9025755879059351,575,"71.543590248",0.098014888337469,0.3617391304347826,0.25806451612903225,0.1391304347826087,0.09925558312655088,"7.617739888",20,-21.17092543477454,231,0.2866004962779156,299,0.3709677419354839
687529,"McCray, Grant",139,0.9025974025974026,87,"71.531269353",0.16546762589928057,0.26436781609195403,0.16546762589928057,0.13793103448275862,0.08633093525179857,"7.146643813",7,-8.165669661747076,52,0.37410071942446044,44,0.31654676258992803
687263,"Neto, Zach",1235,0.902118334550767,847,"71.524635773",0.17004048582995948,0.3105076741440378,0.21295546558704453,0.11452184179456906,0.07854251012145749,"7.139232259",43,-16.5931185490517,388,0.31417004048582997,367,0.297165991902834
807799,"Yoshida, Masataka",410,0.9010989010989011,350,"71.517172927",0.1780487804878049,0.43142857142857144,0.36829268292682926,0.1657142857142857,0.14146341463414633,"7.101162805",0,-5.654112923962544,60,0.14634146341463414,221,0.5390243902439025
800050,"DeLauter, Chase",809,0.9059350503919373,709,"71.516270816",0.1854140914709518,0.3991537376586742,0.34981458590852904,0.18335684062059238,0.16069221260815822,"7.156889543",21,-13.759667314304448,100,0.12360939431396786,395,0.48825710754017304
680574,"McLain, Matt",775,0.9011627906976745,567,"71.51421129",0.12,0.31569664902998235,0.23096774193548386,0.12522045855379188,0.09161290322580645,"6.919576503",26,-36.5508976437715,208,0.26838709677419353,277,0.3574193548387097
656537,"Hill, Derek",369,0.9044117647058824,243,"71.503319404",0.18428184281842822,0.30864197530864196,0.2032520325203252,0.12757201646090535,0.08401084010840108,"7.100244553",7,-1.6613633246613237,126,0.34146341463414637,114,0.3089430894308943
608369,"Seager, Corey",757,0.9087635054021609,527,"71.483766341",0.12417437252311754,0.3776091081593928,0.2628797886393659,0.18785578747628084,0.130779392338177,"6.702231929",26,-23.870813478195586,230,0.3038309114927345,273,0.3606340819022457
666397,"Julien, Edouard",408,0.9066666666666666,319,"71.477923873",0.1519607843137255,0.3573667711598746,0.27941176470588236,0.14733542319749215,0.11519607843137254,"6.991182034",7,-17.846351415959997,89,0.2181372549019608,153,0.375
664983,"McCarthy, Jake",948,0.9011406844106464,748,"71.462535295",0.1582278481012658,0.3074866310160428,0.24261603375527427,0.11229946524064172,0.08860759493670886,"7.107743544",10,-8.008049111096833,200,0.2109704641350211,410,0.43248945147679324
695734,"Lile, Daylen",1179,0.9076212471131639,919,"71.462143181",0.1280746395250212,0.3188248095756257,0.24851569126378287,0.1305767138193689,0.10178117048346055,"7.459249584",15,-28.952085596939536,260,0.2205258693808312,441,0.37404580152671757
630105,"Cronenworth, Jake",673,0.9009370816599732,537,"71.453511694",0.1827637444279346,0.29236499068901306,0.23328380386329867,0.09497206703910614,0.07578008915304606,"7.159964933",12,-20.085929347286342,136,0.20208023774145617,258,0.3833580980683507
518595,"d'Arnaud, Travis",142,0.8987341772151899,100,"71.441437324",0.1549295774647888,0.33,0.2323943661971831,0.07,0.04929577464788732,"7.763881761",2,-9.660238994563537,42,0.29577464788732394,50,0.352112676056338
805249,"Kemp, Otto",53,0.8983050847457628,33,"71.433349434",0.15094339622641514,0.24242424242424243,0.1509433962264151,0.030303030303030304,0.018867924528301886,"7.414093774",1,-6.138619452379542,20,0.37735849056603776,14,0.2641509433962264
682657,"Martínez, Angel",699,0.9042690815006468,561,"71.426448898",0.18025751072961374,0.2994652406417112,0.24034334763948498,0.11229946524064172,0.09012875536480687,"7.351450129",15,-5.945464644763295,138,0.19742489270386265,266,0.3805436337625179
664774,"Wade Jr., LaMonte",232,0.9027237354085603,177,"71.423856983",0.10344827586206895,0.2994350282485876,0.22844827586206898,0.10734463276836158,0.08189655172413793,"6.946315991",4,-10.233533101170647,55,0.23706896551724138,83,0.3577586206896552
649966,"Urías, Luis",104,0.9043478260869565,92,"71.417568173",0.24038461538461545,0.2717391304347826,0.2403846153846154,0.09782608695652174,0.08653846153846154,"7.69483875",2,-0.8865832609366112,12,0.11538461538461539,41,0.3942307692307692
663656,"Tucker, Kyle",1055,0.9017094017094017,858,"71.414969251",0.1933649289099526,0.331002331002331,0.26919431279620853,0.10023310023310024,0.08151658767772511,"7.30550127",15,-28.398769427230384,197,0.18672985781990523,419,0.3971563981042654
650859,"Rengifo, Luis",569,0.9031746031746032,461,"71.399255378",0.17047451669595778,0.3492407809110629,0.28295254833040423,0.10845986984815618,0.08787346221441125,"7.220702144",3,-25.922027767485744,108,0.18980667838312829,245,0.4305799648506151
800325,"Lara, Luis",323,0.9047619047619048,277,"71.375426966",0.1671826625386998,0.3249097472924188,0.2786377708978328,0.1299638989169675,0.11145510835913312,"6.890102879",6,-12.314399730860243,46,0.14241486068111456,144,0.4458204334365325
672761,"Pérez, Wenceel",277,0.9052287581699346,227,"71.354880614",0.18050541516245489,0.3656387665198238,0.2996389891696751,0.13656387665198239,0.11191335740072202,"6.995309386",0,-16.37715571552252,50,0.18050541516245489,121,0.4368231046931408
596142,"Sánchez, Gary",355,0.8987341772151899,258,"71.352935915",0.22253521126760564,0.3643410852713178,0.2647887323943662,0.1744186046511628,0.1267605633802817,"7.245866761",14,-7.5871234816937525,97,0.27323943661971833,152,0.428169014084507
571448,"Arenado, Nolan",965,0.9018691588785047,757,"71.350440207",0.15129533678756477,0.2919418758256275,0.22901554404145077,0.08982826948480846,0.07046632124352331,"8.396247762",35,-1.5428262645678534,208,0.2155440414507772,375,0.38860103626943004
502671,"Goldschmidt, Paul",659,0.9052197802197802,496,"71.348284901",0.1456752655538695,0.31451612903225806,0.23672230652503792,0.12701612903225806,0.09559939301972686,"7.537624962",6,-4.292356983437704,163,0.2473444613050076,250,0.37936267071320184
691858,"Serna, Jared",57,0.9193548387096774,43,"71.346096667",0.12280701754385963,0.27906976744186046,0.21052631578947367,0.046511627906976744,0.03508771929824561,"7.238467193",1,-2.900563685227758,14,0.24561403508771928,20,0.3508771929824561
701678,"Lee, Hao-Yu",571,0.9063492063492063,433,"71.340515289",0.2119089316987741,0.3579676674364896,0.2714535901926445,0.15011547344110854,0.1138353765323993,"6.966839335",15,-4.069640550754125,138,0.24168126094570927,225,0.39404553415061294
664728,"Isbel, Kyle",462,0.9148514851485149,376,"71.337065433",0.13852813852813856,0.3351063829787234,0.2727272727272727,0.12234042553191489,0.09956709956709957,"7.139486234",3,-16.068435212071346,86,0.18614718614718614,199,0.43073593073593075
571970,"Muncy, Max",884,0.9048106448311156,626,"71.329839231",0.14027149321266966,0.3514376996805112,0.248868778280543,0.16134185303514376,0.11425339366515837,"6.964656923",16,-1.2197222763182103,258,0.2918552036199095,312,0.35294117647058826
686894,"Wiemer, Joey",116,0.8992248062015504,83,"71.311724397",0.3448275862068965,0.27710843373493976,0.19827586206896552,0.1686746987951807,0.1206896551724138,"7.197034224",11,2.6138188306777552,33,0.28448275862068967,39,0.33620689655172414
573262,"Yastrzemski, Mike",673,0.9070080862533693,532,"71.309747296",0.08023774145616644,0.34962406015037595,0.2763744427934621,0.12593984962406016,0.09955423476968796,"7.490524027",21,-19.804446782456658,141,0.20950965824665677,254,0.3774145616641902
665923,"Ruiz, Esteury",418,0.9028077753779697,283,"71.2966239",0.1866028708133972,0.20848056537102475,0.14114832535885166,0.06713780918727916,0.045454545454545456,"7.619960789",10,-8.884003903689086,135,0.3229665071770335,121,0.2894736842105263
691026,"Winn, Masyn",779,0.9026651216685979,606,"71.295843363",0.15275994865211812,0.3580858085808581,0.2785622593068036,0.13861386138613863,0.10783055198973042,"7.326844891",11,-24.899016791965863,173,0.2220795892169448,338,0.4338896020539153
641487,"Crawford, J.P.",692,0.9022164276401564,578,"71.287449364",0.1777456647398844,0.34429065743944637,0.2875722543352601,0.10726643598615918,0.08959537572254335,"7.390965289",5,-24.45794803113632,114,0.16473988439306358,297,0.4291907514450867
681807,"Fry, David",347,0.9012987012987013,259,"71.282877378",0.1412103746397695,0.25096525096525096,0.1873198847262248,0.0888030888030888,0.06628242074927954,"8.16238562",17,-8.569723499969538,88,0.25360230547550433,111,0.31988472622478387
805808,"McGonigle, Kevin",1078,0.9028475711892797,920,"71.232725334",0.1595547309833024,0.35,0.2987012987012987,0.12282608695652174,0.10482374768089053,"6.948459657",18,-15.525934133377572,158,0.14656771799628943,473,0.4387755102040816
682177,"Schneemann, Daniel",503,0.8998211091234347,355,"71.212802187",0.11332007952286283,0.30704225352112674,0.21669980119284293,0.1295774647887324,0.09145129224652088,"7.036718688",12,-16.991983795566313,148,0.294234592445328,167,0.3320079522862823
609280,"Andujar, Miguel",437,0.9010309278350516,361,"71.209669314",0.19221967963386727,0.31301939058171746,0.2585812356979405,0.11634349030470914,0.09610983981693363,"7.550000412",9,-8.092569806213874,76,0.17391304347826086,179,0.4096109839816934
668715,"Steer, Spencer",611,0.9038461538461539,465,"71.171335254",0.0834697217675941,0.34408602150537637,0.2618657937806874,0.15268817204301074,0.11620294599018004,"7.376369885",9,-13.120197681322416,146,0.23895253682487724,242,0.3960720130932897
694378,"Gonzalez, Jacob",432,0.9018789144050104,347,"71.164276204",0.1412037037037037,0.2737752161383285,0.2199074074074074,0.10662824207492795,0.08564814814814815,"7.225668519",7,-15.209010843358703,85,0.19675925925925927,153,0.3541666666666667
667472,"Myers, Dane",485,0.9048507462686567,379,"71.154848309",0.18350515463917524,0.3113456464379947,0.24329896907216494,0.11609498680738786,0.09072164948453608,"7.203589691",7,-6.224108852531916,106,0.21855670103092784,170,0.35051546391752575
664761,"Bohm, Alec",957,0.9096958174904943,816,"71.144755026",0.14524555903866243,0.4019607843137255,0.34273772204806685,0.16176470588235295,0.13793103448275862,"7.179350366",9,-19.235182369487095,141,0.14733542319749215,464,0.48484848484848486
694376,"Whitcomb, Shay",184,0.9108910891089109,134,"71.08524788",0.15217391304347827,0.26865671641791045,0.1956521739130435,0.12686567164179105,0.09239130434782608,"7.60928337",3,-7.436667954549594,50,0.2717391304347826,71,0.3858695652173913
596103,"Slater, Austin",118,0.9007633587786259,84,"71.077563136",0.10169491525423731,0.2976190476190476,0.211864406779661,0.05952380952380952,0.0423728813559322,"6.923558983",2,-4.998887044178488,34,0.288135593220339,40,0.3389830508474576
676439,"Feduccia, Hunter",369,0.902200488997555,294,"71.071591789",0.13279132791327916,0.36054421768707484,0.2872628726287263,0.11904761904761904,0.0948509485094851,"7.003262222",7,-14.865235971243424,75,0.2032520325203252,143,0.3875338753387534
694410,"Groover, LuJames",77,0.8953488372093024,66,"71.061923377",0.10389610389610392,0.42424242424242425,0.36363636363636365,0.15151515151515152,0.12987012987012986,"6.894158831",2,-3.7987086198326216,11,0.14285714285714285,35,0.45454545454545453
656976,"Smith, Pavin",194,0.8981481481481481,161,"71.025111443",0.11340206185567009,0.2981366459627329,0.24742268041237114,0.11180124223602485,0.09278350515463918,"7.433995412",6,-7.8237200072044475,33,0.17010309278350516,75,0.3865979381443299
670770,"Friedl, TJ",356,0.9012658227848102,270,"71.003461376",0.11797752808988765,0.35185185185185186,0.26685393258426965,0.1,0.07584269662921349,"6.80097927",13,-26.794155806444415,86,0.24157303370786518,153,0.4297752808988764
663697,"India, Jonathan",82,0.9010989010989011,67,"71.00319939",0.14634146341463414,0.29850746268656714,0.24390243902439024,0.08955223880597014,0.07317073170731707,"7.386544756",3,-2.7211360978696386,15,0.18292682926829268,35,0.4268292682926829
701807,"Benge, Carson",1078,0.902092050209205,856,"70.99817334",0.16975881261595546,0.3189252336448598,0.2532467532467532,0.13317757009345793,0.10575139146567718,"6.60813436",33,-14.355880777374082,222,0.20593692022263452,414,0.38404452690166974
596115,"Story, Trevor",502,0.9077757685352622,349,"70.970181474",0.13346613545816735,0.27793696275071633,0.19322709163346613,0.1174785100286533,0.08167330677290836,"7.406612888",6,-14.543773770908174,153,0.3047808764940239,162,0.32270916334661354
805347,"Jarvis, Jim",173,0.9010416666666666,141,"70.967601214",0.12138728323699421,0.375886524822695,0.3063583815028902,0.1347517730496454,0.10982658959537572,"7.115259422",3,-8.238570224593504,32,0.18497109826589594,79,0.45664739884393063
543309,"Higashioka, Kyle",293,0.8987730061349694,224,"70.964737816",0.11262798634812286,0.32589285714285715,0.24914675767918087,0.11607142857142858,0.08873720136518772,"7.327369317",9,-8.225148997126357,69,0.2354948805460751,109,0.3720136518771331
656775,"Mullins, Cedric",837,0.9019396551724138,658,"70.951719391",0.0931899641577061,0.32066869300911854,0.2520908004778972,0.10182370820668693,0.08004778972520908,"7.432152174",11,-39.38306809962794,179,0.21385902031063322,305,0.3643966547192354
605170,"Caratini, Victor",550,0.9060955518945635,436,"70.903120473",0.1290909090909091,0.4036697247706422,0.32,0.12385321100917432,0.09818181818181818,"6.9882046",15,-20.417374875617988,114,0.20727272727272728,242,0.44
545121,"Vargas, Ildemaro",731,0.9047029702970297,631,"70.90029249",0.1696306429548564,0.358161648177496,0.3091655266757866,0.12995245641838352,0.1121751025991792,"7.395010027",11,-18.062157601681424,100,0.13679890560875513,366,0.5006839945280438
683011,"Volpe, Anthony",398,0.9004524886877828,304,"70.887556482",0.13819095477386933,0.32894736842105265,0.25125628140703515,0.12171052631578948,0.09296482412060302,"7.058615829",8,-15.913478868067775,94,0.23618090452261306,154,0.3869346733668342
679822,"Foscue, Justin",398,0.8963963963963963,322,"70.875692588",0.10804020100502512,0.32298136645962733,0.2613065326633166,0.13664596273291926,0.11055276381909548,"7.127138417",4,4.242485297419926,76,0.19095477386934673,147,0.3693467336683417
663837,"Vierling, Matt",474,0.9080459770114943,389,"70.867111477",0.0759493670886076,0.35732647814910024,0.29324894514767935,0.13367609254498714,0.10970464135021098,"7.422233523",2,-18.161043478038337,85,0.17932489451476794,210,0.4430379746835443
668227,"Arozarena, Randy",1097,0.8999179655455292,828,"70.866468997",0.2224247948951686,0.34541062801932365,0.26071103008204194,0.1473429951690821,0.11121239744758432,"7.209332416",20,-5.932818742585581,269,0.24521422060164083,383,0.34913400182315407
661531,"Serven, Brian",142,0.9044585987261147,104,"70.859749085",0.07042253521126762,0.38461538461538464,0.28169014084507044,0.15384615384615385,0.11267605633802817,"7.403599155",4,-5.431901710029664,38,0.2676056338028169,56,0.39436619718309857
687093,"Grissom, Vaughn",761,0.9016587677725119,602,"70.846660802",0.15900131406044674,0.3338870431893688,0.26412614980289095,0.12458471760797342,0.09855453350854139,"7.217885887",22,-12.300095154454512,159,0.20893561103810776,303,0.39816031537450725
693304,"Gonzales, Nick",1017,0.9064171122994652,806,"70.83291532",0.11996066863323501,0.31141439205955335,0.24680432645034414,0.10173697270471464,0.08062930186823992,"7.388528899",15,-12.950775034355742,211,0.20747295968534907,412,0.4051130776794494
690976,"Freeland, Alex",391,0.9093023255813953,290,"70.828658977",0.08951406649616367,0.3586206896551724,0.2659846547314578,0.14482758620689656,0.10741687979539642,"6.883798082",14,-12.758166693704123,101,0.25831202046035806,148,0.37851662404092073
666971,"Gurriel Jr., Lourdes",329,0.90633608815427,258,"70.822242796",0.10942249240121583,0.3449612403100775,0.270516717325228,0.09302325581395349,0.0729483282674772,"7.54816617",6,-17.383211267488864,71,0.21580547112462006,133,0.40425531914893614
669242,"Edman, Tommy",498,0.9087591240875912,388,"70.811445622",0.142570281124498,0.3247422680412371,0.25301204819277107,0.13402061855670103,0.10441767068273092,"6.994787309",2,-8.367587851625363,110,0.22088353413654618,211,0.42369477911646586
676914,"Schneider, Davis",230,0.9019607843137255,156,"70.800639043",0.10869565217391308,0.3076923076923077,0.20869565217391303,0.1346153846153846,0.09130434782608696,"7.047371913",5,-10.162750489723225,74,0.3217391304347826,67,0.29130434782608694
640902,"Pereda, Jhonny",179,0.8994974874371859,139,"70.786849944",0.06145251396648047,0.34532374100719426,0.2681564245810056,0.12949640287769784,0.1005586592178771,"7.346076089",1,-5.463894334595843,40,0.22346368715083798,67,0.3743016759776536
669384,"Delgado, Raynel",61,0.9384615384615385,46,"70.737501967",0.049180327868852465,0.41304347826086957,0.3114754098360656,0.06521739130434782,0.04918032786885246,"7.257628525",1,-2.937764125453675,15,0.2459016393442623,29,0.47540983606557374
663757,"Grisham, Trent",682,0.9069148936170213,574,"70.715192067",0.08651026392961877,0.41289198606271776,0.34750733137829914,0.18292682926829268,0.15395894428152493,"7.353857214",6,-19.915165320650836,108,0.15835777126099707,314,0.4604105571847507
656811,"O'Hearn, Ryan",727,0.9098873591989988,584,"70.714998418",0.08665749656121047,0.3373287671232877,0.27097661623108665,0.11986301369863013,0.09628610729023383,"7.131070083",14,-8.683482229194123,143,0.19669876203576342,290,0.3988995873452545
681393,"Norby, Connor",660,0.9016393442622951,497,"70.707256136",0.09696969696969698,0.27565392354124746,0.20757575757575758,0.096579476861167,0.07272727272727272,"7.047228773",26,-16.21775083093853,163,0.24696969696969698,215,0.32575757575757575
663647,"Hayes, Ke'Bryan",363,0.9143576826196473,281,"70.696101433",0.055096418732782364,0.42704626334519574,0.3305785123966942,0.16725978647686832,0.12947658402203857,"6.821033829",3,-26.394185218446225,82,0.22589531680440772,173,0.4765840220385675
695391,"Harris, Brett",71,0.8987341772151899,53,"70.693689296",0.05633802816901409,0.32075471698113206,0.23943661971830985,0.09433962264150944,0.07042253521126761,"7.287254085",3,-5.594030232813767,18,0.2535211267605634,27,0.38028169014084506
669398,"Workman, Gage",82,0.9111111111111111,55,"70.682596951",0.10975609756097562,0.36363636363636365,0.24390243902439024,0.14545454545454545,0.0975609756097561,"6.924650976",0,-4.065224614859548,27,0.32926829268292684,23,0.2804878048780488
571771,"Hernández, Enrique",160,0.903954802259887,123,"70.673338188",0.15,0.34959349593495936,0.26875,0.13008130081300814,0.1,"7.523596063",6,-4.7485012301577685,37,0.23125,60,0.375
650559,"De La Cruz, Bryan",161,0.9044943820224719,127,"70.645757019",0.1552795031055901,0.3464566929133858,0.2732919254658385,0.14960629921259844,0.11801242236024845,"7.287183043",8,-3.126830191197672,34,0.2111801242236025,65,0.40372670807453415
686469,"Pasquantino, Vinnie",795,0.9064994298745724,690,"70.631307157",0.10817610062893082,0.33768115942028987,0.2930817610062893,0.14057971014492754,0.1220125786163522,"7.384874604",12,-13.33611152227639,105,0.1320754716981132,330,0.41509433962264153
668670,"Rogers, Jake",254,0.900709219858156,191,"70.626618189",0.047244094488188976,0.32460732984293195,0.2440944881889764,0.09424083769633508,0.07086614173228346,"7.56328622",12,-9.990070358311714,63,0.24803149606299213,88,0.3464566929133858
606115,"Arcia, Orlando",75,0.9036144578313253,61,"70.623119867",0.13333333333333333,0.4098360655737705,0.3333333333333333,0.04918032786885246,0.04,"7.810489867",3,-0.37262788023884963,14,0.18666666666666668,37,0.49333333333333335
703492,"Morabito, Nick",60,0.9090909090909091,45,"70.6062385",0.2333333333333333,0.37777777777777777,0.2833333333333333,0.17777777777777778,0.13333333333333333,"6.8208185",3,-3.178313272446718,15,0.25,24,0.4
663886,"Stephenson, Tyler",752,0.9071170084439083,573,"70.595530199",0.07845744680851066,0.3333333333333333,0.25398936170212766,0.13961605584642234,0.10638297872340426,"7.39709516",27,-18.40573495096751,179,0.23803191489361702,267,0.3550531914893617
668939,"Rutschman, Adley",625,0.9018759018759018,536,"70.588416352",0.12000000000000004,0.35074626865671643,0.3008,0.13432835820895522,0.1152,"6.930200528",14,-7.694299244558898,89,0.1424,275,0.44
666126,"Cortes, Carlos",603,0.8986587183308494,469,"70.58118005",0.12603648424543948,0.3368869936034115,0.2620232172470978,0.14285714285714285,0.1111111111111111,"7.02486927",11,-24.25729826005117,134,0.2222222222222222,244,0.4046434494195688
608348,"Kelly, Carson",671,0.9055330634278003,537,"70.579016751",0.08494783904619971,0.35567970204841715,0.2846497764530551,0.12476722532588454,0.09985096870342772,"6.940732474",5,-14.261029311836873,134,0.19970193740685543,288,0.42921013412816694
702616,"Holliday, Jackson",532,0.9032258064516129,398,"70.558466861",0.062030075187969935,0.35175879396984927,0.2631578947368421,0.11557788944723618,0.08646616541353383,"7.034651898",12,-16.798313233672015,134,0.2518796992481203,219,0.4116541353383459
671289,"Freeman, Tyler",424,0.8983050847457628,380,"70.539777524",0.12735849056603774,0.33421052631578946,0.29952830188679247,0.12894736842105264,0.11556603773584906,"7.016817123",5,-15.355305984026444,44,0.10377358490566038,198,0.4669811320754717
457705,"McCutchen, Andrew",141,0.8980891719745223,99,"70.534003972",0.04255319148936171,0.2828282828282828,0.19858156028368795,0.08080808080808081,0.05673758865248227,"7.432390922",4,-8.213715710619333,42,0.2978723404255319,49,0.3475177304964539
642851,"Wynns, Austin",156,0.9017341040462428,118,"70.490578333",0.13461538461538464,0.2288135593220339,0.17307692307692307,0.059322033898305086,0.04487179487179487,"7.4281025",4,-8.903221847134274,38,0.24358974358974358,50,0.32051282051282054
673962,"Jung, Josh",680,0.9103078982597055,569,"70.460891485",0.08382352941176473,0.3884007029876977,0.325,0.15641476274165203,0.13088235294117648,"7.001848529",15,0.7349507767231246,111,0.16323529411764706,302,0.4441176470588235
683734,"Vaughn, Andrew",448,0.9050505050505051,368,"70.442986049",0.1294642857142858,0.41304347826086957,0.3392857142857143,0.14130434782608695,0.11607142857142858,"7.156394509",8,-5.598245216076324,80,0.17857142857142858,209,0.46651785714285715
669707,"Triolo, Jared",528,0.9072164948453608,419,"70.432052633",0.047348484848484855,0.34844868735083534,0.2765151515151515,0.12410501193317422,0.09848484848484848,"7.646902576",10,-19.75548175346597,109,0.20643939393939395,239,0.45265151515151514
663368,"Perkins, Blake",150,0.9036144578313253,118,"70.430577133",0.08666666666666668,0.3135593220338983,0.24666666666666667,0.1016949152542373,0.08,"7.397832867",1,-7.456389260054378,32,0.21333333333333335,58,0.38666666666666666
602104,"Urías, Ramón",156,0.9122807017543859,122,"70.427999808",0.057692307692307696,0.3360655737704918,0.26282051282051283,0.12295081967213115,0.09615384615384616,"7.383530256",4,-7.192181472320163,34,0.21794871794871795,62,0.3974358974358974
805999,"Ewing, A.J.",777,0.9034883720930232,596,"70.411192523",0.12612612612612611,0.33221476510067116,0.2548262548262548,0.13590604026845637,0.10424710424710425,"6.505373912",24,-21.755517304047125,181,0.23294723294723294,290,0.3732303732303732
680474,"Schuemann, Max",126,0.9130434782608695,91,"70.402333333",0.07142857142857147,0.31868131868131866,0.23015873015873015,0.10989010989010989,0.07936507936507936,"7.32369381",2,-3.1308650133528895,35,0.2777777777777778,41,0.3253968253968254
644433,"Tromp, Chadwick",85,0.9139784946236559,64,"70.352167765",0.09411764705882353,0.265625,0.2,0.03125,0.023529411764705882,"8.167352118",2,-6.552387738686201,21,0.24705882352941178,32,0.3764705882352941
670097,"Short, Zack",107,0.9145299145299145,73,"70.328213925",0.03738317757009345,0.3150684931506849,0.21495327102803738,0.0547945205479452,0.037383177570093455,"7.136677664",0,-7.942714208598071,34,0.3177570093457944,29,0.27102803738317754
666018,"Aranda, Jonathan",1098,0.9037037037037037,862,"70.281641439",0.1293260473588343,0.3491879350348028,0.27413479052823314,0.14153132250580047,0.1111111111111111,"7.126032796",20,-7.22604256500129,236,0.21493624772313297,387,0.3524590163934426
665804,"Amaya, Miguel",413,0.9017467248908297,305,"70.235776586",0.09443099273607751,0.31475409836065577,0.2324455205811138,0.09180327868852459,0.06779661016949153,"7.443915012",8,-14.214933587083774,108,0.26150121065375304,136,0.32929782082324455
682997,"Callihan, Tyler",203,0.9103139013452914,131,"70.233019409",0.1083743842364532,0.20610687022900764,0.1330049261083744,0.07633587786259542,0.04926108374384237,"7.490657192",1,-8.887905772106498,72,0.35467980295566504,48,0.23645320197044334
664059,"Haggerty, Sam",75,0.9036144578313253,53,"70.225228267",0.09333333333333332,0.24528301886792453,0.17333333333333334,0.03773584905660377,0.02666666666666667,"7.023559733",3,-7.147755405003527,22,0.29333333333333333,24,0.32
645305,"Sánchez, Ali",136,0.9066666666666666,111,"70.208982794",0.07352941176470591,0.2972972972972973,0.2426470588235294,0.0990990990990991,0.08088235294117647,"7.230612868",0,-3.2993793111260508,25,0.18382352941176472,58,0.4264705882352941
692216,"Kayfus, CJ",51,0.9107142857142857,33,"70.208144314",0.1764705882352941,0.24242424242424243,0.1568627450980392,0.12121212121212122,0.0784313725490196,"6.641878039",0,-1.6085711555733162,18,0.35294117647058826,11,0.21568627450980393
668800,"Knizner, Andrew",125,0.9057971014492754,96,"70.19603536",0.072,0.3229166666666667,0.248,0.125,0.096,"7.165526",8,-2.85680378552007,29,0.232,50,0.4
620443,"Torrens, Luis",476,0.9066666666666666,378,"70.190299013",0.06722689075630256,0.3333333333333333,0.2647058823529412,0.12169312169312169,0.09663865546218488,"7.059614748",6,-11.003317363195617,98,0.20588235294117646,185,0.38865546218487396
686797,"Lee, Brooks",1095,0.9042113955408753,884,"70.181328374",0.08219178082191783,0.3393665158371041,0.273972602739726,0.10407239819004525,0.08401826484018265,"7.017036174",26,-16.649239271903205,211,0.19269406392694063,432,0.39452054794520547
641680,"Heim, Jonah",615,0.9070796460176991,486,"70.178102764",0.11382113821138212,0.3292181069958848,0.2601626016260163,0.09053497942386832,0.07154471544715447,"7.583021431",10,-28.692287655661247,129,0.2097560975609756,252,0.4097560975609756
608070,"Ramírez, José",878,0.9107883817427386,749,"70.174930319",0.11389521640091115,0.3311081441922563,0.2824601366742597,0.1295060080106809,0.11047835990888383,"7.241115273",6,-25.29703772722543,129,0.1469248291571754,367,0.417995444191344
691720,"Karros, Kyle",717,0.9030226700251889,560,"70.167013152",0.07252440725244075,0.34464285714285714,0.2691771269177127,0.13214285714285715,0.10320781032078104,"6.992645091",29,-15.00216656959535,157,0.21896792189679218,280,0.3905160390516039
805300,"Marsee, Jakob",829,0.9020674646354734,704,"70.154974246",0.057901085645355885,0.3352272727272727,0.28468033775633295,0.10369318181818182,0.08805790108564536,"6.739602328",28,-22.396207433851117,125,0.15078407720144751,363,0.4378769601930036
687859,"Johnston, Troy",743,0.904993909866017,566,"70.145908762",0.05383580080753702,0.36925795053003535,0.2812920592193809,0.12014134275618374,0.09152086137281291,"6.776656918",7,-19.54680696404993,177,0.23822341857335128,290,0.39030955585464333
668930,"Turang, Brice",1065,0.9040747028862479,837,"70.106165146",0.11173708920187793,0.3201911589008363,0.2516431924882629,0.13859020310633213,0.10892018779342723,"6.784419521",23,-1.828076296979018,228,0.2140845070422535,376,0.3530516431924883
518692,"Freeman, Freddie",1222,0.9065281899109793,967,"70.102391326",0.07528641571194766,0.32574974146845914,0.25777414075286414,0.13029989658738367,0.10310965630114566,"6.708521972",22,-25.430310028055995,255,0.20867430441898527,444,0.36333878887070375
680737,"Helman, Michael",53,0.9137931034482759,42,"70.082507736",0.01886792452830188,0.30952380952380953,0.24528301886792453,0,0,"7.719474151",0,-4.101501219834991,11,0.20754716981132076,20,0.37735849056603776
647304,"Naylor, Josh",982,0.9050691244239631,835,"70.070891741",0.0885947046843177,0.3772455089820359,0.32077393075356414,0.12335329341317365,0.10488798370672098,"7.48888333",18,-36.99495609494468,147,0.14969450101832993,478,0.48676171079429736
678009,"Meadows, Parker",66,0.9041095890410958,53,"70.06977697",0.015151515151515152,0.3018867924528302,0.24242424242424243,0.03773584905660377,0.030303030303030304,"7.235665758",0,-2.7719057069136297,13,0.19696969696969696,26,0.3939393939393939
643217,"Benintendi, Andrew",825,0.9036144578313253,602,"70.042115685",0.04969696969696971,0.36046511627906974,0.263030303030303,0.1345514950166113,0.09818181818181818,"7.166091115",16,-21.26166544173289,223,0.2703030303030303,303,0.36727272727272725
643376,"Jansen, Danny",341,0.8973684210526316,268,"69.98586349",0.06744868035190614,0.3208955223880597,0.25219941348973607,0.09328358208955224,0.07331378299120235,"7.033877478",15,-12.637558332778358,73,0.21407624633431085,129,0.3782991202346041
665861,"Rivero, Sebastián",119,0.8947368421052632,91,"69.974327143",0.1008403361344538,0.2087912087912088,0.15966386554621848,0.054945054945054944,0.04201680672268908,"7.357137059",4,-3.81261027459443,28,0.23529411764705882,39,0.3277310924369748
806198,"Pratt, Cooper",422,0.9017094017094017,331,"69.899224052",0.08530805687203794,0.3323262839879154,0.26066350710900477,0.09969788519637462,0.07819905213270142,"6.989345355",5,-6.093498231348493,91,0.2156398104265403,171,0.4052132701421801
695238,"Wagner, Will",62,0.8985507246376812,53,"69.886913226",0.04838709677419355,0.2830188679245283,0.24193548387096775,0.05660377358490566,0.04838709677419355,"6.581016129",1,-1.5290471718423355,9,0.14516129032258066,26,0.41935483870967744
677950,"Thomas, Alek",188,0.9038461538461539,147,"69.880905319",0.06382978723404256,0.3741496598639456,0.2925531914893617,0.14285714285714285,0.11170212765957446,"6.934739628",6,-9.695725211637958,41,0.21808510638297873,74,0.39361702127659576
691011,"Romo, Drew",333,0.9024390243902439,237,"69.869240511",0.051051051051051045,0.29957805907172996,0.2132132132132132,0.09282700421940929,0.06606606606606606,"7.45006973",10,-17.78336208678848,96,0.2882882882882883,128,0.3843843843843844
669257,"Smith, Will",438,0.906832298136646,373,"69.856649155",0.06392694063926942,0.3378016085790885,0.2876712328767123,0.13941018766756033,0.1187214611872146,"7.282424863",11,-6.973913012280456,65,0.14840182648401826,181,0.4132420091324201
641355,"Bellinger, Cody",900,0.9018036072144289,739,"69.855519322",0.04000000000000001,0.39242219215155616,0.32222222222222224,0.12855209742895804,0.10555555555555556,"7.906151933",13,-8.14725978542257,161,0.17888888888888888,394,0.43777777777777777
806956,"Salas, Ethan",66,0.9295774647887324,53,"69.84763303",0.16666666666666669,0.37735849056603776,0.30303030303030304,0.1320754716981132,0.10606060606060606,"6.881614697",0,0.006326403634834617,13,0.19696969696969696,26,0.3939393939393939
681082,"Stott, Bryson",952,0.9049429657794676,784,"69.846501502",0.07037815126050419,0.375,0.3088235294117647,0.1288265306122449,0.10609243697478991,"7.235400935",16,-16.37356078213105,168,0.17647058823529413,412,0.4327731092436975
666023,"Fermin, Freddy",439,0.9051546391752577,333,"69.840348929",0.06150341685649201,0.32732732732732733,0.24829157175398633,0.09009009009009009,0.0683371298405467,"7.624263326",14,-20.204026741838756,106,0.24145785876993167,159,0.3621867881548975
700932,"Manzardo, Kyle",601,0.9024024024024024,437,"69.822623161",0.06322795341098171,0.3295194508009153,0.23960066555740434,0.11441647597254005,0.08319467554076539,"7.3732399",12,-15.15309795139674,164,0.27287853577371046,193,0.3211314475873544
666182,"Bichette, Bo",1214,0.900593471810089,988,"69.815160157",0.1449752883031301,0.32388663967611336,0.26359143327841844,0.13562753036437247,0.11037891268533773,"7.158543773",10,-23.70590895165482,226,0.18616144975288304,470,0.3871499176276771
690984,"Halpin, Petey",334,0.9002695417789758,257,"69.805362275",0.04491017964071858,0.311284046692607,0.23952095808383234,0.10505836575875487,0.08083832335329341,"7.034945808",4,-13.797589718304286,77,0.23053892215568864,132,0.39520958083832336
695508,"Cauley, Cam",89,0.898989898989899,61,"69.804384045",0.15730337078651685,0.32786885245901637,0.2247191011235955,0.06557377049180328,0.0449438202247191,"6.920512022",2,-2.0910192243265353,28,0.3146067415730337,35,0.39325842696629215
677587,"Rocchio, Brayan",990,0.9099264705882353,781,"69.771189848",0.06363636363636363,0.3444302176696543,0.2717171717171717,0.08962868117797695,0.0707070707070707,"7.308661414",12,-26.766906779241076,209,0.2111111111111111,408,0.4121212121212121
608324,"Bregman, Alex",1039,0.9011274934952298,897,"69.765724293",0.03272377285851781,0.391304347826087,0.33782483156881615,0.10925306577480491,0.09432146294513956,"6.995453128",20,-3.0876173829179976,142,0.136669874879692,483,0.46487006737247355
814154,"Bandura, Scott",59,0.8939393939393939,35,"69.761452034",0.06779661016949153,0.14285714285714285,0.0847457627118644,0.02857142857142857,0.01694915254237288,"6.500845254",0,-2.226734677343257,24,0.4067796610169492,10,0.1694915254237288
571912,"Maile, Luke",67,0.9054054054054054,50,"69.76017194",0.029850746268656723,0.3,0.22388059701492538,0.1,0.07462686567164178,"6.737832985",2,-2.9258685742409054,17,0.2537313432835821,27,0.40298507462686567
687551,"Gilbert, Drew",571,0.8992125984251969,461,"69.734891296",0.06304728546409807,0.3557483731019523,0.287215411558669,0.1193058568329718,0.09632224168126094,"7.522309825",16,-18.13044030780048,110,0.19264448336252188,257,0.4500875656742557
702176,"Roden, Alan",132,0.8979591836734694,114,"69.723283182",0.10606060606060609,0.35964912280701755,0.3106060606060606,0.13157894736842105,0.11363636363636363,"6.899769091",5,-2.8865469688867162,18,0.13636363636363635,64,0.48484848484848486
807713,"Shaw, Matt",318,0.8983050847457628,256,"69.721333176",0.07861635220125787,0.328125,0.2641509433962264,0.1015625,0.08176100628930817,"7.071348396",4,-6.893216060937023,62,0.1949685534591195,130,0.4088050314465409
683953,"Bazzana, Travis",820,0.9030837004405287,646,"69.718032073",0.12195121951219509,0.3204334365325077,0.2524390243902439,0.09752321981424149,0.07682926829268293,"6.996316976",27,-17.59236248369232,174,0.2121951219512195,298,0.36341463414634145
671976,"Peters, Tristan",821,0.9041850220264317,643,"69.710699671",0.07186358099878197,0.3390357698289269,0.26552984165651644,0.1181959564541213,0.0925700365408039,"6.907520037",17,-12.75957578332229,178,0.21680876979293545,308,0.3751522533495737
695731,"Montgomery, Braden",631,0.9001426533523538,457,"69.705664342",0.08716323296354991,0.3479212253829322,0.2519809825673534,0.1487964989059081,0.10776545166402536,"6.542081886",25,-26.384225099930937,174,0.2757527733755943,236,0.37400950871632327
592206,"Castellanos, Nick",238,0.9049429657794676,161,"69.661222983",0.10084033613445376,0.32919254658385094,0.22268907563025211,0.12422360248447205,0.08403361344537816,"7.672651345",3,-6.996013039945274,77,0.3235294117647059,78,0.3277310924369748
682877,"Brito, Juan",218,0.9121338912133892,164,"69.651062477",0.04587155963302753,0.2804878048780488,0.21100917431192662,0.10975609756097561,0.08256880733944955,"7.487839312",3,-6.528707498850548,54,0.24770642201834864,77,0.3532110091743119
605141,"Betts, Mookie",691,0.902088772845953,627,"69.643564284",0.08827785817655573,0.45773524720893144,0.4153400868306802,0.1419457735247209,0.1287988422575977,"6.999978944",26,-6.294130622854443,64,0.09261939218523878,384,0.5557163531114327
803011,"Antonacci, Sam",826,0.9027322404371585,718,"69.633534516",0.07021791767554479,0.3579387186629526,0.31113801452784506,0.09192200557103064,0.07990314769975787,"6.653972276",12,-20.69756122688378,108,0.13075060532687652,376,0.4552058111380145
701675,"Church, Nathan",875,0.9011328527291452,693,"69.62399496",0.08571428571428572,0.2813852813852814,0.22285714285714286,0.09523809523809523,0.07542857142857143,"7.107375349",10,-28.62898039133116,182,0.208,318,0.36342857142857143
696285,"Young, Jacob",662,0.905608755129959,531,"69.613620891",0.0256797583081571,0.4067796610169492,0.32628398791540786,0.1318267419962335,0.10574018126888217,"7.18183",13,-8.104512160289614,131,0.19788519637462235,316,0.4773413897280967
641555,"Escarra, J.C.",140,0.9090909090909091,97,"69.6112055",0.03571428571428571,0.4536082474226804,0.3142857142857143,0.12371134020618557,0.08571428571428572,"7.366811071",1,-11.411547324813498,43,0.30714285714285716,57,0.40714285714285714
655316,"Monasterio, Andruw",627,0.9060693641618497,513,"69.601492201",0.03668261562998406,0.3138401559454191,0.2567783094098884,0.10136452241715399,0.08293460925039872,"6.930921579",6,-20.499969831662654,114,0.18181818181818182,235,0.3748006379585327
669699,"Shewmake, Braden",159,0.8983050847457628,120,"69.580613899",0.02515723270440252,0.4,0.3018867924528302,0.10833333333333334,0.08176100628930817,"7.144827736",1,-0.797881842385464,39,0.24528301886792453,65,0.4088050314465409
691783,"Lawlar, Jordan",210,0.9012875536480687,157,"69.542762714",0.03809523809523811,0.3630573248407643,0.2714285714285714,0.12738853503184713,0.09523809523809523,"7.207186286",9,-1.5949889340438559,53,0.2523809523809524,74,0.3523809523809524
593871,"Polanco, Jorge",225,0.896414342629482,180,"69.529663333",0.03111111111111111,0.3333333333333333,0.26666666666666666,0.10555555555555556,0.08444444444444445,"7.232603867",5,-17.93025849943901,45,0.2,95,0.4222222222222222
678882,"Rafaela, Ceddanne",1084,0.9018302828618968,826,"69.511332011",0.06826568265682659,0.3171912832929782,0.24169741697416974,0.08716707021791767,0.06642066420664207,"7.282395415",26,-2.2870773674083487,258,0.23800738007380073,401,0.3699261992619926
693409,"Prieto, César",51,0.9107142857142857,41,"69.428361176",0,0.5365853658536586,0.43137254901960786,0.17073170731707318,0.13725490196078433,"6.992931961",0,-7.783800799463175,10,0.19607843137254902,31,0.6078431372549019
810938,"Williamson, Ben",402,0.9013452914798207,334,"69.42561806",0.11691542288557215,0.3562874251497006,0.2960199004975124,0.12874251497005987,0.10696517412935323,"6.925809254",9,-12.652998573113015,68,0.1691542288557214,181,0.4502487562189055
683679,"Rodriguez, Jesus",96,0.9056603773584906,74,"69.369200521",0.031249999999999993,0.3108108108108108,0.23958333333333334,0.08108108108108109,0.0625,"7.199373229",2,-3.502164820505895,22,0.22916666666666666,39,0.40625
669326,"Teodosio, Bryce",121,0.9097744360902256,71,"69.354099835",0.024793388429752067,0.28169014084507044,0.1652892561983471,0.07042253521126761,0.04132231404958678,"6.539676446",6,-7.515910334371481,50,0.4132231404958678,37,0.30578512396694213
650968,"Pozo, Yohel",117,0.9069767441860465,96,"69.348463675",0.07692307692307691,0.3020833333333333,0.24786324786324787,0.10416666666666667,0.08547008547008547,"7.549274701",1,-3.028928792790845,21,0.1794871794871795,48,0.41025641025641024
683766,"Koss, Christian",352,0.8979591836734694,250,"69.337597614",0.06250000000000003,0.264,0.1875,0.1,0.07102272727272728,"7.103411591",14,-12.004903594170067,102,0.2897727272727273,129,0.3664772727272727
691594,"Sanoja, Javier",751,0.9026442307692307,676,"69.329764834",0.08122503328894808,0.371301775147929,0.33422103861517977,0.10502958579881656,0.09454061251664447,"7.384895952",11,1.5406908912428234,75,0.09986684420772303,378,0.5033288948069241
687231,"Hernaiz, Darell",272,0.9006622516556292,211,"69.302668603",0.07720588235294118,0.2890995260663507,0.22426470588235295,0.08056872037914692,0.0625,"7.069972794",10,-9.447602819021277,61,0.22426470588235295,101,0.3713235294117647
695720,"White, Tommy",345,0.9031413612565445,277,"69.279853739",0.1275362318840581,0.3140794223826715,0.25217391304347825,0.11191335740072202,0.08985507246376812,"7.349123797",8,-13.241356254167728,68,0.19710144927536233,144,0.41739130434782606
666152,"Hamilton, David",546,0.899505766062603,437,"69.277881648",0.049450549450549455,0.32036613272311215,0.2564102564102564,0.08695652173913043,0.0695970695970696,"7.108574341",24,-18.30767624373084,109,0.19963369963369965,220,0.40293040293040294
678391,"Vivas, Jorbit",577,0.9029733959311425,479,"69.271480555",0.039861351819757355,0.27139874739039666,0.22530329289428075,0.07933194154488518,0.0658578856152513,"7.525154281",7,-22.697834143018984,98,0.16984402079722705,244,0.42287694974003465
680700,"Palacios, Richie",629,0.9024390243902439,515,"69.266578203",0.04292527821939586,0.3262135922330097,0.2670906200317965,0.09320388349514563,0.07631160572337042,"7.275360747",19,-13.104232466409169,114,0.18124006359300476,265,0.42130365659777425
702222,"Crawford, Justin",781,0.9049826187717266,654,"69.262058015",0.06274007682458384,0.32262996941896027,0.2701664532650448,0.11314984709480122,0.09475032010243278,"7.028979718",10,-20.047534004907103,127,0.16261203585147246,326,0.4174135723431498
702332,"Durbin, Caleb",882,0.9009193054136875,757,"69.246892902",0.06122448979591836,0.31836195508586523,0.2732426303854875,0.0726552179656539,0.06235827664399093,"7.015320635",23,-21.726363073527914,125,0.1417233560090703,408,0.46258503401360546
695490,"Arroyo, Edwin",283,0.909967845659164,207,"69.231928057",0.056537102473498226,0.34299516908212563,0.2508833922261484,0.07729468599033816,0.05653710247349823,"7.343329859",3,-13.778749109046512,76,0.26855123674911663,98,0.3462897526501767
686765,"Sogard, Nick",395,0.9018264840182648,313,"69.194626025",0.055696202531645575,0.36741214057507987,0.2911392405063291,0.09584664536741214,0.0759493670886076,"7.071798937",5,-8.153662584150867,82,0.20759493670886076,168,0.4253164556962025
695670,"Ford, Harry",195,0.8986175115207373,148,"69.178240564",0.046153846153846156,0.3108108108108108,0.2358974358974359,0.10135135135135136,0.07692307692307693,"6.475773692",7,-8.209986884711547,47,0.24102564102564103,63,0.3230769230769231
807712,"Keaschall, Luke",817,0.9027624309392265,696,"69.172420808",0.0942472460220318,0.3290229885057471,0.2802937576499388,0.08045977011494253,0.06854345165238677,"6.704399621",32,-19.16234651868298,121,0.1481028151774786,372,0.45532435740514077
686475,"Tolbert, Tyler",209,0.9047619047619048,143,"69.168805789",0.028708133971291874,0.3776223776223776,0.2583732057416268,0.08391608391608392,0.05741626794258373,"6.726185407",5,-5.241632776326554,66,0.3157894736842105,89,0.4258373205741627
643289,"Dubón, Mauricio",1092,0.9002473206924979,945,"69.157822234",0.04761904761904762,0.3238095238095238,0.2802197802197802,0.08042328042328042,0.0695970695970696,"7.643659286",16,-17.406374922455193,147,0.1346153846153846,471,0.43131868131868134
669392,"Taylor, Samad",236,0.8973384030418251,169,"69.157519025",0.05932203389830511,0.3136094674556213,0.2245762711864407,0.05325443786982249,0.038135593220338986,"7.015750551",3,0.9043141901109402,67,0.2838983050847458,84,0.3559322033898305
675961,"Williams, Alika",352,0.9119170984455959,278,"69.127779261",0.031250000000000014,0.27697841726618705,0.21875,0.08992805755395683,0.07102272727272728,"6.954482699",9,-8.583158352235246,74,0.21022727272727273,139,0.39488636363636365
668885,"Martin, Austin",482,0.9043151969981238,394,"69.121257552",0.04149377593360996,0.4010152284263959,0.3278008298755187,0.09137055837563451,0.07468879668049792,"6.67074027",14,-24.248733962013233,88,0.1825726141078838,213,0.44190871369294604
595978,"Hedges, Austin",356,0.9035532994923858,277,"69.101750253",0.07584269662921349,0.34657039711191334,0.2696629213483146,0.10469314079422383,0.08146067415730338,"7.233859494",14,-4.143728137303161,79,0.22191011235955055,158,0.4438202247191011
701852,"Cavanaugh, Drew",264,0.9072164948453608,190,"69.088636174",0.041666666666666664,0.2736842105263158,0.19696969696969696,0.09473684210526316,0.06818181818181818,"6.634943674",3,-14.679997829281303,74,0.2803030303030303,80,0.30303030303030304
500743,"Rojas, Miguel",368,0.9041769041769042,314,"69.067209321",0.057065217391304345,0.3980891719745223,0.33967391304347827,0.14331210191082802,0.12228260869565218,"7.135458832",10,-9.001809929623628,54,0.14673913043478262,186,0.5054347826086957
685133,"Meckler, Wade",465,0.9046692607003891,375,"69.029246774",0.021505376344086023,0.39466666666666667,0.31827956989247314,0.08533333333333333,0.06881720430107527,"6.760097247",11,-11.469817189195528,90,0.1935483870967742,223,0.47956989247311826
678489,"Barrosa, Jorge",263,0.9037800687285223,192,"69.024311027",0.030418250950570356,0.3125,0.22813688212927757,0.046875,0.034220532319391636,"7.715531863",3,-12.200041908212278,71,0.26996197718631176,85,0.3231939163498099
801126,"Rodden, Brock",117,0.9069767441860465,73,"69.021760342",0.017094017094017096,0.3424657534246575,0.21367521367521367,0.0958904109589041,0.05982905982905983,"7.206149487",3,-5.022819704937935,44,0.37606837606837606,36,0.3076923076923077
700337,"Quero, Edgar",363,0.9029850746268657,291,"68.948030634",0.038567493112947666,0.3711340206185567,0.2975206611570248,0.12714776632302405,0.10192837465564739,"6.906819146",0,-19.516250325232757,72,0.19834710743801653,144,0.39669421487603307
669397,"Allen, Nick",233,0.9066147859922179,176,"68.911144678",0.01716738197424893,0.36363636363636365,0.27467811158798283,0.11363636363636363,0.08583690987124463,"6.691355107",4,-5.886133078949062,57,0.2446351931330472,106,0.45493562231759654
664954,"Sullivan, Brett",357,0.8969849246231156,301,"68.870336527",0.04761904761904762,0.3588039867109635,0.3025210084033613,0.08970099667774087,0.07563025210084033,"7.295127423",5,-9.755829051872535,56,0.1568627450980392,158,0.4425770308123249
645277,"Albies, Ozzie",1252,0.9007194244604316,1003,"68.854041006",0.054313099041533544,0.32801595214356927,0.26277955271565495,0.07776669990029911,0.06230031948881789,"7.165161741",16,-43.23460229296194,249,0.1988817891373802,465,0.37140575079872207
642086,"Smith, Dominic",503,0.8982142857142857,408,"68.836556123",0.06759443339960239,0.3602941176470588,0.2922465208747515,0.10784313725490197,0.0874751491053678,"6.876865249",16,-15.810973606677473,95,0.18886679920477137,216,0.4294234592445328
679845,"Loftin, Nick",564,0.9024,474,"68.815908032",0.056737588652482275,0.3860759493670886,0.324468085106383,0.09071729957805907,0.07624113475177305,"7.164565674",14,-14.245241096354226,90,0.1595744680851064,272,0.48226950354609927
676609,"Caballero, José",804,0.8993288590604027,586,"68.815348719",0.06716417910447763,0.27986348122866894,0.20398009950248755,0.07508532423208192,0.05472636815920398,"6.803545211",18,-17.735106248996228,218,0.27114427860696516,262,0.32587064676616917
691182,"Amador, Adael",164,0.9060773480662984,136,"68.812631402",0.07317073170731708,0.25735294117647056,0.21341463414634146,0.0661764705882353,0.054878048780487805,"6.817785671",0,-2.343874614907997,28,0.17073170731707318,60,0.36585365853658536
668942,"Rojas, Josh",184,0.9064039408866995,152,"68.743917065",0.03260869565217392,0.39473684210526316,0.32608695652173914,0.07236842105263158,0.059782608695652176,"7.309378424",3,-8.03598239529232,32,0.17391304347826086,85,0.46195652173913043
643446,"McNeil, Jeff",928,0.9027237354085603,807,"68.740541853",0.037715517241379316,0.3395291201982652,0.2952586206896552,0.06071871127633209,0.052801724137931036,"7.271304881",20,-25.498214419614612,121,0.13038793103448276,393,0.4234913793103448
691740,"Susac, Daniel",280,0.9120521172638436,214,"68.727809679",0.039285714285714306,0.2803738317757009,0.21428571428571427,0.09345794392523364,0.07142857142857142,"7.456344036",2,-10.610024814189213,66,0.2357142857142857,101,0.3607142857142857
669701,"Smith, Josh",407,0.9064587973273942,320,"68.716994005",0.027027027027027025,0.296875,0.2334152334152334,0.08125,0.06388206388206388,"7.021199951",12,-16.918126064214622,87,0.21375921375921375,146,0.35872235872235875
813841,"Cox, Jonah",274,0.9013157894736842,170,"68.714380365",0.05474452554744527,0.3176470588235294,0.19708029197080293,0.08823529411764706,0.05474452554744526,"6.536403978",9,-8.233369167135079,104,0.3795620437956204,71,0.2591240875912409
683737,"Busch, Michael",1100,0.90311986863711,830,"68.699622927",0.05636363636363636,0.38072289156626504,0.2872727272727273,0.13855421686746988,0.10454545454545454,"7.040849955",25,-24.19661155570279,270,0.24545454545454545,415,0.37727272727272726
687462,"Horwitz, Spencer",641,0.9092198581560283,547,"68.698806958",0.045241809672386904,0.34186471663619744,0.2917316692667707,0.09506398537477148,0.0811232449297972,"6.941252699",11,-18.156359110965365,94,0.14664586583463338,283,0.4414976599063963
701162,"Malgeri, Ben",210,0.9051724137931034,160,"68.659519905",0.028571428571428574,0.35,0.26666666666666666,0.18125,0.1380952380952381,"6.411563524",11,-2.9319163592192283,50,0.23809523809523808,79,0.3761904761904762
664702,"Straw, Myles",431,0.9073684210526316,386,"68.613543782",0.06032482598607891,0.3911917098445596,0.3503480278422274,0.06994818652849741,0.06264501160092807,"6.990270302",14,-15.766303105577222,45,0.10440835266821345,215,0.4988399071925754
514888,"Altuve, Jose",858,0.9022082018927445,686,"68.601156469",0.09090909090909091,0.35714285714285715,0.28554778554778554,0.08746355685131195,0.06993006993006994,"7.592104837",15,-12.343422879504274,172,0.20046620046620048,376,0.4382284382284382
699115,"Jorge, Carlos",87,0.8969072164948454,58,"68.556759195",0.03448275862068966,0.2413793103448276,0.16091954022988506,0.034482758620689655,0.022988505747126436,"7.408405977",2,-3.3094974864807423,29,0.3333333333333333,26,0.2988505747126437
543760,"Semien, Marcus",907,0.9024875621890547,720,"68.55486817",0.026460859977949287,0.36527777777777776,0.28996692392502754,0.08611111111111111,0.06835722160970231,"7.785215491",27,-36.10514307321681,187,0.2061742006615215,375,0.41345093715545755
621493,"Ward, Taylor",757,0.902264600715137,623,"68.543955654",0.030383091149273445,0.406099518459069,0.3342140026420079,0.12841091492776885,0.10568031704095113,"6.912069551",17,-29.732606614701613,134,0.17701453104359313,340,0.44914134742404227
687363,"Scott II, Victor",265,0.9013605442176871,195,"68.543708302",0.03396226415094341,0.3230769230769231,0.23773584905660378,0.06666666666666667,0.04905660377358491,"6.408784377",10,-15.992986341333745,70,0.2641509433962264,97,0.3660377358490566
808982,"Lee, Jung Hoo",893,0.9047619047619048,793,"68.450164267",0.03583426651735723,0.403530895334174,0.3583426651735722,0.09836065573770492,0.08734602463605823,"7.695991445",4,-16.71699194553448,100,0.11198208286674133,452,0.5061590145576708
624431,"Trevino, Jose",232,0.8957528957528957,185,"68.434703534",0.025862068965517248,0.3567567567567568,0.28448275862068967,0.0918918918918919,0.07327586206896551,"7.148236767",6,-5.187414385136147,47,0.2025862068965517,111,0.47844827586206895
643396,"Kiner-Falefa, Isiah",273,0.900990099009901,232,"68.421865531",0.03663003663003664,0.28879310344827586,0.2454212454212454,0.08189655172413793,0.0695970695970696,"6.995089267",7,-12.921162466323485,41,0.15018315018315018,125,0.45787545787545786
681198,"Rumfield, TJ",1002,0.9035166816952209,821,"68.397795269",0.07485029940119761,0.30572472594397077,0.250499001996008,0.0779537149817296,0.06387225548902195,"6.473156078",17,-10.834718237567715,181,0.18063872255489022,408,0.40718562874251496
669364,"Edwards, Xavier",866,0.9039665970772442,720,"68.342284018",0.024249422632794462,0.39305555555555555,0.32678983833718245,0.07777777777777778,0.06466512702078522,"6.505576409",16,-25.566178283099312,146,0.16859122401847576,404,0.4665127020785219
683083,"Nuñez, Nasim",796,0.9024943310657596,638,"68.33172951",0.03266331658291458,0.2993730407523511,0.2399497487437186,0.06426332288401254,0.05150753768844221,"6.771491319",24,-43.574865350442096,158,0.1984924623115578,307,0.38567839195979897
686217,"Frelick, Sal",516,0.9036777583187391,477,"68.318307752",0.03100775193798451,0.38155136268343814,0.35271317829457366,0.09853249475890985,0.09108527131782945,"7.06816157",7,-24.023932661718817,39,0.0755813953488372,272,0.5271317829457365
689414,"Hicks, Liam",746,0.9009661835748792,670,"68.316025965",0.04289544235924932,0.3701492537313433,0.3324396782841823,0.10895522388059702,0.09785522788203753,"6.856322158",11,-12.923130156075276,76,0.10187667560321716,393,0.5268096514745308
663538,"Hoerner, Nico",1046,0.9040622299049266,938,"68.31346978",0.014340344168260038,0.39658848614072495,0.35564053537284895,0.0767590618336887,0.06883365200764818,"7.28230499",14,-26.18766736391937,108,0.10325047801147227,540,0.5162523900573613
669289,"Espinal, Santiago",94,0.8952380952380953,82,"68.304278298",0.03191489361702128,0.3780487804878049,0.32978723404255317,0.0975609756097561,0.0851063829787234,"7.75244234",4,-2.4305635822136296,12,0.1276595744680851,46,0.48936170212765956
680977,"Donovan, Brendan",236,0.9042145593869731,196,"68.282186907",0.00847457627118644,0.33163265306122447,0.2754237288135593,0.08163265306122448,0.06779661016949153,"6.832253008",2,-5.264039666583501,40,0.1694915254237288,107,0.4533898305084746
665926,"Giménez, Andrés",901,0.901,677,"68.253531865",0.04217536071032187,0.32644017725258495,0.24528301886792453,0.06794682422451995,0.051054384017758046,"6.994741299",19,-31.069336430442227,224,0.2486126526082131,332,0.36847946725860153
670764,"Walls, Taylor",601,0.898355754857997,477,"68.193616922",0.019966722129783687,0.3480083857442348,0.2762063227953411,0.04612159329140461,0.036605657237936774,"7.094668087",14,-26.576470196953103,124,0.20632279534109818,238,0.39600665557404324
650402,"Torres, Gleyber",668,0.8990578734858681,529,"68.141449431",0.03443113772455089,0.3591682419659735,0.2844311377245509,0.08128544423440454,0.06437125748502993,"7.010974865",6,-22.78930028325328,139,0.20808383233532934,260,0.38922155688622756
686452,"Millas, Drew",222,0.8951612903225806,168,"68.141360946",0.036036036036036036,0.30952380952380953,0.23423423423423423,0.047619047619047616,0.036036036036036036,"7.146034144",1,-11.464139648371706,54,0.24324324324324326,85,0.38288288288288286
694384,"Schanuel, Nolan",643,0.9005602240896359,550,"68.140249378",0.05598755832037325,0.39090909090909093,0.3343701399688958,0.09090909090909091,0.07776049766718507,"6.824910435",17,-13.731706640971787,93,0.14463452566096424,304,0.4727838258164852
645302,"Robles, Victor",238,0.8981132075471698,184,"68.128593361",0.025210084033613453,0.3532608695652174,0.27310924369747897,0.06521739130434782,0.05042016806722689,"6.722721639",8,-8.44909906468679,54,0.226890756302521,99,0.41596638655462187
811965,"Kuroda-Grauer, Joshua",123,0.8978102189781022,104,"68.089479593",0.0813008130081301,0.33653846153846156,0.2845528455284553,0.125,0.10569105691056911,"6.893639268",2,2.159894173982644,19,0.15447154471544716,52,0.42276422764227645
656716,"McKinstry, Zach",669,0.9016172506738545,562,"67.984519387",0.04334828101644244,0.3167259786476868,0.26606875934230195,0.06405693950177936,0.053811659192825115,"6.633799402",9,-30.54781373479194,107,0.15994020926756353,270,0.40358744394618834
663968,"Mangum, Jake",868,0.8994818652849741,684,"67.963050553",0.04377880184331798,0.3157894736842105,0.2488479262672811,0.07602339181286549,0.059907834101382486,"6.706108479",16,-15.619795371654133,184,0.2119815668202765,313,0.36059907834101385
665877,"Fermín, José",535,0.9037162162162162,471,"67.958241495",0.022429906542056077,0.39278131634819535,0.34579439252336447,0.08067940552016985,0.07102803738317758,"7.363286953",9,-14.623165173331962,64,0.11962616822429907,260,0.48598130841121495
622268,"Walton, Donovan",453,0.9005964214711729,329,"67.892494989",0.00662251655629139,0.3829787234042553,0.2781456953642384,0.08206686930091185,0.059602649006622516,"6.921625938",6,-8.042032774599855,124,0.2737306843267108,165,0.36423841059602646
703520,"Bateman, Brett",260,0.8996539792387543,228,"67.875456154",0.02692307692307692,0.32456140350877194,0.2846153846153846,0.05263157894736842,0.046153846153846156,"6.956732231",2,-0.1289002416235404,32,0.12307692307692308,110,0.4230769230769231
660688,"Ruiz, Keibert",524,0.8987993138936535,461,"67.680515496",0.0076335877862595426,0.45336225596529284,0.3988549618320611,0.1475054229934924,0.1297709923664122,"7.050028779",4,-5.2886092797071225,63,0.12022900763358779,276,0.5267175572519084
669369,"Johnson, Bryce",72,0.8888888888888888,49,"67.628901806",0.02777777777777778,0.16326530612244897,0.1111111111111111,0,0,"7.49767625",2,-4.432429612129652,23,0.3194444444444444,22,0.3055555555555556
676694,"Meyers, Jake",241,0.8992537313432836,194,"67.506161784",0.04564315352697095,0.3247422680412371,0.26141078838174275,0.06701030927835051,0.05394190871369295,"6.986077635",8,-8.919725434944924,47,0.1950207468879668,95,0.3941908713692946
676391,"Clement, Ernie",959,0.899624765478424,838,"67.303373504",0.028154327424400424,0.3926014319809069,0.34306569343065696,0.05250596658711217,0.045881126173096975,"7.107732346",31,-26.911650917347856,121,0.1261730969760167,485,0.5057351407716372
672695,"Perdomo, Geraldo",955,0.9009433962264151,858,"67.302043466",0.01675392670157068,0.38461538461538464,0.34554973821989526,0.08041958041958042,0.07225130890052356,"6.956742984",25,-23.643681898480793,97,0.10157068062827225,445,0.46596858638743455
683227,"Freeman, Cody",150,0.8982035928143712,128,"67.2286484",0,0.3515625,0.3,0.0390625,0.03333333333333333,"6.7169818",5,-5.11103161540164,22,0.14666666666666667,64,0.4266666666666667
670623,"Paredes, Isaac",1072,0.9023569023569024,914,"67.184738377",0.06716417910447757,0.3227571115973742,0.2751865671641791,0.06892778993435449,0.058768656716417914,"7.76206986",10,-22.89741940432479,158,0.14738805970149255,412,0.3843283582089552
664770,"Lukes, Nathan",758,0.9066985645933014,636,"66.97990748",0.031662269129287594,0.35062893081761004,0.2941952506596306,0.07547169811320754,0.0633245382585752,"6.353399354",8,-18.113797164696912,122,0.16094986807387862,309,0.4076517150395778
506702,"León, Sandy",88,0.8979591836734694,62,"66.97671625",0.022727272727272728,0.27419354838709675,0.19318181818181818,0.016129032258064516,0.011363636363636364,"6.994659659",3,-7.345248032135013,26,0.29545454545454547,24,0.2727272727272727
805367,"Meidroth, Chase",969,0.9005576208178439,782,"66.968185284",0.01135190918472652,0.3670076726342711,0.2961816305469556,0.08312020460358056,0.06707946336429309,"6.65791937",14,-9.680833672089436,187,0.19298245614035087,376,0.38802889576883387
687957,"Harris, Dustin",229,0.9015748031496063,189,"66.92282655",0.030567685589519653,0.4497354497354497,0.37117903930131,0.08994708994708994,0.07423580786026202,"6.561751878",7,-3.867717691503474,40,0.17467248908296942,110,0.48034934497816595
678011,"Seigler, Anthony",263,0.8976109215017065,209,"66.912329278",0.0038022813688212936,0.42105263157894735,0.33460076045627374,0.09090909090909091,0.07224334600760456,"6.783912205",7,-7.124298970285822,54,0.20532319391634982,120,0.45627376425855515
596117,"Stubbs, Garrett",104,0.9043478260869565,86,"66.673039808",0,0.313953488372093,0.25961538461538464,0.023255813953488372,0.019230769230769232,"7.035537596",3,-8.898257888807487,18,0.17307692307692307,41,0.3942307692307692
808975,"Kim, Hyeseong",215,0.899581589958159,166,"66.669647581",0,0.3493975903614458,0.26976744186046514,0.07228915662650602,0.05581395348837209,"7.190798465",5,-6.532126232259597,49,0.22790697674418606,85,0.3953488372093023
669743,"Call, Alex",315,0.9025787965616046,266,"66.620713968",0.031746031746031765,0.29699248120300753,0.2507936507936508,0.03383458646616541,0.02857142857142857,"6.72581054",7,-12.170003599281618,49,0.15555555555555556,120,0.38095238095238093
691907,"Cheng, Tsung-Che",67,0.8933333333333333,44,"66.527600299",0,0.3181818181818182,0.208955223880597,0.11363636363636363,0.07462686567164178,"6.765597761",4,-3.6840728971158425,23,0.34328358208955223,23,0.34328358208955223
670032,"Lopez, Nicky",433,0.9002079002079002,349,"66.445716328",0.009237875288683604,0.33810888252148996,0.27251732101616627,0.04297994269340974,0.03464203233256351,"6.797390023",4,-15.770375888277334,84,0.19399538106235567,173,0.3995381062355658
801501,"Furman, Nate",58,0.8923076923076924,47,"66.210719828",0,0.2553191489361702,0.20689655172413793,0.0425531914893617,0.034482758620689655,"6.73606931",1,-5.374789190173264,11,0.1896551724137931,20,0.3448275862068966
665561,"Marchán, Rafael",163,0.9005524861878453,138,"66.094399202",0,0.34057971014492755,0.2883435582822086,0.028985507246376812,0.024539877300613498,"7.482381779",3,-12.534475332452084,25,0.15337423312883436,71,0.43558282208588955
663611,"Madrigal, Nick",98,0.8909090909090909,92,"66.036609388",0.010204081632653059,0.41304347826086957,0.3877551020408163,0.06521739130434782,0.061224489795918366,"6.44718102",1,-2.819866615171258,6,0.061224489795918366,46,0.46938775510204084
663494,"Torres, Bryan",286,0.9022082018927445,230,"65.826798601",0.010489510489510492,0.39565217391304347,0.3181818181818182,0.0391304347826087,0.03146853146853147,"6.484651608",6,-11.27053454658293,56,0.1958041958041958,118,0.4125874125874126
660844,"Rivas, Leo",204,0.8986784140969163,161,"65.585119608",0.004901960784313725,0.36024844720496896,0.28431372549019607,0.031055900621118012,0.024509803921568627,"7.126367157",8,-15.182357196869726,43,0.2107843137254902,79,0.3872549019607843
543877,"Vázquez, Christian",428,0.9010526315789473,346,"65.557141051",0.004672897196261682,0.3670520231213873,0.2967289719626168,0.06936416184971098,0.056074766355140186,"6.705887664",7,-17.251188452910718,82,0.19158878504672897,175,0.4088785046728972
806367,"Hill, Turner",171,0.9095744680851063,151,"65.267632398",0.005847953216374268,0.4370860927152318,0.38596491228070173,0.08609271523178808,0.07602339181286549,"6.381333626",3,-8.374772214539968,20,0.11695906432748537,82,0.47953216374269003
624428,"Frazier, Adam",256,0.8982456140350877,192,"65.170317305",0.015624999999999997,0.3177083333333333,0.23828125,0.036458333333333336,0.02734375,"6.832116523",7,-8.073665145701344,64,0.25,84,0.328125
802415,"Simpson, Chandler",786,0.903448275862069,712,"65.096449784",0.0050890585241730275,0.4606741573033708,0.4173027989821883,0.026685393258426966,0.024173027989821884,"6.570472048",10,-16.840992663101563,74,0.09414758269720101,467,0.594147582697201
623168,"Heineman, Tyler",321,0.8991596638655462,257,"65.014435639",0.003115264797507787,0.3346303501945525,0.26791277258566976,0.027237354085603113,0.021806853582554516,"7.02463243",7,-24.091140962860212,64,0.19937694704049844,135,0.4205607476635514
683021,"Stefanic, Michael",52,0.896551724137931,48,"64.767859808",0.01923076923076923,0.3541666666666667,0.3269230769230769,0.0625,0.057692307692307696,"6.137147308",2,-0.10994930899616306,4,0.07692307692307693,20,0.38461538461538464
805779,"Wilson, Jacob",537,0.8994974874371859,461,"64.685836853",0.00558659217877095,0.3839479392624729,0.329608938547486,0.07158351409978309,0.061452513966480445,"6.22554959",8,-9.006596515306157,76,0.14152700186219738,246,0.4581005586592179
650333,"Arraez, Luis",1027,0.9064430714916152,952,"63.112816358",0.0009737098344693288,0.45903361344537813,0.4255111976630964,0.017857142857142856,0.016553067185978577,"5.869335122",3,-16.442952937332556,75,0.0730282375851996,517,0.5034079844206426
680757,"Kwan, Steven",799,0.8997747747747747,748,"62.400990363",0.002503128911138924,0.4572192513368984,0.42803504380475593,0.017379679144385027,0.016270337922403004,"6.166989524",5,-14.05236657445899,51,0.06382978723404255,429,0.5369211514392991