"id","name","swings_competitive","percent_swings_competitive","contact","avg_bat_speed","hard_swing_rate","squared_up_per_bat_contact","squared_up_per_swing","blast_per_bat_contact","blast_per_swing","swing_length","swords","batter_run_value","whiffs","whiff_per_swing","batted_ball_events","batted_ball_event_per_swing"
519317,"Stanton, Giancarlo",715,0.9154929577464789,485,"81.211223259",0.986013986013986,0.29690721649484536,0.2013986013986014,0.27422680412371137,0.18601398601398603,"8.562615678",13,-0.21354160983331938,230,0.32167832167832167,251,0.35104895104895106
665833,"Cruz, Oneil",884,0.91701244813278,594,"78.468960894",0.7488687782805428,0.3400673400673401,0.22850678733031674,0.2441077441077441,0.16402714932126697,"7.664099864",10,-10.354805188768557,290,0.32805429864253394,307,0.34728506787330315
678877,"Noel, Jhonkensy",349,0.8994845360824743,242,"77.966632865",0.7679083094555873,0.2024793388429752,0.14040114613180515,0.13636363636363635,0.09455587392550144,"7.744132206",1,-1.1262716749374533,107,0.30659025787965616,107,0.30659025787965616
656941,"Schwarber, Kyle",964,0.909433962264151,691,"77.467777977",0.7759336099585061,0.3227206946454414,0.23132780082987553,0.22865412445730826,0.16390041493775934,"7.706943662",35,-6.687253948403285,273,0.28319502074688796,345,0.3578838174273859
691023,"Walker, Jordan",263,0.8976109215017065,187,"77.336495932",0.7224334600760457,0.28342245989304815,0.20152091254752852,0.1925133689839572,0.13688212927756654,"8.153498365",9,-4.6110823790793845,76,0.2889733840304182,100,0.38022813688212925
691406,"Caminero, Junior",263,0.9006849315068494,190,"77.277608099",0.7034220532319393,0.33157894736842103,0.23954372623574144,0.23157894736842105,0.16730038022813687,"8.33761346",14,-3.5162417419472787,73,0.27756653992395436,119,0.4524714828897338
670242,"Wallner, Matt",416,0.906318082788671,267,"77.27031899",0.7331730769230768,0.2397003745318352,0.15384615384615385,0.18352059925093633,0.11778846153846154,"7.321742356",15,1.8599964372718667,149,0.3581730769230769,115,0.2764423076923077
592450,"Judge, Aaron",1027,0.9268953068592057,735,"77.035325122",0.7351509250243426,0.3346938775510204,0.2395326192794547,0.254421768707483,0.18208373904576436,"8.165337877",14,53.11881513416062,292,0.28432327166504384,347,0.33787731256085685
666464,"Encarnacion, Jerar",213,0.8987341772151899,161,"76.978635023",0.6854460093896713,0.30434782608695654,0.2300469483568075,0.2484472049689441,0.18779342723004694,"7.811234695",6,0.5346764132935626,52,0.24413145539906103,77,0.3615023474178404
660670,"Acuña Jr., Ronald",326,0.9080779944289693,245,"76.723670153",0.7239263803680982,0.2938775510204082,0.22085889570552147,0.1673469387755102,0.12576687116564417,"7.600523528",10,-8.060808167121127,81,0.24846625766871167,109,0.3343558282208589
666176,"Adell, Jo",800,0.9090909090909091,579,"76.639287325",0.6562500000000002,0.2504317789291883,0.18125,0.15198618307426598,0.11,"7.559390563",20,-18.72120107938062,221,0.27625,262,0.3275
656305,"Chapman, Matt",994,0.906934306569343,761,"76.559741167",0.6388329979879275,0.28252299605781866,0.21629778672032193,0.18528252299605782,0.14185110663983905,"7.449533531",21,-3.8669777813815216,233,0.23440643863179075,350,0.352112676056338
670541,"Alvarez, Yordan",918,0.9161676646706587,744,"76.510391155",0.6274509803921571,0.34274193548387094,0.2777777777777778,0.22446236559139784,0.18191721132897604,"7.582337015",1,22.600174911087954,174,0.1895424836601307,407,0.4433551198257081
660271,"Ohtani, Shohei",1127,0.9074074074074074,802,"76.315503248",0.6397515527950312,0.3865336658354115,0.27506654835847383,0.2581047381546135,0.1836734693877551,"7.74021071",10,35.43331508247272,325,0.2883762200532387,420,0.37267080745341613
671286,"Rodríguez, Johnathan",64,0.9014084507042254,40,"76.315140313",0.6718750000000001,0.275,0.171875,0.2,0.125,"8.261048438",2,-4.668655714481322,24,0.375,17,0.265625
593934,"Sanó, Miguel",145,0.9119496855345912,95,"76.274251586",0.6137931034482758,0.28421052631578947,0.18620689655172415,0.16842105263157894,0.1103448275862069,"7.982890897",7,-6.222636335011775,50,0.3448275862068966,40,0.27586206896551724
683002,"Henderson, Gunnar",1120,0.9120521172638436,875,"76.21227025",0.6383928571428571,0.3211428571428571,0.25089285714285714,0.22742857142857142,0.17767857142857144,"7.224908759",20,-4.129772012073106,245,0.21875,430,0.38392857142857145
677594,"Rodríguez, Julio",1104,0.9146644573322287,776,"76.166854248",0.6268115942028987,0.29510309278350516,0.20742753623188406,0.20489690721649484,0.14402173913043478,"7.887960154",30,-15.443012632294412,328,0.2971014492753623,363,0.328804347826087
666624,"Morel, Christopher",959,0.9081439393939394,639,"76.062746569",0.645464025026069,0.3004694835680751,0.20020855057351408,0.1752738654147105,0.11678832116788321,"8.015285975",24,-34.56796852895252,320,0.33368091762252344,334,0.3482794577685089
663550,"Cabbage, Trey",149,0.9085365853658537,88,"75.862922953",0.5906040268456375,0.3522727272727273,0.2080536912751678,0.19318181818181818,0.11409395973154363,"7.899340805",4,-6.952798622100871,61,0.40939597315436244,44,0.2953020134228188
665489,"Guerrero Jr., Vladimir",1056,0.9166666666666666,847,"75.813409403",0.5700757575757575,0.3447461629279811,0.2765151515151515,0.24203069657615112,0.19412878787878787,"7.73436518",9,25.64272297285057,209,0.19791666666666666,448,0.42424242424242425
575929,"Contreras, Willson",582,0.9150943396226415,385,"75.757775859",0.6099656357388317,0.2779220779220779,0.18384879725085912,0.18701298701298702,0.12371134020618557,"7.878940361",13,-7.005773067401889,197,0.3384879725085911,181,0.31099656357388317
669003,"Mitchell, Garrett",343,0.9098143236074271,221,"75.65439242",0.5830903790087463,0.27149321266968324,0.1749271137026239,0.17194570135746606,0.11078717201166181,"7.370986647",9,1.525493919385942,122,0.3556851311953353,112,0.32653061224489793
545361,"Trout, Mike",190,0.9090909090909091,156,"75.544363895",0.5631578947368419,0.23717948717948717,0.19473684210526315,0.14743589743589744,0.12105263157894737,"7.551175842",4,-2.209275052485043,34,0.17894736842105263,68,0.35789473684210527
691176,"Domínguez, Jasson",115,0.8984375,92,"75.447046957",0.573913043478261,0.20652173913043478,0.16521739130434782,0.17391304347826086,0.1391304347826087,"7.723940522",4,-2.975742243044661,23,0.2,34,0.2956521739130435
701305,"Dezenzo, Zach",111,0.9024390243902439,75,"75.421435045",0.5945945945945947,0.26666666666666666,0.18018018018018017,0.16,0.10810810810810811,"7.471710721",1,-0.03317251553973999,36,0.32432432432432434,38,0.34234234234234234
665742,"Soto, Juan",924,0.9076620825147348,749,"75.415372532",0.58982683982684,0.3925233644859813,0.3181818181818182,0.253671562082777,0.20562770562770563,"7.284900812",28,14.860375310715707,175,0.1893939393939394,409,0.44264069264069267
656180,"Adams, Riley",226,0.9262295081967213,168,"75.406772212",0.5176991150442475,0.25,0.18584070796460178,0.16666666666666666,0.12389380530973451,"8.124509558",0,-6.11402038947262,58,0.25663716814159293,77,0.3407079646017699
621550,"Wisdom, Patrick",309,0.911504424778761,218,"75.404832718",0.5598705501618123,0.27522935779816515,0.1941747572815534,0.14678899082568808,0.10355987055016182,"7.911176958",9,-10.902460501363752,91,0.29449838187702265,95,0.3074433656957929
624585,"Soler, Jorge",887,0.9144329896907216,650,"75.373565614",0.5625704622322434,0.29384615384615387,0.2153325817361894,0.15692307692307692,0.11499436302142052,"7.932661759",12,-8.66606126136218,237,0.26719278466741825,316,0.35625704622322435
592669,"Renfroe, Hunter",633,0.9160636758321273,497,"75.216051327",0.5260663507109006,0.2977867203219316,0.23380726698262244,0.15694164989939638,0.12322274881516587,"7.619718894",8,-9.813136836783771,136,0.21484992101105846,276,0.43601895734597157
677956,"Hinds, Rece",92,0.9108910891089109,57,"75.214891196",0.5652173913043479,0.2982456140350877,0.18478260869565216,0.19298245614035087,0.11956521739130435,"7.718913261",1,3.30987732025691,35,0.3804347826086957,29,0.31521739130434784
663586,"Riley, Austin",756,0.9086538461538461,565,"75.202769563",0.5343915343915344,0.3292035398230089,0.24603174603174602,0.20176991150442478,0.15079365079365079,"7.508737817",24,-3.972404914956349,191,0.2526455026455027,266,0.35185185185185186
624413,"Alonso, Pete",996,0.9029918404351768,765,"75.197267339",0.5160642570281124,0.29673202614379085,0.22791164658634538,0.18562091503267975,0.142570281124498,"7.316028343",19,-11.545061119149953,231,0.2319277108433735,388,0.3895582329317269
641933,"O'Neill, Tyler",737,0.9110012360939431,484,"75.185459539",0.5156037991858888,0.2809917355371901,0.18453188602442333,0.1797520661157025,0.11804613297150611,"7.59324844",11,3.053748740201167,253,0.34328358208955223,210,0.28493894165535955
592518,"Machado, Manny",1039,0.9098073555166375,816,"75.178306237",0.5226179018286817,0.31862745098039214,0.2502406159769009,0.20710784313725492,0.16265640038498555,"7.776859192",23,-3.974301780891364,223,0.21462945139557266,421,0.4051973051010587
656541,"Hilliard, Sam",266,0.9236111111111112,161,"75.161328346",0.5187969924812029,0.3167701863354037,0.19172932330827067,0.20496894409937888,0.12406015037593984,"7.276312105",7,-2.001022807134114,105,0.39473684210526316,76,0.2857142857142857
671218,"Ramos, Heliot",881,0.9139004149377593,660,"75.155081135",0.5471055618615209,0.29848484848484846,0.22360953461975028,0.18333333333333332,0.1373439273552781,"6.925551339",28,-8.243916888639744,221,0.2508513053348468,321,0.36435868331441545
660821,"Sánchez, Jesús",894,0.9085365853658537,617,"75.129818859",0.5425055928411631,0.3225283630470016,0.2225950782997763,0.1912479740680713,0.1319910514541387,"7.143646387",13,-17.219412660365723,277,0.3098434004474273,303,0.3389261744966443
686554,"Dunn, Oliver",141,0.9155844155844156,89,"75.068623546",0.546099290780142,0.30337078651685395,0.19148936170212766,0.11235955056179775,0.07092198581560284,"7.605180284",2,-4.2186323314943985,52,0.36879432624113473,43,0.3049645390070922
682829,"De La Cruz, Elly",1005,0.916970802919708,696,"75.042944836",0.5303482587064675,0.3175287356321839,0.21990049751243781,0.1896551724137931,0.13134328358208955,"7.273261134",31,1.7328710007674921,309,0.3074626865671642,352,0.3502487562189055
663624,"Mountcastle, Ryan",905,0.916919959473151,695,"75.009483293",0.5005524861878453,0.2762589928057554,0.2121546961325967,0.16115107913669063,0.12375690607734807,"7.483403768",14,-10.261863932585563,210,0.23204419889502761,319,0.3524861878453039
660707,"Montero, Elehuris",397,0.9211136890951276,278,"75.005076096",0.5239294710327458,0.28776978417266186,0.20151133501259447,0.1510791366906475,0.10579345088161209,"7.573353602",10,-12.284345032614713,119,0.29974811083123426,142,0.35768261964735515
693049,"Colás, Oscar",67,0.9054054054054054,49,"74.974384328",0.4925373134328357,0.24489795918367346,0.1791044776119403,0.14285714285714285,0.1044776119402985,"7.395185224",1,-1.478694781778963,18,0.26865671641791045,21,0.31343283582089554
572233,"Walker, Christian",923,0.9075712881022615,711,"74.971996111",0.5232936078006499,0.2616033755274262,0.20151679306608883,0.1589310829817159,0.12242686890574214,"7.543396956",32,-13.538619673722106,212,0.2296858071505959,304,0.3293607800650054
665120,"Walsh, Jared",59,0.9076923076923077,32,"74.967735254",0.5084745762711864,0.28125,0.15254237288135594,0.09375,0.05084745762711865,"7.649634746",1,-3.910049842536428,27,0.4576271186440678,15,0.2542372881355932
670042,"Raley, Luke",758,0.9077844311377246,514,"74.909852018",0.5039577836411611,0.26848249027237353,0.1820580474934037,0.16731517509727625,0.11345646437994723,"7.248046979",16,-4.918000078743041,244,0.32189973614775724,237,0.31266490765171506
663698,"Bart, Joey",436,0.9064449064449065,322,"74.807311147",0.5091743119266053,0.2888198757763975,0.21330275229357798,0.16149068322981366,0.11926605504587157,"7.482129197",10,1.4584065953969891,114,0.26146788990825687,163,0.3738532110091743
696100,"Goodman, Hunter",411,0.92152466367713,290,"74.798128613",0.4987834549878346,0.22413793103448276,0.15815085158150852,0.10689655172413794,0.07542579075425791,"7.252212822",7,-7.975991853562617,121,0.2944038929440389,130,0.31630170316301703
595879,"Báez, Javier",432,0.9152542372881356,308,"74.719856296",0.488425925925926,0.2987012987012987,0.21296296296296297,0.17207792207792208,0.12268518518518519,"8.614505185",8,-23.49586525315333,124,0.28703703703703703,170,0.39351851851851855
671739,"Harris II, Michael",761,0.905952380952381,584,"74.719573377",0.47963206307490136,0.3065068493150685,0.2352168199737188,0.1952054794520548,0.1498028909329829,"8.060931905",11,-8.523556789890517,177,0.2325886990801577,300,0.39421813403416556
665487,"Tatis Jr., Fernando",637,0.9048295454545454,479,"74.696299294",0.47723704866562,0.3736951983298539,0.28100470957613816,0.2254697286012526,0.1695447409733124,"7.329643108",29,-7.0823843791174514,158,0.24803767660910517,253,0.39717425431711145
661388,"Contreras, William",1093,0.9093178036605657,816,"74.640264593",0.5022872827081428,0.3492647058823529,0.2607502287282708,0.20833333333333334,0.1555352241537054,"7.340145718",24,-3.991213330786366,277,0.25343092406221407,420,0.38426349496797807
682985,"Greene, Riley",895,0.9132653061224489,663,"74.639304749",0.4547486033519553,0.30618401206636503,0.22681564245810057,0.1689291101055807,0.12513966480446928,"7.199865631",7,-7.279943049948922,232,0.25921787709497207,308,0.34413407821229053
669394,"Burger, Jake",935,0.9086491739552964,669,"74.636196439",0.4663101604278076,0.3333333333333333,0.23850267379679144,0.20029895366218237,0.14331550802139037,"7.483034086",17,0.06712376177299184,266,0.28449197860962566,343,0.36684491978609624
677951,"Witt Jr., Bobby",1116,0.9147540983606557,878,"74.623755645",0.48028673835125446,0.34851936218678814,0.27419354838709675,0.20273348519362186,0.15949820788530467,"7.09280828",16,20.043966802862034,238,0.2132616487455197,470,0.4211469534050179
671213,"Casas, Triston",350,0.9067357512953368,244,"74.563155771",0.48857142857142866,0.29508196721311475,0.2057142857142857,0.13934426229508196,0.09714285714285714,"7.722006457",10,5.479390477757655,106,0.3028571428571429,115,0.32857142857142857
677800,"Abreu, Wilyer",760,0.9123649459783914,560,"74.520288816",0.443421052631579,0.30714285714285716,0.22631578947368422,0.15892857142857142,0.11710526315789474,"7.395442289",17,-10.07447563113791,200,0.2631578947368421,264,0.3473684210526316
621043,"Correa, Carlos",519,0.9105263157894737,421,"74.481607803",0.4547206165703276,0.32304038004750596,0.26204238921001927,0.1995249406175772,0.16184971098265896,"7.251214913",4,13.32169443088274,98,0.18882466281310212,224,0.43159922928709055
673357,"Robert Jr., Luis",720,0.9090909090909091,484,"74.476846597",0.47222222222222215,0.2809917355371901,0.18888888888888888,0.15495867768595042,0.10416666666666667,"7.740154944",12,-12.403813987352514,236,0.3277777777777778,234,0.325
663728,"Raleigh, Cal",1121,0.9113821138211382,795,"74.45982248",0.447814451382694,0.28176100628930817,0.19982158786797502,0.15723270440251572,0.11150758251561106,"7.756375201",15,-18.101297176738587,326,0.29081177520071366,338,0.3015165031222123
650907,"Pinto, René",56,0.9333333333333333,33,"74.450093929",0.4821428571428572,0.42424242424242425,0.25,0.21212121212121213,0.125,"7.499203571",1,-0.9581417578550799,23,0.4107142857142857,17,0.30357142857142855
694671,"Langford, Wyatt",825,0.9095920617420066,635,"74.431948521",0.47878787878787876,0.31496062992125984,0.24242424242424243,0.1826771653543307,0.1406060606060606,"6.997715455",8,-15.582568409819705,190,0.23030303030303031,342,0.41454545454545455
672356,"Arias, Gabriel",299,0.92,185,"74.415374716",0.46822742474916396,0.2594594594594595,0.1605351170568562,0.15135135135135136,0.09364548494983277,"7.558314448",8,-8.166281963337111,114,0.38127090301003347,85,0.2842809364548495
680718,"Barger, Addison",352,0.9002557544757033,263,"74.410541108",0.4431818181818183,0.3155893536121673,0.23579545454545456,0.16730038022813687,0.125,"7.547548239",5,-11.858784088074934,89,0.2528409090909091,139,0.39488636363636365
656577,"Jackson, Alex",287,0.9053627760252366,179,"74.383481777",0.4668989547038327,0.24581005586592178,0.15331010452961671,0.10614525139664804,0.06620209059233449,"7.479326969",6,-16.70211741767333,108,0.37630662020905925,84,0.2926829268292683
700242,"Sweeney, Trey",198,0.9166666666666666,140,"74.363475152",0.43434343434343436,0.32857142857142857,0.23232323232323232,0.18571428571428572,0.13131313131313133,"7.715944697",2,-5.373963858217895,58,0.29292929292929293,74,0.37373737373737376
642133,"Tellez, Rowdy",616,0.913946587537092,495,"74.32759224",0.43344155844155846,0.2727272727272727,0.21915584415584416,0.15151515151515152,0.12175324675324675,"7.989565438",13,-17.018204001924374,121,0.19642857142857142,270,0.4383116883116883
621439,"Buxton, Byron",660,0.9078404401650619,461,"74.299297106",0.4166666666666667,0.31453362255965295,0.2196969696969697,0.16702819956616052,0.11666666666666667,"8.075409091",12,1.509676780670032,199,0.3015151515151515,221,0.33484848484848484
668723,"Vilade, Ryan",92,0.9019607843137255,69,"74.296292065",0.4565217391304348,0.2463768115942029,0.18478260869565216,0.10144927536231885,0.07608695652173914,"7.232966087",1,-4.566745134934466,23,0.25,31,0.33695652173913043
691016,"Soderstrom, Tyler",327,0.9211267605633803,234,"74.271124801",0.44648318042813445,0.3504273504273504,0.25076452599388377,0.20085470085470086,0.1437308868501529,"7.512151529",9,-7.491093634769359,93,0.28440366972477066,126,0.3853211009174312
656484,"Gray, Tristan",58,0.9206349206349206,27,"74.142261552",0.3793103448275861,0.2962962962962963,0.13793103448275862,0.1111111111111111,0.05172413793103448,"7.670488276",0,-4.876390548755706,31,0.5344827586206896,11,0.1896551724137931
669127,"Langeliers, Shea",854,0.9163090128755365,621,"74.128914368",0.41920374707259944,0.3252818035426731,0.23653395784543327,0.17713365539452497,0.1288056206088993,"7.275837904",7,-6.657480341463053,233,0.2728337236533958,311,0.36416861826697894
671732,"Butler, Lawrence",733,0.91625,544,"74.094337858",0.4311050477489768,0.3235294117647059,0.24010914051841747,0.17463235294117646,0.1296043656207367,"7.067915389",12,-0.5439996765519488,189,0.2578444747612551,275,0.37517053206002726
691723,"Mayo, Coby",79,0.8977272727272727,45,"74.081263544",0.4050632911392404,0.2222222222222222,0.12658227848101267,0.06666666666666667,0.0379746835443038,"6.990807215",1,-8.178818882009567,34,0.43037974683544306,17,0.21518987341772153
624424,"Conforto, Michael",730,0.9159347553324969,561,"74.030700178",0.4246575342465754,0.32798573975044565,0.25205479452054796,0.17290552584670232,0.13287671232876713,"7.371506",5,-14.159059966728627,169,0.23150684931506849,288,0.39452054794520547
663853,"Gonzalez, Romy",407,0.9146067415730337,289,"74.009097543",0.3808353808353808,0.33217993079584773,0.23587223587223588,0.2179930795847751,0.1547911547911548,"7.027534619",3,-6.634063632117688,118,0.28992628992628994,134,0.32923832923832924
680118,"Blanco, Dairon",198,0.9166666666666666,135,"74.004022374",0.4292929292929293,0.31851851851851853,0.21717171717171718,0.18518518518518517,0.12626262626262627,"7.491581111",7,-7.581526243316636,63,0.3181818181818182,75,0.3787878787878788
678554,"Mead, Curtis",192,0.909952606635071,157,"73.974719844",0.4270833333333333,0.2802547770700637,0.22916666666666666,0.1592356687898089,0.13020833333333334,"7.308486563",3,-8.702054485612317,35,0.18229166666666666,79,0.4114583333333333
547180,"Harper, Bryce",1103,0.91232423490488,829,"73.963975539",0.40707162284678156,0.27864897466827504,0.20942883046237534,0.17249698431845598,0.12964641885766093,"7.283892811",13,-6.7957413987072215,274,0.2484134179510426,359,0.3254759746146872
695578,"Wood, James",470,0.8986615678776291,343,"73.943130574",0.44468085106382976,0.3323615160349854,0.2425531914893617,0.21282798833819241,0.15531914893617021,"7.433076511",17,-2.4122527306649135,127,0.2702127659574468,175,0.3723404255319149
542303,"Ozuna, Marcell",1135,0.912379421221865,781,"73.938610969",0.42114537444933925,0.3393085787451985,0.23348017621145375,0.2023047375160051,0.13920704845814977,"7.39035607",4,9.643424769805131,354,0.3118942731277533,381,0.3356828193832599
663609,"Baker, Luken",82,0.9010989010989011,57,"73.927122439",0.4024390243902439,0.3333333333333333,0.23170731707317074,0.15789473684210525,0.10975609756097561,"7.82085561",4,-2.6198294357005643,25,0.3048780487804878,28,0.34146341463414637
623520,"Bote, David",81,0.9,56,"73.903631111",0.4197530864197531,0.2857142857142857,0.19753086419753085,0.19642857142857142,0.13580246913580246,"7.81642642",1,-0.8881494140463142,25,0.30864197530864196,30,0.37037037037037035
553869,"Díaz, Elias",577,0.9029733959311425,432,"73.885064333",0.4142114384748699,0.26157407407407407,0.19584055459272098,0.1388888888888889,0.10398613518197573,"7.001263588",11,-9.338893180570748,145,0.2512998266897747,218,0.3778162911611785
572191,"Taylor, Michael A.",468,0.9140625,293,"73.864608205",0.4059829059829059,0.2832764505119454,0.17735042735042736,0.14675767918088736,0.09188034188034189,"7.183351902",20,-25.07400577871391,175,0.37393162393162394,141,0.30128205128205127
650391,"Jiménez, Eloy",522,0.9109947643979057,397,"73.860228333",0.4003831417624521,0.3929471032745592,0.2988505747126437,0.22921914357682618,0.1743295019157088,"7.239612414",15,-19.77637456097226,125,0.23946360153256704,236,0.4521072796934866
621566,"Olson, Matt",1242,0.9125642909625276,914,"73.7839407",0.38647342995169076,0.2636761487964989,0.19404186795491143,0.15098468271334792,0.1111111111111111,"7.350085741",11,-22.752836971091945,328,0.2640901771336554,372,0.2995169082125604
641343,"Bauers, Jake",603,0.9067669172932331,447,"73.751531575",0.306799336650083,0.2371364653243848,0.175787728026534,0.10961968680089486,0.0812603648424544,"7.487801111",14,-21.924189568097596,156,0.25870646766169153,168,0.27860696517412936
682998,"Carroll, Corbin",912,0.9138276553106213,724,"73.685555022",0.3684210526315791,0.34806629834254144,0.27631578947368424,0.18370165745856354,0.14583333333333334,"7.020756667",5,-17.091269184076747,188,0.20614035087719298,414,0.45394736842105265
545341,"Grichuk, Randal",455,0.9027777777777778,366,"73.664844286",0.3538461538461538,0.3469945355191257,0.27912087912087913,0.1885245901639344,0.15164835164835164,"7.666162154",10,2.1268322068897696,89,0.1956043956043956,189,0.4153846153846154
681297,"Cowser, Colton",911,0.9155778894472362,665,"73.657196081",0.39956092206366634,0.3082706766917293,0.22502744237102085,0.16842105263157894,0.12294182217343579,"6.928821164",23,-7.229997641301633,246,0.270032930845225,310,0.3402854006586169
669065,"Stowers, Kyle",395,0.9018264840182648,264,"73.653914962",0.3316455696202531,0.2689393939393939,0.17974683544303796,0.17424242424242425,0.11645569620253164,"6.807766203",15,-12.846007087510097,131,0.33164556962025316,113,0.28607594936708863
662139,"Varsho, Daulton",822,0.9102990033222591,608,"73.637052165",0.343065693430657,0.24013157894736842,0.17761557177615572,0.11019736842105263,0.08150851581508516,"7.626683041",6,-22.266686209237744,214,0.26034063260340634,280,0.340632603406326
667670,"Rooker, Brent",1019,0.9163669064748201,703,"73.623990226",0.3680078508341511,0.32574679943101,0.22473012757605496,0.17923186344238975,0.12365063788027478,"7.078614289",29,14.148878990716756,316,0.310107948969578,347,0.34052993130520115
606466,"Marte, Ketel",857,0.9146211312700107,685,"73.612437713",0.4025670945157525,0.381021897810219,0.3045507584597433,0.20437956204379562,0.1633605600933489,"7.62897203",6,-3.575650330622393,172,0.20070011668611434,349,0.4072345390898483
642715,"Adames, Willy",1188,0.908256880733945,863,"73.573804209",0.3316498316498317,0.29200463499420626,0.21212121212121213,0.1332560834298957,0.0968013468013468,"8.10669915",9,-7.707601950087506,325,0.2735690235690236,405,0.3409090909090909
682668,"Acuña, Luisangel",68,0.9315068493150684,53,"73.570397206",0.39705882352941174,0.3018867924528302,0.23529411764705882,0.20754716981132076,0.16176470588235295,"7.319371765",0,4.013993292691317,15,0.22058823529411764,31,0.45588235294117646
679529,"Torkelson, Spencer",606,0.9126506024096386,460,"73.563452657",0.3003300330033004,0.2673913043478261,0.20297029702970298,0.12608695652173912,0.09570957095709572,"7.53055599",10,-17.296229352775597,146,0.24092409240924093,205,0.33828382838283827
680776,"Duran, Jarren",1146,0.9175340272217775,884,"73.551151562",0.3595113438045376,0.2986425339366516,0.23036649214659685,0.1753393665158371,0.13525305410122165,"7.553401117",21,8.193572320395752,262,0.2286212914485166,448,0.39092495636998253
663905,"Blankenhorn, Travis",58,0.9206349206349206,45,"73.50668",0.3448275862068965,0.2222222222222222,0.1724137931034483,0.13333333333333333,0.10344827586206896,"7.177088103",0,-3.9450266329056074,13,0.22413793103448276,20,0.3448275862068966
668832,"McCann, Kyle",253,0.9100719424460432,146,"73.473434783",0.3675889328063241,0.3561643835616438,0.20553359683794467,0.1643835616438356,0.09486166007905138,"7.797629723",9,-5.62296116095768,107,0.42292490118577075,76,0.30039525691699603
682626,"Alvarez, Francisco",500,0.9140767824497258,365,"73.45686398",0.3720000000000001,0.31232876712328766,0.228,0.1643835616438356,0.12,"7.23096532",8,-11.588368964519782,135,0.27,194,0.388
687401,"Ortiz, Joey",722,0.907035175879397,614,"73.431140609",0.3518005540166204,0.2703583061889251,0.2299168975069252,0.1270358306188925,0.10803324099722991,"7.528177784",8,-7.506811762610658,108,0.14958448753462603,311,0.4307479224376731
683146,"Baty, Brett",265,0.9044368600682594,198,"73.421958981",0.3773584905660377,0.19696969696969696,0.1471698113207547,0.08585858585858586,0.06415094339622641,"7.606239472",5,-10.559349536849664,67,0.2528301886792453,87,0.3283018867924528
664040,"Lowe, Brandon",773,0.904093567251462,547,"73.404091759",0.3583441138421733,0.3053016453382084,0.21604139715394566,0.17184643510054845,0.12160413971539456,"7.120942587",27,-6.409047291156001,226,0.2923673997412678,253,0.32729624838292365
682617,"Luciano, Marco",121,0.9166666666666666,88,"73.39604124",0.39669421487603307,0.29545454545454547,0.21487603305785125,0.13636363636363635,0.09917355371900827,"7.073538264",4,-3.801398713890122,33,0.2727272727272727,43,0.35537190082644626
663993,"Lowe, Nathaniel",903,0.905717151454363,736,"73.312846667",0.29346622369878195,0.2826086956521739,0.23034330011074197,0.15217391304347827,0.12403100775193798,"7.269485692",23,-14.400047994541062,167,0.1849390919158361,348,0.3853820598006645
493329,"Gurriel, Yuli",106,0.8760330578512396,85,"73.309862264",0.28301886792452824,0.3411764705882353,0.27358490566037735,0.17647058823529413,0.14150943396226415,"7.997680755",2,-2.940057562116199,21,0.19811320754716982,39,0.36792452830188677
592626,"Pederson, Joc",666,0.9098360655737705,511,"73.306185225",0.36936936936936937,0.2876712328767123,0.22072072072072071,0.15655577299412915,0.12012012012012012,"7.691153093",10,1.6525132261523834,155,0.23273273273273273,224,0.33633633633633636
666139,"Lowe, Josh",765,0.9053254437869822,522,"73.29749417",0.32679738562091515,0.28160919540229884,0.19215686274509805,0.13409961685823754,0.0915032679738562,"7.15005617",9,-10.985071064586696,243,0.3176470588235294,214,0.2797385620915033
668904,"Lewis, Royce",564,0.9009584664536742,419,"73.296894894",0.3599290780141844,0.26730310262529833,0.19858156028368795,0.1288782816229117,0.09574468085106383,"7.74945266",13,-7.008174479694475,145,0.2570921985815603,205,0.36347517730496454
676369,"Velázquez, Nelson",355,0.9196891191709845,238,"73.287479831",0.3408450704225352,0.3235294117647059,0.21690140845070421,0.13445378151260504,0.09014084507042254,"7.469986028",5,-12.805944617082611,117,0.3295774647887324,128,0.36056338028169016
664913,"Brown, Seth",690,0.9175531914893617,502,"73.252040594",0.2797101449275362,0.3107569721115538,0.22608695652173913,0.14342629482071714,0.10434782608695652,"7.199362957",14,-16.693847276948357,188,0.27246376811594203,231,0.3347826086956522
669221,"Murphy, Sean",432,0.907563025210084,316,"73.239636042",0.38888888888888895,0.310126582278481,0.22685185185185186,0.1360759493670886,0.09953703703703703,"7.863455394",10,-10.478772396836158,116,0.26851851851851855,155,0.3587962962962963
607043,"Nimmo, Brandon",1052,0.9147826086956522,823,"73.227823317",0.3469581749049431,0.3086269744835966,0.2414448669201521,0.1543134872417983,0.12072243346007605,"7.28890193",15,-23.684164969346135,229,0.217680608365019,376,0.3574144486692015
521692,"Perez, Salvador",1142,0.9041963578780681,847,"73.221512207",0.3336252189141857,0.3364817001180638,0.24956217162872155,0.17591499409681227,0.13047285464098074,"7.930983774",15,-11.87122556312704,295,0.2583187390542907,420,0.36777583187390545
518792,"Heyward, Jason",429,0.9069767441860465,344,"73.21022028",0.27272727272727276,0.26744186046511625,0.21445221445221446,0.13662790697674418,0.10955710955710955,"8.224275991",7,-10.743325035044716,85,0.19813519813519814,156,0.36363636363636365
606192,"Hernández, Teoscar",1110,0.9083469721767594,745,"73.203151324",0.31621621621621626,0.2953020134228188,0.1981981981981982,0.18523489932885906,0.12432432432432433,"7.758892153",29,-3.183512338920928,365,0.32882882882882886,349,0.3144144144144144
650490,"Díaz, Yandy",908,0.9144008056394763,792,"73.200329504",0.3414096916299559,0.3648989898989899,0.31828193832599116,0.21843434343434343,0.1905286343612335,"7.515547885",2,-18.66325075815848,116,0.1277533039647577,417,0.4592511013215859
671056,"Herrera, Iván",390,0.9219858156028369,294,"73.167610641",0.3307692307692308,0.32653061224489793,0.24615384615384617,0.18027210884353742,0.1358974358974359,"7.460340385",1,-1.3472948589339384,96,0.24615384615384617,157,0.4025641025641026
592663,"Realmuto, J.T.",653,0.9132867132867133,496,"73.136492083",0.35528330781010714,0.29838709677419356,0.22664624808575803,0.16532258064516128,0.12557427258805512,"7.642731608",8,-4.155580929590462,157,0.24042879019908117,240,0.3675344563552833
669261,"Suwinski, Jack",410,0.9131403118040089,300,"73.132838244",0.3219512195121952,0.27,0.1975609756097561,0.12333333333333334,0.09024390243902439,"7.255957537",7,-18.87817416075689,110,0.2682926829268293,135,0.32926829268292684
682622,"Marte, Noelvi",429,0.9069767441860465,296,"73.131020676",0.33566433566433557,0.2702702702702703,0.1864801864801865,0.12837837837837837,0.08857808857808858,"7.517141981",8,-16.988784612285137,133,0.31002331002331,144,0.3356643356643357
669911,"Toglia, Michael",754,0.9128329297820823,508,"73.130195676",0.2917771883289124,0.3188976377952756,0.21485411140583555,0.18503937007874016,0.1246684350132626,"7.534997493",21,-11.40565757815073,246,0.32625994694960214,235,0.3116710875331565
623993,"Santander, Anthony",1179,0.9076212471131639,950,"73.123204699",0.3375742154368108,0.2768421052631579,0.22307039864291772,0.13894736842105262,0.11195928753180662,"7.246136353",5,-1.2093727945276562,229,0.19423240033927056,424,0.359626802374894
666160,"Moniak, Mickey",757,0.9098557692307693,543,"73.103547543",0.2840158520475561,0.285451197053407,0.2047556142668428,0.13075506445672191,0.09379128137384413,"7.687874016",10,-15.08677082249667,214,0.28269484808454426,259,0.34214002642007924
547989,"Abreu, José",159,0.8983050847457628,117,"73.083253019",0.3144654088050315,0.2905982905982906,0.2138364779874214,0.1111111111111111,0.08176100628930817,"7.063763899",2,-8.54331984848717,42,0.2641509433962264,57,0.3584905660377358
694192,"Chourio, Jackson",868,0.9136842105263158,655,"73.069005645",0.336405529953917,0.3435114503816794,0.25921658986175117,0.17404580152671756,0.1313364055299539,"7.371332753",22,-8.137480324225962,213,0.24539170506912442,354,0.4078341013824885
681546,"Outman, James",205,0.9070796460176991,128,"73.055372146",0.3073170731707316,0.265625,0.16585365853658537,0.109375,0.06829268292682927,"7.854340098",7,-11.956450545089869,77,0.375609756097561,52,0.25365853658536586
624641,"Sosa, Edmundo",502,0.9094202898550725,350,"73.047531076",0.3386454183266932,0.26571428571428574,0.1852589641434263,0.13142857142857142,0.09163346613545817,"8.257204542",3,-7.657887682261003,152,0.30278884462151395,161,0.3207171314741036
592885,"Yelich, Christian",474,0.920388349514563,368,"73.038030042",0.33966244725738387,0.328804347826087,0.2552742616033755,0.1766304347826087,0.1371308016877637,"7.508849451",9,-4.725730170471656,106,0.22362869198312235,186,0.3924050632911392
665052,"Conine, Griffin",156,0.896551724137931,114,"73.012584808",0.3141025641025641,0.2543859649122807,0.1858974358974359,0.12280701754385964,0.08974358974358974,"7.563531346",2,0.07137494124495236,42,0.2692307692307692,49,0.3141025641025641
596142,"Sánchez, Gary",405,0.9101123595505618,293,"73.011795901",0.31604938271604943,0.3515358361774744,0.254320987654321,0.15699658703071673,0.11358024691358025,"7.444056617",13,-7.628009061921164,112,0.2765432098765432,156,0.3851851851851852
681624,"Pages, Andy",769,0.9068396226415094,578,"73.009817256",0.27568270481144347,0.2837370242214533,0.21326397919375814,0.14013840830449828,0.10533159947984395,"7.731491886",11,-16.31264000879562,191,0.2483745123537061,271,0.35240572171651496
677942,"Alexander, Blaze",300,0.9146341463414634,212,"72.9592488",0.3000000000000001,0.2783018867924528,0.19666666666666666,0.11320754716981132,0.08,"7.329339633",6,-10.434265087901942,88,0.29333333333333333,101,0.33666666666666667
664238,"Moore, Dylan",665,0.9122085048010974,513,"72.956253519",0.275187969924812,0.26705653021442494,0.20601503759398496,0.10721247563352826,0.08270676691729323,"7.120481774",16,-22.93678682678285,152,0.22857142857142856,230,0.3458646616541353
669357,"Gorman, Nolan",649,0.9245014245014245,425,"72.950285686",0.2942989214175654,0.25882352941176473,0.1694915254237288,0.1388235294117647,0.09090909090909091,"7.515333128",16,-13.948053711212177,224,0.34514637904468415,190,0.29275808936825887
664314,"Florial, Estevan",188,0.912621359223301,112,"72.92877234",0.29787234042553207,0.26785714285714285,0.1595744680851064,0.13392857142857142,0.0797872340425532,"7.147443085",0,-4.755435492725666,76,0.40425531914893614,51,0.2712765957446808
673548,"Suzuki, Seiya",857,0.9068783068783068,658,"72.905923536",0.3477246207701285,0.33282674772036475,0.2555425904317386,0.17933130699088146,0.13768961493582263,"7.19250063",17,12.324590878001677,199,0.2322053675612602,327,0.38156359393232203
663662,"Cameron, Daz",308,0.913946587537092,219,"72.874934935",0.30194805194805197,0.3561643835616438,0.2532467532467532,0.1735159817351598,0.12337662337662338,"6.751591753",7,-14.58541308802779,89,0.288961038961039,108,0.35064935064935066
502110,"Martinez, J.D.",850,0.9100642398286938,596,"72.866653424",0.2823529411764706,0.28523489932885904,0.2,0.14093959731543623,0.0988235294117647,"8.418461282",29,-20.146473114022005,254,0.2988235294117647,256,0.30117647058823527
694388,"Loperfido, Joey",461,0.903921568627451,306,"72.842610846",0.2711496746203904,0.26143790849673204,0.1735357917570499,0.10784313725490197,0.07158351409978309,"7.73629",10,-12.959289929263598,155,0.3362255965292842,138,0.2993492407809111
647304,"Naylor, Josh",990,0.908256880733945,794,"72.829121242",0.3252525252525253,0.34005037783375314,0.2727272727272727,0.15869017632241814,0.12727272727272726,"7.636903101",11,-11.968391051814663,196,0.19797979797979798,412,0.4161616161616162
656976,"Smith, Pavin",215,0.9188034188034188,173,"72.82890986",0.3162790697674419,0.4046242774566474,0.32558139534883723,0.19653179190751446,0.15813953488372093,"7.351385581",4,2.743272733115866,42,0.19534883720930232,100,0.46511627906976744
608701,"Refsnyder, Rob",491,0.9042357274401474,367,"72.826248941",0.27902240325865585,0.3133514986376022,0.23421588594704684,0.17438692098092642,0.13034623217922606,"7.567072749",10,1.167013865385949,124,0.2525458248472505,181,0.36863543788187375
665804,"Amaya, Miguel",596,0.9141104294478528,475,"72.812332416",0.32046979865771813,0.2926315789473684,0.2332214765100671,0.11789473684210526,0.09395973154362416,"7.138647198",6,-15.849617572533704,121,0.20302013422818793,244,0.40939597315436244
680777,"Jeffers, Ryan",756,0.9064748201438849,596,"72.796798598",0.3386243386243386,0.27181208053691275,0.21428571428571427,0.1325503355704698,0.10449735449735449,"7.463647698",23,-2.6760834912558993,160,0.21164021164021163,298,0.3941798941798942
571745,"Haniger, Mitch",651,0.909217877094972,452,"72.795430998",0.2580645161290322,0.3473451327433628,0.2411674347158218,0.16371681415929204,0.11367127496159754,"7.093631444",22,-26.874205874350753,199,0.30568356374807987,233,0.3579109062980031
663330,"Jones, Jahmai",53,0.8983050847457628,38,"72.785723585",0.28301886792452835,0.34210526315789475,0.24528301886792453,0.15789473684210525,0.11320754716981132,"7.658806981",1,-0.923399564943715,15,0.2830188679245283,22,0.41509433962264153
643265,"Cooper, Garrett",178,0.9081632653061225,129,"72.778710393",0.26404494382022464,0.2868217054263566,0.20786516853932585,0.10077519379844961,0.07303370786516854,"7.731838258",3,-10.59440011543747,49,0.2752808988764045,64,0.3595505617977528
669004,"Melendez, MJ",847,0.9127155172413793,604,"72.773126375",0.3258559622195985,0.29635761589403975,0.21133412042502953,0.15066225165562913,0.10743801652892562,"7.66303327",14,-33.22445706022414,243,0.28689492325855964,265,0.31286894923258557
663616,"Larnach, Trevor",612,0.9080118694362018,446,"72.771770752",0.26960784313725494,0.3923766816143498,0.28594771241830064,0.2040358744394619,0.14869281045751634,"7.365475784",8,-14.665744399385668,166,0.27124183006535946,241,0.3937908496732026
668227,"Arozarena, Randy",966,0.9019607843137255,706,"72.720274337",0.33333333333333337,0.3286118980169972,0.2401656314699793,0.15864022662889518,0.11594202898550725,"7.382819979",15,-12.864211731103865,260,0.2691511387163561,347,0.35921325051759834
457705,"McCutchen, Andrew",775,0.9096244131455399,577,"72.654720335",0.2503225806451613,0.3119584055459272,0.23225806451612904,0.14558058925476602,0.10838709677419354,"7.602969148",11,-9.998823371541489,198,0.25548387096774194,295,0.38064516129032255
687529,"McCray, Grant",232,0.9098039215686274,130,"72.631808448",0.2543103448275862,0.24615384615384617,0.13793103448275862,0.12307692307692308,0.06896551724137931,"7.196637198",6,-4.77358895552828,102,0.4396551724137931,55,0.23706896551724138
665161,"Peña, Jeremy",1028,0.9089301503094607,776,"72.620449883",0.22470817120622572,0.33762886597938147,0.25486381322957197,0.14948453608247422,0.11284046692607004,"7.635290282",13,-23.10437085093875,252,0.245136186770428,435,0.42315175097276264
672284,"Kelenic, Jarred",735,0.9107806691449815,497,"72.619184122",0.24625850340136052,0.34808853118712274,0.23537414965986395,0.16297786720321933,0.11020408163265306,"7.306488558",18,-16.69707123894093,238,0.3238095238095238,246,0.3346938775510204
657656,"Laureano, Ramón",531,0.9139414802065404,371,"72.614857684",0.30131826741996237,0.29649595687331537,0.2071563088512241,0.13746630727762804,0.096045197740113,"7.226077702",17,-1.524523353547456,160,0.3013182674199623,167,0.3145009416195857
657757,"Sheets, Gavin",844,0.9065520945220193,675,"72.609073116",0.29502369668246453,0.28,0.22393364928909953,0.1259259259259259,0.10071090047393365,"7.565983827",27,-25.667776001719748,169,0.20023696682464456,322,0.3815165876777251
644433,"Tromp, Chadwick",81,0.9310344827586207,51,"72.602522469",0.3333333333333333,0.35294117647058826,0.2222222222222222,0.09803921568627451,0.06172839506172839,"7.896485185",1,-2.6916664991613204,30,0.37037037037037035,28,0.345679012345679
641943,"Palacios, Joshua",122,0.9104477611940298,92,"72.601387295",0.2868852459016393,0.358695652173913,0.27049180327868855,0.1956521739130435,0.14754098360655737,"7.366697213",3,-4.060868113003904,30,0.2459016393442623,51,0.4180327868852459
663457,"Nootbaar, Lars",541,0.9061976549413735,450,"72.591847301",0.2809611829944548,0.3711111111111111,0.30868761552680224,0.21333333333333335,0.17744916820702403,"6.81912342",15,-7.532348995015455,91,0.16820702402957485,246,0.45471349353049906
669720,"Hays, Austin",387,0.9148936170212766,284,"72.581745788",0.2403100775193798,0.3274647887323944,0.24031007751937986,0.1795774647887324,0.13178294573643412,"7.15902863",10,-6.954652823333088,103,0.2661498708010336,155,0.4005167958656331
502054,"Pham, Tommy",702,0.9200524246395806,554,"72.559795299",0.21509971509971507,0.3664259927797834,0.28917378917378916,0.17870036101083034,0.14102564102564102,"6.873080228",14,-11.327167129800172,148,0.21082621082621084,307,0.4373219373219373
673237,"Diaz, Yainer",1051,0.9068162208800691,810,"72.53207981",0.23596574690770697,0.34444444444444444,0.2654614652711703,0.17160493827160495,0.13225499524262607,"7.413811893",17,-8.150712175948351,241,0.22930542340627974,427,0.40627973358705993
680779,"Davis, Henry",179,0.8994974874371859,116,"72.513403687",0.25698324022346375,0.22413793103448276,0.1452513966480447,0.0603448275862069,0.03910614525139665,"7.361492179",5,-12.310526799478485,63,0.35195530726256985,44,0.24581005586592178
592273,"Drury, Brandon",545,0.9128978224455612,437,"72.509221761",0.22935779816513763,0.2791762013729977,0.22385321100917432,0.11899313501144165,0.09541284403669725,"7.350326642",16,-32.93480220831546,108,0.1981651376146789,221,0.4055045871559633
677649,"Duran, Ezequiel",479,0.9193857965451055,373,"72.491382839",0.2505219206680585,0.289544235924933,0.2254697286012526,0.12332439678284182,0.09603340292275574,"7.238525386",10,-13.314381698448088,106,0.22129436325678498,191,0.3987473903966597
646240,"Devers, Rafael",1018,0.9105545617173524,726,"72.464170373",0.2770137524557957,0.32644628099173556,0.23280943025540274,0.19146005509641872,0.13654223968565815,"7.43965945",24,-5.932512332077412,292,0.2868369351669941,334,0.3280943025540275
641857,"McMahon, Ryan",1077,0.9103972950126796,770,"72.457978338",0.2609099350046426,0.312987012987013,0.22376973073351902,0.16233766233766234,0.11606313834726091,"7.202363203",28,-28.8349118072136,307,0.2850510677808728,338,0.3138347260909935
666703,"Rosario, Eguy",73,0.9012345679012346,46,"72.456964795",0.2602739726027396,0.3695652173913043,0.2328767123287671,0.17391304347826086,0.1095890410958904,"7.831491507",2,0.47910579483951565,27,0.3698630136986301,25,0.3424657534246575
642350,"Siri, Jose",740,0.9024390243902439,455,"72.441154473",0.2716216216216215,0.2725274725274725,0.16756756756756758,0.14945054945054945,0.0918918918918919,"7.84316223",20,-15.656003599614996,285,0.38513513513513514,206,0.27837837837837837
605204,"Davis, J.D.",239,0.9122137404580153,161,"72.428612134",0.1799163179916318,0.32919254658385094,0.2217573221757322,0.16149068322981366,0.1087866108786611,"7.286087155",6,-12.673080308535692,78,0.3263598326359833,83,0.3472803347280335
622761,"Mateo, Jorge",354,0.910025706940874,275,"72.420638729",0.2175141242937854,0.2872727272727273,0.2231638418079096,0.14181818181818182,0.11016949152542373,"7.756632655",0,-9.93266902343533,79,0.2231638418079096,134,0.3785310734463277
502671,"Goldschmidt, Paul",1120,0.9157808667211774,831,"72.419823688",0.24107142857142855,0.3333333333333333,0.24732142857142858,0.17809867629362214,0.13214285714285715,"7.74820333",10,-11.57513952211034,289,0.2580357142857143,389,0.34732142857142856
596019,"Lindor, Francisco",1122,0.9144254278728606,860,"72.407116604",0.23529411764705888,0.37209302325581395,0.28520499108734404,0.1813953488372093,0.13903743315508021,"7.564095348",13,-7.614458506942263,262,0.23351158645276293,440,0.39215686274509803
669224,"Wells, Austin",688,0.9064558629776021,511,"72.404004535",0.21656976744186046,0.3131115459882583,0.23255813953488372,0.162426614481409,0.12063953488372094,"7.406674811",11,-16.718461927389182,177,0.25726744186046513,244,0.3546511627906977
665953,"Chaparro, Andrés",252,0.9032258064516129,194,"72.38320877",0.21825396825396826,0.2422680412371134,0.1865079365079365,0.12371134020618557,0.09523809523809523,"7.110084802",3,-7.207257255199738,58,0.23015873015873015,92,0.36507936507936506
664774,"Wade Jr., LaMonte",571,0.9106858054226475,450,"72.379871646",0.2591943957968476,0.34,0.2679509632224168,0.1688888888888889,0.1330998248686515,"6.763951699",12,-13.630803004147177,121,0.2119089316987741,221,0.38704028021015763
680728,"Del Castillo, Adrian",149,0.9030303030303031,104,"72.372333221",0.17449664429530207,0.2980769230769231,0.2080536912751678,0.10576923076923077,0.0738255033557047,"7.15528094",5,2.2564653682849927,45,0.30201342281879195,46,0.3087248322147651
665923,"Ruiz, Esteury",92,0.9019607843137255,61,"72.369974457",0.3152173913043477,0.2786885245901639,0.18478260869565216,0.13114754098360656,0.08695652173913043,"7.623506087",2,-4.501317551685992,31,0.33695652173913043,28,0.30434782608695654
642136,"Thaiss, Matt",290,0.9006211180124224,182,"72.350905655",0.2344827586206896,0.2967032967032967,0.18620689655172415,0.14285714285714285,0.0896551724137931,"7.745399069",9,-14.365347575623758,108,0.3724137931034483,88,0.30344827586206896
608336,"Gallo, Joey",401,0.909297052154195,244,"72.343224539",0.22693266832917702,0.32786885245901637,0.19950124688279303,0.13524590163934427,0.08229426433915212,"7.268575786",2,-15.934605891156423,157,0.3915211970074813,105,0.26184538653366585
682988,"Locklear, Tyler",89,0.898989898989899,62,"72.342834719",0.24719101123595513,0.24193548387096775,0.16853932584269662,0.12903225806451613,0.0898876404494382,"7.47281427",8,-3.4685267716542256,27,0.30337078651685395,25,0.2808988764044944
686527,"Canzone, Dominic",298,0.9085365853658537,208,"72.33507547",0.2651006711409396,0.34615384615384615,0.24161073825503357,0.1778846153846154,0.12416107382550336,"7.597371846",5,-3.427860434364126,90,0.30201342281879195,104,0.348993288590604
664023,"Happ, Ian",1074,0.907861369399831,785,"72.331991527",0.23649906890130354,0.3184713375796178,0.23277467411545624,0.15159235668789808,0.11080074487895716,"6.956279646",18,-25.640838803402627,289,0.26908752327746743,359,0.33426443202979517
594807,"Duvall, Adam",525,0.9051724137931034,383,"72.328140552",0.23047619047619047,0.26631853785900783,0.19428571428571428,0.13577023498694518,0.09904761904761905,"7.59442981",3,-18.96774382413139,142,0.2704761904761905,179,0.34095238095238095
656811,"O'Hearn, Ryan",790,0.9186046511627907,661,"72.324297089",0.24177215189873416,0.3373676248108926,0.28227848101265823,0.14826021180030258,0.1240506329113924,"7.135771481",6,-11.076379116054124,129,0.16329113924050634,345,0.43670886075949367
516782,"Marte, Starling",580,0.9133858267716536,414,"72.304064034",0.2534482758620689,0.33816425120772947,0.2413793103448276,0.17632850241545894,0.12586206896551724,"7.283141069",11,-12.141353900502068,166,0.28620689655172415,218,0.3758620689655172
695257,"Cook, Billy",95,0.8962264150943396,59,"72.303046632",0.22105263157894736,0.3389830508474576,0.21052631578947367,0.1864406779661017,0.11578947368421053,"7.543402105",0,-1.3543572923895786,36,0.37894736842105264,28,0.29473684210526313
666135,"Kirilloff, Alex",272,0.918918918918919,193,"72.28135989",0.1911764705882353,0.3471502590673575,0.24632352941176472,0.16580310880829016,0.11764705882352941,"7.779832904",3,-10.071079993399673,79,0.29044117647058826,98,0.3602941176470588
642215,"Wilson, Weston",150,0.9036144578313253,105,"72.267573867",0.23999999999999996,0.3523809523809524,0.24666666666666667,0.1523809523809524,0.10666666666666667,"7.526865467",7,0.6785134187945439,45,0.3,54,0.36
686611,"Crews, Dylan",210,0.9051724137931034,164,"72.256382048",0.16190476190476194,0.3902439024390244,0.3047619047619048,0.18292682926829268,0.14285714285714285,"7.429099762",3,-5.114915505902777,46,0.21904761904761905,91,0.43333333333333335
608369,"Seager, Corey",831,0.9151982378854625,651,"72.203949844",0.2057761732851986,0.33640552995391704,0.26353790613718414,0.19508448540706605,0.15282791817087846,"6.63734296",14,-3.1805345748429534,180,0.21660649819494585,323,0.38868832731648617
664761,"Bohm, Alec",897,0.9115853658536586,745,"72.190679777",0.2151616499442586,0.38926174496644295,0.3232998885172798,0.18523489932885906,0.15384615384615385,"7.383886466",9,-4.977791508936957,152,0.16945373467112598,416,0.463768115942029
596129,"Vogelbach, Daniel",80,0.9195402298850575,70,"72.18292175",0.2,0.4142857142857143,0.3625,0.22857142857142856,0.2,"7.54086675",1,-3.2124960167910275,10,0.125,42,0.525
682928,"Abrams, CJ",1030,0.9066901408450704,798,"72.18104768",0.23786407766990295,0.3182957393483709,0.24660194174757283,0.13408521303258145,0.10388349514563107,"7.506258204",32,-18.187918395742436,232,0.22524271844660193,381,0.3699029126213592
666915,"Dalbec, Bobby",158,0.9132947976878613,91,"72.163296329",0.1962025316455696,0.26373626373626374,0.1518987341772152,0.08791208791208792,0.05063291139240506,"7.136418734",4,-10.182862543193075,67,0.4240506329113924,37,0.23417721518987342
553993,"Suárez, Eugenio",1031,0.9075704225352113,745,"72.152423094",0.2133850630455868,0.30604026845637583,0.22114451988360814,0.14899328859060404,0.10766246362754607,"7.783109825",34,-2.9537575825472806,286,0.27740058195926287,353,0.34238603297769155
663656,"Tucker, Kyle",452,0.9094567404426559,381,"72.133162301",0.22787610619469026,0.36220472440944884,0.3053097345132743,0.16272965879265092,0.13716814159292035,"7.50733031",8,4.94278343649022,71,0.1570796460176991,195,0.4314159292035398
701538,"Merrill, Jackson",1043,0.9125109361329834,847,"72.116688111",0.21380632790028764,0.30460448642266824,0.2473633748801534,0.1487603305785124,0.12080536912751678,"7.526563787",27,1.125581064026163,196,0.18791946308724833,385,0.3691275167785235
677347,"Paris, Kyren",87,0.925531914893617,60,"72.099495517",0.2183908045977012,0.3,0.20689655172413793,0.11666666666666667,0.08045977011494253,"6.913771034",0,-5.699736190465109,27,0.3103448275862069,30,0.3448275862068966
663647,"Hayes, Ke'Bryan",536,0.9084745762711864,448,"72.082758582",0.19589552238805977,0.37276785714285715,0.31156716417910446,0.16517857142857142,0.13805970149253732,"6.874336959",10,-24.02857818309866,88,0.16417910447761194,254,0.47388059701492535
682868,"Ramos, Bryan",161,0.8994413407821229,116,"72.046100311",0.20496894409937888,0.4224137931034483,0.30434782608695654,0.1896551724137931,0.13664596273291926,"8.475103043",2,-5.99068945511591,45,0.2795031055900621,71,0.4409937888198758
657557,"DeJong, Paul",940,0.912621359223301,636,"72.015809457",0.1542553191489362,0.2688679245283019,0.1819148936170213,0.11949685534591195,0.08085106382978724,"6.902501383",11,-19.95004979447531,304,0.32340425531914896,275,0.2925531914893617
673962,"Jung, Josh",280,0.9003215434083601,197,"72.012457929",0.14642857142857144,0.3553299492385787,0.25,0.1065989847715736,0.075,"7.192815036",5,-1.811790485102228,83,0.29642857142857143,112,0.4
622534,"Margot, Manuel",550,0.90311986863711,444,"72.010837327",0.1981818181818182,0.3130630630630631,0.25272727272727274,0.1373873873873874,0.11090909090909092,"7.262056309",5,-19.85478987577644,106,0.19272727272727272,229,0.4163636363636364
572138,"Singleton, Jon",585,0.9169278996865203,419,"71.992903812",0.2376068376068376,0.34844868735083534,0.24957264957264957,0.14081145584725538,0.10085470085470086,"7.089722188",12,-8.55527426387927,166,0.28376068376068375,224,0.38290598290598293
666181,"Benson, Will",659,0.9127423822714681,414,"71.983333839",0.204855842185129,0.2584541062801932,0.16236722306525037,0.10628019323671498,0.06676783004552352,"7.867711168",17,-21.794976895953884,245,0.37177541729893776,163,0.2473444613050076
657136,"Wong, Connor",827,0.9087912087912088,597,"71.96994971",0.17412333736396624,0.2931323283082077,0.21160822249093109,0.1306532663316583,0.094316807738815,"7.342339988",11,-4.79335303314551,230,0.2781136638452237,294,0.3555018137847642
656582,"Joe, Connor",592,0.9135802469135802,455,"71.969905608",0.23648648648648649,0.27692307692307694,0.21283783783783783,0.12307692307692308,0.0945945945945946,"7.344939274",18,-15.591494634269917,137,0.23141891891891891,236,0.39864864864864863
673995,"Wendzel, Davis",78,0.896551724137931,58,"71.895345256",0.16666666666666669,0.29310344827586204,0.21794871794871795,0.10344827586206896,0.07692307692307693,"7.050072179",2,-7.093301638826539,20,0.2564102564102564,35,0.44871794871794873
542932,"Berti, Jon",91,0.8921568627450981,74,"71.872775824",0.1978021978021978,0.32432432432432434,0.26373626373626374,0.06756756756756757,0.054945054945054944,"7.45932978",0,-1.3165619149293486,17,0.18681318681318682,45,0.4945054945054945
605170,"Caratini, Victor",426,0.9122055674518201,336,"71.860800657",0.23239436619718307,0.3869047619047619,0.3051643192488263,0.15476190476190477,0.12206572769953052,"6.972649155",6,-7.22402828689692,90,0.2112676056338028,177,0.4154929577464789
543807,"Springer, George",953,0.9041745730550285,732,"71.855944397",0.2224554039874082,0.33060109289617484,0.2539349422875131,0.15163934426229508,0.11647429171038824,"7.430281857",24,-25.439455096303455,221,0.23189926547743966,368,0.3861490031479538
542194,"Bethancourt, Christian",253,0.9035714285714286,182,"71.84424581",0.23715415019762842,0.32967032967032966,0.23715415019762845,0.12637362637362637,0.09090909090909091,"7.494386522",9,-5.562823399234972,71,0.28063241106719367,88,0.34782608695652173
676116,"Noda, Ryan",145,0.9294871794871795,99,"71.840883034",0.25517241379310346,0.24242424242424243,0.16551724137931034,0.13131313131313133,0.0896551724137931,"7.576686759",5,-9.434890466630252,46,0.31724137931034485,41,0.2827586206896552
641487,"Crawford, J.P.",658,0.9138888888888889,529,"71.833243419",0.22948328267477203,0.29111531190926276,0.23404255319148937,0.12098298676748583,0.0972644376899696,"7.26414535",5,-28.30481751664432,129,0.196048632218845,253,0.3844984802431611
658668,"Olivares, Edward",304,0.8994082840236687,233,"71.830535526",0.23355263157894743,0.2875536480686695,0.22039473684210525,0.14163090128755365,0.10855263157894737,"7.305078717",4,-11.622153071481849,71,0.23355263157894737,118,0.3881578947368421
666969,"García, Adolis",1120,0.9127954360228199,757,"71.829999464",0.2258928571428572,0.332892998678996,0.225,0.16380449141347425,0.11071428571428571,"7.845196821",14,-39.52220306357644,363,0.32410714285714287,360,0.32142857142857145
592206,"Castellanos, Nick",1152,0.9085173501577287,817,"71.827896267",0.22656249999999997,0.3317013463892289,0.23524305555555555,0.12607099143206854,0.08940972222222222,"7.577894523",12,-17.232846880550614,335,0.2907986111111111,417,0.3619791666666667
668901,"Vientos, Mark",762,0.910394265232975,512,"71.819710827",0.20603674540682415,0.353515625,0.23753280839895013,0.1875,0.12598425196850394,"7.572299567",18,4.376172821829669,250,0.32808398950131235,252,0.33070866141732286
665862,"Chisholm Jr., Jazz",938,0.9214145383104125,658,"71.814437687",0.2292110874200426,0.32370820668693007,0.22707889125799574,0.1474164133738602,0.10341151385927505,"7.490372793",11,-18.008602166494516,280,0.29850746268656714,318,0.3390191897654584
669016,"Marsh, Brandon",704,0.9095607235142119,525,"71.812788622",0.1477272727272727,0.3333333333333333,0.24857954545454544,0.15047619047619049,0.11221590909090909,"7.190181307",4,-5.817104821046753,179,0.25426136363636365,244,0.3465909090909091
700932,"Manzardo, Kyle",269,0.9087837837837838,202,"71.795480112",0.13011152416356883,0.3415841584158416,0.25650557620817843,0.13366336633663367,0.10037174721189591,"7.626970706",4,-6.261118253056644,67,0.24907063197026022,101,0.3754646840148699
686780,"Pagés, Pedro",380,0.9112709832134293,283,"71.793740816",0.2315789473684211,0.2826855123674912,0.21052631578947367,0.1166077738515901,0.0868421052631579,"6.895091474",8,-8.861876967068904,97,0.25526315789473686,136,0.35789473684210527
641584,"Fraley, Jake",666,0.9073569482288828,532,"71.755075841",0.19819819819819823,0.2575187969924812,0.2057057057057057,0.07330827067669173,0.05855855855855856,"7.081194384",1,-22.672793084017375,134,0.2012012012012012,252,0.3783783783783784
650559,"De La Cruz, Bryan",1078,0.9074074074074074,783,"71.746705798",0.19758812615955473,0.32567049808429116,0.23654916512059368,0.12643678160919541,0.09183673469387756,"7.692864063",20,-23.488968232515298,295,0.27365491651205937,374,0.3469387755102041
596103,"Slater, Austin",306,0.918918918918919,217,"71.745715523",0.20261437908496732,0.29493087557603687,0.20915032679738563,0.10138248847926268,0.0718954248366013,"6.806343301",4,-14.888802784081125,89,0.2908496732026144,99,0.3235294117647059
672820,"Sosa, Lenyn",643,0.9043600562587905,521,"71.737102955",0.16951788491446348,0.33397312859884837,0.27060653188180406,0.12476007677543186,0.10108864696734059,"7.36261577",6,-17.496792405126907,122,0.18973561430793157,260,0.40435458786936235
543309,"Higashioka, Kyle",423,0.9038461538461539,328,"71.733787234",0.17021276595744686,0.31402439024390244,0.24349881796690306,0.13719512195121952,0.10638297872340426,"7.336180638",12,-1.7177919169769809,95,0.22458628841607564,156,0.36879432624113473
623912,"Ramírez, Harold",393,0.9013761467889908,277,"71.709386921",0.28244274809160314,0.36101083032490977,0.2544529262086514,0.11552346570397112,0.08142493638676845,"7.256234427",5,-10.702382551193432,116,0.2951653944020356,158,0.4020356234096692
671289,"Freeman, Tyler",525,0.9051724137931034,444,"71.707080114",0.1733333333333333,0.36036036036036034,0.3047619047619048,0.1373873873873874,0.11619047619047619,"7.187641257",5,-23.51307947376252,81,0.15428571428571428,243,0.46285714285714286
694377,"Yorke, Nick",68,0.9066666666666666,45,"71.700413676",0.3235294117647059,0.28888888888888886,0.19117647058823528,0.15555555555555556,0.10294117647058823,"7.172568235",1,-3.8989621870387836,23,0.3382352941176471,20,0.29411764705882354
467793,"Santana, Carlos",900,0.9127789046653144,704,"71.696330589",0.19222222222222227,0.359375,0.2811111111111111,0.13494318181818182,0.10555555555555556,"7.569178067",8,-28.323400222733394,196,0.21777777777777776,376,0.4177777777777778
666397,"Julien, Edouard",419,0.918859649122807,297,"71.695711432",0.1670644391408115,0.2828282828282828,0.20047732696897375,0.13131313131313133,0.09307875894988067,"7.095472745",10,-17.932458993719184,122,0.2911694510739857,139,0.3317422434367542
621020,"Swanson, Dansby",997,0.9096715328467153,729,"71.695295898",0.1273821464393179,0.3347050754458162,0.24473420260782347,0.1522633744855967,0.11133400200601805,"7.438156841",22,-23.733877159063873,268,0.2688064192577733,357,0.35807422266800404
668709,"Bleday, JJ",967,0.9071294559099438,733,"71.676518594",0.1644260599793175,0.3506139154160982,0.265770423991727,0.15416098226466576,0.11685625646328852,"7.279614064",24,-20.910504897217187,234,0.2419855222337125,400,0.4136504653567735
665506,"Pache, Cristian",308,0.913946587537092,210,"71.674405519",0.14935064935064932,0.28095238095238095,0.19155844155844157,0.12380952380952381,0.08441558441558442,"7.367984123",7,-13.625688230967436,98,0.3181818181818182,85,0.275974025974026
686469,"Pasquantino, Vinnie",880,0.9205020920502092,761,"71.64727025",0.1965909090909091,0.37056504599211565,0.32045454545454544,0.16031537450722733,0.13863636363636364,"7.397631591",10,-6.877135579261489,119,0.13522727272727272,393,0.4465909090909091
663898,"Rodgers, Brendan",809,0.9079685746352413,618,"71.64643691",0.24969097651421515,0.3155339805825243,0.24103831891223734,0.14401294498381878,0.1100123609394314,"7.136155513",26,-6.756197568532413,191,0.2360939431396786,304,0.3757725587144623
693307,"Dingler, Dillon",162,0.9050279329608939,118,"71.635736543",0.1049382716049383,0.3135593220338983,0.22839506172839505,0.1694915254237288,0.12345679012345678,"7.630500864",1,-6.308099491847712,44,0.2716049382716049,49,0.30246913580246915
571771,"Hernández, Enrique",625,0.9137426900584795,488,"71.634301056",0.19359999999999997,0.33811475409836067,0.264,0.11475409836065574,0.0896,"7.36741408",6,-14.444177722033125,137,0.2192,251,0.4016
657041,"Thomas, Lane",780,0.9069767441860465,619,"71.633327244",0.167948717948718,0.3247172859450727,0.25769230769230766,0.1518578352180937,0.12051282051282051,"6.754196538",19,-8.618531900810263,161,0.2064102564102564,311,0.39871794871794874
680869,"Gelof, Zack",896,0.9041372351160444,583,"71.632964643",0.11718749999999999,0.3018867924528302,0.19642857142857142,0.12006861063464837,0.078125,"7.326133683",23,-28.77390814797365,313,0.34933035714285715,285,0.31808035714285715
676632,"Madris, Bligh",121,0.9097744360902256,85,"71.609451983",0.12396694214876038,0.35294117647058826,0.24793388429752067,0.11764705882352941,0.08264462809917356,"7.469243388",1,-4.462468976430302,36,0.2975206611570248,43,0.35537190082644626
663697,"India, Jonathan",836,0.908695652173913,688,"71.603136388",0.22009569377990432,0.30523255813953487,0.2511961722488038,0.12354651162790697,0.10167464114832536,"7.16732878",25,-19.73058432903113,148,0.17703349282296652,344,0.41148325358851673
682641,"Matos, Luis",253,0.9100719424460432,216,"71.596182964",0.18181818181818185,0.30092592592592593,0.25691699604743085,0.12037037037037036,0.10276679841897234,"7.186478617",2,-4.589225313601356,37,0.14624505928853754,110,0.43478260869565216
595777,"Profar, Jurickson",984,0.9111111111111111,825,"71.581198669",0.22459349593495942,0.32242424242424245,0.2703252032520325,0.12848484848484848,0.10772357723577236,"7.33623186",12,-19.829220728335027,159,0.16158536585365854,367,0.37296747967479676
671277,"García Jr., Luis",819,0.91,653,"71.56348265",0.2246642246642247,0.35222052067381315,0.28083028083028083,0.16079632465543645,0.1282051282051282,"7.284429255",10,-5.5766109207721986,166,0.2026862026862027,358,0.4371184371184371
668715,"Steer, Spencer",993,0.9010889292196007,780,"71.540708187",0.13595166163141997,0.3269230769230769,0.256797583081571,0.1294871794871795,0.10171198388721048,"7.365236657",21,-21.983479342480724,213,0.21450151057401812,390,0.39274924471299094
609280,"Andujar, Miguel",525,0.9051724137931034,451,"71.537063505",0.22095238095238093,0.3082039911308204,0.26476190476190475,0.11529933481152993,0.09904761904761905,"7.631232362",8,-8.165757281401385,74,0.14095238095238094,239,0.4552380952380952
668804,"Reynolds, Bryan",1098,0.9029605263157895,801,"71.522751184",0.17030965391621128,0.3682896379525593,0.2686703096539162,0.17478152309612985,0.12750455373406194,"6.844140647",31,-8.251339362156758,297,0.27049180327868855,416,0.3788706739526412
668731,"Baddoo, Akil",134,0.9115646258503401,92,"71.509896269",0.29104477611940305,0.3695652173913043,0.2537313432835821,0.17391304347826086,0.11940298507462686,"7.50545306",6,-7.747596506956142,42,0.31343283582089554,47,0.35074626865671643
608070,"Ramírez, José",1140,0.9047619047619048,995,"71.508031912",0.187719298245614,0.3256281407035176,0.28421052631578947,0.1407035175879397,0.12280701754385964,"7.267583228",17,3.698510952070566,145,0.12719298245614036,486,0.4263157894736842
607208,"Turner, Trea",916,0.9132602193419741,690,"71.504157009",0.16921397379912667,0.3391304347826087,0.2554585152838428,0.1318840579710145,0.09934497816593886,"7.584962948",15,-3.0911392707247636,226,0.24672489082969432,353,0.3853711790393013
681481,"Carpenter, Kerry",471,0.9057692307692308,340,"71.458803248",0.1443736730360934,0.3411764705882353,0.24628450106157113,0.16176470588235295,0.11677282377919321,"7.500671295",9,4.000628549092922,131,0.2781316348195329,165,0.3503184713375796
621466,"Stewart, DJ",258,0.911660777385159,183,"71.45475124",0.18992248062015507,0.3442622950819672,0.2441860465116279,0.15846994535519127,0.1124031007751938,"7.114069651",2,-12.19810164304397,75,0.29069767441860467,97,0.375968992248062
444482,"Peralta, David",448,0.9014084507042254,330,"71.405537701",0.1919642857142857,0.3303030303030303,0.24330357142857142,0.1303030303030303,0.09598214285714286,"7.179058125",17,-7.859702785163707,118,0.26339285714285715,164,0.36607142857142855
620443,"Torrens, Luis",202,0.9140271493212669,162,"71.399486634",0.10396039603960398,0.32098765432098764,0.25742574257425743,0.1111111111111111,0.0891089108910891,"7.316787822",2,-4.844489601147254,40,0.19801980198019803,78,0.38613861386138615
686676,"Lee, Korey",738,0.9088669950738916,473,"71.376517886",0.13956639566395665,0.30021141649048627,0.19241192411924118,0.1416490486257928,0.09078590785907859,"7.200647791",17,-24.69903763242703,265,0.35907859078590787,232,0.3143631436314363
700250,"Rice, Ben",299,0.9088145896656535,232,"71.318232207",0.14381270903010035,0.30603448275862066,0.23745819397993312,0.10775862068965517,0.08361204013377926,"7.411345619",5,-10.254349648562089,67,0.22408026755852842,103,0.34448160535117056
608324,"Bregman, Alex",909,0.907185628742515,809,"71.312552618",0.11881188118811879,0.377008652657602,0.3355335533553355,0.13226205191594562,0.11771177117711772,"7.003644917",7,-3.5894491325467373,100,0.11001100110011001,447,0.49174917491749176
596146,"Kepler, Max",679,0.9077540106951871,528,"71.306019485",0.19293078055964652,0.32765151515151514,0.2547864506627393,0.13636363636363635,0.10603829160530191,"7.451168837",15,-22.941492855809457,151,0.22238586156111928,263,0.3873343151693667
691182,"Amador, Adael",61,0.9104477611940298,50,"71.296798197",0.1967213114754098,0.28,0.22950819672131148,0.06,0.04918032786885246,"7.497717869",3,-3.186017955290461,11,0.18032786885245902,25,0.4098360655737705
642020,"Robinson, Chuckie",147,0.901840490797546,105,"71.295413741",0.16326530612244894,0.20952380952380953,0.14965986394557823,0.05714285714285714,0.04081632653061224,"6.860006463",4,-11.94884740149996,42,0.2857142857142857,48,0.32653061224489793
663743,"Fortes, Nick",451,0.9074446680080482,390,"71.29291714",0.1929046563192905,0.3128205128205128,0.270509977827051,0.10256410256410256,0.08869179600886919,"7.10596847",4,-17.715279958401872,61,0.1352549889135255,228,0.5055432372505543
672275,"Bailey, Patrick",728,0.9077306733167082,566,"71.273724396",0.1318681318681319,0.36042402826855124,0.2802197802197802,0.15547703180212014,0.12087912087912088,"7.275595783",9,-26.904088427403515,162,0.22252747252747251,275,0.37774725274725274
687952,"Encarnacion-Strand, Christian",167,0.907608695652174,127,"71.271433054",0.15568862275449102,0.29133858267716534,0.2215568862275449,0.12598425196850394,0.09580838323353294,"7.24925006",1,-9.801827784896181,40,0.23952095808383234,59,0.3532934131736527
690993,"Keith, Colt",841,0.9033297529538131,658,"71.259526326",0.1426872770511296,0.3525835866261398,0.27586206896551724,0.12917933130699089,0.10107015457788347,"6.661205161",14,-11.73240638012934,183,0.21759809750297265,363,0.43162901307966706
687597,"Beck, Jordan",313,0.9125364431486881,210,"71.257468658",0.14376996805111822,0.2761904761904762,0.1853035143769968,0.10952380952380952,0.07348242811501597,"7.666498562",6,-11.712466188691808,103,0.329073482428115,99,0.31629392971246006
518595,"d'Arnaud, Travis",547,0.9224283305227656,370,"71.245913894",0.20292504570383912,0.3108108108108108,0.21023765996343693,0.13783783783783785,0.09323583180987204,"7.774118921",6,-12.757822592512637,177,0.3235831809872029,176,0.3217550274223035
606992,"Haase, Eric",120,0.916030534351145,74,"71.23905525",0.10833333333333335,0.3783783783783784,0.23333333333333334,0.17567567567567569,0.10833333333333334,"7.18547975",2,5.580173398945975,46,0.38333333333333336,35,0.2916666666666667
678662,"Tovar, Ezequiel",1298,0.9121574139142656,886,"71.238633806",0.18721109399075503,0.3036117381489842,0.20724191063174113,0.11738148984198646,0.08012326656394453,"7.540834422",17,-6.542396388998394,412,0.31741140215716485,409,0.3151001540832049
666165,"Sabol, Blake",58,0.90625,41,"71.230168276",0.017241379310344824,0.3902439024390244,0.27586206896551724,0.14634146341463414,0.10344827586206896,"7.178596897",2,-0.8969721208597918,17,0.29310344827586204,22,0.3793103448275862
679032,"Rojas, Johan",518,0.9024390243902439,403,"71.224022143",0.21235521235521235,0.3225806451612903,0.25096525096525096,0.12655086848635236,0.09845559845559845,"7.236162046",12,-8.986147545103476,115,0.222007722007722,228,0.44015444015444016
665750,"Taveras, Leody",816,0.9066666666666666,601,"71.219359314",0.1470588235294118,0.3277870216306156,0.24142156862745098,0.13976705490848584,0.10294117647058823,"7.460074387",6,-24.803406972121472,215,0.26348039215686275,322,0.3946078431372549
677588,"Tena, José",298,0.9030303030303031,231,"71.21878406",0.19463087248322153,0.3593073593073593,0.2785234899328859,0.16883116883116883,0.13087248322147652,"6.88344453",3,-8.904982073289105,67,0.22483221476510068,111,0.3724832214765101
605346,"López, Jack",136,0.9066666666666666,89,"71.212711838",0.1323529411764706,0.2808988764044944,0.18382352941176472,0.0898876404494382,0.058823529411764705,"7.494311765",1,-1.9729826303485742,47,0.34558823529411764,39,0.2867647058823529
702616,"Holliday, Jackson",339,0.9064171122994652,234,"71.210956844",0.10619469026548674,0.3504273504273504,0.24188790560471976,0.14102564102564102,0.09734513274336283,"7.062440383",13,-15.491002633579201,105,0.30973451327433627,115,0.3392330383480826
641598,"Garver, Mitch",609,0.9035608308605341,435,"71.196268391",0.09852216748768475,0.3471264367816092,0.24794745484400657,0.14482758620689656,0.10344827586206896,"7.329834499",15,-24.797924697253855,174,0.2857142857142857,217,0.3563218390804598
666158,"Lux, Gavin",737,0.9110012360939431,579,"71.193641316",0.15468113975576667,0.32642487046632124,0.2564450474898236,0.1381692573402418,0.10854816824966079,"7.252190583",18,-14.351791147339176,158,0.21438263229308005,291,0.3948439620081411
676475,"Burleson, Alec",995,0.9012681159420289,829,"71.18511197",0.17989949748743717,0.3715319662243667,0.30954773869346736,0.13268998793727382,0.11055276381909548,"7.461290905",11,-16.04865509258993,166,0.16683417085427135,424,0.42613065326633165
681460,"Baldwin, Brooks",214,0.9067796610169492,159,"71.164620047",0.08411214953271029,0.2830188679245283,0.2102803738317757,0.09433962264150944,0.07009345794392523,"7.060268879",1,-8.78597502580075,55,0.2570093457943925,75,0.35046728971962615
667472,"Myers, Dane",159,0.9190751445086706,113,"71.16394195",0.15723270440251574,0.36283185840707965,0.2578616352201258,0.12389380530973451,0.0880503144654088,"7.173371384",1,0.17693000158069247,46,0.2893081761006289,54,0.33962264150943394
571970,"Muncy, Max",355,0.9293193717277487,248,"71.16049262",0.14647887323943662,0.33064516129032256,0.23098591549295774,0.14112903225806453,0.09859154929577464,"7.16354938",4,-10.191943675871405,107,0.30140845070422534,121,0.3408450704225352
669477,"Schmitt, Casey",173,0.9251336898395722,134,"71.148122486",0.24277456647398848,0.35074626865671643,0.27167630057803466,0.13432835820895522,0.10404624277456648,"7.475271214",5,0.23478529353702116,39,0.2254335260115607,76,0.4393063583815029
656555,"Hoskins, Rhys",812,0.90625,619,"71.113127549",0.12931034482758616,0.3037156704361874,0.2315270935960591,0.11954765751211632,0.09113300492610837,"8.103714163",23,-13.958858111687768,193,0.2376847290640394,264,0.3251231527093596
664056,"Bader, Harrison",649,0.9102384291725105,502,"71.087666934",0.1972265023112481,0.3346613545816733,0.2588597842835131,0.1294820717131474,0.10015408320493066,"7.047819831",16,-18.100699006628655,147,0.22650231124807396,281,0.43297380585516176
642708,"Rosario, Amed",563,0.9154471544715447,428,"71.085136821",0.1651865008880995,0.3107476635514019,0.23623445825932504,0.11682242990654206,0.08880994671403197,"7.354877016",8,-10.461714656418403,135,0.23978685612788633,224,0.3978685612788632
663837,"Vierling, Matt",860,0.9052631578947369,697,"71.076178698",0.11744186046511629,0.3586800573888092,0.29069767441860467,0.15494978479196556,0.12558139534883722,"7.413210035",7,-12.61441587615554,163,0.18953488372093022,357,0.41511627906976745
656248,"Bouchard, Sean",152,0.9212121212121213,101,"71.054362237",0.10526315789473688,0.38613861386138615,0.2565789473684211,0.0891089108910891,0.05921052631578947,"7.256680263",0,-4.205472013014912,51,0.3355263157894737,50,0.32894736842105265
642201,"White, Eli",67,0.9054054054054054,55,"71.027810746",0.13432835820895522,0.34545454545454546,0.2835820895522388,0.16363636363636364,0.13432835820895522,"7.058388806",3,1.630598842637979,12,0.1791044776119403,25,0.373134328358209
664034,"France, Ty",882,0.9074074074074074,682,"71.015068787",0.1428571428571428,0.312316715542522,0.24149659863945577,0.12023460410557185,0.09297052154195011,"7.591614546",17,-31.009149537601626,200,0.22675736961451248,333,0.37755102040816324
693304,"Gonzales, Nick",679,0.9089692101740294,525,"71.010926892",0.1281296023564065,0.32761904761904764,0.2533136966126657,0.13904761904761906,0.10751104565537556,"7.270059367",16,-14.705164247496247,154,0.2268041237113402,270,0.39764359351988215
687263,"Neto, Zach",921,0.9029411764705882,692,"70.975951607",0.14657980456026062,0.33815028901734107,0.254071661237785,0.13872832369942195,0.10423452768729642,"7.108802226",37,-16.13968115600201,229,0.248642779587405,346,0.3756786102062975
669304,"Miranda, Jose F",697,0.9111111111111111,563,"70.948937245",0.15494978479196556,0.35879218472468916,0.2898134863701578,0.13321492007104796,0.10760401721664276,"7.577225352",25,-12.715242019450653,134,0.19225251076040173,299,0.42898134863701576
676059,"Westburg, Jordan",692,0.9117259552042161,501,"70.944382991",0.10838150289017343,0.37325349301397204,0.2702312138728324,0.16367265469061876,0.11849710982658959,"6.816262717",16,-6.807294862137056,191,0.27601156069364163,266,0.38439306358381503
573262,"Yastrzemski, Mike",759,0.9089820359281438,572,"70.931879974",0.05533596837944665,0.35664335664335667,0.26877470355731226,0.14160839160839161,0.1067193675889328,"7.553065744",11,-13.956603884428846,187,0.2463768115942029,285,0.37549407114624506
676572,"Wagaman, Eric",112,0.9032258064516129,89,"70.931130089",0.1785714285714286,0.3258426966292135,0.25892857142857145,0.10112359550561797,0.08035714285714286,"6.900647679",3,-1.4591103188871244,23,0.20535714285714285,39,0.3482142857142857
686668,"Doyle, Brenton",919,0.9045275590551181,651,"70.9203963",0.08052230685527745,0.3425499231950845,0.2426550598476605,0.15053763440860216,0.10663764961915125,"7.361842514",20,-10.571988466073066,268,0.2916213275299238,339,0.36887921653971706
656775,"Mullins, Cedric",825,0.9126106194690266,686,"70.913559382",0.07515151515151515,0.2886297376093295,0.24,0.10204081632653061,0.08484848484848485,"7.507540085",4,-16.343072765645985,139,0.1684848484848485,309,0.37454545454545457
677950,"Thomas, Alek",136,0.9006622516556292,107,"70.895792868",0.0808823529411765,0.4485981308411215,0.35294117647058826,0.18691588785046728,0.14705882352941177,"7.050179338",5,-6.076891431177352,29,0.21323529411764705,63,0.4632352941176471
613564,"Vosler, Jason",54,0.9152542372881356,41,"70.893718148",0.055555555555555566,0.3170731707317073,0.24074074074074073,0.07317073170731707,0.05555555555555555,"7.572757407",0,-2.916436527257187,13,0.24074074074074073,18,0.3333333333333333
694497,"Carter, Evan",182,0.914572864321608,143,"70.882157088",0.15384615384615385,0.3076923076923077,0.24175824175824176,0.13286713286713286,0.1043956043956044,"7.076792967",2,-5.393328723767883,39,0.21428571428571427,78,0.42857142857142855
807799,"Yoshida, Masataka",610,0.9090909090909091,538,"70.871625426",0.15081967213114755,0.3382899628252788,0.2983606557377049,0.13197026022304834,0.11639344262295082,"7.277563852",4,-4.129043937051179,72,0.1180327868852459,293,0.48032786885245904
686681,"Massey, Michael",614,0.9056047197640118,516,"70.845341873",0.08794788273615635,0.35852713178294576,0.30130293159609123,0.12015503875968993,0.10097719869706841,"7.175186352",6,-6.314889954272111,98,0.15960912052117263,268,0.4364820846905538
663886,"Stephenson, Tyler",726,0.9029850746268657,591,"70.824940096",0.09366391184573003,0.3739424703891709,0.3044077134986226,0.155668358714044,0.12672176308539945,"7.436611006",31,4.458961464640604,135,0.1859504132231405,306,0.4214876033057851
642731,"Estrada, Thairo",548,0.9133333333333333,458,"70.82253604",0.14051094890510948,0.3384279475982533,0.28284671532846717,0.11790393013100436,0.09854014598540146,"7.175830146",17,-15.273830851637937,90,0.16423357664233576,258,0.4708029197080292
676801,"McCormick, Chas",422,0.8997867803837953,295,"70.821444123",0.1255924170616114,0.288135593220339,0.2014218009478673,0.10508474576271186,0.07345971563981042,"7.478139242",5,-17.35711395815837,127,0.3009478672985782,139,0.3293838862559242
606115,"Arcia, Orlando",946,0.9096153846153846,712,"70.8064924",0.1342494714587738,0.34129213483146065,0.2568710359408034,0.12219101123595505,0.0919661733615222,"7.905998457",25,-35.09409784001068,234,0.24735729386892177,374,0.3953488372093023
455117,"Maldonado, Martín",225,0.9183673469387755,150,"70.777482978",0.09777777777777778,0.30666666666666664,0.20444444444444446,0.12,0.08,"7.617788533",4,-12.381656910540707,75,0.3333333333333333,73,0.3244444444444444
676356,"DeLuca, Jonny",632,0.9067431850789096,489,"70.773712373",0.1107594936708861,0.25971370143149286,0.20094936708860758,0.07975460122699386,0.061708860759493674,"7.650191709",11,-20.343156603713627,143,0.22626582278481014,230,0.3639240506329114
677008,"Kjerstad, Heston",204,0.9230769230769231,145,"70.755148578",0.1568627450980393,0.2827586206896552,0.20098039215686275,0.1103448275862069,0.0784313725490196,"7.01497848",4,-1.8839927874193294,59,0.28921568627450983,59,0.28921568627450983
672580,"Garcia, Maikel",850,0.9052183173588925,736,"70.7484464",0.10823529411764707,0.40896739130434784,0.35411764705882354,0.15896739130434784,0.1376470588235294,"7.146195882",12,-36.42959940637626,114,0.13411764705882354,422,0.4964705882352941
682177,"Schneemann, Daniel",396,0.9061784897025171,276,"70.739646818",0.06313131313131312,0.3007246376811594,0.20959595959595959,0.08695652173913043,0.06060606060606061,"6.985946742",7,-8.44464382218499,120,0.30303030303030304,121,0.3055555555555556
668670,"Rogers, Jake",503,0.9063063063063063,348,"70.737642724",0.05964214711729622,0.3879310344827586,0.268389662027833,0.13793103448275862,0.09542743538767395,"7.347594751",12,-14.250169995915995,155,0.3081510934393638,193,0.3836978131212724
683734,"Vaughn, Andrew",988,0.9089236430542779,791,"70.736878279",0.11943319838056679,0.35398230088495575,0.2834008097165992,0.16182048040455121,0.12955465587044535,"7.546131579",12,-13.773982565548666,197,0.19939271255060728,399,0.40384615384615385
666023,"Fermin, Freddy",625,0.9124087591240876,498,"70.70913072",0.0976,0.3273092369477912,0.2608,0.11044176706827309,0.088,"7.484415168",21,-15.17061106296018,127,0.2032,245,0.392
666134,"Jones, Nolan",403,0.901565995525727,309,"70.706937965",0.16873449131513654,0.313915857605178,0.24069478908188585,0.11003236245954692,0.08436724565756824,"6.726079677",8,-10.583806894319936,94,0.23325062034739455,140,0.34739454094292804
664728,"Isbel, Kyle",613,0.9135618479880775,499,"70.701117847",0.10929853181076674,0.3346693386773547,0.2724306688417618,0.13026052104208416,0.10603588907014681,"7.141369347",5,-16.291760528678992,114,0.1859706362153344,259,0.42251223491027734
571448,"Arenado, Nolan",989,0.9065077910174152,843,"70.690371668",0.12740141557128415,0.32265717674970346,0.2750252780586451,0.09134045077105575,0.07785642062689585,"8.22224365",29,-15.813654266895787,146,0.14762386248736098,437,0.4418604651162791
621512,"Nido, Tomás",269,0.9275862068965517,179,"70.679776543",0.05576208178438662,0.3854748603351955,0.25650557620817843,0.13966480446927373,0.09293680297397769,"8.052435836",1,-5.724343312780747,90,0.3345724907063197,92,0.3420074349442379
593428,"Bogaerts, Xander",643,0.9005602240896359,536,"70.66567986",0.15241057542768272,0.3694029850746269,0.30793157076205285,0.1287313432835821,0.10730948678071539,"7.202580933",9,-8.340156452996192,107,0.16640746500777606,294,0.4572317262830482
667452,"Julks, Corey",315,0.9051724137931034,233,"70.664706571",0.08888888888888889,0.27467811158798283,0.20317460317460317,0.09012875536480687,0.06666666666666667,"6.969694984",3,-15.839655079051086,82,0.26031746031746034,115,0.36507936507936506
543510,"McCann, James",388,0.9044289044289044,282,"70.656930619",0.10824742268041239,0.31560283687943264,0.22938144329896906,0.1347517730496454,0.0979381443298969,"6.895718273",4,-11.443435225710857,107,0.2757731958762887,143,0.36855670103092786
672640,"Lopez, Otto",691,0.9056356487549148,549,"70.612855195",0.13892908827785816,0.3770491803278688,0.2995658465991317,0.14207650273224043,0.11287988422575977,"6.560308336",19,-6.579073657173736,142,0.20549927641099855,301,0.4356005788712012
808982,"Lee, Jung Hoo",186,0.9029126213592233,169,"70.601446183",0.12903225806451613,0.40828402366863903,0.3709677419354839,0.13609467455621302,0.12365591397849462,"7.434129355",0,-7.420707222975263,17,0.0913978494623656,101,0.543010752688172
681351,"O'Hoppe, Logan",862,0.9054621848739496,593,"70.600574142",0.17285382830626453,0.3305227655986509,0.2273781902552204,0.1467116357504216,0.10092807424593968,"7.292429594",41,-21.70919756425265,269,0.31206496519721577,281,0.3259860788863109
650489,"Castro, Willi",1099,0.9075144508670521,794,"70.582511392",0.1537761601455869,0.2884130982367758,0.2083712465878071,0.11964735516372796,0.08644222020018198,"7.077645778",18,-16.997359427193466,305,0.2775250227479527,365,0.3321201091901729
682729,"Clase, Jonatan",111,0.9173553719008265,87,"70.582174324",0.15315315315315314,0.26436781609195403,0.2072072072072072,0.04597701149425287,0.036036036036036036,"6.816126577",3,-2.3963810703241326,24,0.21621621621621623,38,0.34234234234234234
669208,"Bliss, Ryan",113,0.9338842975206612,75,"70.579217168",0.044247787610619475,0.3333333333333333,0.22123893805309736,0.13333333333333333,0.08849557522123894,"6.813327434",1,-2.8685478248323686,38,0.336283185840708,37,0.3274336283185841
543063,"Crawford, Brandon",138,0.9019607843137255,93,"70.56595413",0.13768115942028986,0.25806451612903225,0.17391304347826086,0.0967741935483871,0.06521739130434782,"7.407515507",6,-6.799002727937486,45,0.32608695652173914,39,0.2826086956521739
666310,"Naylor, Bo",655,0.9046961325966851,482,"70.565262321",0.09770992366412214,0.3132780082987552,0.23053435114503817,0.12240663900414937,0.0900763358778626,"7.419671969",20,-24.554565705551934,173,0.2641221374045801,214,0.3267175572519084
682073,"Hensley, David",75,0.9036144578313253,51,"70.563641067",0.10666666666666667,0.37254901960784315,0.25333333333333335,0.1568627450980392,0.10666666666666667,"6.799974267",3,-4.471664207289877,24,0.32,32,0.4266666666666667
691718,"Crow-Armstrong, Pete",727,0.904228855721393,513,"70.555812902",0.07977991746905091,0.33528265107212474,0.23658872077028886,0.12280701754385964,0.08665749656121045,"7.159038845",10,-17.415891457583093,214,0.29436038514442914,240,0.33012379642365886
665019,"Clemens, Kody",209,0.9166666666666666,160,"70.524973062",0.04306220095693782,0.33125,0.2535885167464115,0.125,0.09569377990430622,"7.281665407",1,-3.578466511685507,49,0.23444976076555024,79,0.37799043062200954
672515,"Moreno, Gabriel",516,0.9181494661921709,419,"70.497394826",0.12790697674418605,0.3556085918854415,0.28875968992248063,0.14797136038186157,0.12015503875968993,"7.030424554",7,-11.74406126613329,97,0.187984496124031,207,0.4011627906976744
592325,"Gamel, Ben",130,0.9154929577464789,88,"70.495491846",0.10769230769230771,0.45454545454545453,0.3076923076923077,0.1590909090909091,0.1076923076923077,"7.252180846",3,-5.67100431814028,42,0.3230769230769231,53,0.4076923076923077
681807,"Fry, David",647,0.9112676056338028,508,"70.495410572",0.0927357032457496,0.2933070866141732,0.2302936630602782,0.12598425196850394,0.09891808346213292,"7.777157187",17,-2.105128754108632,139,0.21483771251931993,227,0.3508500772797527
666971,"Gurriel Jr., Lourdes",896,0.9087221095334685,731,"70.490969219",0.09375,0.3146374829001368,0.25669642857142855,0.1326949384404925,0.10825892857142858,"7.477467634",12,-7.977989791490544,165,0.18415178571428573,363,0.40513392857142855
690291,"Jung, Jace",153,0.9053254437869822,107,"70.479132876",0.1045751633986928,0.2523364485981308,0.17647058823529413,0.11214953271028037,0.0784313725490196,"7.270614248",5,-7.2872942681757555,46,0.3006535947712418,44,0.2875816993464052
660766,"Yepez, Juan",433,0.9039665970772442,337,"70.462823811",0.11547344110854502,0.3086053412462908,0.24018475750577367,0.11275964391691394,0.08775981524249422,"7.262253649",5,-5.812877525711303,96,0.22170900692840648,167,0.3856812933025404
678009,"Meadows, Parker",456,0.8994082840236687,342,"70.462760241",0.09649122807017546,0.3128654970760234,0.23464912280701755,0.11403508771929824,0.08552631578947369,"7.262647566",15,-7.958433363466556,114,0.25,169,0.3706140350877193
621438,"Taylor, Tyrone",548,0.8968903436988543,437,"70.452648175",0.06751824817518248,0.33867276887871856,0.27007299270072993,0.14187643020594964,0.11313868613138686,"7.639571642",8,-3.855597964413148,111,0.20255474452554745,215,0.39233576642335766
666149,"Fitzgerald, Tyler",539,0.9043624161073825,374,"70.449423748",0.0705009276437848,0.3155080213903743,0.2189239332096475,0.10962566844919786,0.07606679035250463,"7.361953711",3,6.465004779341997,165,0.30612244897959184,185,0.3432282003710575
602104,"Urías, Ramón",488,0.9190207156308852,361,"70.448528217",0.12295081967213117,0.34349030470914127,0.2540983606557377,0.14127423822714683,0.10450819672131148,"7.462477213",4,-13.163570002786727,127,0.26024590163934425,187,0.3831967213114754
665839,"Valdez, Enmanuel",325,0.9027777777777778,256,"70.440693938",0.10461538461538462,0.328125,0.25846153846153846,0.11328125,0.08923076923076922,"7.506861138",2,-11.092945364280922,69,0.2123076923076923,121,0.3723076923076923
663757,"Grisham, Trent",266,0.8986486486486487,208,"70.425534398",0.05639097744360903,0.39903846153846156,0.31203007518796994,0.1778846153846154,0.13909774436090225,"7.696377519",3,-6.325670003200129,58,0.21804511278195488,110,0.41353383458646614
694359,"Kavadas, Niko",157,0.9127906976744186,108,"70.423850701",0.08917197452229302,0.3333333333333333,0.22929936305732485,0.1574074074074074,0.10828025477707007,"6.991450955",5,-3.2768959207289354,49,0.31210191082802546,46,0.2929936305732484
661531,"Serven, Brian",101,0.8938053097345132,81,"70.410186337",0.0594059405940594,0.2839506172839506,0.22772277227722773,0.06172839506172839,0.04950495049504951,"7.49011604",2,-4.334812757733561,20,0.19801980198019803,37,0.36633663366336633
670770,"Friedl, TJ",481,0.9041353383458647,400,"70.405744449",0.07692307692307694,0.3525,0.29313929313929316,0.1,0.08316008316008316,"6.808928274",11,-16.91597903400089,81,0.1683991683991684,219,0.4553014553014553
669707,"Triolo, Jared",703,0.9118028534370947,529,"70.383284168",0.061166429587482224,0.30245746691871456,0.22759601706970128,0.12476370510396975,0.09388335704125178,"7.823578919",19,-21.025839263631987,174,0.24751066856330015,247,0.35135135135135137
694376,"Whitcomb, Shay",72,0.9,62,"70.380682778",0.06944444444444445,0.25806451612903225,0.2222222222222222,0.14516129032258066,0.125,"7.433329028",2,-3.715350081016568,10,0.1388888888888889,27,0.375
605137,"Bell, Josh",920,0.9081934846989141,695,"70.36500138",0.14891304347826093,0.36115107913669064,0.2728260869565217,0.15251798561151078,0.11521739130434783,"7.871272804",15,-16.10133674823563,225,0.24456521739130435,371,0.4032608695652174
595281,"Kiermaier, Kevin",428,0.9087048832271762,272,"70.338882196",0.11214953271028039,0.3492647058823529,0.2219626168224299,0.125,0.0794392523364486,"7.077497897",7,-14.993940085627345,156,0.3644859813084112,146,0.3411214953271028
656537,"Hill, Derek",282,0.9009584664536742,187,"70.330488582",0.09929078014184398,0.34759358288770054,0.23049645390070922,0.12834224598930483,0.0851063829787234,"7.259930993",10,-2.8502278818923643,95,0.33687943262411346,94,0.3333333333333333
677941,"Adams, Jordyn",70,0.8974358974358975,49,"70.328520714",0.11428571428571427,0.2857142857142857,0.2,0.08163265306122448,0.05714285714285714,"7.730032857",4,-0.2505835573051091,21,0.3,22,0.3142857142857143
608841,"Meneses, Joey",470,0.912621359223301,373,"70.316611553",0.11702127659574471,0.34316353887399464,0.2723404255319149,0.11796246648793565,0.09361702127659574,"7.031696596",8,-17.553232824318897,97,0.20638297872340425,185,0.39361702127659576
666182,"Bichette, Bo",528,0.9087779690189329,418,"70.296411515",0.14015151515151514,0.3253588516746411,0.25757575757575757,0.145933014354067,0.11553030303030302,"7.3032675",10,-23.682262415056822,110,0.20833333333333334,205,0.38825757575757575
695391,"Harris, Brett",173,0.9010416666666666,130,"70.275038324",0.09248554913294799,0.38461538461538464,0.28901734104046245,0.16923076923076924,0.12716763005780346,"7.15218104",1,-10.19593450622724,43,0.24855491329479767,75,0.43352601156069365
518735,"Grandal, Yasmani",333,0.904891304347826,278,"70.266654234",0.08408408408408409,0.4316546762589928,0.36036036036036034,0.17985611510791366,0.15015015015015015,"7.383428829",12,0.8545722377175582,55,0.16516516516516516,159,0.4774774774774775
656413,"Fairchild, Stuart",338,0.9086021505376344,221,"70.259011538",0.10059171597633139,0.3257918552036199,0.21301775147928995,0.11764705882352941,0.07692307692307693,"7.382080473",10,-14.927716025094083,117,0.34615384615384615,124,0.3668639053254438
663897,"Williams, Luke",77,0.9058823529411765,59,"70.258772987",0.03896103896103897,0.3389830508474576,0.2597402597402597,0.05084745762711865,0.03896103896103896,"7.669444675",1,-4.663843265385199,18,0.23376623376623376,29,0.37662337662337664
668800,"Knizner, Andrew",165,0.9116022099447514,122,"70.252699758",0.07878787878787882,0.32786885245901637,0.24242424242424243,0.10655737704918032,0.07878787878787878,"6.968752727",3,-10.249709178670713,43,0.2606060606060606,60,0.36363636363636365
640492,"Azócar, José",133,0.9172413793103448,93,"70.249875263",0.10526315789473686,0.22580645161290322,0.15789473684210525,0.08602150537634409,0.06015037593984962,"7.031899474",2,-4.401912249848143,40,0.3007518796992481,37,0.2781954887218045
641680,"Heim, Jonah",808,0.905829596412556,647,"70.222324233",0.09653465346534656,0.34775888717156106,0.2784653465346535,0.1143740340030912,0.09158415841584158,"7.424362859",9,-37.89253950716351,161,0.19925742574257427,319,0.3948019801980198
695336,"Saggese, Thomas",86,0.9052631578947369,68,"70.204351628",0.1395348837209303,0.27941176470588236,0.22093023255813954,0.058823529411764705,0.046511627906976744,"7.18793093",3,-3.6273043987652778,18,0.20930232558139536,29,0.3372093023255814
680716,"Ornelas, Jonathan",64,0.9014084507042254,45,"70.202304063",0.14062500000000003,0.4,0.28125,0.15555555555555556,0.109375,"6.981489219",2,-3.3953696036739998,19,0.296875,21,0.328125
683737,"Busch, Michael",916,0.906930693069307,657,"70.188963428",0.11244541484716157,0.350076103500761,0.25109170305676853,0.1324200913242009,0.09497816593886463,"7.259485808",18,-12.1502930672384,259,0.2827510917030568,301,0.32860262008733626
672761,"Pérez, Wenceel",699,0.9066147859922179,557,"70.187649142",0.09155937052932758,0.31956912028725315,0.25464949928469244,0.09156193895870736,0.07296137339055794,"6.855229027",4,-15.379781546486194,142,0.20314735336194564,257,0.3676680972818312
592696,"Rosario, Eddie",512,0.9142857142857143,379,"70.175858262",0.072265625,0.39050131926121373,0.2890625,0.12928759894459102,0.095703125,"7.200732344",4,-24.64798446922247,133,0.259765625,196,0.3828125
691026,"Winn, Masyn",1007,0.9047619047619048,829,"70.167677686",0.11420059582919562,0.3220747889022919,0.26514399205561073,0.11942098914354644,0.09831181727904667,"7.3122872",14,-16.987845419423024,178,0.17676266137040714,425,0.42204568023833167
640902,"Pereda, Jhonny",66,0.9041095890410958,49,"70.145853636",0.0909090909090909,0.2857142857142857,0.21212121212121213,0.14285714285714285,0.10606060606060606,"7.153610303",1,-2.0451601497439107,17,0.25757575757575757,27,0.4090909090909091
681393,"Norby, Connor",381,0.900709219858156,263,"70.102915197",0.09186351706036747,0.24714828897338403,0.17060367454068243,0.10646387832699619,0.07349081364829396,"7.103882835",13,-11.453019500262283,118,0.30971128608923887,104,0.27296587926509186
669701,"Smith, Josh",950,0.9039010466222646,742,"70.102498358",0.06736842105263158,0.35444743935309975,0.2768421052631579,0.11725067385444744,0.09157894736842105,"6.817058537",11,-12.772671849963471,208,0.21894736842105264,371,0.39052631578947367
672386,"Kirk, Alejandro",565,0.902555910543131,486,"70.085564619",0.12212389380530977,0.3683127572016461,0.3168141592920354,0.1440329218106996,0.12389380530973451,"7.021885009",8,-12.430091042513215,79,0.13982300884955753,249,0.4407079646017699
650402,"Torres, Gleyber",1085,0.9087102177554439,859,"70.077987604",0.08940092165898617,0.3259604190919674,0.25806451612903225,0.10011641443538999,0.0792626728110599,"7.24523741",21,-26.397899590968123,226,0.20829493087557605,396,0.3649769585253456
676113,"DeLoach, Zach",131,0.9097222222222222,100,"70.05913",0.08396946564885494,0.2,0.15267175572519084,0.09,0.06870229007633588,"6.767862901",6,-2.7807155490590594,31,0.2366412213740458,41,0.31297709923664124
666018,"Aranda, Jonathan",219,0.9049586776859504,179,"70.052457489",0.09132420091324203,0.3463687150837989,0.2831050228310502,0.1452513966480447,0.1187214611872146,"7.322278584",5,-3.4595754542420747,40,0.182648401826484,83,0.3789954337899543
678882,"Rafaela, Ceddanne",1085,0.9064327485380117,746,"70.028527548",0.06728110599078342,0.30563002680965146,0.21013824884792626,0.11394101876675604,0.07834101382488479,"7.462492295",24,-13.893579304125621,339,0.31244239631336407,344,0.3170506912442396
628451,"Ibáñez, Andy",418,0.908695652173913,293,"70.015523134",0.05741626794258372,0.34812286689419797,0.24401913875598086,0.11945392491467577,0.08373205741626795,"7.326245335",6,-12.900295390462013,125,0.29904306220095694,153,0.3660287081339713
621035,"Taylor, Chris",413,0.9116997792494481,297,"69.995656828",0.07263922518159804,0.26262626262626265,0.18886198547215496,0.07744107744107744,0.05569007263922518,"7.154846247",13,-13.381617906010874,116,0.28087167070217917,125,0.3026634382566586
670097,"Short, Zack",125,0.9124087591240876,91,"69.90575592",0.032,0.2967032967032967,0.216,0.04395604395604396,0.032,"6.97766032",2,-10.740029657623287,34,0.272,36,0.288
641432,"Calhoun, Willie",358,0.9086294416243654,319,"69.897524693",0.10335195530726261,0.3949843260188088,0.35195530726256985,0.1536050156739812,0.13687150837988826,"6.650188045",3,-11.213120624593579,39,0.10893854748603352,178,0.4972067039106145
678246,"Vargas, Miguel",400,0.9009009009009009,320,"69.838876175",0.08250000000000003,0.2875,0.23,0.071875,0.0575,"7.689080175",10,-22.908524027174966,80,0.2,143,0.3575
702358,"Lipscomb, Trey",317,0.9005681818181818,244,"69.836218927",0.11356466876971612,0.3319672131147541,0.2555205047318612,0.11885245901639344,0.0914826498422713,"7.654465394",10,-19.93848162483408,73,0.2302839116719243,125,0.3943217665615142
676914,"Schneider, Davis",686,0.9050131926121372,502,"69.816276997",0.06122448979591837,0.300796812749004,0.22011661807580174,0.10358565737051793,0.07580174927113703,"6.920432493",25,-24.822502654447327,184,0.26822157434402333,218,0.3177842565597668
679822,"Foscue, Justin",82,0.9111111111111111,60,"69.808025488",0.08536585365853658,0.25,0.18292682926829268,0.05,0.036585365853658534,"7.029274268",2,-7.486810584990375,22,0.2682926829268293,21,0.25609756097560976
621493,"Ward, Taylor",945,0.9069097888675623,729,"69.790785143",0.08359788359788359,0.38271604938271603,0.29523809523809524,0.14814814814814814,0.11428571428571428,"7.050575926",23,-21.915172971077254,216,0.22857142857142856,377,0.39894179894179893
595978,"Hedges, Austin",222,0.9098360655737705,154,"69.786115946",0.04954954954954954,0.3181818181818182,0.22072072072072071,0.06493506493506493,0.04504504504504504,"7.415909505",5,-15.003755484399228,68,0.3063063063063063,72,0.32432432432432434
669242,"Edman, Tommy",242,0.9272030651340997,188,"69.755537893",0.08264462809917356,0.3882978723404255,0.30165289256198347,0.09042553191489362,0.07024793388429752,"6.872627107",5,-3.360766409530704,54,0.2231404958677686,110,0.45454545454545453
593871,"Polanco, Jorge",725,0.9017412935323383,534,"69.754367352",0.07862068965517241,0.3202247191011236,0.23586206896551723,0.1198501872659176,0.08827586206896551,"7.195369503",17,-21.60041932255903,191,0.263448275862069,239,0.3296551724137931
578428,"Iglesias, Jose",500,0.9107468123861566,431,"69.7471135",0.09200000000000003,0.3294663573085847,0.284,0.08352668213457076,0.072,"6.82468954",7,-0.6255898435272306,69,0.138,212,0.424
605361,"Martini, Nick",252,0.9130434782608695,196,"69.714288413",0.06746031746031748,0.32142857142857145,0.25,0.09693877551020408,0.07539682539682539,"6.894880873",8,-6.514025045618659,56,0.2222222222222222,91,0.3611111111111111
518692,"Freeman, Freddie",1038,0.9057591623036649,846,"69.705641802",0.10019267822736032,0.33451536643026003,0.2726396917148362,0.12647754137115838,0.10308285163776493,"6.773327572",10,-16.059911071878407,192,0.18497109826589594,389,0.37475915221579964
666163,"Rortvedt, Ben",501,0.9109090909090909,368,"69.701313413",0.05189620758483033,0.32065217391304346,0.23552894211576847,0.07608695652173914,0.05588822355289421,"7.058234611",7,-19.357089116694954,133,0.2654690618762475,181,0.36127744510978044
677870,"Jiménez, Leo",344,0.8981723237597912,253,"69.69762343",0.06104651162790699,0.30434782608695654,0.2238372093023256,0.10276679841897234,0.0755813953488372,"7.366353227",2,-10.87274912898703,91,0.26453488372093026,118,0.3430232558139535
645801,"Ford, Mike",102,0.918918918918919,81,"69.600131373",0.107843137254902,0.30864197530864196,0.24509803921568626,0.1111111111111111,0.08823529411764706,"6.922183039",4,-7.5235236469614595,21,0.20588235294117646,43,0.4215686274509804
641313,"Anderson, Tim",403,0.909706546275395,295,"69.584090447",0.042183622828784115,0.28135593220338984,0.20595533498759305,0.11186440677966102,0.08188585607940446,"7.180839107",14,-23.602511116440102,108,0.2679900744416873,143,0.3548387096774194
676609,"Caballero, José",758,0.9088729016786571,553,"69.581037309",0.15435356200527706,0.2820976491862568,0.20580474934036938,0.08860759493670886,0.06464379947229551,"6.954570554",18,-19.79203824877385,205,0.2704485488126649,251,0.3311345646437995
680977,"Donovan, Brendan",905,0.906813627254509,784,"69.573798939",0.07182320441988951,0.40433673469387754,0.35027624309392263,0.13520408163265307,0.11712707182320442,"6.886276707",14,-17.681300172382333,121,0.13370165745856355,454,0.5016574585635359
656896,"Rivera, Emmanuel",493,0.9095940959409594,355,"69.56103355",0.09939148073022315,0.38028169014084506,0.2738336713995943,0.16619718309859155,0.11967545638945233,"6.86454645",5,-17.2949025875142,138,0.2799188640973631,183,0.3711967545638945
650859,"Rengifo, Luis",522,0.90625,410,"69.557834502",0.11877394636015326,0.3439024390243902,0.27011494252873564,0.0951219512195122,0.07471264367816093,"7.158389636",9,-12.012356460480106,112,0.21455938697318008,210,0.40229885057471265
545121,"Vargas, Ildemaro",408,0.9168539325842696,361,"69.546538162",0.08333333333333337,0.3961218836565097,0.35049019607843135,0.08587257617728532,0.07598039215686274,"7.162362157",3,-21.78778536166003,47,0.11519607843137254,214,0.5245098039215687
647351,"Toro, Abraham",548,0.9118136439267887,452,"69.523614142",0.10583941605839417,0.36283185840707965,0.29927007299270075,0.10619469026548672,0.08759124087591241,"7.608394526",4,-25.21437173638719,96,0.17518248175182483,238,0.4343065693430657
687462,"Horwitz, Spencer",628,0.8997134670487106,513,"69.509973551",0.09554140127388536,0.33528265107212474,0.27388535031847133,0.10721247563352826,0.0875796178343949,"6.998972373",10,-8.583805429635193,115,0.18312101910828024,234,0.37261146496815284
675961,"Williams, Alika",130,0.9090909090909091,101,"69.505842308",0.023076923076923078,0.2871287128712871,0.2230769230769231,0.0891089108910891,0.06923076923076923,"6.948994538",1,-8.232239859817335,29,0.2230769230769231,51,0.3923076923076923
608385,"Winker, Jesse",761,0.911377245508982,629,"69.502822983",0.0735873850197109,0.32114467408585057,0.26544021024967146,0.11287758346581876,0.09329829172141918,"7.283851445",18,-9.811544531821053,132,0.17345597897503284,289,0.3797634691195795
592178,"Bryant, Kris",221,0.9057377049180327,147,"69.472245158",0.027149321266968333,0.2789115646258503,0.18552036199095023,0.10204081632653061,0.06787330316742081,"7.902519502",3,-8.441338666094659,74,0.334841628959276,70,0.3167420814479638
677587,"Rocchio, Brayan",652,0.9080779944289693,500,"69.470294003",0.0322085889570552,0.304,0.2331288343558282,0.074,0.05674846625766871,"7.288216227",9,-30.143976139090803,152,0.2331288343558282,255,0.3911042944785276
595909,"Cave, Jake",612,0.9080118694362018,447,"69.441904886",0.0718954248366013,0.3042505592841163,0.2222222222222222,0.09395973154362416,0.06862745098039216,"6.950013088",17,-17.610902921274302,165,0.2696078431372549,204,0.3333333333333333
608348,"Kelly, Carson",449,0.9163265306122449,350,"69.428847728",0.05790645879732739,0.3742857142857143,0.29175946547884185,0.12857142857142856,0.10022271714922049,"6.90206461",3,-17.50100796348543,99,0.22048997772828507,191,0.42538975501113585
669699,"Shewmake, Braden",82,0.9425287356321839,61,"69.416592073",0.04878048780487806,0.3442622950819672,0.25609756097560976,0.03278688524590164,0.024390243902439025,"7.084129512",0,-9.980431539498095,21,0.25609756097560976,36,0.43902439024390244
607680,"Pillar, Kevin",546,0.899505766062603,436,"69.403365568",0.056776556776556776,0.2775229357798165,0.2216117216117216,0.0871559633027523,0.0695970695970696,"7.573624084",28,-12.987405948352182,110,0.20146520146520147,201,0.36813186813186816
663368,"Perkins, Blake",626,0.9138686131386862,453,"69.389883834",0.03194888178913737,0.4216335540838852,0.305111821086262,0.12582781456953643,0.09105431309904154,"7.30361246",13,-18.934359009413022,173,0.2763578274760383,247,0.39456869009584666
643289,"Dubón, Mauricio",753,0.9050480769230769,621,"69.388970863",0.06640106241699868,0.33172302737520126,0.2735723771580345,0.06763285024154589,0.055776892430278883,"7.624735073",14,-18.926207293691316,132,0.1752988047808765,312,0.41434262948207173
672642,"Berroa, Steward",57,0.9047619047619048,42,"69.36890807",0.05263157894736842,0.2619047619047619,0.19298245614035087,0.07142857142857142,0.05263157894736842,"6.790060351",1,-2.0610407581396335,15,0.2631578947368421,21,0.3684210526315789
686482,"Driscoll, Logan",63,0.9264705882352942,45,"69.358174286",0.03174603174603174,0.3111111111111111,0.2222222222222222,0.08888888888888889,0.06349206349206349,"7.46537619",2,-4.011483070467104,18,0.2857142857142857,25,0.3968253968253968
679845,"Loftin, Nick",226,0.9186991869918699,199,"69.340215398",0.022123893805309748,0.3316582914572864,0.2920353982300885,0.09045226130653267,0.07964601769911504,"7.363646239",3,-15.170177195464504,27,0.11946902654867257,112,0.49557522123893805
630105,"Cronenworth, Jake",1012,0.9100719424460432,846,"69.333580553",0.062252964426877486,0.3144208037825059,0.2628458498023715,0.11702127659574468,0.09782608695652174,"7.067163281",11,-26.071110773643785,166,0.16403162055335968,388,0.383399209486166
686797,"Lee, Brooks",280,0.9032258064516129,226,"69.301828679",0.04642857142857144,0.37168141592920356,0.3,0.084070796460177,0.06785714285714285,"6.913302821",5,-11.754139237763212,54,0.19285714285714287,134,0.4785714285714286
572761,"Carpenter, Matt",231,0.9058823529411765,169,"69.290628182",0.03463203463203464,0.27218934911242604,0.19913419913419914,0.08284023668639054,0.06060606060606061,"8.0752271",4,-3.3482008611753553,62,0.2683982683982684,74,0.3203463203463203
514888,"Altuve, Jose",1018,0.9081177520071365,800,"69.28912169",0.12868369351669942,0.33375,0.26227897838899805,0.085,0.06679764243614932,"7.787739175",10,-18.71809214306911,218,0.21414538310412573,402,0.3948919449901768
683011,"Volpe, Anthony",1122,0.8990384615384616,887,"69.285189563",0.03654188948306596,0.322435174746336,0.2549019607843137,0.0992108229988726,0.0784313725490196,"7.074642023",28,-36.068644307804554,235,0.20944741532976827,425,0.3787878787878788
643565,"Tauchman, Mike",606,0.9085457271364318,484,"69.265177112",0.04455445544554456,0.30578512396694213,0.24422442244224424,0.12603305785123967,0.10066006600660066,"6.991271667",11,-21.289975930422898,122,0.20132013201320131,210,0.3465346534653465
678225,"Bae, Jihwan",129,0.9020979020979021,87,"69.14167969",0.031007751937984503,0.3563218390804598,0.24031007751937986,0.14942528735632185,0.10077519379844961,"6.787001085",0,-6.829233946978674,42,0.32558139534883723,42,0.32558139534883723
645305,"Sánchez, Ali",139,0.896774193548387,109,"69.105946403",0.05035971223021582,0.29357798165137616,0.2302158273381295,0.12844036697247707,0.10071942446043165,"7.135338129",4,-10.06419266893664,30,0.2158273381294964,53,0.381294964028777
669134,"Campusano, Luis",409,0.910913140311804,333,"69.088833545",0.07090464547677262,0.37237237237237236,0.30317848410757947,0.12312312312312312,0.10024449877750612,"7.562326968",2,-19.423658315815068,76,0.18581907090464547,187,0.4572127139364303
687363,"Scott II, Victor",200,0.9009009009009009,154,"69.0805608",0.06999999999999999,0.33766233766233766,0.26,0.12337662337662338,0.095,"6.65865945",7,-7.302077361535819,46,0.23,79,0.395
622569,"Reyes, Pablo",74,0.9135802469135802,58,"69.058900946",0.027027027027027032,0.39655172413793105,0.3108108108108108,0.1206896551724138,0.0945945945945946,"7.189605676",0,-4.83515366881892,16,0.21621621621621623,29,0.3918918918918919
682657,"Martínez, Angel",279,0.9029126213592233,228,"69.055511792",0.06451612903225806,0.3157894736842105,0.25806451612903225,0.06140350877192982,0.05017921146953405,"7.318940609",3,-9.079386463157801,51,0.1827956989247312,102,0.3655913978494624
641658,"Hampson, Garrett",347,0.9012987012987013,271,"69.014318184",0.02593659942363112,0.30996309963099633,0.2420749279538905,0.0996309963099631,0.07780979827089338,"6.977523458",4,-12.736017134656503,76,0.21902017291066284,137,0.39481268011527376
668939,"Rutschman, Adley",990,0.9041095890410958,835,"69.008248313",0.06363636363636363,0.3568862275449102,0.301010101010101,0.10538922155688622,0.08888888888888889,"6.937872646",9,-16.611529432001987,155,0.15656565656565657,412,0.4161616161616162
645277,"Albies, Ozzie",766,0.9119047619047619,620,"69.003590783",0.07441253263707572,0.33064516129032256,0.26762402088772846,0.08064516129032258,0.06527415143603134,"7.21389017",7,-24.242570514599272,146,0.1906005221932115,277,0.36161879895561355
643376,"Jansen, Danny",483,0.8977695167286245,401,"69.000445673",0.06832298136645966,0.34413965087281795,0.2857142857142857,0.10224438902743142,0.08488612836438923,"6.948120166",23,-18.205195388170154,82,0.16977225672877846,202,0.41821946169772256
655316,"Monasterio, Andruw",241,0.9128787878787878,190,"68.999471992",0.033195020746887974,0.2894736842105263,0.22821576763485477,0.09473684210526316,0.07468879668049792,"6.738925975",5,-8.435405062820328,51,0.21161825726141079,81,0.3360995850622407
669234,"Malloy, Justyn-Henry",385,0.903755868544601,257,"68.995587896",0.04675324675324676,0.2723735408560311,0.18181818181818182,0.10116731517509728,0.06753246753246753,"6.964126468",10,-6.08837368767254,128,0.33246753246753247,109,0.2831168831168831
687093,"Grissom, Vaughn",177,0.9123711340206185,143,"68.976665254",0.05084745762711865,0.3146853146853147,0.2542372881355932,0.11888111888111888,0.096045197740113,"7.252772147",6,-9.114631442179324,34,0.192090395480226,75,0.423728813559322
657088,"Wall, Forrest",52,0.9122807017543859,30,"68.970847692",0.038461538461538464,0.5333333333333333,0.3076923076923077,0.1,0.057692307692307696,"6.8039125",0,-4.050109037267935,22,0.4230769230769231,19,0.36538461538461536
686823,"Brennan, Will",563,0.8964968152866242,476,"68.957649893",0.031971580817051516,0.34243697478991597,0.2895204262877442,0.10084033613445378,0.0852575488454707,"6.845805861",22,-4.6887795438016155,87,0.15452930728241562,250,0.44404973357015987
673490,"Kim, Ha-Seong",594,0.908256880733945,501,"68.948463855",0.07575757575757575,0.36327345309381237,0.3063973063973064,0.12974051896207583,0.10942760942760943,"6.780142744",7,-19.441742817431987,93,0.15656565656565657,261,0.4393939393939394
641355,"Bellinger, Cody",894,0.9030303030303031,710,"68.942826432",0.05145413870246085,0.3873239436619718,0.3076062639821029,0.09718309859154929,0.07718120805369127,"7.610448568",22,-6.80984078579327,184,0.2058165548098434,382,0.4272930648769575
605141,"Betts, Mookie",641,0.9028169014084507,562,"68.933215632",0.0951638065522621,0.42526690391459077,0.37285491419656785,0.11565836298932385,0.10140405616224649,"6.908386084",19,-13.163958931852019,79,0.12324492979719189,324,0.5054602184087363
541645,"García, Avisaíl",74,0.9135802469135802,56,"68.926784459",0.027027027027027032,0.23214285714285715,0.17567567567567569,0.10714285714285714,0.08108108108108109,"7.007542027",1,-2.654607971322152,18,0.24324324324324326,24,0.32432432432432434
672279,"Siani, Michael",512,0.9014084507042254,368,"68.92221041",0.05859375000000003,0.32065217391304346,0.23046875,0.06793478260869565,0.048828125,"7.237136914",14,-24.44048955091778,144,0.28125,180,0.3515625
695238,"Wagner, Will",150,0.8982035928143712,127,"68.916281733",0.026666666666666672,0.3779527559055118,0.32,0.16535433070866143,0.14,"6.3461474",5,3.06824669373568,23,0.15333333333333332,60,0.4
649557,"Díaz, Aledmys",58,0.90625,44,"68.911121724",0.051724137931034475,0.3409090909090909,0.25862068965517243,0.11363636363636363,0.08620689655172414,"7.39075931",0,-5.7457385583115785,14,0.2413793103448276,22,0.3793103448275862
624431,"Trevino, Jose",298,0.9085365853658537,247,"68.876278154",0.036912751677852365,0.4089068825910931,0.3389261744966443,0.11740890688259109,0.09731543624161074,"7.039496779",2,-5.243561553438768,51,0.17114093959731544,145,0.4865771812080537
666152,"Hamilton, David",469,0.9019230769230769,360,"68.866961365",0.02985074626865672,0.3611111111111111,0.2771855010660981,0.11944444444444445,0.09168443496801706,"7.239088145",18,-6.8656857956602755,109,0.232409381663113,197,0.4200426439232409
668845,"Schunk, Aaron",190,0.9004739336492891,137,"68.844056684",0.057894736842105256,0.25547445255474455,0.18421052631578946,0.072992700729927,0.05263157894736842,"6.566641316",3,-2.966152816382772,53,0.2789473684210526,56,0.29473684210526313
680700,"Palacios, Richie",508,0.9120287253141831,392,"68.839532126",0.04133858267716535,0.29591836734693877,0.2283464566929134,0.08418367346938775,0.06496062992125984,"6.973897067",9,-19.840946548078087,116,0.2283464566929134,184,0.36220472440944884
642086,"Smith, Dominic",486,0.9050279329608939,374,"68.777754815",0.02469135802469137,0.38235294117647056,0.294238683127572,0.10695187165775401,0.0823045267489712,"6.966562325",13,-14.474403056591534,112,0.23045267489711935,185,0.38065843621399176
668853,"Shenton, Austin",66,0.9295774647887324,47,"68.766463788",0.015151515151515154,0.3617021276595745,0.25757575757575757,0.06382978723404255,0.045454545454545456,"7.205016061",0,-0.27840020999962045,19,0.2878787878787879,27,0.4090909090909091
669222,"Senzel, Nick",418,0.9028077753779697,338,"68.740489091",0.031100478468899524,0.3224852071005917,0.2607655502392344,0.0650887573964497,0.05263157894736842,"7.47899701",19,-13.610916951838712,80,0.19138755980861244,171,0.4090909090909091
596115,"Story, Trevor",125,0.9057971014492754,86,"68.72838208",0.08000000000000002,0.23255813953488372,0.16,0.10465116279069768,0.072,"7.14245128",2,-2.5140127448330207,39,0.312,38,0.304
643446,"McNeil, Jeff",810,0.9142212189616253,691,"68.710197173",0.05308641975308642,0.32706222865412443,0.27901234567901234,0.07959479015918958,0.06790123456790123,"7.222647012",23,-17.23989037870483,119,0.1469135802469136,322,0.39753086419753086
642197,"Westbrook, Jamie",79,0.9186046511627907,52,"68.663639367",0.06329113924050633,0.36538461538461536,0.24050632911392406,0.07692307692307693,0.05063291139240506,"7.38195519",2,-2.0476116333410763,27,0.34177215189873417,24,0.3037974683544304
624512,"McGuire, Reese",215,0.9110169491525424,172,"68.645122326",0.060465116279069794,0.27325581395348836,0.2186046511627907,0.08139534883720931,0.06511627906976744,"8.136099535",5,-8.612595821267615,43,0.2,84,0.39069767441860465
543228,"Gomes, Yan",172,0.9148936170212766,118,"68.571859709",0.034883720930232544,0.2627118644067797,0.18023255813953487,0.11016949152542373,0.0755813953488372,"7.587585",2,-9.125417564423572,54,0.313953488372093,46,0.26744186046511625
676694,"Meyers, Jake",722,0.907035175879397,545,"68.50187097",0.07756232686980613,0.3192660550458716,0.2409972299168975,0.10458715596330276,0.07894736842105263,"6.996711343",30,-28.57304318452951,177,0.2451523545706371,279,0.3864265927977839
687231,"Hernaiz, Darell",195,0.9069767441860465,153,"68.460779282",0.04102564102564102,0.3660130718954248,0.28717948717948716,0.13071895424836602,0.10256410256410256,"7.135177949",6,-10.227841139477984,42,0.2153846153846154,84,0.4307692307692308
686452,"Millas, Drew",95,0.9047619047619048,74,"68.458041263",0.04210526315789475,0.36486486486486486,0.28421052631578947,0.0945945945945946,0.07368421052631578,"7.045399684",0,-3.5775077632480894,21,0.22105263157894736,36,0.37894736842105264
672012,"Black, Tyler",93,0.9117647058823529,73,"68.450444194",0.06451612903225808,0.2191780821917808,0.17204301075268819,0.0136986301369863,0.010752688172043012,"6.958566559",6,-4.6605771695403915,20,0.21505376344086022,31,0.3333333333333333
664874,"Zavala, Seby",68,0.9066666666666666,44,"68.438803824",0.058823529411764705,0.29545454545454547,0.19117647058823528,0.11363636363636363,0.07352941176470588,"7.254893971",3,-2.5475993453410415,24,0.35294117647058826,18,0.2647058823529412
681584,"Villar, David",53,0.8983050847457628,36,"68.428828491",0.03773584905660378,0.3888888888888889,0.2641509433962264,0.16666666666666666,0.11320754716981132,"7.835389623",0,-1.3200982170585693,17,0.32075471698113206,21,0.39622641509433965
666185,"Carlson, Dylan",464,0.9027237354085603,324,"68.40509597",0.023706896551724144,0.2932098765432099,0.20474137931034483,0.08950617283950617,0.0625,"7.13373778",15,-20.40709054800781,140,0.3017241379310345,141,0.30387931034482757
668952,"Kreidler, Ryan",101,0.9099099099099099,69,"68.381332574",0.009900990099009908,0.2753623188405797,0.18811881188118812,0.043478260869565216,0.0297029702970297,"7.176103861",3,-8.34395105120261,32,0.31683168316831684,34,0.33663366336633666
592192,"Canha, Mark",684,0.9107856191744341,545,"68.367840556",0.03947368421052631,0.3577981651376147,0.2850877192982456,0.10458715596330276,0.08333333333333333,"7.21864576",14,-22.312172907505122,139,0.20321637426900585,260,0.38011695906432746
691011,"Romo, Drew",94,0.912621359223301,66,"68.328112128",0.03191489361702128,0.22727272727272727,0.1595744680851064,0.015151515151515152,0.010638297872340425,"7.226052447",0,-4.848385423548572,28,0.2978723404255319,29,0.30851063829787234
657077,"Verdugo, Alex",846,0.9057815845824411,711,"68.3217913",0.07446808510638298,0.3980309423347398,0.33451536643026003,0.10970464135021098,0.09219858156028368,"6.315600177",5,-36.83029455698058,135,0.1595744680851064,385,0.45508274231678486
600869,"Candelario, Jeimer",761,0.9091995221027479,550,"68.31808707",0.04993429697766097,0.34,0.2457293035479632,0.09818181818181818,0.07095926412614981,"7.798656084",19,-9.090027658042551,211,0.27726675427069647,271,0.35611038107752957
543760,"Semien, Marcus",1116,0.9021827000808408,912,"68.308345152",0.0421146953405018,0.37390350877192985,0.3055555555555556,0.11951754385964912,0.09767025089605735,"7.658681559",27,-34.22022498147909,204,0.1827956989247312,483,0.4327956989247312
665828,"Cabrera, Oswaldo",482,0.9060150375939849,392,"68.305101888",0.016597510373443987,0.3392857142857143,0.27593360995850624,0.09948979591836735,0.08091286307053942,"7.008206245",3,-13.948683291162489,90,0.18672199170124482,193,0.4004149377593361
680474,"Schuemann, Max",669,0.9052774018944519,491,"68.280384783",0.020926756352765315,0.384928716904277,0.2825112107623318,0.08757637474541752,0.06427503736920777,"6.661344828",15,-28.50972831152824,178,0.26606875934230195,253,0.3781763826606876
519203,"Rizzo, Anthony",549,0.9211409395973155,444,"68.262026612",0.07832422586520946,0.31981981981981983,0.2586520947176685,0.09234234234234234,0.07468123861566485,"6.79205929",3,-17.82859133632016,105,0.1912568306010929,215,0.39162112932604737
543685,"Rendon, Anthony",310,0.9064327485380117,274,"68.244630774",0.01935483870967742,0.38321167883211676,0.3387096774193548,0.0948905109489051,0.08387096774193549,"6.737628677",4,-7.873734109358748,36,0.11612903225806452,145,0.46774193548387094
543877,"Vázquez, Christian",504,0.9097472924187726,406,"68.23440619",0.027777777777777776,0.3842364532019704,0.30952380952380953,0.12315270935960591,0.0992063492063492,"6.972789683",4,-16.53899308790403,98,0.19444444444444445,214,0.4246031746031746
645302,"Robles, Victor",444,0.9117043121149897,332,"68.221974707",0.024774774774774782,0.35542168674698793,0.26576576576576577,0.08132530120481928,0.060810810810810814,"6.881641577",8,-0.9989008167638349,112,0.25225225225225223,173,0.38963963963963966
605131,"Barnes, Austin",231,0.8988326848249028,181,"68.210764848",0.021645021645021644,0.3259668508287293,0.2554112554112554,0.08287292817679558,0.06493506493506493,"6.416562294",9,-8.703590815011218,50,0.21645021645021645,89,0.3852813852813853
663527,"Nevin, Tyler",446,0.9158110882956879,333,"68.201008117",0.033632286995515695,0.3783783783783784,0.2825112107623318,0.10810810810810811,0.08071748878923767,"6.943375045",7,-18.295101141889162,113,0.2533632286995516,158,0.3542600896860987
570482,"Urshela, Gio",802,0.9021372328458943,648,"68.167762643",0.04114713216957607,0.35648148148148145,0.2880299251870324,0.09104938271604938,0.07356608478802992,"7.128394501",10,-20.091172871192512,154,0.19201995012468828,334,0.4164588528678304
665926,"Giménez, Andrés",1110,0.9083469721767594,851,"68.161883198",0.06846846846846846,0.31609870740305523,0.24234234234234234,0.07638072855464159,0.05855855855855856,"7.001068757",12,-46.13053493208733,259,0.23333333333333334,399,0.35945945945945945
663538,"Hoerner, Nico",958,0.9089184060721063,859,"68.157264311",0.028183716075156587,0.35273573923166474,0.3162839248434238,0.0710128055878929,0.06367432150313153,"7.126051002",11,-16.199433562721016,99,0.10334029227557412,455,0.47494780793319413
670623,"Paredes, Isaac",1075,0.904121110176619,901,"68.157054381",0.04744186046511628,0.290788013318535,0.24372093023255814,0.06437291897891231,0.053953488372093024,"7.995582995",13,-25.107107421733943,174,0.16186046511627908,384,0.3572093023255814
681082,"Stott, Bryson",863,0.9027196652719666,739,"68.154939015",0.018539976825028965,0.35182679296346414,0.30127462340672073,0.08795669824086604,0.07531865585168018,"7.069545527",22,-24.042927939642425,124,0.1436848203939745,377,0.43684820393974505
696285,"Young, Jacob",711,0.9045801526717557,584,"68.125510759",0.014064697609001406,0.3561643835616438,0.29254571026722925,0.08904109589041095,0.07313642756680731,"6.930145513",20,-20.46041342890885,127,0.17862165963431786,320,0.450070323488045
649966,"Urías, Luis",164,0.9111111111111111,127,"68.124738171",0.048780487804878044,0.2755905511811024,0.21341463414634146,0.09448818897637795,0.07317073170731707,"7.689842927",1,-4.456859396640249,37,0.22560975609756098,51,0.31097560975609756
621311,"Dahl, David",125,0.9057971014492754,86,"68.09628568",0,0.3023255813953488,0.208,0.05813953488372093,0.04,"7.16307312",3,-6.673893387007865,39,0.312,36,0.288
624503,"Gordon, Nick",508,0.910394265232975,350,"68.074793543",0.035433070866141746,0.32857142857142857,0.2263779527559055,0.08857142857142856,0.0610236220472441,"7.267052343",11,-14.602197677996958,158,0.3110236220472441,171,0.33661417322834647
643217,"Benintendi, Andrew",810,0.9020044543429844,650,"68.028003741",0.009876543209876543,0.3984615384615385,0.3197530864197531,0.09076923076923077,0.0728395061728395,"6.707812679",12,-23.331184519383108,160,0.19753086419753085,345,0.42592592592592593
543305,"Hicks, Aaron",85,0.9042553191489362,61,"67.988142118",0.03529411764705882,0.26229508196721313,0.18823529411764706,0.09836065573770492,0.07058823529411765,"7.390661059",4,-6.270326041089088,24,0.2823529411764706,24,0.2823529411764706
691594,"Sanoja, Javier",58,0.90625,49,"67.868797241",0,0.42857142857142855,0.3620689655172414,0.12244897959183673,0.10344827586206896,"7.160012241",0,-2.406701595176532,9,0.15517241379310345,29,0.5
605113,"Ahmed, Nick",365,0.8990147783251231,269,"67.866120192",0.005479452054794522,0.3048327137546468,0.22465753424657534,0.05204460966542751,0.038356164383561646,"7.29607589",5,-15.001225030484642,96,0.26301369863013696,130,0.3561643835616438
681146,"Bride, Jonah",359,0.8975,309,"67.863917075",0.05013927576601671,0.3559870550161812,0.3064066852367688,0.09061488673139159,0.07799442896935933,"7.162331838",7,1.5486542026310215,50,0.1392757660167131,150,0.4178272980501393
669137,"Alvarez, Armando",57,0.95,46,"67.812015263",0.07017543859649124,0.34782608695652173,0.2807017543859649,0.043478260869565216,0.03508771929824561,"6.934927895",1,-2.007967239634792,11,0.19298245614035087,25,0.43859649122807015
669257,"Smith, Will",849,0.9022316684378321,690,"67.796821979",0.030624263839811542,0.336231884057971,0.27326266195524146,0.1072463768115942,0.08716136631330977,"7.161348669",27,-26.163821900880237,159,0.1872791519434629,312,0.3674911660777385
669200,"McCoy, Mason",78,0.8863636363636364,58,"67.778474615",0.025641025641025647,0.29310344827586204,0.21794871794871795,0.05172413793103448,0.038461538461538464,"7.36995641",5,-3.6811010670136484,20,0.2564102564102564,25,0.32051282051282054
663967,"Salazar, César",50,0.8928571428571429,41,"67.7324478",0,0.34146341463414637,0.28,0.024390243902439025,0.02,"7.1300722",1,-0.25172260194445817,9,0.18,21,0.42
500743,"Rojas, Miguel",460,0.9126984126984127,397,"67.731868022",0.04130434782608696,0.3702770780856423,0.31956521739130433,0.07808564231738035,0.06739130434782609,"6.991001391",9,-7.605419379577091,63,0.13695652173913042,229,0.49782608695652175
669743,"Call, Alex",184,0.9064039408866995,155,"67.641323533",0.03260869565217392,0.3419354838709677,0.28804347826086957,0.0967741935483871,0.08152173913043478,"6.796199402",6,5.608926288766383,29,0.15760869565217392,74,0.40217391304347827
571912,"Maile, Luke",235,0.914396887159533,173,"67.572865149",0.012765957446808508,0.27167630057803466,0.2,0.05202312138728324,0.03829787234042553,"6.705932979",7,-14.509602040422616,62,0.26382978723404255,73,0.31063829787234043
689172,"Wisely, Brett",403,0.8975501113585747,315,"67.533509702",0.034739454094292806,0.3333333333333333,0.26054590570719605,0.09206349206349207,0.07196029776674938,"6.786239479",10,-16.81735461618865,88,0.21836228287841192,159,0.3945409429280397
607732,"Stallings, Jacob",420,0.9090909090909091,307,"67.514269262",0.011904761904761908,0.36156351791530944,0.2642857142857143,0.10423452768729642,0.0761904761904762,"7.172038714",9,-3.292567465261946,113,0.26904761904761904,157,0.3738095238095238
621028,"Newman, Kevin",462,0.9076620825147348,394,"67.504095866",0.02597402597402597,0.38578680203045684,0.329004329004329,0.06598984771573604,0.05627705627705628,"6.696790325",11,-5.404818579724679,68,0.1471861471861472,230,0.49783549783549785
676070,"Amaya, Jacob",97,0.9065420560747663,72,"67.442828763",0,0.3888888888888889,0.28865979381443296,0.1111111111111111,0.08247422680412371,"7.060726804",4,-5.719392725809372,25,0.25773195876288657,36,0.3711340206185567
543257,"Grossman, Robbie",326,0.9055555555555556,253,"67.427336902",0.021472392638036818,0.3715415019762846,0.2883435582822086,0.07509881422924901,0.05828220858895705,"6.519477791",8,-11.922982105833507,73,0.22392638036809817,131,0.401840490797546
571466,"Barnhart, Tucker",119,0.9015151515151515,83,"67.383117143",0.02521008403361346,0.3132530120481928,0.2184873949579832,0.08433734939759036,0.058823529411764705,"7.437115714",2,-6.248327483423792,36,0.3025210084033613,42,0.35294117647058826
453568,"Blackmon, Charlie",767,0.9066193853427896,623,"67.35751751",0.02346805736636245,0.29052969502407705,0.23598435462842243,0.06581059390048154,0.05345501955671447,"7.13640528",5,-13.868483433887315,144,0.1877444589308996,302,0.39374185136897
670764,"Walls, Taylor",406,0.9042316258351893,307,"67.301171133",0.017241379310344834,0.3289902280130293,0.24876847290640394,0.05863192182410423,0.04433497536945813,"7.162395887",8,-27.421956903709223,99,0.2438423645320197,140,0.3448275862068966
518934,"LeMahieu, DJ",305,0.8997050147492626,258,"67.280901574",0.05245901639344262,0.3875968992248062,0.32786885245901637,0.1124031007751938,0.09508196721311475,"7.133128295",9,-20.12513672836041,47,0.1540983606557377,146,0.4786885245901639
664983,"McCarthy, Jake",729,0.9101123595505618,608,"67.23582679",0.030178326474622777,0.31743421052631576,0.26474622770919065,0.06743421052631579,0.056241426611796985,"6.716018546",12,-14.797032857834534,121,0.16598079561042525,311,0.42661179698216734
656716,"McKinstry, Zach",506,0.9068100358422939,399,"67.191362055",0.007905138339920948,0.38345864661654133,0.30237154150197626,0.08771929824561403,0.0691699604743083,"6.749075178",5,-17.916320361575107,107,0.21146245059288538,199,0.3932806324110672
456781,"Solano, Donovan",511,0.8949211908931699,395,"67.084370235",0.013698630136986299,0.3189873417721519,0.2465753424657534,0.08607594936708861,0.06653620352250489,"7.003670196",11,-10.303193959449766,116,0.22700587084148727,185,0.36203522504892366
669369,"Johnson, Bryce",104,0.9122807017543859,85,"67.060439038",0,0.3176470588235294,0.25961538461538464,0.08235294117647059,0.0673076923076923,"7.143129423",0,-6.947907043075081,19,0.18269230769230768,39,0.375
643396,"Kiner-Falefa, Isiah",652,0.9042995839112344,560,"66.984525399",0.02147239263803681,0.40714285714285714,0.3496932515337423,0.1,0.08588957055214724,"6.815746518",11,-10.899967251966993,92,0.1411042944785276,330,0.5061349693251533
608671,"Jankowski, Travis",312,0.9096209912536443,250,"66.957376474",0.01923076923076923,0.336,0.2692307692307692,0.052,0.041666666666666664,"6.472367853",7,-21.19901797935069,62,0.1987179487179487,124,0.3974358974358974
664901,"Mendick, Danny",222,0.9024390243902439,163,"66.87805045",0.009009009009009012,0.34355828220858897,0.25225225225225223,0.06134969325153374,0.04504504504504504,"7.011881622",4,-10.865993500260242,59,0.26576576576576577,86,0.38738738738738737
668885,"Martin, Austin",355,0.9056122448979592,282,"66.862507549",0.011267605633802814,0.4574468085106383,0.36338028169014086,0.0851063829787234,0.0676056338028169,"6.898782592",9,-11.950837972576036,73,0.2056338028169014,163,0.4591549295774648
624415,"Biggio, Cavan",276,0.9019607843137255,218,"66.837804529",0.03260869565217392,0.24770642201834864,0.1956521739130435,0.022935779816513763,0.018115942028985508,"6.916704855",10,-7.037624423592914,58,0.21014492753623187,92,0.3333333333333333
672695,"Perdomo, Geraldo",498,0.9005424954792043,436,"66.835086767",0.022088353413654623,0.3830275229357798,0.3353413654618474,0.07568807339449542,0.06626506024096386,"6.830279016",11,-7.821334225689207,62,0.12449799196787148,230,0.46184738955823296
660644,"Bruján, Vidal",456,0.9065606361829026,355,"66.828597917",0.008771929824561403,0.3154929577464789,0.24561403508771928,0.059154929577464786,0.046052631578947366,"6.944531754",12,-14.464321614923326,101,0.22149122807017543,164,0.35964912280701755
672569,"Campero, Gustavo",84,0.8936170212765957,63,"66.769268929",0.04761904761904761,0.30158730158730157,0.2261904761904762,0.031746031746031744,0.023809523809523808,"6.641765833",0,-2.0162329538971973,21,0.25,33,0.39285714285714285
676391,"Clement, Ernie",692,0.9022164276401564,610,"66.743751344",0.010115606936416189,0.4180327868852459,0.3684971098265896,0.07213114754098361,0.06358381502890173,"6.812821171",13,-2.956510318896702,82,0.11849710982658959,349,0.5043352601156069
670156,"Mastrobuoni, Miles",133,0.9047619047619048,105,"66.695206767",0.02255639097744361,0.4666666666666667,0.3684210526315789,0.0380952380952381,0.03007518796992481,"6.491964586",1,-13.370116031076448,28,0.21052631578947367,66,0.49624060150375937
592200,"Casali, Curt",176,0.9119170984455959,146,"66.682821477",0.011363636363636366,0.3356164383561644,0.2784090909090909,0.03424657534246575,0.028409090909090908,"7.274309943",7,-8.388058403165962,30,0.17045454545454544,79,0.44886363636363635
666150,"Fletcher, Dominic",354,0.9030612244897959,282,"66.660422797",0.0028248587570621473,0.3333333333333333,0.2655367231638418,0.0851063829787234,0.06779661016949153,"6.543098418",2,-19.45525940221149,72,0.2033898305084746,149,0.4209039548022599
596117,"Stubbs, Garrett",306,0.9,235,"66.593019641",0.01633986928104575,0.23404255319148937,0.17973856209150327,0.01702127659574468,0.013071895424836602,"7.072378693",6,-16.98730021864608,71,0.23202614379084968,100,0.32679738562091504
571657,"Farmer, Kyle",364,0.9122807017543859,291,"66.573600852",0.016483516483516487,0.3745704467353952,0.29945054945054944,0.0859106529209622,0.06868131868131869,"6.828282857",7,-15.265965099292066,73,0.20054945054945056,146,0.4010989010989011
645444,"Herrera, Jose",173,0.8963730569948186,132,"66.566516185",0.011560693641618498,0.3333333333333333,0.2543352601156069,0.06818181818181818,0.05202312138728324,"7.055594971",4,-5.36072348208304,41,0.23699421965317918,65,0.37572254335260113
669289,"Espinal, Santiago",615,0.9057437407952872,524,"66.521357187",0.029268292682926834,0.3530534351145038,0.3008130081300813,0.0648854961832061,0.055284552845528454,"7.336336098",8,-18.03438875930405,91,0.14796747967479676,260,0.42276422764227645
624428,"Frazier, Adam",482,0.8992537313432836,397,"66.503626929",0.012448132780082987,0.3047858942065491,0.25103734439834025,0.04785894206549118,0.03941908713692946,"6.919557697",11,-18.84821952248837,85,0.17634854771784234,178,0.36929460580912865
668942,"Rojas, Josh",733,0.9094292803970223,569,"66.496687231",0.008185538881309686,0.38137082601054484,0.296043656207367,0.0984182776801406,0.07639836289222374,"7.245525771",15,-31.734828575788967,164,0.22373806275579808,272,0.3710777626193724
660844,"Rivas, Leo",116,0.8923076923076924,88,"66.3961525",0.008620689655172412,0.38636363636363635,0.29310344827586204,0.03409090909090909,0.02586206896551724,"7.102824483",6,-5.583389195036806,28,0.2413793103448276,42,0.3620689655172414
660688,"Ruiz, Keibert",733,0.9027093596059114,654,"66.351675116",0.009549795361527965,0.37767584097859325,0.3369713506139154,0.07951070336391437,0.07094133697135062,"7.097894338",10,-24.74915489537161,79,0.1077762619372442,352,0.48021828103683495
686217,"Frelick, Sal",706,0.9028132992327366,621,"66.281717408",0.025495750708215296,0.3607085346215781,0.31728045325779036,0.057971014492753624,0.05099150141643059,"6.931399561",10,-14.305511428753487,85,0.12039660056657224,338,0.47875354107648727
683083,"Nuñez, Nasim",101,0.9017857142857143,79,"66.260639505",0.009900990099009898,0.26582278481012656,0.2079207920792079,0.0379746835443038,0.0297029702970297,"6.625250792",3,-4.701996881680302,22,0.21782178217821782,35,0.3465346534653465
664770,"Lukes, Nathan",151,0.893491124260355,127,"66.202488742",0.01986754966887417,0.3543307086614173,0.2980132450331126,0.05511811023622047,0.046357615894039736,"6.388898808",1,-2.9868782308628017,24,0.15894039735099338,55,0.36423841059602646
668930,"Turang, Brice",937,0.9061895551257253,808,"66.068252615",0.03308431163287086,0.3378712871287129,0.2913553895410886,0.06188118811881188,0.05336179295624333,"6.068591259",12,-30.39867122348692,129,0.1376734258271078,377,0.4023479188900747
642180,"Wade, Tyler",183,0.9104477611940298,150,"66.064969891",0.016393442622950817,0.38,0.3114754098360656,0.04666666666666667,0.03825136612021858,"6.677331148",0,-12.587460298766542,33,0.18032786885245902,84,0.45901639344262296
676701,"Trejo, Alan",97,0.8981481481481481,77,"65.97701866",0.020618556701030927,0.4155844155844156,0.32989690721649484,0.06493506493506493,0.05154639175257732,"7.089686804",2,-6.7921259804616545,20,0.20618556701030927,39,0.4020618556701031
527038,"Flores, Wilmer",331,0.9068493150684932,288,"65.891705257",0.02114803625377644,0.3402777777777778,0.29607250755287007,0.0763888888888889,0.06646525679758308,"6.882304713",6,-13.502143733836949,43,0.1299093655589124,147,0.44410876132930516
686765,"Sogard, Nick",146,0.9012345679012346,113,"65.813616233",0.006849315068493151,0.3008849557522124,0.2328767123287671,0.07964601769911504,0.06164383561643835,"6.922422671",5,-4.155665947509685,33,0.22602739726027396,47,0.3219178082191781
553882,"Narváez, Omar",113,0.9112903225806451,96,"65.687110619",0.017699115044247794,0.34375,0.2920353982300885,0.03125,0.02654867256637168,"6.779974425",3,-8.475506274203612,17,0.1504424778761062,44,0.3893805309734513
665561,"Marchán, Rafael",77,0.8953488372093024,67,"65.56661961",0,0.417910447761194,0.36363636363636365,0.07462686567164178,0.06493506493506493,"7.408344805",3,3.3021739716187937,10,0.12987012987012986,40,0.5194805194805194
657061,"Tucker, Cole",87,0.90625,63,"65.521287471",0.02298850574712643,0.3492063492063492,0.25287356321839083,0.06349206349206349,0.04597701149425287,"6.829795287",1,-6.91188208589948,24,0.27586206896551724,28,0.3218390804597701
665877,"Fermín, José",111,0.9173553719008265,100,"65.325220631",0,0.39,0.35135135135135137,0.08,0.07207207207207207,"7.172713333",1,-9.337809495422364,11,0.0990990990990991,49,0.44144144144144143
663611,"Madrigal, Nick",142,0.922077922077922,129,"65.247956901",0.02112676056338028,0.3333333333333333,0.3028169014084507,0.023255813953488372,0.02112676056338028,"6.45006669",2,-8.065507037135202,13,0.09154929577464789,60,0.4225352112676056
694384,"Schanuel, Nolan",790,0.9080459770114943,689,"65.090428481",0.025316455696202538,0.36429608127721336,0.31772151898734174,0.055152394775036286,0.04810126582278481,"6.563571038",13,-19.072733461385774,101,0.12784810126582277,347,0.43924050632911393
669397,"Allen, Nick",127,0.900709219858156,109,"65.047293386",0,0.3577981651376147,0.30708661417322836,0.045871559633027525,0.03937007874015748,"6.519715669",7,-9.098172638842474,18,0.14173228346456693,60,0.47244094488188976
674441,"Hurtubise, Jacob",103,0.8956521739130435,82,"65.025201359",0,0.2926829268292683,0.23300970873786409,0,0,"6.873348058",3,-5.143766322499933,21,0.20388349514563106,34,0.3300970873786408
457759,"Turner, Justin",868,0.9079497907949791,746,"64.977720127",0.008064516129032256,0.32171581769436997,0.2764976958525346,0.049597855227882036,0.04262672811059908,"6.327518041",16,-18.778951409646183,122,0.14055299539170507,315,0.3629032258064516
641645,"Guillorme, Luis",294,0.9074074074074074,244,"64.889256429",0.010204081632653062,0.38524590163934425,0.3197278911564626,0.045081967213114756,0.03741496598639456,"7.500265612",4,-14.662461100991157,50,0.17006802721088435,117,0.3979591836734694
669364,"Edwards, Xavier",487,0.9018518518518519,410,"64.492558727",0.0020533880903490756,0.375609756097561,0.3162217659137577,0.05121951219512195,0.043121149897330596,"6.258968686",14,-2.514348275608138,77,0.15811088295687886,196,0.4024640657084189
683021,"Stefanic, Michael",163,0.9005524861878453,147,"64.437093374",0.0061349693251533735,0.38095238095238093,0.34355828220858897,0.034013605442176874,0.03067484662576687,"6.259551104",3,-7.116499170873911,16,0.09815950920245399,75,0.4601226993865031
680757,"Kwan, Steven",678,0.9137466307277629,627,"64.380951018",0.004424778761061946,0.4178628389154705,0.3864306784660767,0.06220095693779904,0.05752212389380531,"6.448123171",6,-8.156692933931001,51,0.0752212389380531,346,0.5103244837758112
670032,"Lopez, Nicky",644,0.9044943820224719,526,"64.094454534",0.004658385093167703,0.39923954372623577,0.32608695652173914,0.030418250950570342,0.024844720496894408,"6.703570062",16,-27.988522869875613,118,0.18322981366459629,277,0.4301242236024845
805779,"Wilson, Jacob",148,0.9135802469135802,132,"63.361738986",0.006756756756756756,0.4393939393939394,0.3918918918918919,0.015151515151515152,0.013513513513513514,"6.147464122",4,-6.7122454383271855,16,0.10810810810810811,75,0.5067567567567568
593160,"Merrifield, Whit",472,0.9059500959692899,384,"63.337647987",0.00211864406779661,0.3229166666666667,0.2627118644067797,0.041666666666666664,0.03389830508474576,"6.875779301",7,-21.504564274849002,88,0.1864406779661017,183,0.3877118644067797
650333,"Arraez, Luis",965,0.9061032863849765,909,"63.098477938",0.0020725388601036273,0.45764576457645767,0.4310880829015544,0.0462046204620462,0.043523316062176166,"5.951184725",8,-14.00868782041917,56,0.058031088082901555,495,0.5129533678756477