"last_name, first_name","player_id","year","pa","bip","ba","est_ba","est_ba_minus_ba_diff","slg","est_slg","est_slg_minus_slg_diff","woba","est_woba","est_woba_minus_woba_diff","era","xera","era_minus_xera_diff"
"Mikolas, Miles","571945","2023","860","674",0.282,0.286,-0.0040000000000000036,0.454,0.506,-0.05199999999999999,0.33,0.355,-0.024999999999999967,"4.78","5.48","-0.697"
"Webb, Logan","657277","2023","850","619",0.248,0.251,-0.0030000000000000027,0.374,0.397,-0.02300000000000002,0.283,0.295,-0.01200000000000001,"3.25","3.63","-0.38"
"Gallen, Zac","668678","2023","846","574",0.238,0.251,-0.013000000000000012,0.382,0.435,-0.05299999999999999,0.289,0.316,-0.027000000000000024,"3.47","4.21","-0.739"
"Bassitt, Chris","605135","2023","826","569",0.235,0.238,-0.0030000000000000027,0.403,0.41,-0.006999999999999951,0.304,0.31,-0.006000000000000005,"3.60","4.04","-0.44"
"Keller, Mitch","656605","2023","825","548",0.249,0.248,0.0010000000000000009,0.404,0.406,-0.0020000000000000018,0.31,0.315,-0.0050000000000000044,"4.21","4.18","0.034"
"Cole, Gerrit","543037","2023","821","543",0.206,0.229,-0.02300000000000002,0.322,0.38,-0.057999999999999996,0.256,0.288,-0.03199999999999997,"2.63","3.45","-0.823"
"Lynn, Lance","458681","2023","808","540",0.259,0.248,0.01100000000000001,0.484,0.462,0.021999999999999964,0.347,0.336,0.010999999999999954,"5.73","4.83","0.903"
"Valdez, Framber","664285","2023","808","540",0.228,0.248,-0.01999999999999999,0.365,0.411,-0.045999999999999985,0.287,0.319,-0.03200000000000003,"3.46","4.30","-0.845"
"Gibson, Kyle","502043","2023","807","589",0.27,0.264,0.006000000000000005,0.437,0.445,-0.008000000000000007,0.326,0.333,-0.007000000000000006,"4.73","4.73","0.004"
"Castillo, Luis","622491","2023","802","522",0.218,0.226,-0.008000000000000007,0.395,0.414,-0.01899999999999996,0.289,0.302,-0.013000000000000012,"3.33","3.82","-0.485"
"López, Pablo","641154","2023","801","509",0.238,0.214,0.023999999999999994,0.385,0.343,0.04199999999999998,0.294,0.27,0.023999999999999966,"3.67","3.02","0.645"
"Giolito, Lucas","608337","2023","794","507",0.24,0.236,0.0040000000000000036,0.482,0.45,0.03199999999999997,0.339,0.329,0.010000000000000009,"4.88","4.61","0.272"
"Nola, Aaron","605400","2023","793","545",0.24,0.236,0.0040000000000000036,0.425,0.41,0.015000000000000013,0.303,0.298,0.0050000000000000044,"4.46","3.71","0.751"
"Corbin, Patrick","571578","2023","790","605",0.293,0.298,-0.0050000000000000044,0.481,0.519,-0.038000000000000034,0.353,0.372,-0.019000000000000017,"5.20","6.12","-0.92"
"Wheeler, Zack","554430","2023","787","527",0.229,0.227,0.0020000000000000018,0.364,0.356,0.008000000000000007,0.277,0.279,-0.0020000000000000018,"3.61","3.23","0.379"
"Cease, Dylan","656302","2023","784","481",0.25,0.238,0.01200000000000001,0.405,0.386,0.019000000000000017,0.321,0.314,0.007000000000000006,"4.58","4.16","0.416"
"Burnes, Corbin","669203","2023","784","510",0.2,0.221,-0.02099999999999999,0.324,0.347,-0.022999999999999965,0.266,0.287,-0.020999999999999963,"3.39","3.43","-0.038"
"Berríos, José","621244","2023","782","537",0.241,0.257,-0.016000000000000014,0.397,0.441,-0.043999999999999984,0.302,0.326,-0.02400000000000002,"3.65","4.51","-0.856"
"Oviedo, Johan","670912","2023","781","525",0.237,0.245,-0.008000000000000007,0.397,0.407,-0.009999999999999953,0.319,0.329,-0.010000000000000009,"4.31","4.61","-0.304"
"Montgomery, Jordan","656756","2023","777","559",0.247,0.249,-0.0020000000000000018,0.393,0.409,-0.01599999999999996,0.298,0.308,-0.010000000000000009,"3.20","3.98","-0.784"
"Gilbert, Logan","669302","2023","770","543",0.233,0.238,-0.004999999999999977,0.409,0.411,-0.0020000000000000018,0.29,0.295,-0.0050000000000000044,"3.73","3.63","0.099"
"Strider, Spencer","675911","2023","763","415",0.21,0.202,0.00799999999999998,0.355,0.347,0.008000000000000007,0.279,0.273,0.006000000000000005,"3.86","3.09","0.767"
"Gausman, Kevin","592332","2023","763","466",0.233,0.231,0.0020000000000000018,0.379,0.406,-0.027000000000000024,0.292,0.303,-0.01100000000000001,"3.16","3.85","-0.688"
"Alcantara, Sandy","645261","2023","762","557",0.251,0.26,-0.009000000000000008,0.391,0.418,-0.02699999999999997,0.301,0.319,-0.018000000000000016,"4.14","4.30","-0.157"
"Kirby, George","669923","2023","757","560",0.246,0.258,-0.01200000000000001,0.395,0.427,-0.03199999999999997,0.284,0.305,-0.02100000000000002,"3.35","3.90","-0.549"
"Gray, Sonny","543243","2023","754","510",0.226,0.24,-0.013999999999999985,0.319,0.372,-0.05299999999999999,0.27,0.297,-0.02699999999999997,"2.79","3.69","-0.902"
"Lyles, Jordan","543475","2023","748","575",0.255,0.26,-0.0050000000000000044,0.501,0.483,0.018000000000000016,0.34,0.338,0.0020000000000000018,"6.28","4.90","1.381"
"Snell, Blake","605483","2023","742","405",0.181,0.205,-0.023999999999999994,0.286,0.352,-0.066,0.266,0.3,-0.033999999999999975,"2.25","3.77","-1.52"
"Luzardo, Jesús","666200","2023","741","472",0.239,0.23,0.00899999999999998,0.409,0.416,-0.007000000000000006,0.307,0.307,0,"3.58","3.96","-0.384"
"Kremer, Dean","665152","2023","735","518",0.254,0.264,-0.010000000000000009,0.416,0.458,-0.04200000000000004,0.317,0.337,-0.020000000000000018,"4.12","4.86","-0.742"
"Sears, JP","676664","2023","735","505",0.249,0.242,0.007000000000000006,0.465,0.457,0.008000000000000007,0.335,0.332,0.0030000000000000027,"4.54","4.70","-0.156"
"Walker, Taijuan","592836","2023","733","516",0.238,0.245,-0.007000000000000006,0.397,0.41,-0.012999999999999956,0.313,0.322,-0.009000000000000008,"4.38","4.39","-0.012"
"Elder, Bryce","693821","2023","732","532",0.245,0.258,-0.013000000000000012,0.39,0.414,-0.023999999999999966,0.309,0.326,-0.017000000000000015,"3.81","4.51","-0.697"
"Dunning, Dane","641540","2023","722","517",0.25,0.258,-0.008000000000000007,0.393,0.418,-0.024999999999999967,0.31,0.325,-0.015000000000000013,"3.70","4.48","-0.779"
"Kelly, Merrill","518876","2023","721","462",0.222,0.24,-0.017999999999999988,0.371,0.393,-0.02200000000000002,0.294,0.313,-0.019000000000000017,"3.29","4.13","-0.837"
"Morton, Charlie","450203","2023","716","437",0.244,0.244,0,0.371,0.402,-0.031000000000000028,0.318,0.33,-0.01200000000000001,"3.64","4.64","-1.003"
"Steele, Justin","657006","2023","716","497",0.251,0.247,0.0040000000000000036,0.371,0.368,0.0030000000000000027,0.291,0.291,0,"3.06","3.53","-0.467"
"Eflin, Zach","621107","2023","703","490",0.235,0.217,0.017999999999999988,0.379,0.382,-0.0030000000000000027,0.276,0.27,0.006000000000000005,"3.50","3.02","0.475"
"Singer, Brady","663903","2023","702","512",0.287,0.271,0.01599999999999996,0.467,0.455,0.01200000000000001,0.346,0.339,0.006999999999999951,"5.52","4.93","0.594"
"Kikuchi, Yusei","579328","2023","700","467",0.255,0.244,0.01100000000000001,0.426,0.436,-0.010000000000000009,0.319,0.318,0.0010000000000000009,"3.87","4.27","-0.405"
"Gray, Josiah","680686","2023","698","466",0.251,0.25,0.0010000000000000009,0.412,0.435,-0.02300000000000002,0.332,0.342,-0.010000000000000009,"3.91","5.03","-1.124"
"Schmidt, Clarke","657376","2023","694","488",0.268,0.251,0.017000000000000015,0.451,0.419,0.03200000000000003,0.334,0.319,0.015000000000000013,"4.64","4.30","0.342"
"Senga, Kodai","673540","2023","694","409",0.208,0.223,-0.015000000000000013,0.327,0.369,-0.04199999999999998,0.282,0.305,-0.02300000000000002,"2.98","3.90","-0.924"
"Javier, Cristian","664299","2023","687","459",0.234,0.228,0.006000000000000005,0.424,0.451,-0.027000000000000024,0.317,0.325,-0.008000000000000007,"4.56","4.48","0.076"
"Peralta, Freddy","642547","2023","680","409",0.212,0.21,0.0020000000000000018,0.387,0.363,0.02400000000000002,0.291,0.284,0.007000000000000006,"3.86","3.35","0.507"
"Freeland, Kyle","607536","2023","677","540",0.3,0.291,0.009000000000000008,0.506,0.521,-0.015000000000000013,0.36,0.365,-0.0050000000000000044,"5.03","5.85","-0.82"
"Ryan, Joe","657746","2023","672","435",0.248,0.22,0.027999999999999997,0.452,0.41,0.04200000000000004,0.316,0.292,0.02400000000000002,"4.51","3.55","0.959"
"Bradish, Kyle","680694","2023","671","450",0.215,0.235,-0.01999999999999999,0.33,0.39,-0.06,0.268,0.3,-0.03199999999999997,"2.83","3.77","-0.942"
"Verlander, Justin","434378","2023","669","475",0.226,0.225,0.0010000000000000009,0.369,0.394,-0.025000000000000022,0.284,0.295,-0.01100000000000001,"3.22","3.63","-0.414"
"Bello, Brayan","678394","2023","668","485",0.27,0.25,0.020000000000000018,0.453,0.414,0.039000000000000035,0.334,0.316,0.018000000000000016,"4.24","4.21","0.032"
"Brown, Hunter","686613","2023","665","423",0.262,0.235,0.027000000000000024,0.456,0.417,0.039000000000000035,0.34,0.318,0.02200000000000002,"5.09","4.27","0.818"
"Hill, Rich","448179","2023","660","464",0.281,0.275,0.006000000000000005,0.487,0.479,0.008000000000000007,0.359,0.357,0.0020000000000000018,"5.41","5.55","-0.138"
"Garrett, Braxton","666129","2023","659","463",0.25,0.271,-0.02100000000000002,0.42,0.444,-0.02400000000000002,0.307,0.328,-0.02100000000000002,"3.66","4.58","-0.916"
"Williams, Trevor","592866","2023","658","490",0.3,0.275,0.024999999999999967,0.533,0.501,0.03200000000000003,0.377,0.358,0.019000000000000017,"5.55","5.59","-0.04"
"Gray, Jon","592351","2023","656","451",0.256,0.256,0,0.4,0.419,-0.01899999999999996,0.317,0.325,-0.008000000000000007,"4.12","4.48","-0.361"
"Taillon, Jameson","592791","2023","655","469",0.258,0.255,0.0030000000000000027,0.442,0.467,-0.025000000000000022,0.322,0.333,-0.01100000000000001,"4.84","4.73","0.11"
"Sandoval, Patrick","663776","2023","652","445",0.256,0.256,0,0.374,0.403,-0.029000000000000026,0.318,0.331,-0.013000000000000012,"4.11","4.67","-0.564"
"Flaherty, Jack","656427","2023","650","423",0.287,0.267,0.019999999999999962,0.45,0.422,0.028000000000000025,0.356,0.343,0.012999999999999956,"4.99","5.06","-0.072"
"Cobb, Alex","502171","2023","646","472",0.272,0.273,-0.0010000000000000009,0.435,0.445,-0.010000000000000009,0.325,0.333,-0.008000000000000007,"3.87","4.73","-0.864"
"Detmers, Reid","672282","2023","644","403",0.248,0.251,-0.0030000000000000027,0.401,0.402,-0.0010000000000000009,0.321,0.328,-0.007000000000000006,"4.48","4.58","-0.1"
"Heaney, Andrew","571760","2023","641","420",0.251,0.234,0.016999999999999987,0.439,0.432,0.007000000000000006,0.335,0.326,0.009000000000000008,"4.15","4.51","-0.356"
"Waldichuk, Ken","686610","2023","639","426",0.271,0.24,0.031000000000000028,0.48,0.423,0.056999999999999995,0.361,0.332,0.02899999999999997,"5.36","4.70","0.662"
"Anderson, Tyler","542881","2023","629","439",0.266,0.255,0.01100000000000001,0.455,0.435,0.020000000000000018,0.345,0.339,0.00599999999999995,"5.43","4.93","0.496"
"Smyly, Drew","592767","2023","626","423",0.265,0.238,0.027000000000000024,0.478,0.405,0.07299999999999995,0.348,0.314,0.033999999999999975,"5.00","4.16","0.835"
"Ashcraft, Graham","668933","2023","624","450",0.265,0.268,-0.0030000000000000027,0.444,0.43,0.014000000000000012,0.339,0.339,0,"4.76","4.93","-0.173"
"Lorenzen, Michael","547179","2023","624","463",0.243,0.253,-0.010000000000000009,0.399,0.443,-0.043999999999999984,0.304,0.325,-0.02100000000000002,"4.18","4.48","-0.304"
"Scherzer, Max","453286","2023","621","398",0.221,0.204,0.017000000000000015,0.407,0.384,0.022999999999999965,0.298,0.284,0.014000000000000012,"3.77","3.35","0.423"
"Rodriguez, Eduardo","593958","2023","621","427",0.227,0.244,-0.016999999999999987,0.359,0.404,-0.04500000000000004,0.284,0.31,-0.026000000000000023,"3.30","4.04","-0.739"
"Nelson, Ryne","669194","2023","619","475",0.284,0.263,0.020999999999999963,0.515,0.492,0.02300000000000002,0.357,0.349,0.008000000000000007,"5.31","5.27","0.043"
"Pérez, Martín","527048","2023","608","462",0.274,0.267,0.007000000000000006,0.441,0.446,-0.0050000000000000044,0.335,0.336,-0.0010000000000000009,"4.45","4.83","-0.383"
"Lugo, Seth","607625","2023","604","425",0.249,0.256,-0.007000000000000006,0.412,0.447,-0.03500000000000003,0.306,0.323,-0.017000000000000015,"3.57","4.42","-0.853"
"Gomber, Austin","596295","2023","603","470",0.297,0.289,0.008000000000000007,0.513,0.506,0.007000000000000006,0.368,0.363,0.0050000000000000044,"5.50","5.77","-0.266"
"Greinke, Zack","425844","2023","593","469",0.282,0.287,-0.0050000000000000044,0.467,0.486,-0.01899999999999996,0.332,0.345,-0.012999999999999956,"5.06","5.13","-0.071"
"Kopech, Michael","656629","2023","591","354",0.238,0.236,0.0020000000000000018,0.47,0.457,0.012999999999999956,0.363,0.363,0,"5.43","5.77","-0.342"
"Pivetta, Nick","601713","2023","587","347",0.208,0.218,-0.010000000000000009,0.402,0.421,-0.01899999999999996,0.296,0.309,-0.013000000000000012,"4.04","4.01","0.027"
"Bibee, Tanner","676440","2023","585","394",0.23,0.232,-0.0020000000000000018,0.353,0.383,-0.030000000000000027,0.285,0.298,-0.013000000000000012,"2.98","3.71","-0.731"
"Gore, MacKenzie","669022","2023","582","373",0.258,0.256,0.0020000000000000018,0.459,0.476,-0.01699999999999996,0.339,0.347,-0.007999999999999952,"4.42","5.20","-0.777"
"France, J.P.","641585","2023","581","431",0.263,0.264,-0.0010000000000000009,0.414,0.463,-0.049000000000000044,0.319,0.34,-0.02100000000000002,"3.83","4.96","-1.131"
"Hendricks, Kyle","543294","2023","578","454",0.255,0.266,-0.01100000000000001,0.393,0.416,-0.022999999999999965,0.296,0.314,-0.018000000000000016,"3.75","4.16","-0.415"
"Eovaldi, Nathan","543135","2023","577","392",0.225,0.232,-0.007000000000000006,0.382,0.399,-0.017000000000000015,0.296,0.307,-0.01100000000000001,"3.63","3.96","-0.335"
"Ober, Bailey","641927","2023","577","395",0.232,0.222,0.010000000000000009,0.403,0.412,-0.008999999999999952,0.294,0.293,0.0010000000000000009,"3.43","3.58","-0.15"
"Stroman, Marcus","573186","2023","575","401",0.231,0.261,-0.03,0.335,0.388,-0.05299999999999999,0.285,0.318,-0.03300000000000003,"3.95","4.27","-0.319"
"Darvish, Yu","506433","2023","573","382",0.259,0.239,0.020000000000000018,0.42,0.378,0.04199999999999998,0.321,0.302,0.019000000000000017,"4.55","3.82","0.735"
"Megill, Tylor","656731","2023","567","397",0.282,0.278,0.003999999999999948,0.44,0.479,-0.03899999999999998,0.35,0.365,-0.015000000000000013,"4.70","5.85","-1.148"
"Weaver, Luke","596133","2023","563","410",0.301,0.282,0.019000000000000017,0.559,0.501,0.05800000000000005,0.385,0.358,0.027000000000000024,"6.40","5.59","0.814"
"Wacha, Michael","608379","2023","553","383",0.224,0.246,-0.021999999999999992,0.38,0.427,-0.046999999999999986,0.291,0.319,-0.028000000000000025,"3.22","4.30","-1.084"
"Clevinger, Mike","605182","2023","549","390",0.244,0.236,0.008000000000000007,0.407,0.41,-0.0030000000000000027,0.312,0.313,-0.0010000000000000009,"3.77","4.13","-0.361"
"Suarez, Ranger","624133","2023","540","371",0.267,0.257,0.010000000000000009,0.414,0.408,0.006000000000000005,0.325,0.322,0.0030000000000000027,"4.18","4.39","-0.214"
"Allen, Logan","671106","2023","537","368",0.263,0.253,0.010000000000000009,0.42,0.42,0,0.326,0.325,0.0010000000000000009,"3.81","4.48","-0.674"
"Miller, Bryce","682243","2023","537","385",0.248,0.264,-0.016000000000000014,0.427,0.473,-0.045999999999999985,0.309,0.336,-0.027000000000000024,"4.32","4.83","-0.513"
"Canning, Griffin","656288","2023","536","356",0.245,0.237,0.008000000000000007,0.43,0.429,0.0010000000000000009,0.315,0.313,0.0020000000000000018,"4.32","4.13","0.193"
"Bieber, Shane","669456","2023","533","387",0.253,0.281,-0.028000000000000025,0.406,0.454,-0.04799999999999999,0.307,0.338,-0.031000000000000028,"3.80","4.90","-1.103"
"Ohtani, Shohei","660271","2023","531","297",0.184,0.201,-0.017000000000000015,0.333,0.375,-0.04199999999999998,0.277,0.3,-0.022999999999999965,"3.14","3.77","-0.634"
"Irvin, Jake","663623","2023","530","369",0.255,0.254,0.0010000000000000009,0.431,0.45,-0.019000000000000017,0.335,0.344,-0.008999999999999952,"4.61","5.10","-0.488"
"Crawford, Kutter","676710","2023","527","351",0.221,0.205,0.016000000000000014,0.388,0.38,0.008000000000000007,0.29,0.281,0.008999999999999952,"4.04","3.28","0.756"
"Kershaw, Clayton","477132","2023","523","343",0.209,0.227,-0.018000000000000016,0.367,0.393,-0.026000000000000023,0.28,0.298,-0.01799999999999996,"2.46","3.71","-1.249"
"Rea, Colin","607067","2023","517","365",0.235,0.25,-0.015000000000000013,0.434,0.435,-0.0010000000000000009,0.313,0.323,-0.010000000000000009,"4.55","4.42","0.128"
"Rodriguez, Grayson","680570","2023","515","341",0.259,0.251,0.008000000000000007,0.418,0.411,0.007000000000000006,0.32,0.317,0.0030000000000000027,"4.35","4.24","0.112"
"Miller, Bobby","676272","2023","505","348",0.226,0.227,-0.0010000000000000009,0.364,0.36,0.0040000000000000036,0.283,0.288,-0.0050000000000000044,"3.76","3.45","0.314"
"Civale, Aaron","650644","2023","504","349",0.235,0.24,-0.0050000000000000044,0.363,0.386,-0.02300000000000002,0.288,0.299,-0.01100000000000001,"3.46","3.74","-0.282"
"Manaea, Sean","640455","2023","499","321",0.234,0.238,-0.003999999999999976,0.394,0.401,-0.007000000000000006,0.306,0.313,-0.007000000000000006,"4.44","4.13","0.306"
"Greene, Hunter","668881","2023","498","290",0.253,0.213,0.04000000000000001,0.477,0.389,0.08799999999999997,0.349,0.301,0.04799999999999999,"4.82","3.79","1.031"
"Medina, Luis","665622","2023","495","324",0.255,0.25,0.0050000000000000044,0.44,0.413,0.027000000000000024,0.343,0.335,0.008000000000000007,"5.42","4.80","0.616"
"Wentz, Joey","666214","2023","492","347",0.295,0.271,0.023999999999999966,0.532,0.504,0.028000000000000025,0.38,0.362,0.018000000000000016,"6.90","5.74","1.159"
"Peterson, David","656849","2023","492","308",0.287,0.26,0.02699999999999997,0.456,0.429,0.027000000000000024,0.357,0.339,0.01799999999999996,"5.03","4.93","0.097"
"Williamson, Brandon","682227","2023","491","352",0.248,0.26,-0.01200000000000001,0.432,0.449,-0.017000000000000015,0.321,0.334,-0.013000000000000012,"4.46","4.77","-0.308"
"Miley, Wade","489119","2023","490","367",0.223,0.249,-0.025999999999999995,0.386,0.42,-0.033999999999999975,0.293,0.319,-0.026000000000000023,"3.14","4.30","-1.159"
"Glasnow, Tyler","607192","2023","485","285",0.209,0.213,-0.0040000000000000036,0.347,0.397,-0.050000000000000044,0.27,0.292,-0.021999999999999964,"3.52","3.55","-0.025"
"Wainwright, Adam","425794","2023","484","387",0.345,0.32,0.024999999999999967,0.573,0.562,0.010999999999999899,0.414,0.399,0.014999999999999958,"7.40","7.26","0.136"
"Urías, Julio","628711","2023","482","333",0.252,0.245,0.007000000000000006,0.482,0.445,0.03699999999999998,0.328,0.316,0.01200000000000001,"4.60","4.21","0.392"
"Houser, Adrian","605288","2023","481","350",0.273,0.259,0.014000000000000012,0.406,0.416,-0.009999999999999953,0.318,0.317,0.0010000000000000009,"4.12","4.24","-0.117"
"Wells, Tyler","669330","2023","470","315",0.193,0.212,-0.01899999999999999,0.413,0.441,-0.028000000000000025,0.286,0.306,-0.020000000000000018,"3.64","3.93","-0.29"
"McClanahan, Shane","663556","2023","469","307",0.222,0.238,-0.015999999999999986,0.388,0.411,-0.022999999999999965,0.295,0.312,-0.017000000000000015,"3.29","4.10","-0.813"
"Flexen, Chris","623167","2023","466","350",0.317,0.292,0.025000000000000022,0.545,0.512,0.03300000000000003,0.392,0.372,0.020000000000000018,"6.86","6.12","0.74"
"Blackburn, Paul","621112","2023","464","313",0.286,0.259,0.02699999999999997,0.435,0.414,0.02100000000000002,0.34,0.325,0.015000000000000013,"4.43","4.48","-0.052"
"Houck, Tanner","656557","2023","463","317",0.254,0.24,0.014000000000000012,0.415,0.398,0.01699999999999996,0.323,0.314,0.009000000000000008,"5.01","4.16","0.849"
"Martinez, Nick","607259","2023","461","311",0.24,0.242,-0.0020000000000000018,0.354,0.388,-0.03400000000000003,0.294,0.308,-0.014000000000000012,"3.43","3.98","-0.554"
"Bradley, Taj","671737","2023","460","291",0.255,0.238,0.017000000000000015,0.495,0.443,0.05199999999999999,0.344,0.323,0.020999999999999963,"5.59","4.42","1.169"
"Abbott, Andrew","671096","2023","459","294",0.244,0.223,0.02099999999999999,0.425,0.4,0.024999999999999967,0.32,0.306,0.014000000000000012,"3.87","3.93","-0.061"
"Assad, Javier","665871","2023","449","311",0.231,0.255,-0.023999999999999994,0.388,0.418,-0.02999999999999997,0.303,0.329,-0.026000000000000023,"3.05","4.61","-1.564"
"Matz, Steven","571927","2023","449","316",0.263,0.25,0.013000000000000012,0.405,0.386,0.019000000000000017,0.316,0.306,0.010000000000000009,"3.86","3.93","-0.073"
"Germán, Domingo","593334","2023","444","290",0.207,0.235,-0.027999999999999997,0.414,0.427,-0.013000000000000012,0.297,0.319,-0.02200000000000002,"4.55","4.30","0.255"
"Quantrill, Cal","615698","2023","444","344",0.279,0.285,-0.00599999999999995,0.437,0.49,-0.05299999999999999,0.339,0.365,-0.025999999999999968,"5.24","5.85","-0.613"
"Gonsolin, Tony","664062","2023","435","306",0.226,0.268,-0.04200000000000001,0.415,0.513,-0.09800000000000003,0.312,0.365,-0.05299999999999999,"4.98","5.85","-0.869"
"Cabrera, Edward","665795","2023","434","246",0.215,0.196,0.01899999999999999,0.355,0.331,0.023999999999999966,0.315,0.3,0.015000000000000013,"4.24","3.77","0.474"
"King, Michael","650633","2023","431","267",0.226,0.225,0.0010000000000000009,0.346,0.367,-0.02100000000000002,0.281,0.29,-0.008999999999999952,"2.75","3.50","-0.748"
"Wood, Alex","622072","2023","429","305",0.263,0.252,0.01100000000000001,0.421,0.415,0.006000000000000005,0.335,0.331,0.0040000000000000036,"4.33","4.67","-0.339"
"Maeda, Kenta","628317","2023","428","280",0.239,0.228,0.010999999999999982,0.429,0.411,0.018000000000000016,0.309,0.3,0.009000000000000008,"4.23","3.77","0.457"
"Sale, Chris","519242","2023","425","263",0.227,0.208,0.019000000000000017,0.417,0.387,0.02999999999999997,0.306,0.295,0.01100000000000001,"4.29","3.63","0.665"
"Olson, Reese","681857","2023","422","285",0.215,0.251,-0.036000000000000004,0.373,0.46,-0.08700000000000002,0.283,0.332,-0.049000000000000044,"3.99","4.70","-0.706"
"Pfaadt, Brandon","694297","2023","421","298",0.282,0.249,0.032999999999999974,0.534,0.463,0.07100000000000001,0.362,0.326,0.035999999999999976,"5.72","4.51","1.209"
"DeSclafani, Anthony","543101","2023","419","315",0.271,0.282,-0.010999999999999954,0.456,0.492,-0.035999999999999976,0.328,0.347,-0.01899999999999996,"4.88","5.20","-0.324"
"Severino, Luis","622663","2023","417","298",0.301,0.281,0.019999999999999962,0.555,0.498,0.05700000000000005,0.39,0.365,0.025000000000000022,"6.65","5.85","0.799"
"Carrasco, Carlos","471911","2023","417","307",0.31,0.3,0.010000000000000009,0.531,0.52,0.01100000000000001,0.39,0.384,0.006000000000000005,"6.80","6.61","0.19"
"Manoah, Alek","666201","2023","415","268",0.269,0.262,0.007000000000000006,0.46,0.471,-0.010999999999999954,0.37,0.372,-0.0020000000000000018,"5.87","6.12","-0.246"
"Paxton, James","572020","2023","411","273",0.25,0.226,0.023999999999999994,0.452,0.396,0.055999999999999994,0.328,0.301,0.027000000000000024,"4.50","3.79","0.71"
"Seabold, Connor","657756","2023","408","306",0.317,0.268,0.04899999999999999,0.563,0.478,0.08499999999999996,0.393,0.346,0.04700000000000004,"7.52","5.16","2.363"
"Curry, Xzavion","675540","2023","404","305",0.267,0.272,-0.0050000000000000044,0.436,0.476,-0.03999999999999998,0.326,0.343,-0.017000000000000015,"4.07","5.06","-0.986"
"Ortiz, Luis","682847","2023","400","291",0.288,0.296,-0.008000000000000007,0.448,0.529,-0.08100000000000002,0.356,0.388,-0.03200000000000003,"4.78","6.77","-1.993"
"Musgrove, Joe","605397","2023","399","272",0.247,0.223,0.023999999999999994,0.375,0.345,0.030000000000000027,0.295,0.275,0.019999999999999962,"3.05","3.14","-0.089"
"Sánchez, Cristopher","650911","2023","396","281",0.235,0.242,-0.007000000000000006,0.421,0.412,0.009000000000000008,0.296,0.299,-0.0030000000000000027,"3.44","3.74","-0.297"
"Ragans, Cole","666142","2023","392","236",0.202,0.21,-0.00799999999999998,0.303,0.333,-0.030000000000000027,0.266,0.283,-0.01699999999999996,"3.47","3.33","0.139"
"Syndergaard, Noah","592789","2023","391","306",0.291,0.296,-0.0050000000000000044,0.539,0.544,-0.0050000000000000044,0.371,0.381,-0.010000000000000009,"6.50","6.48","0.016"
"Toussaint, Touki","657053","2023","384","235",0.223,0.247,-0.023999999999999994,0.355,0.41,-0.05499999999999999,0.317,0.351,-0.033999999999999975,"4.97","5.34","-0.374"
"Lively, Ben","594902","2023","383","276",0.27,0.265,0.0050000000000000044,0.49,0.474,0.016000000000000014,0.348,0.341,0.006999999999999951,"5.38","5.00","0.38"
"Bird, Jake","656234","2023","381","270",0.276,0.258,0.018000000000000016,0.396,0.41,-0.013999999999999957,0.32,0.328,-0.008000000000000007,"4.33","4.58","-0.248"
"Stripling, Ross","548389","2023","381","293",0.287,0.287,0,0.497,0.507,-0.010000000000000009,0.348,0.356,-0.008000000000000007,"5.36","5.52","-0.16"
"Henry, Tommy","674072","2023","381","278",0.251,0.244,0.007000000000000006,0.418,0.414,0.0040000000000000036,0.324,0.321,0.0030000000000000027,"4.15","4.36","-0.214"
"Wesneski, Hayden","669713","2023","379","260",0.242,0.261,-0.019000000000000017,0.46,0.48,-0.019999999999999962,0.33,0.348,-0.01799999999999996,"4.63","5.23","-0.596"
"Littell, Zack","641793","2023","379","289",0.261,0.268,-0.007000000000000006,0.431,0.442,-0.01100000000000001,0.308,0.318,-0.010000000000000009,"4.10","4.27","-0.17"
"Davies, Zach","605200","2023","377","264",0.295,0.28,0.014999999999999958,0.461,0.456,0.0050000000000000044,0.36,0.355,0.0050000000000000044,"7.00","5.48","1.516"
"Scholtens, Jesse","669947","2023","377","287",0.292,0.267,0.024999999999999967,0.458,0.453,0.0050000000000000044,0.349,0.338,0.010999999999999954,"5.29","4.90","0.394"
"Yarbrough, Ryan","642232","2023","376","288",0.271,0.265,0.006000000000000005,0.421,0.439,-0.018000000000000016,0.317,0.322,-0.0050000000000000044,"4.52","4.39","0.127"
"Lambert, Peter","663567","2023","375","271",0.273,0.262,0.01100000000000001,0.534,0.506,0.028000000000000025,0.367,0.355,0.01200000000000001,"5.36","5.48","-0.121"
"Pérez, Eury","691587","2023","374","233",0.214,0.204,0.010000000000000009,0.424,0.4,0.023999999999999966,0.303,0.295,0.008000000000000007,"3.15","3.63","-0.477"
"Muller, Kyle","666205","2023","372","274",0.346,0.31,0.035999999999999976,0.568,0.547,0.020999999999999908,0.417,0.401,0.01599999999999996,"7.60","7.35","0.247"
"Brito, Jhony","666745","2023","372","268",0.244,0.246,-0.0020000000000000018,0.435,0.44,-0.0050000000000000044,0.318,0.327,-0.009000000000000008,"4.28","4.55","-0.266"
"Anderson, Chase","502624","2023","372","268",0.274,0.253,0.02100000000000002,0.474,0.44,0.033999999999999975,0.355,0.337,0.01799999999999996,"5.42","4.86","0.561"
"Woo, Bryan","693433","2023","371","240",0.227,0.217,0.010000000000000009,0.393,0.353,0.040000000000000036,0.305,0.29,0.015000000000000013,"4.21","3.50","0.709"
"Junis, Jakob","596001","2023","367","243",0.269,0.238,0.031000000000000028,0.451,0.404,0.046999999999999986,0.328,0.3,0.028000000000000025,"3.87","3.77","0.102"
"Winckowski, Josh","670174","2023","367","251",0.267,0.24,0.027000000000000024,0.393,0.373,0.020000000000000018,0.319,0.3,0.019000000000000017,"2.88","3.77","-0.889"
"Chirinos, Yonny","630023","2023","367","281",0.275,0.294,-0.01899999999999996,0.483,0.512,-0.029000000000000026,0.35,0.373,-0.02300000000000002,"5.40","6.16","-0.76"
"Barria, Jaime","642545","2023","362","268",0.277,0.276,0.0010000000000000009,0.512,0.495,0.017000000000000015,0.357,0.352,0.0050000000000000044,"5.68","5.37","0.314"
"Fujinami, Shintaro","660261","2023","357","222",0.242,0.237,0.0050000000000000044,0.404,0.411,-0.006999999999999951,0.332,0.334,-0.0020000000000000018,"7.18","4.77","2.407"
"Beck, Tristan","663941","2023","354","263",0.252,0.241,0.01100000000000001,0.388,0.4,-0.01200000000000001,0.298,0.298,0,"3.92","3.71","0.208"
"Hudson, Dakota","641712","2023","354","269",0.283,0.286,-0.0030000000000000027,0.441,0.49,-0.04899999999999999,0.35,0.371,-0.02100000000000002,"4.98","6.08","-1.1"
"Bielak, Brandon","656232","2023","353","250",0.277,0.263,0.014000000000000012,0.46,0.462,-0.0020000000000000018,0.357,0.353,0.0040000000000000036,"3.83","5.41","-1.585"
"Blach, Ty","621389","2023","352","272",0.33,0.327,0.0030000000000000027,0.537,0.549,-0.01200000000000001,0.389,0.399,-0.010000000000000009,"5.54","7.26","-1.722"
"Strahm, Matt","621381","2023","351","219",0.212,0.209,0.0030000000000000027,0.375,0.367,0.008000000000000007,0.274,0.278,-0.0040000000000000036,"3.29","3.21","0.075"
"Falter, Bailey","663559","2023","347","267",0.288,0.277,0.010999999999999954,0.503,0.474,0.029000000000000026,0.354,0.34,0.013999999999999957,"5.36","4.96","0.395"
"Williams, Gavin","668909","2023","345","223",0.219,0.241,-0.021999999999999992,0.368,0.385,-0.017000000000000015,0.299,0.317,-0.018000000000000016,"3.29","4.24","-0.947"
"Marsh, Alec","679525","2023","342","208",0.266,0.254,0.01200000000000001,0.524,0.495,0.029000000000000026,0.381,0.369,0.01200000000000001,"5.69","6.00","-0.309"
"Stratton, Chris","608717","2023","338","230",0.227,0.222,0.0050000000000000044,0.368,0.392,-0.02400000000000002,0.283,0.296,-0.013000000000000012,"3.92","3.66","0.259"
"Irvin, Cole","608344","2023","336","240",0.256,0.276,-0.020000000000000018,0.42,0.491,-0.07100000000000001,0.318,0.356,-0.03799999999999998,"4.42","5.52","-1.098"
"Lawrence, Justin","664875","2023","326","205",0.235,0.218,0.016999999999999987,0.354,0.337,0.01699999999999996,0.303,0.299,0.0040000000000000036,"3.72","3.74","-0.02"
"Tonkin, Michael","543859","2023","325","225",0.217,0.237,-0.01999999999999999,0.38,0.41,-0.02999999999999997,0.283,0.306,-0.02300000000000002,"4.28","3.93","0.345"
"Holton, Tyler","663947","2023","324","231",0.185,0.235,-0.04999999999999999,0.304,0.391,-0.08700000000000002,0.234,0.289,-0.054999999999999966,"2.11","3.48","-1.371"
"Quintana, Jose","500779","2023","319","234",0.26,0.273,-0.013000000000000012,0.363,0.43,-0.067,0.297,0.33,-0.03300000000000003,"3.57","4.64","-1.072"
"Gibaut, Ian","664139","2023","318","216",0.245,0.233,0.011999999999999983,0.365,0.367,-0.0020000000000000018,0.298,0.297,0.0010000000000000009,"3.33","3.69","-0.36"
"Manning, Matt","666159","2023","316","239",0.212,0.262,-0.05000000000000002,0.375,0.502,-0.127,0.281,0.353,-0.07199999999999995,"3.58","5.41","-1.833"
"Richards, Trevor","670950","2023","315","173",0.228,0.198,0.03,0.424,0.373,0.05099999999999999,0.318,0.293,0.025000000000000022,"4.95","3.58","1.374"
"Wilson, Bryse","669060","2023","314","229",0.211,0.243,-0.032,0.377,0.412,-0.034999999999999976,0.281,0.308,-0.02699999999999997,"2.58","3.98","-1.397"
"Fried, Max","608331","2023","311","211",0.242,0.215,0.026999999999999996,0.343,0.316,0.027000000000000024,0.279,0.258,0.02100000000000002,"2.55","2.75","-0.201"
"Skubal, Tarik","669373","2023","310","191",0.199,0.194,0.0050000000000000044,0.298,0.293,0.0050000000000000044,0.238,0.236,0.0020000000000000018,"2.80","2.30","0.501"
"Rogers, Tyler","643511","2023","309","225",0.236,0.218,0.017999999999999988,0.368,0.311,0.056999999999999995,0.284,0.259,0.024999999999999967,"3.04","2.77","0.271"
"Farmer, Buck","571656","2023","309","206",0.214,0.216,-0.0020000000000000018,0.402,0.41,-0.007999999999999952,0.303,0.31,-0.007000000000000006,"4.20","4.04","0.16"
"Brash, Matt","666374","2023","308","166",0.242,0.208,0.034,0.323,0.306,0.017000000000000015,0.292,0.28,0.011999999999999955,"3.06","3.25","-0.193"
"Scott, Tanner","656945","2023","307","175",0.191,0.203,-0.01200000000000001,0.264,0.278,-0.014000000000000012,0.236,0.247,-0.01100000000000001,"2.31","2.52","-0.212"
"Bickford, Phil","641360","2023","304","185",0.23,0.237,-0.0069999999999999785,0.393,0.431,-0.03799999999999998,0.319,0.336,-0.017000000000000015,"4.95","4.83","0.116"
"Whitlock, Garrett","676477","2023","304","216",0.288,0.268,0.019999999999999962,0.502,0.466,0.035999999999999976,0.35,0.33,0.019999999999999962,"5.15","4.64","0.509"
"Hoeing, Bryan","663773","2023","304","224",0.259,0.265,-0.006000000000000005,0.504,0.488,0.016000000000000014,0.347,0.347,0,"5.48","5.20","0.276"
"Merryweather, Julian","657240","2023","303","168",0.219,0.21,0.009000000000000008,0.332,0.35,-0.01799999999999996,0.291,0.298,-0.007000000000000006,"3.38","3.71","-0.335"
"Boyd, Matthew","571510","2023","303","203",0.25,0.239,0.01100000000000001,0.424,0.419,0.0050000000000000044,0.322,0.316,0.006000000000000005,"5.45","4.21","1.241"
"Grove, Michael","675627","2023","302","207",0.296,0.269,0.02699999999999997,0.5,0.472,0.028000000000000025,0.363,0.342,0.020999999999999963,"6.13","5.03","1.1"
"Clase, Emmanuel","661403","2023","302","221",0.242,0.232,0.009999999999999981,0.327,0.36,-0.032999999999999974,0.265,0.274,-0.009000000000000008,"3.22","3.11","0.11"
"Contreras, Roansy","672710","2023","302","214",0.282,0.274,0.007999999999999952,0.466,0.456,0.010000000000000009,0.357,0.352,0.0050000000000000044,"6.58","5.37","1.215"
"Pallante, Andre","669467","2023","302","226",0.286,0.255,0.030999999999999972,0.414,0.356,0.057999999999999996,0.341,0.312,0.029000000000000026,"4.76","4.10","0.665"
"McGough, Scott","543518","2023","301","183",0.226,0.235,-0.00899999999999998,0.44,0.416,0.02400000000000002,0.318,0.319,-0.0010000000000000009,"4.74","4.30","0.435"
"Hernández, Carlos","672578","2023","301","191",0.233,0.249,-0.015999999999999986,0.425,0.438,-0.013000000000000012,0.319,0.332,-0.013000000000000012,"5.27","4.70","0.571"
"Barlow, Scott","605130","2023","299","181",0.242,0.233,0.00899999999999998,0.337,0.341,-0.0040000000000000036,0.299,0.3,-0.0010000000000000009,"4.37","3.77","0.598"
"Morgan, Eli","669212","2023","299","199",0.267,0.24,0.027000000000000024,0.414,0.407,0.007000000000000006,0.322,0.307,0.015000000000000013,"4.01","3.96","0.05"
"Montero, Rafael","606160","2023","298","187",0.279,0.242,0.03700000000000003,0.479,0.422,0.056999999999999995,0.359,0.327,0.03199999999999997,"5.08","4.55","0.529"
"Stephan, Trevor","663986","2023","294","188",0.245,0.237,0.008000000000000007,0.389,0.415,-0.025999999999999968,0.311,0.325,-0.014000000000000012,"4.06","4.48","-0.417"
"Cuas, Jose","621016","2023","292","179",0.253,0.251,0.0020000000000000018,0.406,0.446,-0.03999999999999998,0.339,0.352,-0.012999999999999956,"4.00","5.37","-1.375"
"Suter, Brent","608718","2023","292","209",0.249,0.227,0.021999999999999992,0.341,0.319,0.02200000000000002,0.294,0.28,0.013999999999999957,"3.38","3.25","0.125"
"Santos, Gregory","666619","2023","289","201",0.258,0.245,0.013000000000000012,0.318,0.319,-0.0010000000000000009,0.283,0.278,0.004999999999999949,"3.39","3.21","0.182"
"Lange, Alex","656638","2023","288","157",0.185,0.201,-0.016000000000000014,0.315,0.308,0.007000000000000006,0.294,0.303,-0.009000000000000008,"3.68","3.85","-0.168"
"Teheran, Julio","527054","2023","288","221",0.254,0.263,-0.009000000000000008,0.466,0.468,-0.0020000000000000018,0.324,0.334,-0.010000000000000009,"4.39","4.77","-0.375"
"Finnegan, Kyle","640448","2023","288","200",0.254,0.26,-0.006000000000000005,0.423,0.442,-0.019000000000000017,0.32,0.329,-0.009000000000000008,"3.76","4.61","-0.846"
"Payamps, Joel","606303","2023","287","187",0.219,0.223,-0.0040000000000000036,0.342,0.345,-0.002999999999999947,0.272,0.277,-0.0050000000000000044,"2.55","3.18","-0.633"
"Abreu, Bryan","650556","2023","287","153",0.177,0.192,-0.015000000000000013,0.286,0.341,-0.05500000000000005,0.255,0.279,-0.02400000000000002,"1.75","3.23","-1.48"
"Thompson, Zack","668868","2023","287","188",0.27,0.256,0.014000000000000012,0.422,0.423,-0.0010000000000000009,0.329,0.33,-0.0010000000000000009,"4.48","4.64","-0.163"
"Rodón, Carlos","607074","2023","286","189",0.261,0.25,0.01100000000000001,0.498,0.478,0.020000000000000018,0.357,0.352,0.0050000000000000044,"6.86","5.37","1.485"
"Díaz, Alexis","664747","2023","286","154",0.186,0.19,-0.0040000000000000036,0.28,0.297,-0.01699999999999996,0.279,0.288,-0.008999999999999952,"3.07","3.45","-0.376"
"Hicks, Jordan","663855","2023","285","168",0.231,0.207,0.02400000000000002,0.332,0.311,0.02100000000000002,0.296,0.283,0.013000000000000012,"3.29","3.33","-0.041"
"Harris, Hogan","663687","2023","284","196",0.269,0.252,0.017000000000000015,0.47,0.468,0.0019999999999999463,0.352,0.345,0.007000000000000006,"7.14","5.13","2.013"
"Cano, Yennier","666974","2023","283","202",0.226,0.243,-0.016999999999999987,0.331,0.359,-0.02799999999999997,0.261,0.282,-0.020999999999999963,"2.11","3.30","-1.194"
"Varland, Louis","686973","2023","283","194",0.252,0.246,0.006000000000000005,0.492,0.479,0.013000000000000012,0.335,0.33,0.0050000000000000044,"4.63","4.64","-0.008"
"Graveman, Kendall","608665","2023","282","174",0.214,0.231,-0.017000000000000015,0.37,0.385,-0.015000000000000013,0.312,0.327,-0.015000000000000013,"3.12","4.55","-1.429"
"García, Yimi","554340","2023","282","182",0.261,0.234,0.026999999999999996,0.405,0.366,0.039000000000000035,0.312,0.291,0.02100000000000002,"4.09","3.53","0.561"
"Estévez, Carlos","608032","2023","281","167",0.254,0.232,0.021999999999999992,0.381,0.385,-0.0040000000000000036,0.32,0.312,0.008000000000000007,"3.90","4.10","-0.202"
"Doval, Camilo","666808","2023","281","160",0.209,0.201,0.00799999999999998,0.287,0.305,-0.018000000000000016,0.262,0.266,-0.0040000000000000036,"2.93","2.93","-0.004"
"Kaprielian, James","621076","2023","280","186",0.274,0.242,0.03200000000000003,0.452,0.435,0.017000000000000015,0.356,0.34,0.01599999999999996,"6.34","4.96","1.384"
"Cruz, Fernando","518585","2023","279","150",0.211,0.199,0.011999999999999983,0.366,0.37,-0.0040000000000000036,0.29,0.289,0.0010000000000000009,"4.91","3.48","1.429"
"Topa, Justin","623437","2023","279","197",0.24,0.23,0.009999999999999981,0.327,0.325,0.0020000000000000018,0.269,0.271,-0.0020000000000000018,"2.61","3.04","-0.431"
"López, Reynaldo","625643","2023","278","159",0.207,0.213,-0.006000000000000005,0.336,0.384,-0.04799999999999999,0.286,0.308,-0.02200000000000002,"3.27","3.98","-0.707"
"Kimbrel, Craig","518886","2023","278","152",0.181,0.187,-0.006000000000000005,0.337,0.34,-0.0030000000000000027,0.269,0.28,-0.01100000000000001,"3.26","3.25","0.011"
"Johnson, Pierce","572955","2023","277","157",0.257,0.234,0.022999999999999993,0.437,0.381,0.055999999999999994,0.335,0.306,0.029000000000000026,"4.02","3.93","0.091"
"Bednar, David","670280","2023","277","173",0.215,0.192,0.022999999999999993,0.316,0.324,-0.008000000000000007,0.259,0.263,-0.0040000000000000036,"2.00","2.86","-0.855"
"Foley, Jason","671345","2023","276","205",0.251,0.259,-0.008000000000000007,0.34,0.383,-0.04299999999999998,0.275,0.298,-0.022999999999999965,"2.61","3.71","-1.101"
"Kelly, Kevin","687330","2023","276","195",0.211,0.23,-0.019000000000000017,0.307,0.339,-0.03200000000000003,0.264,0.284,-0.019999999999999962,"3.09","3.35","-0.26"
"Liberatore, Matthew","669461","2023","275","199",0.274,0.284,-0.009999999999999953,0.444,0.49,-0.045999999999999985,0.341,0.37,-0.02899999999999997,"5.25","6.04","-0.786"
"Urquidy, José","664353","2023","275","203",0.263,0.254,0.009000000000000008,0.453,0.429,0.02400000000000002,0.34,0.332,0.008000000000000007,"5.29","4.70","0.586"
"Jax, Griffin","643377","2023","274","183",0.232,0.212,0.020000000000000018,0.344,0.314,0.02999999999999997,0.283,0.265,0.01799999999999996,"3.86","2.91","0.947"
"Ramírez, Erasmo","541640","2023","274","214",0.328,0.288,0.040000000000000036,0.52,0.494,0.026000000000000023,0.372,0.35,0.02200000000000002,"6.41","5.30","1.114"
"Maton, Phil","664208","2023","274","166",0.207,0.188,0.01899999999999999,0.333,0.324,0.009000000000000008,0.284,0.274,0.009999999999999953,"3.00","3.11","-0.11"
"Baumann, Mike","657508","2023","273","177",0.221,0.253,-0.032,0.37,0.462,-0.09200000000000003,0.303,0.351,-0.04799999999999999,"3.76","5.34","-1.582"
"Neris, Héctor","593576","2023","273","161",0.174,0.192,-0.018000000000000016,0.292,0.331,-0.039000000000000035,0.259,0.281,-0.02200000000000002,"1.71","3.28","-1.568"
"Pagán, Emilio","641941","2023","273","186",0.181,0.216,-0.035,0.306,0.406,-0.10000000000000003,0.241,0.296,-0.05499999999999999,"2.99","3.66","-0.674"
"Ferguson, Caleb","657571","2023","270","169",0.269,0.246,0.02300000000000002,0.366,0.334,0.03199999999999997,0.321,0.303,0.018000000000000016,"3.43","3.85","-0.419"
"Leiter Jr., Mark","643410","2023","269","160",0.206,0.223,-0.017000000000000015,0.365,0.387,-0.02200000000000002,0.293,0.312,-0.019000000000000017,"3.50","4.10","-0.603"
"Robertson, David","502085","2023","269","163",0.221,0.202,0.01899999999999999,0.354,0.35,0.0040000000000000036,0.289,0.28,0.008999999999999952,"3.03","3.25","-0.219"
"Castro, Miguel","612434","2023","268","180",0.213,0.231,-0.018000000000000016,0.36,0.387,-0.027000000000000024,0.286,0.304,-0.018000000000000016,"4.31","3.87","0.444"
"Pressly, Ryan","519151","2023","268","177",0.22,0.234,-0.014000000000000012,0.358,0.401,-0.04300000000000004,0.269,0.292,-0.022999999999999965,"3.58","3.55","0.032"
"Abreu, Albert","656061","2023","268","165",0.231,0.224,0.007000000000000006,0.404,0.4,0.0040000000000000036,0.332,0.331,0.0010000000000000009,"4.73","4.67","0.059"
"McHugh, Collin","543521","2023","268","194",0.293,0.286,0.007000000000000006,0.397,0.432,-0.034999999999999976,0.335,0.346,-0.010999999999999954,"4.29","5.16","-0.865"
"Moll, Sam","594580","2023","268","163",0.206,0.199,0.0069999999999999785,0.289,0.283,0.006000000000000005,0.265,0.263,0.0020000000000000018,"3.03","2.86","0.172"
"VerHagen, Drew","572403","2023","268","173",0.226,0.216,0.010000000000000009,0.396,0.383,0.013000000000000012,0.314,0.308,0.006000000000000005,"3.98","3.98","0.004"
"Cisnero, José","542585","2023","267","166",0.27,0.247,0.02300000000000002,0.446,0.432,0.014000000000000012,0.344,0.331,0.012999999999999956,"5.31","4.67","0.639"
"García, Luis","472610","2023","267","184",0.252,0.252,0,0.372,0.362,0.010000000000000009,0.313,0.313,0,"4.07","4.13","-0.057"
"Bummer, Aaron","607481","2023","267","148",0.236,0.217,0.01899999999999999,0.347,0.304,0.04299999999999998,0.313,0.293,0.020000000000000018,"6.79","3.58","3.209"
"Clarke, Taylor","664199","2023","266","173",0.303,0.246,0.056999999999999995,0.513,0.474,0.039000000000000035,0.376,0.344,0.03200000000000003,"5.95","5.10","0.849"
"López, Jorge","605347","2023","266","187",0.29,0.281,0.008999999999999952,0.511,0.453,0.057999999999999996,0.37,0.352,0.018000000000000016,"5.95","5.37","0.579"
"Cortes, Nestor","641482","2023","266","176",0.244,0.214,0.03,0.442,0.398,0.043999999999999984,0.323,0.296,0.027000000000000024,"4.97","3.66","1.314"
"Walker, Ryan","676254","2023","263","159",0.262,0.209,0.05300000000000002,0.421,0.316,0.10499999999999998,0.328,0.272,0.055999999999999994,"3.23","3.06","0.168"
"Swanson, Erik","657024","2023","262","166",0.217,0.198,0.01899999999999999,0.358,0.364,-0.006000000000000005,0.28,0.274,0.006000000000000005,"2.97","3.11","-0.14"
"De Los Santos, Enyel","660853","2023","262","171",0.216,0.234,-0.018000000000000016,0.332,0.39,-0.057999999999999996,0.282,0.312,-0.030000000000000027,"3.29","4.10","-0.811"
"Faedo, Alex","656412","2023","262","183",0.2,0.222,-0.021999999999999992,0.404,0.419,-0.014999999999999958,0.287,0.303,-0.016000000000000014,"4.45","3.85","0.604"
"Holmes, Clay","605280","2023","262","165",0.218,0.206,0.01200000000000001,0.291,0.289,0.0020000000000000018,0.265,0.262,0.0030000000000000027,"2.86","2.84","0.017"
"Ottavino, Adam","493603","2023","261","162",0.208,0.21,-0.0020000000000000018,0.339,0.331,0.008000000000000007,0.294,0.292,0.0020000000000000018,"3.21","3.55","-0.339"
"Gott, Trevor","641627","2023","261","176",0.267,0.238,0.029000000000000026,0.381,0.357,0.02400000000000002,0.309,0.29,0.019000000000000017,"4.19","3.50","0.69"
"Minter, A.J.","621345","2023","260","157",0.236,0.214,0.021999999999999992,0.354,0.362,-0.008000000000000007,0.283,0.282,0.0010000000000000009,"3.76","3.30","0.458"
"Sims, Lucas","608371","2023","258","137",0.163,0.173,-0.009999999999999981,0.302,0.333,-0.031000000000000028,0.287,0.302,-0.015000000000000013,"3.10","3.82","-0.722"
"Graterol, Brusdar","660813","2023","257","194",0.221,0.243,-0.021999999999999992,0.296,0.335,-0.039000000000000035,0.245,0.275,-0.030000000000000027,"1.20","3.14","-1.937"
"Weathers, Ryan","677960","2023","257","184",0.305,0.244,0.061,0.543,0.421,0.12200000000000005,0.393,0.329,0.064,"6.55","4.61","1.945"
"Brazobán, Huascar","623211","2023","257","157",0.243,0.207,0.036000000000000004,0.349,0.331,0.01799999999999996,0.308,0.291,0.017000000000000015,"4.14","3.53","0.612"
"Jackson, Andre","656578","2023","257","176",0.225,0.264,-0.03900000000000001,0.424,0.48,-0.055999999999999994,0.31,0.351,-0.04099999999999998,"4.99","5.34","-0.351"
"Kluber, Corey","446372","2023","257","190",0.297,0.268,0.02899999999999997,0.603,0.547,0.05599999999999994,0.407,0.375,0.03199999999999997,"7.04","6.24","0.796"
"Duran, Jhoan","661395","2023","255","142",0.207,0.182,0.024999999999999994,0.324,0.289,0.03500000000000003,0.271,0.25,0.02100000000000002,"2.46","2.58","-0.125"
"Ginkel, Kevin","656464","2023","255","159",0.181,0.197,-0.016000000000000014,0.288,0.336,-0.04800000000000004,0.246,0.273,-0.027000000000000024,"2.48","3.09","-0.61"
"Banks, Tanner","621383","2023","255","184",0.254,0.251,0.0030000000000000027,0.474,0.455,0.01899999999999996,0.331,0.326,0.0050000000000000044,"4.43","4.51","-0.084"
"Yates, Kirby","489446","2023","254","132",0.167,0.202,-0.035,0.314,0.392,-0.07800000000000001,0.282,0.325,-0.04300000000000004,"3.28","4.48","-1.198"
"Englert, Mason","669438","2023","253","193",0.291,0.304,-0.013000000000000012,0.526,0.536,-0.010000000000000009,0.368,0.383,-0.015000000000000013,"5.46","6.56","-1.096"
"Woodruff, Brandon","605540","2023","253","161",0.172,0.203,-0.031000000000000028,0.322,0.334,-0.01200000000000001,0.241,0.262,-0.02100000000000002,"2.28","2.84","-0.556"
"Alzolay, Adbert","640470","2023","253","168",0.225,0.242,-0.016999999999999987,0.333,0.374,-0.04099999999999998,0.269,0.295,-0.025999999999999968,"2.67","3.63","-0.958"
"Peguero, Elvis","665625","2023","252","168",0.222,0.236,-0.013999999999999985,0.303,0.347,-0.043999999999999984,0.28,0.303,-0.022999999999999965,"3.38","3.85","-0.475"
"Milner, Hoby","571948","2023","252","178",0.209,0.212,-0.0030000000000000027,0.319,0.348,-0.02899999999999997,0.251,0.267,-0.016000000000000014,"1.82","2.95","-1.131"
"Erceg, Lucas","668674","2023","251","141",0.245,0.204,0.04100000000000001,0.356,0.305,0.05099999999999999,0.328,0.298,0.030000000000000027,"4.75","3.71","1.035"
"Burke, Brock","656271","2023","250","187",0.271,0.267,0.0040000000000000036,0.47,0.453,0.01699999999999996,0.322,0.316,0.006000000000000005,"4.37","4.21","0.164"
"Soto, Gregory","642397","2023","250","161",0.21,0.196,0.013999999999999985,0.335,0.305,0.030000000000000027,0.274,0.259,0.015000000000000013,"4.62","2.77","1.854"
"Chapman, Aroldis","547973","2023","249","109",0.175,0.168,0.0069999999999999785,0.261,0.274,-0.013000000000000012,0.258,0.26,-0.0020000000000000018,"3.09","2.79","0.296"
"Sewald, Paul","623149","2023","249","144",0.208,0.187,0.02099999999999999,0.353,0.312,0.04099999999999998,0.281,0.259,0.02200000000000002,"3.12","2.77","0.345"
"Sheehan, Emmet","686218","2023","248","157",0.21,0.181,0.028999999999999998,0.416,0.38,0.035999999999999976,0.307,0.287,0.020000000000000018,"4.92","3.43","1.493"
"Romano, Jordan","605447","2023","248","150",0.218,0.211,0.007000000000000006,0.35,0.361,-0.01100000000000001,0.281,0.282,-0.0009999999999999454,"2.90","3.30","-0.402"
"Floro, Dylan","571670","2023","248","170",0.308,0.252,0.055999999999999994,0.41,0.341,0.06899999999999995,0.335,0.286,0.049000000000000044,"4.76","3.40","1.365"
"Okert, Steven","595345","2023","247","148",0.229,0.217,0.01200000000000001,0.427,0.4,0.02699999999999997,0.319,0.306,0.013000000000000012,"4.45","3.93","0.519"
"Pérez, Cionel","672335","2023","247","172",0.264,0.239,0.025000000000000022,0.34,0.342,-0.0020000000000000018,0.311,0.304,0.007000000000000006,"3.54","3.87","-0.326"
"Poche, Colin","621363","2023","246","160",0.194,0.187,0.007000000000000006,0.306,0.294,0.01200000000000001,0.258,0.255,0.0030000000000000027,"2.23","2.69","-0.465"
"Smith, Drew","622098","2023","244","150",0.24,0.221,0.01899999999999999,0.442,0.398,0.043999999999999984,0.341,0.323,0.018000000000000016,"4.15","4.42","-0.266"
"Diekman, Jake","518617","2023","243","140",0.183,0.198,-0.015000000000000013,0.267,0.287,-0.019999999999999962,0.271,0.286,-0.014999999999999958,"3.33","3.40","-0.065"
"Puk, A.J.","640462","2023","242","149",0.241,0.208,0.033,0.42,0.376,0.043999999999999984,0.3,0.273,0.02699999999999997,"3.97","3.09","0.881"
"Martinez, Adrián","661309","2023","241","170",0.278,0.274,0.0040000000000000036,0.448,0.451,-0.0030000000000000027,0.341,0.35,-0.008999999999999952,"4.75","5.30","-0.555"
"Law, Derek","571882","2023","240","166",0.239,0.263,-0.02400000000000002,0.364,0.397,-0.03300000000000003,0.311,0.334,-0.02300000000000002,"3.60","4.77","-1.17"
"Holderman, Colin","670059","2023","240","160",0.256,0.232,0.023999999999999994,0.363,0.366,-0.0030000000000000027,0.299,0.294,0.0050000000000000044,"3.86","3.61","0.247"
"Adon, Joan","672851","2023","240","165",0.284,0.273,0.010999999999999954,0.483,0.485,-0.0020000000000000018,0.361,0.357,0.0040000000000000036,"6.45","5.55","0.895"
"Thompson, Mason","666168","2023","240","170",0.294,0.253,0.04099999999999998,0.417,0.397,0.019999999999999962,0.345,0.328,0.01699999999999996,"5.50","4.58","0.92"
"Hamilton, Ian","641656","2023","239","141",0.215,0.217,-0.0020000000000000018,0.297,0.321,-0.02400000000000002,0.275,0.289,-0.013999999999999957,"2.64","3.48","-0.842"
"Moreta, Dauri","664294","2023","239","136",0.187,0.184,0.0030000000000000027,0.33,0.335,-0.0050000000000000044,0.267,0.27,-0.0030000000000000027,"3.72","3.02","0.704"
"Nelson, Kyle","669459","2023","239","157",0.267,0.229,0.038000000000000006,0.484,0.416,0.068,0.339,0.298,0.041000000000000036,"4.18","3.71","0.469"
"Sandlin, Nick","680704","2023","239","147",0.182,0.212,-0.03,0.388,0.411,-0.022999999999999965,0.284,0.307,-0.02300000000000002,"3.75","3.96","-0.21"
"Brasier, Ryan","518489","2023","239","160",0.197,0.227,-0.03,0.282,0.348,-0.066,0.248,0.29,-0.04199999999999998,"3.02","3.50","-0.483"
"Cabrera, Génesis","650893","2023","239","155",0.232,0.226,0.006000000000000005,0.408,0.42,-0.01200000000000001,0.311,0.311,0,"4.04","4.07","-0.028"
"Jiménez, Joe","641729","2023","238","149",0.233,0.224,0.009000000000000008,0.42,0.42,0,0.302,0.301,0.0010000000000000009,"3.04","3.79","-0.754"
"Nardi, Andrew","677053","2023","237","139",0.213,0.186,0.026999999999999996,0.365,0.301,0.064,0.289,0.257,0.03199999999999997,"2.67","2.73","-0.061"
"Fulmer, Michael","605242","2023","237","142",0.235,0.236,-0.0010000000000000009,0.402,0.377,0.025000000000000022,0.32,0.319,0.0010000000000000009,"4.42","4.30","0.121"
"Bautista, Félix","642585","2023","237","99",0.144,0.139,0.004999999999999977,0.215,0.241,-0.025999999999999995,0.218,0.225,-0.007000000000000006,"1.48","2.10","-0.625"
"Bido, Osvaldo","674370","2023","236","159",0.27,0.272,-0.0020000000000000018,0.377,0.383,-0.006000000000000005,0.326,0.334,-0.008000000000000007,"5.86","4.77","1.092"
"Hand, Brad","543272","2023","236","150",0.27,0.253,0.017000000000000015,0.46,0.398,0.062,0.344,0.326,0.01799999999999996,"5.53","4.51","1.024"
"Young, Alex","622065","2023","236","165",0.248,0.244,0.0040000000000000036,0.435,0.402,0.032999999999999974,0.324,0.313,0.01100000000000001,"3.86","4.13","-0.273"
"Raley, Brooks","548384","2023","236","144",0.217,0.21,0.007000000000000006,0.33,0.329,0.0010000000000000009,0.289,0.288,0.0010000000000000009,"2.80","3.45","-0.651"
"Davidson, Tucker","656353","2023","236","166",0.306,0.288,0.018000000000000016,0.478,0.449,0.02899999999999997,0.364,0.347,0.017000000000000015,"5.96","5.20","0.761"
"Leone, Dominic","608678","2023","235","151",0.244,0.243,0.0010000000000000009,0.507,0.469,0.038000000000000034,0.352,0.347,0.0050000000000000044,"4.67","5.20","-0.533"
"Harvey, Hunter","640451","2023","235","153",0.203,0.22,-0.016999999999999987,0.332,0.384,-0.05199999999999999,0.252,0.284,-0.03199999999999997,"2.82","3.35","-0.531"
"Honeywell, Brent","641703","2023","235","161",0.26,0.273,-0.013000000000000012,0.446,0.458,-0.01200000000000001,0.347,0.361,-0.014000000000000012,"4.82","5.70","-0.885"
"Phillips, Evan","623465","2023","234","152",0.177,0.224,-0.047000000000000014,0.302,0.357,-0.05499999999999999,0.232,0.275,-0.04300000000000001,"2.05","3.14","-1.086"
"Priester, Quinn","682990","2023","234","168",0.29,0.291,-0.0010000000000000009,0.555,0.478,0.07700000000000007,0.394,0.372,0.02200000000000002,"7.74","6.12","1.62"
"Bradford, Cody","674003","2023","234","170",0.259,0.239,0.020000000000000018,0.5,0.477,0.02300000000000002,0.333,0.325,0.008000000000000007,"5.30","4.48","0.824"
"Leclerc, José","600917","2023","233","136",0.183,0.183,0,0.292,0.336,-0.04400000000000004,0.261,0.277,-0.016000000000000014,"2.68","3.18","-0.496"
"Bard, Daniel","453268","2023","232","128",0.206,0.222,-0.016000000000000014,0.371,0.421,-0.04999999999999999,0.345,0.372,-0.027000000000000024,"4.56","6.12","-1.559"
"Webb, Jacob","657097","2023","232","141",0.199,0.213,-0.013999999999999985,0.352,0.357,-0.0050000000000000044,0.294,0.306,-0.01200000000000001,"3.69","3.93","-0.241"
"Weems, Jordan","607179","2023","232","141",0.194,0.221,-0.026999999999999996,0.393,0.43,-0.03699999999999998,0.294,0.319,-0.025000000000000022,"3.62","4.30","-0.678"
"Williams, Devin","642207","2023","231","115",0.129,0.168,-0.03900000000000001,0.218,0.289,-0.07099999999999998,0.214,0.255,-0.04100000000000001,"1.53","2.69","-1.156"
"Loup, Aaron","571901","2023","231","164",0.313,0.257,0.055999999999999994,0.462,0.423,0.039000000000000035,0.358,0.321,0.03699999999999998,"6.10","4.36","1.743"
"Iglesias, Raisel","628452","2023","231","148",0.238,0.219,0.01899999999999999,0.379,0.375,0.0040000000000000036,0.285,0.275,0.009999999999999953,"2.75","3.14","-0.391"
"Hader, Josh","623352","2023","231","113",0.163,0.156,0.007000000000000006,0.224,0.234,-0.010000000000000009,0.239,0.24,-0.0010000000000000009,"1.28","2.38","-1.102"
"Shuster, Jared","694363","2023","230","173",0.264,0.265,-0.0010000000000000009,0.438,0.445,-0.007000000000000006,0.341,0.352,-0.010999999999999954,"5.81","5.37","0.44"
"Gallegos, Giovanny","606149","2023","229","158",0.252,0.247,0.0050000000000000044,0.467,0.453,0.014000000000000012,0.322,0.315,0.007000000000000006,"4.42","4.18","0.238"
"Soriano, George","666277","2023","228","148",0.234,0.247,-0.012999999999999984,0.371,0.407,-0.035999999999999976,0.308,0.328,-0.020000000000000018,"3.81","4.58","-0.772"
"Peralta, Wandy","593974","2023","227","140",0.19,0.234,-0.04400000000000001,0.323,0.371,-0.04799999999999999,0.293,0.329,-0.03600000000000003,"2.83","4.61","-1.777"
"Blanco, Ronel","669854","2023","226","144",0.251,0.238,0.013000000000000012,0.462,0.447,0.015000000000000013,0.352,0.343,0.008999999999999952,"4.50","5.06","-0.56"
"Smith, Will","519293","2023","226","154",0.211,0.226,-0.015000000000000013,0.344,0.379,-0.03500000000000003,0.262,0.283,-0.020999999999999963,"4.39","3.33","1.065"
"Chafin, Andrew","605177","2023","224","132",0.231,0.228,0.0030000000000000027,0.41,0.398,0.011999999999999955,0.324,0.321,0.0030000000000000027,"4.73","4.36","0.374"
"Ryu, Hyun Jin","547943","2023","224","171",0.257,0.246,0.01100000000000001,0.447,0.394,0.05299999999999999,0.323,0.304,0.019000000000000017,"3.46","3.87","-0.408"
"Domínguez, Seranthony","622554","2023","224","148",0.246,0.243,0.0030000000000000027,0.374,0.4,-0.026000000000000023,0.318,0.329,-0.01100000000000001,"3.78","4.61","-0.83"
"Hentges, Sam","656529","2023","223","149",0.26,0.261,-0.0010000000000000009,0.338,0.388,-0.04999999999999999,0.292,0.312,-0.020000000000000018,"3.61","4.10","-0.489"
"Hernandez, Jose E.","669796","2023","223","138",0.239,0.232,0.0069999999999999785,0.462,0.419,0.04300000000000004,0.329,0.312,0.017000000000000015,"4.97","4.10","0.874"
"Lynch IV, Daniel","663738","2023","223","172",0.245,0.265,-0.020000000000000018,0.426,0.467,-0.041000000000000036,0.312,0.339,-0.027000000000000024,"4.64","4.93","-0.287"
"Adam, Jason","592094","2023","222","124",0.181,0.215,-0.034,0.342,0.407,-0.06499999999999995,0.283,0.32,-0.03700000000000003,"2.98","4.33","-1.348"
"Woodford, Jake","663765","2023","222","168",0.314,0.298,0.016000000000000014,0.572,0.531,0.040999999999999925,0.404,0.392,0.01200000000000001,"6.23","6.95","-0.719"
"Fleming, Josh","676596","2023","221","177",0.281,0.292,-0.010999999999999954,0.467,0.468,-0.0010000000000000009,0.342,0.354,-0.011999999999999955,"4.70","5.44","-0.737"
"Silseth, Chase","681217","2023","221","137",0.212,0.228,-0.016000000000000014,0.399,0.394,0.0050000000000000044,0.313,0.317,-0.0040000000000000036,"3.96","4.24","-0.285"
"Avila, Pedro","658648","2023","220","136",0.23,0.235,-0.004999999999999977,0.337,0.346,-0.008999999999999952,0.304,0.311,-0.007000000000000006,"3.22","4.07","-0.851"
"Wilson, Steven","621051","2023","219","132",0.185,0.179,0.006000000000000005,0.354,0.347,0.007000000000000006,0.289,0.284,0.0050000000000000044,"3.91","3.35","0.556"
"Vasquez, Andrew","607755","2023","219","146",0.247,0.221,0.025999999999999995,0.355,0.353,0.0020000000000000018,0.316,0.307,0.009000000000000008,"3.35","3.96","-0.608"
"Cueto, Johnny","456501","2023","218","161",0.256,0.251,0.0050000000000000044,0.543,0.492,0.051000000000000045,0.362,0.346,0.016000000000000014,"6.02","5.16","0.859"
"Moore, Matt","519043","2023","218","140",0.232,0.213,0.019000000000000017,0.399,0.374,0.025000000000000022,0.296,0.283,0.013000000000000012,"2.56","3.33","-0.767"
"Vesia, Alex","681911","2023","217","134",0.263,0.228,0.035,0.414,0.394,0.019999999999999962,0.318,0.296,0.02200000000000002,"4.35","3.66","0.689"
"Rogers, Taylor","573124","2023","216","124",0.211,0.205,0.006000000000000005,0.357,0.358,-0.0010000000000000009,0.292,0.29,0.0020000000000000018,"3.83","3.50","0.332"
"Bernardino, Brennan","657514","2023","216","134",0.25,0.239,0.01100000000000001,0.375,0.38,-0.0050000000000000044,0.313,0.311,0.0020000000000000018,"3.20","4.07","-0.873"
"Speier, Gabe","642100","2023","216","138",0.235,0.238,-0.0030000000000000027,0.375,0.387,-0.01200000000000001,0.278,0.287,-0.008999999999999952,"3.79","3.43","0.357"
"Sborz, Josh","622250","2023","215","130",0.219,0.211,0.008000000000000007,0.383,0.367,0.016000000000000014,0.291,0.282,0.009000000000000008,"5.50","3.30","2.203"
"Mayza, Tim","641835","2023","215","147",0.251,0.251,0,0.342,0.357,-0.014999999999999958,0.279,0.286,-0.006999999999999951,"1.52","3.40","-1.881"
"Gonzales, Marco","594835","2023","215","163",0.282,0.285,-0.0030000000000000027,0.431,0.445,-0.014000000000000012,0.334,0.349,-0.014999999999999958,"5.22","5.27","-0.05"
"Stanek, Ryne","592773","2023","213","140",0.221,0.219,0.0020000000000000018,0.389,0.409,-0.019999999999999962,0.3,0.311,-0.01100000000000001,"4.09","4.07","0.016"
"Murphy, Chris","669684","2023","212","145",0.263,0.233,0.03,0.416,0.366,0.04999999999999999,0.321,0.296,0.025000000000000022,"4.91","3.66","1.249"
"Middleton, Keynan","641871","2023","212","124",0.214,0.212,0.0020000000000000018,0.364,0.363,0.0010000000000000009,0.296,0.298,-0.0020000000000000018,"3.38","3.71","-0.335"
"Keller, Brad","641745","2023","211","132",0.259,0.229,0.03,0.364,0.388,-0.02400000000000002,0.364,0.363,0.0010000000000000009,"4.57","5.77","-1.204"
"Muñoz, Andrés","662253","2023","211","117",0.217,0.202,0.014999999999999986,0.304,0.291,0.013000000000000012,0.279,0.269,0.010000000000000009,"2.94","3.00","-0.061"
"Lauer, Eric","641778","2023","211","144",0.292,0.299,-0.007000000000000006,0.616,0.575,0.041000000000000036,0.411,0.405,0.00599999999999995,"6.56","7.54","-0.983"
"Coulombe, Danny","543056","2023","210","138",0.231,0.217,0.014000000000000012,0.323,0.343,-0.020000000000000018,0.269,0.27,-0.0010000000000000009,"2.81","3.02","-0.215"
"Alexander, Scott","518397","2023","208","165",0.282,0.264,0.01799999999999996,0.369,0.38,-0.01100000000000001,0.299,0.296,0.0030000000000000027,"4.66","3.66","0.995"
"Hoffman, Jeff","656546","2023","208","118",0.158,0.187,-0.028999999999999998,0.257,0.281,-0.02400000000000002,0.226,0.25,-0.023999999999999994,"2.41","2.58","-0.172"
"Almonte, Yency","622075","2023","207","131",0.239,0.247,-0.008000000000000007,0.372,0.382,-0.010000000000000009,0.314,0.322,-0.008000000000000007,"5.06","4.39","0.673"
"Armstrong, Shawn","542888","2023","207","138",0.188,0.205,-0.016999999999999987,0.272,0.315,-0.04299999999999998,0.233,0.256,-0.022999999999999993,"1.39","2.71","-1.325"
"Machado, Andrés","600921","2023","207","150",0.282,0.284,-0.0020000000000000018,0.521,0.519,0.0020000000000000018,0.356,0.358,-0.0020000000000000018,"5.22","5.59","-0.37"
"Ruiz, José","614179","2023","207","141",0.292,0.268,0.023999999999999966,0.522,0.463,0.059,0.385,0.357,0.028000000000000025,"5.89","5.55","0.337"
"Saucedo, Tayler","642048","2023","207","135",0.234,0.243,-0.00899999999999998,0.309,0.339,-0.030000000000000027,0.298,0.314,-0.016000000000000014,"3.59","4.16","-0.573"
"Cosgrove, Tom","676680","2023","205","137",0.173,0.185,-0.01200000000000001,0.246,0.27,-0.02400000000000002,0.238,0.254,-0.016000000000000014,"1.75","2.67","-0.917"
"May, Trevor","543507","2023","205","133",0.208,0.241,-0.033,0.327,0.39,-0.063,0.29,0.328,-0.038000000000000034,"3.28","4.58","-1.301"
"Marinaccio, Ron","676760","2023","205","114",0.208,0.199,0.00899999999999998,0.357,0.372,-0.015000000000000013,0.315,0.322,-0.007000000000000006,"3.99","4.39","-0.397"
"Schreiber, John","670167","2023","204","122",0.237,0.219,0.017999999999999988,0.399,0.366,0.03300000000000003,0.324,0.312,0.01200000000000001,"3.86","4.10","-0.243"
"Ureña, José","570632","2023","203","151",0.284,0.266,0.01799999999999996,0.597,0.506,0.09099999999999997,0.398,0.364,0.03400000000000003,"6.45","5.81","0.638"
"Hill, Tim","657612","2023","202","156",0.331,0.274,0.056999999999999995,0.511,0.429,0.08200000000000002,0.39,0.341,0.04899999999999999,"5.48","5.00","0.481"
"Stephenson, Robert","596112","2023","201","108",0.165,0.179,-0.013999999999999985,0.341,0.363,-0.021999999999999964,0.243,0.26,-0.017000000000000015,"3.10","2.79","0.306"
"Feltner, Ryan","663372","2023","201","133",0.265,0.253,0.01200000000000001,0.359,0.369,-0.010000000000000009,0.331,0.334,-0.0030000000000000027,"5.82","4.77","1.045"
"Vest, Will","676684","2023","199","129",0.216,0.225,-0.009000000000000008,0.324,0.364,-0.03999999999999998,0.259,0.277,-0.018000000000000016,"2.98","3.18","-0.201"
"Long, Sam","669674","2023","199","145",0.282,0.271,0.010999999999999954,0.437,0.43,0.007000000000000006,0.341,0.336,0.0050000000000000044,"5.60","4.83","0.77"
"Martin, Chris","455119","2023","199","145",0.237,0.263,-0.026000000000000023,0.3,0.348,-0.04799999999999999,0.243,0.279,-0.03600000000000003,"1.05","3.23","-2.178"
"Pruitt, Austin","643493","2023","197","153",0.243,0.247,-0.0040000000000000036,0.37,0.412,-0.04199999999999998,0.288,0.306,-0.018000000000000016,"2.98","3.93","-0.951"
"Martinez, Seth","661527","2023","195","125",0.265,0.263,0.0020000000000000018,0.435,0.455,-0.020000000000000018,0.345,0.352,-0.007000000000000006,"5.23","5.37","-0.137"
"Lucchesi, Joey","664192","2023","195","144",0.251,0.267,-0.016000000000000014,0.394,0.476,-0.08199999999999996,0.316,0.352,-0.035999999999999976,"2.89","5.37","-2.477"
"Shreve, Chasen","592741","2023","193","133",0.266,0.244,0.02200000000000002,0.445,0.422,0.02300000000000002,0.325,0.315,0.010000000000000009,"4.63","4.18","0.454"
"Beeks, Jalen","656222","2023","192","123",0.251,0.209,0.04200000000000001,0.383,0.334,0.04899999999999999,0.317,0.293,0.02400000000000002,"5.95","3.58","2.373"
"Covey, Dylan","592229","2023","191","142",0.282,0.285,-0.0030000000000000027,0.412,0.409,0.0030000000000000027,0.332,0.338,-0.006000000000000005,"3.77","4.90","-1.133"
"Shaw, Bryan","543766","2023","190","127",0.235,0.231,0.003999999999999976,0.337,0.356,-0.01899999999999996,0.299,0.305,-0.006000000000000005,"4.14","3.90","0.239"
"Jansen, Kenley","445276","2023","188","117",0.237,0.202,0.034999999999999976,0.379,0.355,0.02400000000000002,0.303,0.278,0.024999999999999967,"3.63","3.21","0.417"
"Kuhl, Chad","641771","2023","187","125",0.313,0.306,0.007000000000000006,0.567,0.604,-0.03700000000000003,0.412,0.43,-0.018000000000000016,"8.45","8.79","-0.338"
"May, Dustin","669160","2023","187","135",0.173,0.229,-0.05600000000000002,0.25,0.343,-0.09300000000000003,0.229,0.284,-0.054999999999999966,"2.63","3.35","-0.725"
"Baker, Bryan","641329","2023","186","110",0.21,0.196,0.013999999999999985,0.338,0.328,0.010000000000000009,0.287,0.284,0.0030000000000000027,"3.60","3.35","0.25"
"Soriano, José","667755","2023","185","99",0.214,0.211,0.0030000000000000027,0.325,0.361,-0.035999999999999976,0.303,0.315,-0.01200000000000001,"3.64","4.18","-0.537"
"Abbott, Cory","676265","2023","184","120",0.306,0.251,0.05499999999999999,0.516,0.44,0.07600000000000001,0.388,0.345,0.04300000000000004,"6.64","5.13","1.506"
"Morán, Jovani","663558","2023","184","109",0.226,0.208,0.018000000000000016,0.342,0.327,0.015000000000000013,0.307,0.296,0.01100000000000001,"5.32","3.66","1.655"
"Fairbanks, Pete","664126","2023","184","92",0.164,0.174,-0.009999999999999981,0.233,0.258,-0.024999999999999994,0.24,0.253,-0.013000000000000012,"2.58","2.65","-0.069"
"Pearson, Nate","663878","2023","182","118",0.226,0.218,0.008000000000000007,0.409,0.4,0.008999999999999952,0.31,0.305,0.0050000000000000044,"4.85","3.90","0.952"
"Zerpa, Angel","672582","2023","182","134",0.272,0.26,0.01200000000000001,0.462,0.438,0.02400000000000002,0.335,0.322,0.013000000000000012,"4.85","4.39","0.462"
"Marte, Yunior","628708","2023","182","126",0.288,0.255,0.032999999999999974,0.46,0.424,0.03600000000000003,0.354,0.33,0.023999999999999966,"5.03","4.64","0.394"
"Gaddis, Hunter","683769","2023","182","140",0.255,0.23,0.024999999999999994,0.447,0.399,0.04799999999999999,0.331,0.307,0.02400000000000002,"4.50","3.96","0.54"
"Alexander, Tyler","641302","2023","181","129",0.256,0.231,0.024999999999999994,0.453,0.439,0.014000000000000012,0.313,0.297,0.016000000000000014,"4.50","3.69","0.81"
"Buttó, José","676130","2023","179","118",0.212,0.235,-0.022999999999999993,0.301,0.343,-0.04200000000000004,0.281,0.306,-0.024999999999999967,"3.64","3.93","-0.287"
"White, Brendan","686839","2023","177","113",0.258,0.249,0.009000000000000008,0.387,0.405,-0.018000000000000016,0.322,0.324,-0.0020000000000000018,"5.09","4.45","0.64"
"Rasmussen, Drew","656876","2023","177","118",0.221,0.225,-0.0040000000000000036,0.294,0.321,-0.027000000000000024,0.253,0.265,-0.01200000000000001,"2.62","2.91","-0.291"
"Ramírez, Yohan","670990","2023","176","113",0.265,0.236,0.029000000000000026,0.361,0.342,0.01899999999999996,0.335,0.318,0.017000000000000015,"4.23","4.27","-0.044"
"Rucker, Michael","621074","2023","176","114",0.257,0.237,0.020000000000000018,0.434,0.397,0.03699999999999998,0.339,0.324,0.015000000000000013,"4.91","4.45","0.459"
"Jameson, Drey","686753","2023","174","118",0.26,0.249,0.01100000000000001,0.416,0.506,-0.09000000000000002,0.33,0.356,-0.025999999999999968,"3.32","5.52","-2.2"
"Chargois, JT","608638","2023","174","119",0.232,0.226,0.006000000000000005,0.377,0.366,0.01100000000000001,0.297,0.295,0.0020000000000000018,"3.61","3.63","-0.016"
"Devenski, Chris","606965","2023","173","119",0.229,0.249,-0.01999999999999999,0.382,0.454,-0.07200000000000001,0.283,0.326,-0.04300000000000004,"4.46","4.51","-0.045"
"Waldron, Matt","663362","2023","173","130",0.244,0.249,-0.0050000000000000044,0.481,0.444,0.03699999999999998,0.328,0.32,0.008000000000000007,"4.36","4.33","0.025"
"Winn, Keaton","676775","2023","172","123",0.231,0.236,-0.004999999999999977,0.417,0.428,-0.01100000000000001,0.304,0.317,-0.013000000000000012,"4.68","4.24","0.437"
"Ramirez, Nick","598286","2023","172","134",0.256,0.258,-0.0020000000000000018,0.356,0.399,-0.04300000000000004,0.286,0.306,-0.020000000000000018,"2.66","3.93","-1.274"
"Lambert, Jimmy","669424","2023","172","110",0.273,0.27,0.0030000000000000027,0.56,0.497,0.06300000000000006,0.385,0.363,0.02200000000000002,"5.26","5.77","-0.513"
"Keuchel, Dallas","572971","2023","172","127",0.298,0.288,0.010000000000000009,0.457,0.46,-0.0030000000000000027,0.363,0.362,0.0010000000000000009,"5.97","5.74","0.233"
"Alvarado, José","621237","2023","172","90",0.196,0.2,-0.0040000000000000036,0.307,0.29,0.017000000000000015,0.262,0.259,0.0030000000000000027,"1.74","2.77","-1.028"
"Karinchak, James","675916","2023","171","88",0.178,0.199,-0.02100000000000002,0.356,0.378,-0.02200000000000002,0.3,0.328,-0.028000000000000025,"3.23","4.58","-1.349"
"Rom, Drew","680723","2023","170","119",0.34,0.273,0.067,0.613,0.52,0.09299999999999997,0.431,0.37,0.061,"8.02","6.04","1.98"
"Kelly, Joe","523260","2023","168","88",0.196,0.18,0.016000000000000014,0.331,0.303,0.028000000000000025,0.279,0.265,0.014000000000000012,"4.12","2.91","1.209"
"Vásquez, Randy","681190","2023","166","110",0.211,0.266,-0.05500000000000002,0.366,0.444,-0.07800000000000001,0.303,0.354,-0.05099999999999999,"2.87","5.44","-2.573"
"Lodolo, Nick","666157","2023","166","102",0.34,0.237,0.10300000000000004,0.605,0.473,0.132,0.426,0.337,0.08899999999999997,"6.29","4.86","1.431"
"Suarez, José","660761","2023","165","116",0.324,0.269,0.05499999999999999,0.592,0.503,0.08899999999999997,0.421,0.367,0.05399999999999999,"8.29","5.92","2.367"
"Kahnle, Tommy","592454","2023","165","97",0.183,0.184,-0.0010000000000000009,0.331,0.299,0.03200000000000003,0.272,0.265,0.007000000000000006,"2.66","2.91","-0.254"
"Dodd, Dylan","689266","2023","164","136",0.351,0.324,0.02699999999999997,0.616,0.633,-0.017000000000000015,0.429,0.424,0.0050000000000000044,"7.60","8.48","-0.878"
"Koch, Matt","571863","2023","163","125",0.272,0.255,0.017000000000000015,0.45,0.441,0.009000000000000008,0.331,0.325,0.006000000000000005,"5.12","4.48","0.641"
"Strzelecki, Peter","657265","2023","163","106",0.234,0.233,0.0010000000000000009,0.355,0.391,-0.03600000000000003,0.303,0.316,-0.013000000000000012,"4.38","4.21","0.168"
"Miller, Shelby","571946","2023","163","100",0.135,0.187,-0.05199999999999999,0.241,0.354,-0.11299999999999999,0.222,0.283,-0.06099999999999997,"1.71","3.33","-1.616"
"Velasquez, Vince","592826","2023","162","110",0.24,0.247,-0.007000000000000006,0.384,0.401,-0.017000000000000015,0.305,0.316,-0.01100000000000001,"3.86","4.21","-0.353"
"Brebbia, John","605154","2023","161","100",0.215,0.208,0.007000000000000006,0.403,0.389,0.014000000000000012,0.287,0.282,0.0050000000000000044,"3.99","3.30","0.691"
"Voth, Austin","608723","2023","160","108",0.279,0.241,0.038000000000000034,0.457,0.393,0.064,0.352,0.315,0.03699999999999998,"5.19","4.18","1.012"
"Wantz, Andrew","681806","2023","160","111",0.197,0.238,-0.04099999999999998,0.352,0.399,-0.04700000000000004,0.272,0.312,-0.03999999999999998,"3.89","4.10","-0.21"
"Brigham, Jeff","656257","2023","160","95",0.191,0.212,-0.02099999999999999,0.419,0.424,-0.0050000000000000044,0.317,0.329,-0.01200000000000001,"5.26","4.61","0.647"
"Ward, Thaddeus","663658","2023","160","100",0.225,0.233,-0.008000000000000007,0.419,0.442,-0.02300000000000002,0.347,0.361,-0.014000000000000012,"6.37","5.70","0.668"
"Llovera, Mauricio","661440","2023","160","112",0.259,0.267,-0.008000000000000007,0.374,0.439,-0.065,0.312,0.341,-0.029000000000000026,"4.89","5.00","-0.114"
"Pepiot, Ryan","686752","2023","159","113",0.179,0.219,-0.04000000000000001,0.364,0.374,-0.010000000000000009,0.251,0.274,-0.02300000000000002,"2.14","3.11","-0.967"
"Kauffmann, Karl","666154","2023","158","122",0.311,0.302,0.009000000000000008,0.504,0.538,-0.03400000000000003,0.384,0.4,-0.016000000000000014,"8.23","7.30","0.929"
"Hartwig, Grant","701643","2023","158","107",0.25,0.243,0.007000000000000006,0.39,0.382,0.008000000000000007,0.325,0.32,0.0050000000000000044,"4.84","4.33","0.51"
"King, John","667463","2023","157","127",0.31,0.281,0.02899999999999997,0.393,0.405,-0.01200000000000001,0.327,0.324,0.0030000000000000027,"3.62","4.45","-0.834"
"Mantiply, Joe","573009","2023","157","120",0.236,0.245,-0.009000000000000008,0.405,0.435,-0.02999999999999997,0.292,0.309,-0.017000000000000015,"4.62","4.01","0.605"
"Wright, Kyle","657140","2023","155","100",0.303,0.25,0.05299999999999999,0.485,0.447,0.03799999999999998,0.382,0.351,0.031000000000000028,"6.97","5.34","1.628"
"Hollowell, Gavin","668970","2023","154","98",0.238,0.249,-0.01100000000000001,0.477,0.448,0.02899999999999997,0.36,0.356,0.0040000000000000036,"5.88","5.52","0.361"
"Anderson, Grant","681982","2023","154","109",0.277,0.231,0.04600000000000001,0.431,0.412,0.019000000000000017,0.334,0.312,0.02200000000000002,"5.05","4.10","0.947"
"Brieske, Beau","689225","2023","152","109",0.259,0.25,0.009000000000000008,0.41,0.396,0.013999999999999957,0.315,0.308,0.007000000000000006,"3.60","3.98","-0.38"
"Mlodzinski, Carmen","669387","2023","152","99",0.214,0.239,-0.024999999999999994,0.313,0.361,-0.04799999999999999,0.279,0.308,-0.02899999999999997,"2.25","3.98","-1.73"
"Stone, Gavin","694813","2023","152","115",0.338,0.305,0.03300000000000003,0.603,0.502,0.10099999999999998,0.423,0.376,0.046999999999999986,"9.00","6.28","2.72"
"Borucki, Ryan","621366","2023","152","111",0.183,0.233,-0.05000000000000002,0.317,0.37,-0.05299999999999999,0.238,0.282,-0.043999999999999984,"2.46","3.30","-0.845"
"Criswell, Cooper","681867","2023","151","109",0.296,0.277,0.01899999999999996,0.496,0.447,0.04899999999999999,0.368,0.348,0.020000000000000018,"5.73","5.23","0.497"
"Cox, Austin","680735","2023","149","97",0.22,0.255,-0.035,0.339,0.395,-0.055999999999999994,0.291,0.337,-0.04600000000000004,"4.54","4.86","-0.318"
"Megill, Trevor","656730","2023","148","83",0.265,0.209,0.05600000000000002,0.386,0.337,0.04899999999999999,0.309,0.275,0.033999999999999975,"3.63","3.14","0.495"
"Wicks, Jordan","696136","2023","147","112",0.252,0.25,0.0020000000000000018,0.435,0.406,0.02899999999999997,0.317,0.312,0.0050000000000000044,"4.41","4.10","0.313"
"Romero, JoJo","668941","2023","147","94",0.216,0.225,-0.009000000000000008,0.299,0.296,0.0030000000000000027,0.255,0.262,-0.007000000000000006,"3.68","2.84","0.842"
"Harrison, Kyle","690986","2023","147","97",0.221,0.234,-0.013000000000000012,0.458,0.443,0.015000000000000013,0.324,0.326,-0.0020000000000000018,"4.15","4.51","-0.356"
"Hernández, Jonathan","642546","2023","147","94",0.28,0.239,0.041000000000000036,0.432,0.427,0.0050000000000000044,0.348,0.339,0.008999999999999952,"5.40","4.93","0.47"
"Winder, Josh","680739","2023","147","105",0.267,0.246,0.02100000000000002,0.435,0.447,-0.01200000000000001,0.331,0.336,-0.0050000000000000044,"4.15","4.83","-0.676"
"Rosenberg, Kenny","670046","2023","146","102",0.267,0.222,0.04500000000000001,0.389,0.365,0.02400000000000002,0.321,0.293,0.028000000000000025,"3.82","3.58","0.238"
"Helsley, Ryan","664854","2023","146","76",0.176,0.155,0.02099999999999999,0.264,0.248,0.016000000000000014,0.243,0.237,0.006000000000000005,"2.46","2.32","0.135"
"Davis, Noah","663562","2023","146","101",0.341,0.25,0.09100000000000003,0.532,0.4,0.132,0.412,0.335,0.07699999999999996,"8.70","4.80","3.9"
"Battenfield, Peyton","685410","2023","146","107",0.256,0.277,-0.02100000000000002,0.474,0.54,-0.06600000000000006,0.336,0.375,-0.03899999999999998,"5.19","6.24","-1.048"
"Soroka, Michael","647336","2023","145","100",0.281,0.267,0.014000000000000012,0.555,0.486,0.06900000000000006,0.389,0.361,0.028000000000000025,"6.40","5.70","0.702"
"La Sorsa, Joe","686747","2023","145","102",0.246,0.27,-0.02400000000000002,0.354,0.377,-0.02300000000000002,0.304,0.324,-0.020000000000000018,"4.41","4.45","-0.042"
"Turnbull, Spencer","605513","2023","145","103",0.291,0.287,0.0040000000000000036,0.488,0.483,0.0050000000000000044,0.376,0.374,0.0020000000000000018,"7.26","6.20","1.058"
"Lamet, Dinelson","659275","2023","145","89",0.353,0.256,0.09699999999999998,0.647,0.488,0.15900000000000003,0.46,0.377,0.08300000000000002,"11.71","6.32","5.391"
"Chavez, Jesse","445926","2023","144","90",0.203,0.23,-0.026999999999999996,0.297,0.34,-0.04300000000000004,0.263,0.292,-0.02899999999999997,"1.56","3.55","-1.992"
"Jackson, Luke","592426","2023","143","84",0.206,0.199,0.0069999999999999785,0.341,0.345,-0.003999999999999948,0.276,0.279,-0.0030000000000000027,"2.97","3.23","-0.26"
"Ferrer, José A.","678606","2023","142","103",0.289,0.253,0.035999999999999976,0.422,0.361,0.061,0.338,0.301,0.03700000000000003,"5.03","3.79","1.239"
"Edwards Jr., Carl","605218","2023","142","100",0.25,0.26,-0.010000000000000009,0.355,0.358,-0.0030000000000000027,0.309,0.316,-0.007000000000000006,"3.69","4.21","-0.515"
"Winans, Allan","642216","2023","141","97",0.287,0.26,0.02699999999999997,0.481,0.417,0.064,0.344,0.318,0.025999999999999968,"5.29","4.27","1.019"
"Anderson, Nick","623433","2023","141","96",0.229,0.231,-0.0020000000000000018,0.366,0.402,-0.03600000000000003,0.279,0.293,-0.013999999999999957,"3.06","3.58","-0.523"
"Miller, Mason","695243","2023","139","82",0.203,0.185,0.018000000000000016,0.305,0.311,-0.006000000000000005,0.28,0.279,0.0010000000000000009,"3.78","3.23","0.55"
"Frías, Luis","666818","2023","139","94",0.25,0.25,0,0.417,0.427,-0.010000000000000009,0.339,0.344,-0.004999999999999949,"4.07","5.10","-1.035"
"Hjelle, Sean","663546","2023","139","91",0.317,0.259,0.057999999999999996,0.458,0.385,0.07300000000000001,0.372,0.326,0.045999999999999985,"6.52","4.51","2.007"
"Kowar, Jackson","663804","2023","137","87",0.293,0.243,0.04999999999999999,0.457,0.361,0.09600000000000003,0.377,0.326,0.05099999999999999,"6.43","4.51","1.919"
"Duarte, Daniel","650960","2023","136","92",0.211,0.189,0.021999999999999992,0.36,0.312,0.04799999999999999,0.31,0.291,0.019000000000000017,"3.69","3.53","0.165"
"Francis, Bowden","670102","2023","136","92",0.175,0.215,-0.04000000000000001,0.317,0.402,-0.08500000000000002,0.238,0.294,-0.055999999999999994,"1.73","3.61","-1.876"
"González, Victor","624647","2023","135","92",0.223,0.221,0.0020000000000000018,0.331,0.332,-0.0010000000000000009,0.276,0.278,-0.0020000000000000018,"4.01","3.21","0.8"
"Bleier, Richard","542947","2023","132","108",0.306,0.27,0.035999999999999976,0.479,0.452,0.02699999999999997,0.352,0.33,0.021999999999999964,"5.28","4.64","0.643"
"Cordero, Jimmy","622772","2023","132","86",0.208,0.234,-0.026000000000000023,0.317,0.347,-0.02999999999999997,0.267,0.291,-0.023999999999999966,"3.86","3.53","0.327"
"Cessa, Luis","570666","2023","132","108",0.397,0.371,0.026000000000000023,0.603,0.56,0.04299999999999993,0.446,0.432,0.014000000000000012,"9.00","8.90","0.1"
"Suárez, Andrew","605498","2023","130","98",0.287,0.273,0.013999999999999957,0.557,0.493,0.06400000000000006,0.392,0.366,0.026000000000000023,"7.16","5.89","1.267"
"Hatch, Thomas","641672","2023","129","89",0.292,0.262,0.02999999999999997,0.425,0.403,0.021999999999999964,0.341,0.322,0.019000000000000017,"4.08","4.39","-0.309"
"Wittgren, Nick","621295","2023","128","96",0.263,0.255,0.008000000000000007,0.404,0.413,-0.008999999999999952,0.329,0.33,-0.0010000000000000009,"4.97","4.64","0.326"
"Herget, Jimmy","623474","2023","127","91",0.282,0.246,0.035999999999999976,0.547,0.464,0.08300000000000002,0.367,0.321,0.045999999999999985,"4.66","4.36","0.295"
"Brogdon, Connor","641401","2023","127","87",0.264,0.243,0.02100000000000002,0.473,0.428,0.044999999999999984,0.345,0.329,0.01599999999999996,"4.03","4.61","-0.576"
"Garcia, Robert","676395","2023","127","81",0.234,0.241,-0.0069999999999999785,0.333,0.362,-0.02899999999999997,0.279,0.293,-0.013999999999999957,"3.66","3.58","0.076"
"Uribe, Abner","682842","2023","127","67",0.154,0.196,-0.04200000000000001,0.192,0.282,-0.08999999999999997,0.238,0.291,-0.05299999999999999,"1.76","3.53","-1.769"
"Thompson, Keegan","624522","2023","125","79",0.194,0.211,-0.016999999999999987,0.291,0.369,-0.07800000000000001,0.282,0.318,-0.03600000000000003,"4.71","4.27","0.439"
"Thornton, Trent","663423","2023","125","93",0.252,0.225,0.026999999999999996,0.437,0.37,0.067,0.31,0.274,0.035999999999999976,"2.01","3.11","-1.099"
"Neal, Zach","594943","2023","124","83",0.28,0.296,-0.01599999999999996,0.589,0.569,0.020000000000000018,0.403,0.405,-0.0020000000000000018,"6.67","7.54","-0.873"
"Lawrence, Casey","596271","2023","122","90",0.299,0.236,0.063,0.589,0.458,0.13099999999999995,0.393,0.321,0.07200000000000001,"6.58","4.36","2.225"
"Jacques, Joe","682175","2023","122","86",0.308,0.24,0.068,0.452,0.353,0.09900000000000003,0.366,0.313,0.05299999999999999,"5.06","4.13","0.933"
"Herrin, Tim","682120","2023","121","75",0.279,0.243,0.03600000000000003,0.404,0.439,-0.034999999999999976,0.338,0.336,0.0020000000000000018,"5.53","4.83","0.7"
"Bruihl, Justin","677865","2023","121","85",0.267,0.266,0.0010000000000000009,0.41,0.418,-0.008000000000000007,0.325,0.332,-0.007000000000000006,"5.46","4.70","0.764"
"Thompson, Ryan","657044","2023","121","88",0.185,0.199,-0.014000000000000012,0.324,0.352,-0.02799999999999997,0.264,0.281,-0.017000000000000015,"3.81","3.28","0.535"
"Campbell, Isaiah","663462","2023","120","73",0.21,0.223,-0.013000000000000012,0.314,0.382,-0.068,0.273,0.304,-0.030999999999999972,"2.83","3.87","-1.044"
"Faucher, Calvin","676534","2023","120","82",0.29,0.286,0.0040000000000000036,0.458,0.527,-0.069,0.359,0.382,-0.02300000000000002,"7.01","6.52","0.493"
"Thielbar, Caleb","573204","2023","120","78",0.204,0.219,-0.015000000000000013,0.451,0.427,0.02400000000000002,0.293,0.293,0,"3.23","3.58","-0.352"
"Mayers, Mike","594577","2023","119","92",0.315,0.284,0.031000000000000028,0.491,0.436,0.05499999999999999,0.369,0.338,0.030999999999999972,"6.15","4.90","1.252"
"Palencia, Daniel","694037","2023","119","70",0.216,0.217,-0.0010000000000000009,0.353,0.354,-0.0010000000000000009,0.303,0.306,-0.0030000000000000027,"4.45","3.93","0.517"
"Nogosek, Stephen","668665","2023","118","77",0.28,0.246,0.03400000000000003,0.53,0.486,0.04400000000000004,0.382,0.357,0.025000000000000022,"5.61","5.55","0.06"
"Perdomo, Angel","622780","2023","117","59",0.208,0.182,0.025999999999999995,0.366,0.321,0.044999999999999984,0.287,0.261,0.025999999999999968,"3.72","2.82","0.904"
"Headrick, Brent","687396","2023","117","73",0.267,0.234,0.033,0.564,0.487,0.07699999999999996,0.383,0.352,0.031000000000000028,"6.31","5.37","0.942"
"Willingham, Amos","686294","2023","116","91",0.337,0.304,0.03300000000000003,0.625,0.584,0.041000000000000036,0.418,0.394,0.023999999999999966,"6.66","7.04","-0.382"
"Jackson, Jay","543351","2023","116","79",0.171,0.215,-0.043999999999999984,0.314,0.387,-0.07300000000000001,0.239,0.284,-0.044999999999999984,"2.12","3.35","-1.226"
"Garcia, Luis","677651","2023","115","73",0.243,0.24,0.0030000000000000027,0.427,0.41,0.017000000000000015,0.322,0.316,0.006000000000000005,"4.00","4.21","-0.21"
"deGrom, Jacob","594798","2023","115","66",0.171,0.163,0.008000000000000007,0.324,0.29,0.03400000000000003,0.223,0.209,0.014000000000000012,"2.67","1.82","0.85"
"Selby, Colin","681882","2023","114","69",0.296,0.266,0.02999999999999997,0.439,0.457,-0.018000000000000016,0.362,0.357,0.0050000000000000044,"9.00","5.55","3.45"
"Kerr, Ray","678061","2023","114","69",0.243,0.251,-0.008000000000000007,0.505,0.455,0.04999999999999999,0.341,0.327,0.014000000000000012,"4.33","4.55","-0.217"
"Bellatti, Andrew","571479","2023","113","76",0.25,0.266,-0.016000000000000014,0.44,0.432,0.008000000000000007,0.331,0.341,-0.010000000000000009,"5.11","5.00","0.108"
"Garrett, Amir","607237","2023","112","64",0.244,0.212,0.032,0.422,0.374,0.04799999999999999,0.354,0.338,0.01599999999999996,"3.33","4.90","-1.571"
"Akin, Keegan","669211","2023","112","78",0.337,0.273,0.064,0.49,0.474,0.016000000000000014,0.365,0.331,0.033999999999999975,"6.84","4.67","2.175"
"Cecconi, Slade","677944","2023","111","85",0.26,0.257,0.0030000000000000027,0.471,0.495,-0.02400000000000002,0.325,0.335,-0.010000000000000009,"4.33","4.80","-0.467"
"Carasiti, Matt","571539","2023","110","82",0.292,0.269,0.022999999999999965,0.427,0.43,-0.0030000000000000027,0.345,0.351,-0.006000000000000005,"6.29","5.34","0.948"
"Stewart, Brock","592779","2023","109","58",0.196,0.182,0.014000000000000012,0.268,0.287,-0.01899999999999996,0.242,0.242,0,"0.65","2.42","-1.769"
"Balazovic, Jordan","666364","2023","108","79",0.274,0.268,0.006000000000000005,0.484,0.462,0.021999999999999964,0.358,0.353,0.0050000000000000044,"4.44","5.41","-0.972"
"Suarez, Robert","663158","2023","108","74",0.155,0.214,-0.059,0.299,0.366,-0.067,0.222,0.278,-0.05600000000000002,"4.23","3.21","1.019"
"Ort, Kaleb","672391","2023","107","73",0.29,0.232,0.05799999999999997,0.548,0.471,0.07700000000000007,0.379,0.328,0.05099999999999999,"6.26","4.58","1.681"
"Bolton, Cody","675989","2023","107","69",0.333,0.294,0.039000000000000035,0.522,0.497,0.025000000000000022,0.414,0.391,0.022999999999999965,"6.33","6.90","-0.572"
"Hunter, Tommy","488984","2023","106","79",0.286,0.248,0.03799999999999998,0.541,0.524,0.017000000000000015,0.367,0.345,0.02200000000000002,"6.84","5.13","1.715"
"Walter, Brandon","687888","2023","106","82",0.327,0.268,0.059,0.49,0.419,0.07100000000000001,0.375,0.324,0.05099999999999999,"6.26","4.45","1.811"
"Robertson, Nick","687798","2023","106","70",0.316,0.26,0.055999999999999994,0.526,0.417,0.10900000000000004,0.375,0.326,0.04899999999999999,"6.04","4.51","1.535"
"Herget, Kevin","643361","2023","105","84",0.268,0.269,-0.0010000000000000009,0.495,0.528,-0.03300000000000003,0.346,0.359,-0.013000000000000012,"5.18","5.62","-0.442"
"Plesac, Zach","668676","2023","105","86",0.374,0.299,0.07500000000000001,0.576,0.508,0.06799999999999995,0.418,0.358,0.06,"7.59","5.59","2.004"
"Smith-Shawver, AJ","700363","2023","105","73",0.183,0.201,-0.018000000000000016,0.419,0.396,0.022999999999999965,0.301,0.301,0,"4.26","3.79","0.473"
"De los Santos, Yerry","660787","2023","104","72",0.193,0.225,-0.032,0.295,0.351,-0.055999999999999994,0.257,0.297,-0.03999999999999998,"3.33","3.69","-0.361"
"Varland, Gus","681402","2023","103","66",0.318,0.283,0.03500000000000003,0.518,0.471,0.04700000000000004,0.408,0.38,0.02799999999999997,"6.64","6.44","0.199"
"Doyle, Tommy","656382","2023","103","72",0.256,0.275,-0.019000000000000017,0.5,0.484,0.016000000000000014,0.364,0.368,-0.0040000000000000036,"6.84","5.96","0.885"
"Mahle, Tyler","641816","2023","102","69",0.227,0.215,0.01200000000000001,0.423,0.396,0.02699999999999997,0.294,0.279,0.014999999999999958,"3.16","3.23","-0.074"
"Lee, Dylan","669276","2023","101","69",0.264,0.273,-0.009000000000000008,0.429,0.499,-0.07,0.326,0.356,-0.02999999999999997,"4.18","5.52","-1.337"
"Oller, Adam","670124","2023","101","75",0.341,0.307,0.03400000000000003,0.576,0.55,0.025999999999999912,0.417,0.407,0.010000000000000009,"10.07","7.63","2.438"
"Underwood Jr., Duane","621249","2023","100","75",0.273,0.308,-0.034999999999999976,0.455,0.503,-0.04799999999999999,0.347,0.381,-0.03400000000000003,"5.18","6.48","-1.302"
"Smeltzer, Devin","656970","2023","100","76",0.315,0.304,0.01100000000000001,0.609,0.613,-0.0040000000000000036,0.413,0.409,0.0040000000000000036,"6.45","7.73","-1.282"
"Patiño, Luis","672715","2023","99","67",0.247,0.278,-0.031000000000000028,0.376,0.437,-0.061,0.327,0.361,-0.033999999999999975,"4.57","5.70","-1.131"
"Sands, Cole","663485","2023","99","64",0.235,0.258,-0.02300000000000002,0.435,0.493,-0.057999999999999996,0.34,0.37,-0.02999999999999997,"3.74","6.04","-2.302"
"Barnes, Matt","598264","2023","99","68",0.284,0.275,0.008999999999999952,0.386,0.399,-0.013000000000000012,0.33,0.331,-0.0010000000000000009,"5.48","4.67","0.814"
"Guerra, Javy","642770","2023","97","59",0.236,0.273,-0.03700000000000003,0.347,0.436,-0.08900000000000002,0.347,0.399,-0.052000000000000046,"6.05","7.26","-1.208"
"Zastryzny, Rob","642239","2023","97","69",0.293,0.26,0.032999999999999974,0.402,0.391,0.01100000000000001,0.349,0.333,0.01599999999999996,"4.79","4.73","0.06"
"Coleman, Dylan","669395","2023","96","51",0.261,0.233,0.027999999999999997,0.435,0.373,0.062,0.384,0.359,0.025000000000000022,"8.84","5.62","3.216"
"Lovelady, Richard","663992","2023","96","59",0.188,0.195,-0.007000000000000006,0.375,0.387,-0.01200000000000001,0.291,0.306,-0.015000000000000013,"4.63","3.93","0.699"
"Phillips, Connor","683175","2023","96","56",0.22,0.216,0.0040000000000000036,0.415,0.408,0.007000000000000006,0.329,0.327,0.0020000000000000018,"6.97","4.55","2.418"
"Rucinski, Drew","607968","2023","95","74",0.346,0.309,0.03699999999999998,0.603,0.501,0.10199999999999998,0.439,0.403,0.035999999999999976,"9.00","7.44","1.56"
"Cimber, Adam","643256","2023","95","72",0.301,0.291,0.010000000000000009,0.542,0.486,0.05600000000000005,0.393,0.374,0.019000000000000017,"7.40","6.20","1.203"
"Snider, Collin","676092","2023","95","71",0.296,0.28,0.01599999999999996,0.469,0.431,0.03799999999999998,0.373,0.355,0.018000000000000016,"4.87","5.48","-0.611"
"Jiménez, Dany","666204","2023","94","59",0.143,0.183,-0.04000000000000001,0.286,0.361,-0.07500000000000001,0.248,0.302,-0.05399999999999999,"3.47","3.82","-0.349"
"Jarvis, Bryce","686826","2023","92","71",0.171,0.271,-0.1,0.305,0.488,-0.183,0.246,0.356,-0.10999999999999999,"3.04","5.52","-2.478"
"Ramsey, Lane","682010","2023","92","65",0.313,0.247,0.066,0.4,0.341,0.059,0.339,0.303,0.03600000000000003,"5.85","3.85","2"
"Garza, Justin","621057","2023","91","61",0.286,0.303,-0.017000000000000015,0.506,0.6,-0.09399999999999997,0.378,0.42,-0.04199999999999998,"7.36","8.27","-0.906"
"Harris, Hobie","665048","2023","91","68",0.273,0.308,-0.034999999999999976,0.416,0.538,-0.12200000000000005,0.355,0.41,-0.05499999999999999,"5.12","7.77","-2.649"
"Bumgarner, Madison","518516","2023","90","64",0.347,0.327,0.019999999999999962,0.625,0.576,0.049000000000000044,0.451,0.43,0.02100000000000002,"10.26","8.79","1.47"
"Peralta, Sammy","671111","2023","90","61",0.241,0.239,0.0020000000000000018,0.392,0.363,0.029000000000000026,0.32,0.311,0.009000000000000008,"4.05","4.07","-0.02"
"Reyes, Denyi","660593","2023","90","64",0.309,0.281,0.02799999999999997,0.481,0.437,0.043999999999999984,0.372,0.347,0.025000000000000022,"7.78","5.20","2.58"
"McArthur, James","663704","2023","90","64",0.235,0.227,0.00799999999999998,0.412,0.331,0.08099999999999996,0.28,0.268,0.01200000000000001,"4.63","2.97","1.659"
"Staumont, Josh","622251","2023","89","49",0.219,0.221,-0.0020000000000000018,0.288,0.361,-0.07300000000000001,0.301,0.324,-0.02300000000000002,"5.40","4.45","0.95"
"Castillo, Max","666721","2023","89","67",0.267,0.305,-0.03799999999999998,0.427,0.448,-0.02100000000000002,0.342,0.369,-0.02699999999999997,"4.43","6.00","-1.574"
"Means, John","607644","2023","88","73",0.159,0.253,-0.094,0.354,0.485,-0.131,0.238,0.329,-0.09100000000000003,"2.66","4.61","-1.948"
"Rutledge, Jackson","671131","2023","88","68",0.304,0.268,0.035999999999999976,0.519,0.531,-0.01200000000000001,0.376,0.366,0.010000000000000009,"6.75","5.89","0.86"
"Scott, Tayler","605463","2023","88","58",0.311,0.239,0.07200000000000001,0.568,0.463,0.10499999999999993,0.407,0.349,0.057999999999999996,"5.60","5.27","0.334"
"Bass, Anthony","542914","2023","88","60",0.247,0.285,-0.03799999999999998,0.455,0.477,-0.021999999999999964,0.32,0.347,-0.02699999999999997,"4.95","5.20","-0.25"
"Garrett, Reed","657585","2023","87","63",0.282,0.246,0.035999999999999976,0.462,0.429,0.03300000000000003,0.347,0.327,0.019999999999999962,"6.41","4.55","1.857"
"Mears, Nick","683232","2023","87","51",0.194,0.17,0.023999999999999994,0.319,0.268,0.05099999999999999,0.299,0.275,0.023999999999999966,"3.72","3.14","0.584"
"Weissert, Greg","669711","2023","87","56",0.273,0.252,0.02100000000000002,0.416,0.411,0.0050000000000000044,0.336,0.326,0.010000000000000009,"4.05","4.51","-0.46"
"Carlton, Drew","656290","2023","85","59",0.243,0.234,0.00899999999999998,0.378,0.416,-0.03799999999999998,0.298,0.317,-0.019000000000000017,"4.36","4.24","0.115"
"Boxberger, Brad","502202","2023","84","55",0.208,0.24,-0.032,0.403,0.429,-0.025999999999999968,0.314,0.336,-0.02200000000000002,"4.95","4.83","0.12"
"Vines, Darius","670241","2023","84","62",0.203,0.216,-0.012999999999999984,0.419,0.417,0.0020000000000000018,0.294,0.307,-0.013000000000000012,"3.98","3.96","0.024"
"Taylor, Josh","657031","2023","83","48",0.306,0.236,0.07,0.542,0.48,0.062000000000000055,0.381,0.332,0.04899999999999999,"8.15","4.70","3.451"
"Kennedy, Brett","664028","2023","83","64",0.275,0.258,0.017000000000000015,0.478,0.413,0.065,0.352,0.34,0.011999999999999955,"6.50","4.96","1.54"
"Gipson-Long, Sawyer","687830","2023","82","48",0.189,0.171,0.017999999999999988,0.351,0.296,0.05499999999999999,0.272,0.247,0.025000000000000022,"2.70","2.52","0.18"
"Heller, Ben","621294","2023","82","53",0.232,0.231,0.0010000000000000009,0.362,0.379,-0.017000000000000015,0.323,0.33,-0.007000000000000006,"3.86","4.64","-0.783"
"Richardson, Lyon","680689","2023","81","54",0.258,0.267,-0.009000000000000008,0.576,0.563,0.013000000000000012,0.411,0.41,0.0010000000000000009,"8.64","7.77","0.87"
"Hall, DL","669084","2023","81","53",0.237,0.214,0.022999999999999993,0.382,0.336,0.045999999999999985,0.289,0.264,0.024999999999999967,"3.26","2.88","0.379"
"Curtiss, John","595928","2023","81","57",0.236,0.196,0.03999999999999998,0.389,0.37,0.019000000000000017,0.304,0.281,0.022999999999999965,"4.58","3.28","1.296"
"Adams, Austin","613534","2023","81","46",0.235,0.197,0.03799999999999998,0.294,0.308,-0.014000000000000012,0.306,0.295,0.01100000000000001,"5.71","3.63","2.082"
"Jackson, Zach","667427","2023","80","47",0.261,0.217,0.04400000000000001,0.333,0.329,0.0040000000000000036,0.313,0.292,0.02100000000000002,"2.50","3.55","-1.05"
"Ortiz, Luis","656814","2023","80","59",0.311,0.261,0.04999999999999999,0.446,0.381,0.065,0.347,0.304,0.04299999999999998,"3.32","3.87","-0.554"
"Naile, James","664942","2023","80","64",0.38,0.358,0.02200000000000002,0.479,0.482,-0.0030000000000000027,0.408,0.401,0.006999999999999951,"8.80","7.35","1.454"
"Hill, Garrett","682051","2023","80","50",0.302,0.231,0.07099999999999998,0.587,0.458,0.12899999999999995,0.429,0.365,0.064,"9.19","5.85","3.341"
"Márquez, Germán","608566","2023","80","58",0.257,0.265,-0.008000000000000007,0.527,0.505,0.02200000000000002,0.336,0.334,0.0020000000000000018,"4.95","4.77","0.18"
"Rogers, Trevor","669432","2023","79","51",0.229,0.214,0.015000000000000013,0.329,0.397,-0.068,0.292,0.308,-0.016000000000000014,"4.00","3.98","0.02"
"Bachman, Sam","696147","2023","77","51",0.262,0.282,-0.019999999999999962,0.292,0.343,-0.051000000000000045,0.308,0.334,-0.026000000000000023,"3.18","4.77","-1.594"
"Kinley, Tyler","641755","2023","76","52",0.318,0.246,0.07200000000000001,0.515,0.424,0.09100000000000003,0.377,0.329,0.04799999999999999,"6.06","4.61","1.451"
"Wingenter, Trey","622259","2023","76","44",0.246,0.205,0.04100000000000001,0.4,0.393,0.007000000000000006,0.327,0.308,0.019000000000000017,"5.82","3.98","1.844"
"Hearn, Taylor","621368","2023","76","53",0.338,0.279,0.059,0.574,0.516,0.05799999999999994,0.418,0.374,0.043999999999999984,"11.40","6.20","5.2"
"Alcala, Jorge","660896","2023","75","48",0.222,0.217,0.0050000000000000044,0.508,0.475,0.03300000000000003,0.356,0.366,-0.010000000000000009,"6.23","5.89","0.341"
"Kennedy, Ian","453178","2023","75","45",0.246,0.23,0.015999999999999986,0.477,0.402,0.07499999999999996,0.347,0.323,0.023999999999999966,"7.16","4.42","2.743"
"Tapia, Domingo","593619","2023","75","48",0.21,0.22,-0.010000000000000009,0.355,0.313,0.04199999999999998,0.313,0.3,0.013000000000000012,"3.57","3.77","-0.204"
"Pérez, Francisco","660906","2023","74","51",0.266,0.254,0.01200000000000001,0.391,0.387,0.0040000000000000036,0.321,0.326,-0.0050000000000000044,"5.94","4.51","1.43"
"McKenzie, Triston","663474","2023","73","44",0.2,0.213,-0.012999999999999984,0.35,0.397,-0.04700000000000004,0.314,0.335,-0.02100000000000002,"5.06","4.80","0.263"
"Gilbert, Tyler","656457","2023","72","48",0.313,0.302,0.01100000000000001,0.537,0.543,-0.006000000000000005,0.382,0.382,0,"5.19","6.52","-1.328"
"Kelly, Michael","547184","2023","71","46",0.21,0.247,-0.037000000000000005,0.258,0.326,-0.068,0.265,0.305,-0.03999999999999998,"3.78","3.90","-0.12"
"Sanmartin, Reiver","665665","2023","70","47",0.288,0.224,0.06399999999999997,0.424,0.324,0.09999999999999998,0.356,0.298,0.057999999999999996,"7.07","3.71","3.361"
"De León, José","592254","2023","70","47",0.25,0.26,-0.010000000000000009,0.359,0.415,-0.055999999999999994,0.299,0.324,-0.025000000000000022,"4.67","4.45","0.223"
"Mushinski, Parker","656786","2023","69","46",0.311,0.241,0.07,0.623,0.482,0.14100000000000001,0.428,0.35,0.07800000000000001,"5.52","5.30","0.223"
"Kelley, Trevor","665001","2023","69","50",0.262,0.246,0.016000000000000014,0.541,0.477,0.06400000000000006,0.373,0.346,0.027000000000000024,"5.87","5.16","0.71"
"Loáisiga, Jonathan","642528","2023","69","60",0.219,0.228,-0.009000000000000008,0.328,0.331,-0.0030000000000000027,0.241,0.255,-0.014000000000000012,"3.06","2.69","0.367"
"Bubic, Kris","663460","2023","68","49",0.292,0.263,0.02899999999999997,0.385,0.415,-0.02999999999999997,0.31,0.309,0.0010000000000000009,"3.94","4.01","-0.072"
"García, Deivi","665620","2023","67","44",0.173,0.204,-0.031,0.385,0.407,-0.021999999999999964,0.314,0.343,-0.029000000000000026,"2.40","5.06","-2.66"
"Bazardo, Eduard","660825","2023","67","48",0.238,0.218,0.01999999999999999,0.429,0.404,0.024999999999999967,0.305,0.287,0.018000000000000016,"4.50","3.43","1.07"
"Solomon, Peter","656981","2023","67","49",0.309,0.315,-0.006000000000000005,0.6,0.567,0.03300000000000003,0.435,0.429,0.006000000000000005,"12.15","8.74","3.41"
"Rodríguez, Yerry","666720","2023","66","45",0.339,0.264,0.07500000000000001,0.508,0.393,0.11499999999999999,0.381,0.311,0.07,"7.90","4.07","3.832"
"Kay, Anthony","641743","2023","66","44",0.241,0.293,-0.05199999999999999,0.444,0.495,-0.05099999999999999,0.352,0.39,-0.038000000000000034,"6.14","6.86","-0.724"
"Crismatt, Nabil","622503","2023","65","45",0.333,0.231,0.10200000000000001,0.544,0.392,0.15200000000000002,0.413,0.319,0.09399999999999997,"8.31","4.30","4.008"
"Tarnok, Freddy","676206","2023","65","40",0.204,0.252,-0.048000000000000015,0.5,0.566,-0.06599999999999995,0.358,0.399,-0.041000000000000036,"4.91","7.26","-2.351"
"Luetge, Lucas","476595","2023","65","43",0.304,0.287,0.017000000000000015,0.429,0.411,0.018000000000000016,0.357,0.346,0.01100000000000001,"7.24","5.16","2.084"
"Crochet, Garrett","676979","2023","64","38",0.255,0.237,0.018000000000000016,0.404,0.417,-0.012999999999999956,0.364,0.385,-0.02100000000000002,"3.55","6.65","-3.097"
"Miller, Tyson","668338","2023","64","47",0.232,0.314,-0.08199999999999999,0.393,0.539,-0.14600000000000002,0.308,0.398,-0.09000000000000002,"4.70","7.21","-2.514"
"Felipe, Angel","665734","2023","64","31",0.12,0.15,-0.03,0.14,0.177,-0.03699999999999998,0.241,0.266,-0.025000000000000022,"4.20","2.93","1.27"
"Familia, Jeurys","544727","2023","64","41",0.271,0.246,0.025000000000000022,0.458,0.4,0.057999999999999996,0.39,0.366,0.02400000000000002,"6.39","5.89","0.505"
"Spiers, Carson","686730","2023","64","45",0.321,0.26,0.061,0.429,0.388,0.04099999999999998,0.359,0.319,0.03999999999999998,"6.92","4.30","2.623"
"Heasley, Jonathan","669169","2023","63","51",0.288,0.337,-0.049000000000000044,0.61,0.641,-0.031000000000000028,0.383,0.425,-0.04199999999999998,"7.20","8.53","-1.33"
"Hughes, Brandon","676714","2023","63","37",0.264,0.259,0.0050000000000000044,0.415,0.451,-0.03600000000000003,0.343,0.352,-0.008999999999999952,"7.24","5.37","1.874"
"Norris, Daniel","596057","2023","63","39",0.204,0.254,-0.05000000000000002,0.408,0.533,-0.12500000000000006,0.343,0.412,-0.06899999999999995,"5.68","7.87","-2.186"
"Cruz, Steven","674444","2023","62","35",0.22,0.194,0.025999999999999995,0.4,0.37,0.030000000000000027,0.344,0.327,0.01699999999999996,"4.97","4.55","0.424"
"Yacabonis, Jimmy","642231","2023","62","44",0.259,0.246,0.013000000000000012,0.444,0.444,0,0.338,0.337,0.0010000000000000009,"6.58","4.86","1.725"
"Ortega, Oliver","661383","2023","62","41",0.204,0.178,0.025999999999999995,0.333,0.325,0.008000000000000007,0.278,0.265,0.013000000000000012,"4.29","2.91","1.385"
"Legumina, Casey","668984","2023","61","41",0.308,0.24,0.068,0.596,0.39,0.20599999999999996,0.425,0.332,0.09299999999999997,"5.68","4.70","0.984"
"Salazar, Eduardo","674285","2023","61","47",0.327,0.305,0.02200000000000002,0.388,0.415,-0.02699999999999997,0.354,0.373,-0.019000000000000017,"8.03","6.16","1.867"
"Zimmermann, Bruce","669145","2023","61","45",0.293,0.251,0.04199999999999998,0.5,0.429,0.07100000000000001,0.343,0.298,0.04500000000000004,"4.72","3.71","1.015"
"Barnes, Jacob","606930","2023","61","49",0.316,0.248,0.068,0.474,0.402,0.07199999999999995,0.36,0.304,0.055999999999999994,"5.93","3.87","2.057"
"Newcomb, Sean","656794","2023","61","33",0.16,0.189,-0.028999999999999998,0.26,0.345,-0.08499999999999996,0.272,0.304,-0.03199999999999997,"3.00","3.87","-0.87"
"De Jong, Chase","608328","2023","60","45",0.367,0.303,0.064,0.837,0.629,0.20799999999999996,0.501,0.416,0.08500000000000002,"13.50","8.07","5.43"
"Weber, Ryan","543901","2023","60","51",0.298,0.29,0.008000000000000007,0.474,0.514,-0.040000000000000036,0.335,0.352,-0.01699999999999996,"3.14","5.37","-2.23"
"Garcia, Rico","670329","2023","60","44",0.358,0.329,0.02899999999999997,0.717,0.632,0.08499999999999996,0.467,0.427,0.040000000000000036,"9.26","8.63","0.627"
"White, Mitch","669952","2023","60","40",0.294,0.231,0.06299999999999997,0.529,0.432,0.09700000000000003,0.375,0.332,0.04299999999999998,"7.11","4.70","2.405"
"Smith, Chad","663385","2023","60","42",0.294,0.25,0.043999999999999984,0.451,0.444,0.007000000000000006,0.375,0.355,0.020000000000000018,"6.58","5.48","1.105"
"Boyle, Joe","671212","2023","60","40",0.148,0.167,-0.019000000000000017,0.259,0.274,-0.015000000000000013,0.212,0.234,-0.02200000000000002,"1.69","2.27","-0.582"
"Vespi, Nick","663989","2023","59","47",0.286,0.25,0.035999999999999976,0.5,0.422,0.07800000000000001,0.344,0.3,0.043999999999999984,"4.29","3.77","0.525"
"Adcock, Ty","686654","2023","58","47",0.19,0.296,-0.10599999999999998,0.448,0.562,-0.11400000000000005,0.263,0.36,-0.09699999999999998,"3.45","5.66","-2.213"
"Kuhnel, Joel","669270","2023","58","49",0.308,0.319,-0.01100000000000001,0.481,0.512,-0.031000000000000028,0.368,0.388,-0.020000000000000018,"5.54","6.77","-1.232"
"Murfee, Penn","682171","2023","58","31",0.109,0.203,-0.09400000000000001,0.196,0.282,-0.08599999999999997,0.213,0.283,-0.06999999999999998,"1.29","3.33","-2.044"
"Weiss, Zack","592848","2023","58","36",0.18,0.235,-0.05499999999999999,0.44,0.439,0.0010000000000000009,0.305,0.33,-0.025000000000000022,"3.21","4.64","-1.426"
"Martinez, Justin","679885","2023","57","30",0.295,0.24,0.05499999999999999,0.523,0.396,0.127,0.42,0.363,0.056999999999999995,"12.60","5.77","6.83"
"Tepera, Ryan","572193","2023","57","37",0.375,0.26,0.11499999999999999,0.583,0.459,0.12399999999999994,0.442,0.351,0.09100000000000003,"7.59","5.34","2.254"
"Snead, Kirby","669912","2023","56","41",0.28,0.313,-0.032999999999999974,0.38,0.522,-0.14200000000000002,0.321,0.385,-0.064,"4.63","6.65","-2.021"
"Estrada, Jeremiah","669093","2023","56","31",0.279,0.317,-0.03799999999999998,0.605,0.726,-0.121,0.426,0.477,-0.05099999999999999,"6.75","11.69","-4.94"
"Allard, Kolby","663465","2023","56","39",0.308,0.29,0.018000000000000016,0.481,0.483,-0.0020000000000000018,0.361,0.354,0.007000000000000006,"6.57","5.44","1.128"
"Pop, Zach","647315","2023","56","36",0.22,0.249,-0.028999999999999998,0.48,0.505,-0.025000000000000022,0.334,0.358,-0.023999999999999966,"6.58","5.59","0.995"
"Stoudt, Levi","686651","2023","55","38",0.348,0.284,0.064,0.543,0.4,0.14300000000000002,0.416,0.348,0.068,"9.58","5.23","4.351"
"Misiewicz, Anthony","664948","2023","55","41",0.354,0.332,0.021999999999999964,0.625,0.562,0.06299999999999994,0.434,0.419,0.015000000000000013,"7.36","8.22","-0.856"
"Overton, Connor","656818","2023","55","39",0.404,0.282,0.12200000000000005,0.766,0.528,0.238,0.506,0.381,0.125,"11.46","6.48","4.975"
"Springs, Jeffrey","605488","2023","55","26",0.08,0.149,-0.06899999999999999,0.14,0.213,-0.07299999999999998,0.138,0.195,-0.056999999999999995,"0.56","1.60","-1.037"
"Patton, Spencer","607359","2023","55","42",0.277,0.286,-0.008999999999999952,0.574,0.579,-0.0050000000000000044,0.372,0.394,-0.02200000000000002,"5.11","7.04","-1.932"
"Lopez, Jacob","682052","2023","54","42",0.28,0.312,-0.03199999999999997,0.4,0.467,-0.067,0.321,0.362,-0.04099999999999998,"4.38","5.74","-1.362"
"Díaz, Miguel","622766","2023","54","33",0.163,0.202,-0.03900000000000001,0.204,0.294,-0.09,0.209,0.258,-0.049000000000000016,"0.64","2.75","-2.107"
"Green, Chad","643338","2023","52","32",0.25,0.225,0.024999999999999994,0.417,0.345,0.07200000000000001,0.305,0.272,0.032999999999999974,"5.25","3.06","2.19"
"Daniel, Davis","669721","2023","52","34",0.167,0.189,-0.021999999999999992,0.333,0.308,0.025000000000000022,0.288,0.3,-0.01200000000000001,"2.19","3.77","-1.581"
"Stephens, Jackson","623451","2023","52","36",0.283,0.239,0.043999999999999984,0.37,0.332,0.03799999999999998,0.322,0.289,0.03300000000000003,"3.00","3.48","-0.48"
"Otto Jr., Glenn","657248","2023","51","34",0.311,0.253,0.057999999999999996,0.711,0.626,0.08499999999999996,0.456,0.404,0.05199999999999999,"10.13","7.49","2.635"
"Cronin, Declan","686539","2023","51","34",0.262,0.286,-0.023999999999999966,0.5,0.481,0.019000000000000017,0.387,0.393,-0.006000000000000005,"9.00","6.99","2.01"
"Rodríguez, Joely","570257","2023","51","31",0.289,0.277,0.011999999999999955,0.489,0.46,0.02899999999999997,0.372,0.358,0.014000000000000012,"6.54","5.59","0.955"
"Santana, Dennis","642701","2023","50","30",0.244,0.268,-0.02400000000000002,0.463,0.504,-0.04099999999999998,0.355,0.38,-0.025000000000000022,"5.91","6.44","-0.534"
"Mejía, J.C.","650496","2023","50","33",0.326,0.331,-0.0050000000000000044,0.478,0.52,-0.04200000000000004,0.373,0.391,-0.018000000000000016,"5.56","6.90","-1.341"
"Kittredge, Andrew","552640","2023","50","37",0.255,0.264,-0.009000000000000008,0.383,0.387,-0.0040000000000000036,0.298,0.304,-0.006000000000000005,"3.09","3.87","-0.784"
"Hancock, Emerson","676106","2023","49","40",0.283,0.239,0.043999999999999984,0.348,0.366,-0.018000000000000016,0.3,0.286,0.014000000000000012,"4.50","3.40","1.1"
"Reyes, Gerardo","622103","2023","49","31",0.275,0.24,0.03500000000000003,0.525,0.471,0.05400000000000005,0.388,0.361,0.027000000000000024,"7.45","5.70","1.748"
"Logue, Zach","656657","2023","49","37",0.277,0.241,0.03600000000000003,0.511,0.413,0.09800000000000003,0.346,0.295,0.05099999999999999,"7.36","3.63","3.734"
"Cleavinger, Garrett","664076","2023","48","27",0.146,0.175,-0.028999999999999998,0.317,0.402,-0.08500000000000002,0.267,0.306,-0.03899999999999998,"3.00","3.93","-0.93"
"Joyce, Ben","690829","2023","48","28",0.243,0.214,0.028999999999999998,0.351,0.356,-0.0050000000000000044,0.342,0.34,0.0020000000000000018,"5.40","4.96","0.44"
"Bush, Matt","456713","2023","48","32",0.262,0.335,-0.07300000000000001,0.69,0.69,0,0.429,0.464,-0.03500000000000003,"9.58","10.81","-1.229"
"Then, Juan","672730","2023","48","41",0.304,0.295,0.009000000000000008,0.543,0.473,0.07000000000000006,0.372,0.343,0.02899999999999997,"4.91","5.06","-0.151"
"Walker, Josh","677020","2023","48","30",0.286,0.234,0.05199999999999996,0.452,0.453,-0.0010000000000000009,0.362,0.339,0.022999999999999965,"8.10","4.93","3.17"
"Marte, José","665896","2023","48","34",0.359,0.235,0.124,0.667,0.472,0.19500000000000006,0.452,0.36,0.09200000000000003,"8.68","5.66","3.019"
"Estes, Joey","683155","2023","47","35",0.286,0.272,0.013999999999999957,0.643,0.641,0.0020000000000000018,0.414,0.407,0.007000000000000006,"7.20","7.63","-0.43"
"Stratton, Hunter","676702","2023","47","33",0.209,0.235,-0.025999999999999995,0.465,0.446,0.019000000000000017,0.314,0.324,-0.010000000000000009,"2.25","4.45","-2.2"
"Crowe, Wil","640444","2023","47","28",0.243,0.333,-0.09000000000000002,0.405,0.599,-0.19399999999999995,0.357,0.456,-0.09900000000000003,"4.66","10.30","-5.645"
"Acevedo, Domingo","642758","2023","47","37",0.381,0.368,0.013000000000000012,0.738,0.616,0.122,0.456,0.423,0.03300000000000003,"10.61","8.42","2.187"
"Barraclough, Kyle","607457","2023","46","32",0.4,0.326,0.07400000000000001,0.743,0.62,0.123,0.518,0.466,0.05199999999999999,"12.91","10.94","1.973"
"Gillaspie, Logan","670810","2023","46","32",0.35,0.335,0.014999999999999958,0.725,0.567,0.15800000000000003,0.479,0.422,0.056999999999999995,"6.00","8.37","-2.37"
"Cousins, Jake","664776","2023","45","28",0.286,0.277,0.008999999999999952,0.429,0.439,-0.010000000000000009,0.391,0.395,-0.0040000000000000036,"4.82","7.08","-2.259"
"Hudson, Bryan","663542","2023","44","32",0.316,0.295,0.02100000000000002,0.447,0.426,0.02100000000000002,0.362,0.346,0.016000000000000014,"7.27","5.16","2.109"
"Vodnik, Victor","680767","2023","44","29",0.366,0.245,0.121,0.439,0.362,0.07700000000000001,0.373,0.291,0.08200000000000002,"8.31","3.53","4.778"
"Barlow, Joe","669618","2023","44","36",0.31,0.245,0.065,0.5,0.434,0.066,0.36,0.308,0.05199999999999999,"4.66","3.98","0.675"
"Morejon, Adrian","670970","2023","44","31",0.368,0.319,0.04899999999999999,0.553,0.564,-0.010999999999999899,0.428,0.41,0.018000000000000016,"7.00","7.77","-0.77"
"Kelly, Zack","677161","2023","43","26",0.219,0.219,0,0.375,0.373,0.0020000000000000018,0.357,0.358,-0.0010000000000000009,"3.86","5.59","-1.733"
"Sweet, Devin","682967","2023","43","29",0.286,0.273,0.012999999999999956,0.629,0.597,0.03200000000000003,0.44,0.426,0.014000000000000012,"10.38","8.58","1.805"
"Justice, Evan","687145","2023","42","26",0.438,0.276,0.16199999999999998,0.5,0.317,0.183,0.472,0.357,0.11499999999999999,"8.59","5.55","3.041"
"Díaz, Jhonathan","646242","2023","42","29",0.419,0.299,0.12,0.581,0.429,0.15199999999999997,0.467,0.392,0.07500000000000001,"10.29","6.95","3.336"
"Dubin, Shawn","681869","2023","42","27",0.324,0.28,0.043999999999999984,0.514,0.457,0.056999999999999995,0.38,0.343,0.03699999999999998,"7.00","5.06","1.94"
"Quijada, José","650671","2023","41","28",0.222,0.286,-0.06399999999999997,0.25,0.452,-0.202,0.267,0.362,-0.09499999999999997,"6.00","5.74","0.26"
"Castillo, Diego","650895","2023","41","26",0.212,0.212,0,0.424,0.379,0.044999999999999984,0.351,0.338,0.012999999999999956,"6.23","4.90","1.331"
"Saalfrank, Andrew","685314","2023","41","31",0.189,0.264,-0.07500000000000001,0.189,0.324,-0.135,0.207,0.289,-0.08199999999999999,0,3.48,"-3.48"
"Milone, Tommy","543548","2023","40","31",0.212,0.27,-0.058000000000000024,0.303,0.44,-0.137,0.287,0.356,-0.069,"2.00","5.52","-3.52"
"Navarro, Edgar","679346","2023","39","26",0.314,0.284,0.030000000000000027,0.571,0.47,0.10099999999999998,0.407,0.361,0.045999999999999985,"7.27","5.70","1.569"
"Fulmer, Carson","608334","2023","39","28",0.176,0.205,-0.028999999999999998,0.353,0.447,-0.09400000000000003,0.281,0.327,-0.045999999999999985,"2.70","4.55","-1.85"
"Bradley, Archie","605151","2023","39","28",0.371,0.384,-0.013000000000000012,0.657,0.651,0.006000000000000005,0.46,0.465,-0.0050000000000000044,"11.04","10.87","0.175"
"Stallings, Jacob","607732","2023","36","33",0.364,0.297,0.067,0.576,0.476,0.09999999999999998,0.406,0.344,0.062000000000000055,"4.50","5.10","-0.6"
"Brewer, Colten","605155","2023","34","26",0.2,0.237,-0.03699999999999998,0.6,0.468,0.13199999999999995,0.369,0.342,0.02699999999999997,"4.32","5.03","-0.71"
"Junk, Janson","676083","2023","33","25",0.267,0.267,0,0.467,0.381,0.08600000000000002,0.333,0.305,0.028000000000000025,"4.91","3.90","1.009"
"Short, Zack","670097","2023","32","29",0.4,0.377,0.02300000000000002,0.433,0.636,-0.203,0.387,0.447,-0.06,"6.00","9.75","-3.75"
"Abad, Fernando","472551","2023","32","27",0.379,0.349,0.030000000000000027,0.655,0.635,0.020000000000000018,0.461,0.441,0.020000000000000018,"4.26","9.40","-5.137"
"Muckenhirn, Zach","669105","2023","31","25",0.407,0.321,0.08599999999999997,0.556,0.478,0.07800000000000007,0.428,0.381,0.046999999999999986,"6.00","6.48","-0.48"
"Fry, David","681807","2023","26","25",0.4,0.376,0.02400000000000002,0.8,0.927,-0.127,0.51,0.544,-0.03400000000000003,"12.60","17.49","-4.89"
"Maile, Luke","571912","2023","25","25",0.5,0.467,0.032999999999999974,1.125,1.022,0.10299999999999998,0.646,0.596,0.050000000000000044,"16.61","24.05","-7.435"