"last_name, first_name","player_id","year","pa","bip","ba","est_ba","est_ba_minus_ba_diff","slg","est_slg","est_slg_minus_slg_diff","woba","est_woba","est_woba_minus_woba_diff","era","xera","era_minus_xera_diff"
"Webb, Logan","657277","2025","856","579",0.264,0.246,0.018000000000000016,0.386,0.384,0.0020000000000000018,0.303,0.295,0.008000000000000007,"3.22","3.58","-0.363"
"Crochet, Garrett","676979","2025","814","509",0.217,0.21,0.007000000000000006,0.353,0.347,0.006000000000000005,0.27,0.266,0.0040000000000000036,"2.59","2.89","-0.304"
"Gallen, Zac","668678","2025","813","568",0.239,0.242,-0.0030000000000000027,0.426,0.434,-0.008000000000000007,0.315,0.32,-0.0050000000000000044,"4.83","4.27","0.558"
"Sánchez, Cristopher","650911","2025","807","545",0.227,0.225,0.0020000000000000018,0.321,0.345,-0.023999999999999966,0.264,0.272,-0.008000000000000007,"2.50","3.02","-0.525"
"Valdez, Framber","664285","2025","802","540",0.238,0.241,-0.0030000000000000027,0.358,0.37,-0.01200000000000001,0.295,0.302,-0.007000000000000006,"3.66","3.77","-0.114"
"Fried, Max","608331","2025","801","551",0.223,0.232,-0.009000000000000008,0.334,0.357,-0.022999999999999965,0.272,0.287,-0.014999999999999958,"2.86","3.38","-0.523"
"Rodón, Carlos","607074","2025","789","504",0.188,0.206,-0.017999999999999988,0.321,0.351,-0.02999999999999997,0.266,0.285,-0.01899999999999996,"3.09","3.33","-0.243"
"Irvin, Jake","663623","2025","787","595",0.272,0.273,-0.0010000000000000009,0.492,0.505,-0.013000000000000012,0.355,0.36,-0.0050000000000000044,"5.70","5.59","0.11"
"Gausman, Kevin","592332","2025","775","531",0.216,0.238,-0.021999999999999992,0.358,0.407,-0.04899999999999999,0.273,0.301,-0.02799999999999997,"3.59","3.74","-0.149"
"Kikuchi, Yusei","579328","2025","772","521",0.261,0.25,0.01100000000000001,0.419,0.428,-0.009000000000000008,0.327,0.327,0,"3.99","4.48","-0.493"
"Pfaadt, Brandon","694297","2025","767","570",0.279,0.284,-0.004999999999999949,0.469,0.494,-0.025000000000000022,0.339,0.352,-0.012999999999999956,"5.25","5.30","-0.053"
"Bibee, Tanner","676440","2025","762","536",0.246,0.226,0.01999999999999999,0.412,0.385,0.02699999999999997,0.313,0.297,0.016000000000000014,"4.25","3.64","0.605"
"Littell, Zack","641793","2025","759","587",0.244,0.255,-0.01100000000000001,0.445,0.459,-0.014000000000000012,0.311,0.323,-0.01200000000000001,"3.81","4.36","-0.551"
"Luzardo, Jesús","666200","2025","758","482",0.24,0.228,0.011999999999999983,0.356,0.355,0.0010000000000000009,0.29,0.285,0.0050000000000000044,"3.92","3.33","0.59"
"Ray, Robbie","592662","2025","755","492",0.221,0.219,0.0020000000000000018,0.383,0.385,-0.0020000000000000018,0.299,0.3,-0.0010000000000000009,"3.65","3.71","-0.057"
"Gray, Sonny","543243","2025","753","508",0.262,0.25,0.01200000000000001,0.424,0.416,0.008000000000000007,0.314,0.306,0.008000000000000007,"4.28","3.88","0.404"
"Keller, Mitch","656605","2025","749","537",0.249,0.259,-0.010000000000000009,0.405,0.43,-0.024999999999999967,0.313,0.326,-0.013000000000000012,"4.18","4.45","-0.265"
"Skubal, Tarik","669373","2025","748","469",0.2,0.206,-0.005999999999999978,0.319,0.344,-0.024999999999999967,0.245,0.258,-0.013000000000000012,"2.21","2.71","-0.498"
"Kelly, Merrill","518876","2025","748","531",0.226,0.25,-0.023999999999999994,0.384,0.431,-0.046999999999999986,0.288,0.316,-0.028000000000000025,"3.52","4.16","-0.638"
"Castillo, Luis","622491","2025","745","530",0.244,0.245,-0.0010000000000000009,0.402,0.418,-0.01599999999999996,0.304,0.312,-0.008000000000000007,"3.54","4.04","-0.503"
"Alcantara, Sandy","645261","2025","745","536",0.247,0.262,-0.015000000000000013,0.404,0.436,-0.03199999999999997,0.311,0.332,-0.02100000000000002,"5.36","4.64","0.719"
"Bassitt, Chris","605135","2025","736","505",0.261,0.251,0.010000000000000009,0.415,0.4,0.014999999999999958,0.324,0.316,0.008000000000000007,"3.96","4.16","-0.197"
"Skenes, Paul","694973","2025","733","469",0.199,0.202,-0.0030000000000000027,0.307,0.321,-0.014000000000000012,0.247,0.255,-0.008000000000000007,"1.97","2.65","-0.684"
"Woo, Bryan","693433","2025","731","493",0.2,0.215,-0.014999999999999986,0.353,0.373,-0.020000000000000018,0.259,0.274,-0.015000000000000013,"2.94","3.07","-0.129"
"Brown, Hunter","686613","2025","729","459",0.201,0.217,-0.015999999999999986,0.318,0.339,-0.02100000000000002,0.262,0.278,-0.016000000000000014,"2.43","3.16","-0.732"
"Parker, Mitchell","680730","2025","725","560",0.273,0.297,-0.023999999999999966,0.466,0.507,-0.04099999999999998,0.342,0.37,-0.02799999999999997,"5.68","5.96","-0.276"
"Soriano, José","667755","2025","724","488",0.249,0.242,0.007000000000000006,0.353,0.367,-0.014000000000000012,0.309,0.312,-0.0030000000000000027,"4.26","4.04","0.22"
"Peralta, Freddy","642547","2025","723","443",0.193,0.206,-0.012999999999999984,0.327,0.361,-0.033999999999999975,0.27,0.289,-0.01899999999999996,"2.70","3.43","-0.73"
"Peterson, David","656849","2025","723","500",0.258,0.27,-0.01200000000000001,0.37,0.407,-0.03699999999999998,0.311,0.331,-0.020000000000000018,"4.21","4.61","-0.395"
"Cease, Dylan","656302","2025","722","429",0.239,0.214,0.024999999999999994,0.399,0.359,0.040000000000000036,0.313,0.29,0.02300000000000002,"4.55","3.46","1.094"
"Pivetta, Nick","601713","2025","721","478",0.195,0.228,-0.033,0.33,0.424,-0.09399999999999997,0.256,0.309,-0.05299999999999999,"2.87","3.96","-1.087"
"Boyd, Matthew","571510","2025","718","513",0.235,0.24,-0.0050000000000000044,0.369,0.398,-0.029000000000000026,0.287,0.301,-0.014000000000000012,"3.21","3.74","-0.534"
"Singer, Brady","663903","2025","716","479",0.238,0.243,-0.0050000000000000044,0.404,0.409,-0.004999999999999949,0.313,0.32,-0.007000000000000006,"4.03","4.27","-0.239"
"Wacha, Michael","608379","2025","716","540",0.252,0.257,-0.0050000000000000044,0.383,0.42,-0.03699999999999998,0.299,0.316,-0.017000000000000015,"3.86","4.16","-0.303"
"Pallante, Andre","669467","2025","715","536",0.27,0.258,0.01200000000000001,0.431,0.402,0.02899999999999997,0.334,0.321,0.013000000000000012,"5.31","4.30","1.011"
"Springs, Jeffrey","605488","2025","713","518",0.236,0.249,-0.013000000000000012,0.422,0.431,-0.009000000000000008,0.309,0.321,-0.01200000000000001,"4.11","4.30","-0.195"
"Baz, Shane","669358","2025","711","462",0.25,0.229,0.02099999999999999,0.433,0.386,0.046999999999999986,0.33,0.306,0.02400000000000002,"4.87","3.88","0.99"
"Warren, Will","701542","2025","711","470",0.25,0.252,-0.0020000000000000018,0.418,0.426,-0.008000000000000007,0.321,0.33,-0.009000000000000008,"4.43","4.58","-0.145"
"Freeland, Kyle","607536","2025","709","541",0.294,0.282,0.01200000000000001,0.461,0.473,-0.011999999999999955,0.341,0.342,-0.0010000000000000009,"4.98","4.96","0.02"
"Holmes, Clay","605280","2025","708","499",0.241,0.245,-0.0040000000000000036,0.352,0.394,-0.04200000000000004,0.302,0.322,-0.020000000000000018,"3.53","4.33","-0.799"
"Kremer, Dean","665152","2025","708","518",0.248,0.24,0.008000000000000007,0.407,0.416,-0.009000000000000008,0.305,0.306,-0.0010000000000000009,"4.19","3.88","0.314"
"Severino, Luis","622663","2025","705","515",0.257,0.266,-0.009000000000000008,0.389,0.416,-0.02699999999999997,0.313,0.331,-0.018000000000000016,"4.54","4.61","-0.073"
"Williams, Gavin","668909","2025","704","445",0.211,0.231,-0.020000000000000018,0.364,0.405,-0.041000000000000036,0.299,0.321,-0.02200000000000002,"3.06","4.30","-1.24"
"Bello, Brayan","678394","2025","700","504",0.237,0.257,-0.020000000000000018,0.355,0.409,-0.05399999999999999,0.297,0.327,-0.030000000000000027,"3.35","4.48","-1.132"
"Berríos, José","621244","2025","698","497",0.253,0.255,-0.0020000000000000018,0.43,0.454,-0.02400000000000002,0.325,0.337,-0.01200000000000001,"4.17","4.80","-0.625"
"Hendricks, Kyle","543294","2025","695","533",0.262,0.246,0.016000000000000014,0.447,0.408,0.039000000000000035,0.324,0.307,0.017000000000000015,"4.75","3.90","0.855"
"Rodriguez, Eduardo","593958","2025","694","489",0.286,0.259,0.02699999999999997,0.475,0.43,0.044999999999999984,0.353,0.328,0.024999999999999967,"5.01","4.51","0.505"
"Ryan, Joe","657746","2025","689","444",0.218,0.209,0.009000000000000008,0.392,0.397,-0.0050000000000000044,0.29,0.289,0.0010000000000000009,"3.42","3.43","-0.009"
"Abbott, Andrew","671096","2025","684","489",0.235,0.233,0.001999999999999974,0.374,0.385,-0.01100000000000001,0.288,0.294,-0.006000000000000005,"2.87","3.56","-0.692"
"Yamamoto, Yoshinobu","808967","2025","684","421",0.183,0.198,-0.015000000000000013,0.283,0.304,-0.02100000000000002,0.244,0.258,-0.014000000000000012,"2.49","2.71","-0.222"
"Martinez, Nick","607259","2025","683","519",0.254,0.257,-0.0030000000000000027,0.435,0.41,0.025000000000000022,0.317,0.312,0.0050000000000000044,"4.46","4.04","0.415"
"Flaherty, Jack","656427","2025","681","429",0.239,0.232,0.0069999999999999785,0.406,0.406,0,0.313,0.31,0.0030000000000000027,"4.64","3.99","0.65"
"Pepiot, Ryan","686752","2025","679","445",0.221,0.225,-0.0040000000000000036,0.404,0.4,0.0040000000000000036,0.306,0.31,-0.0040000000000000036,"3.87","3.99","-0.125"
"Gore, MacKenzie","669022","2025","679","426",0.252,0.241,0.01100000000000001,0.402,0.415,-0.012999999999999956,0.318,0.322,-0.0040000000000000036,"4.17","4.33","-0.159"
"Elder, Bryce","693821","2025","679","491",0.271,0.266,0.0050000000000000044,0.446,0.448,-0.0020000000000000018,0.336,0.335,0.0010000000000000009,"5.30","4.73","0.566"
"Allen, Logan","671106","2025","676","485",0.262,0.246,0.016000000000000014,0.403,0.421,-0.01799999999999996,0.323,0.326,-0.0030000000000000027,"4.25","4.45","-0.199"
"Sugano, Tomoyuki","608372","2025","675","525",0.276,0.289,-0.012999999999999956,0.478,0.524,-0.04600000000000004,0.342,0.366,-0.023999999999999966,"4.64","5.81","-1.167"
"Paddack, Chris","663978","2025","670","518",0.268,0.273,-0.0050000000000000044,0.483,0.487,-0.0040000000000000036,0.336,0.344,-0.007999999999999952,"5.35","5.03","0.324"
"deGrom, Jacob","594798","2025","669","444",0.196,0.221,-0.024999999999999994,0.354,0.391,-0.03700000000000003,0.259,0.286,-0.02699999999999997,"2.97","3.36","-0.389"
"Mikolas, Miles","571945","2025","669","529",0.272,0.271,0.0010000000000000009,0.492,0.512,-0.020000000000000018,0.342,0.351,-0.008999999999999952,"4.84","5.27","-0.434"
"Corbin, Patrick","571578","2025","663","478",0.267,0.268,-0.0010000000000000009,0.43,0.439,-0.009000000000000008,0.328,0.336,-0.008000000000000007,"4.40","4.77","-0.367"
"Rea, Colin","607067","2025","662","485",0.258,0.261,-0.0030000000000000027,0.413,0.438,-0.025000000000000022,0.314,0.328,-0.014000000000000012,"3.95","4.51","-0.556"
"Verlander, Justin","434378","2025","662","467",0.261,0.252,0.009000000000000008,0.413,0.419,-0.006000000000000005,0.32,0.319,0.0010000000000000009,"3.85","4.24","-0.391"
"Morton, Charlie","450203","2025","654","417",0.273,0.246,0.027000000000000024,0.463,0.409,0.05400000000000005,0.36,0.333,0.02699999999999997,"5.83","4.67","1.161"
"Priester, Quinn","682990","2025","653","465",0.245,0.237,0.008000000000000007,0.4,0.37,0.030000000000000027,0.31,0.298,0.01200000000000001,"3.32","3.66","-0.342"
"Suarez, Ranger","624133","2025","651","456",0.256,0.226,0.03,0.374,0.351,0.02300000000000002,0.298,0.277,0.020999999999999963,"3.20","3.14","0.063"
"Liberatore, Matthew","669461","2025","648","482",0.266,0.272,-0.006000000000000005,0.423,0.464,-0.041000000000000036,0.318,0.339,-0.02100000000000002,"4.21","4.86","-0.647"
"Leiter, Jack","683004","2025","646","426",0.222,0.235,-0.012999999999999984,0.361,0.427,-0.066,0.298,0.326,-0.028000000000000025,"3.86","4.45","-0.593"
"Lodolo, Nick","666157","2025","642","442",0.233,0.227,0.006000000000000005,0.387,0.389,-0.0020000000000000018,0.293,0.292,0.0010000000000000009,"3.33","3.51","-0.178"
"Mize, Casey","663554","2025","627","449",0.263,0.236,0.027000000000000024,0.437,0.412,0.025000000000000022,0.319,0.298,0.02100000000000002,"3.87","3.66","0.206"
"Ober, Bailey","641927","2025","624","468",0.275,0.248,0.027000000000000024,0.494,0.462,0.03199999999999997,0.344,0.323,0.020999999999999963,"5.11","4.36","0.745"
"Fedde, Erick","607200","2025","623","470",0.269,0.275,-0.006000000000000005,0.44,0.461,-0.02100000000000002,0.344,0.354,-0.010000000000000009,"5.49","5.37","0.119"
"Nelson, Ryne","669194","2025","619","442",0.217,0.245,-0.027999999999999997,0.381,0.411,-0.02999999999999997,0.284,0.308,-0.02400000000000002,"3.39","3.93","-0.54"
"Senzatela, Antonio","622608","2025","618","489",0.347,0.319,0.02799999999999997,0.547,0.544,0.0030000000000000027,0.406,0.395,0.01100000000000001,"6.65","6.98","-0.334"
"Smith, Shane","681343","2025","616","401",0.216,0.229,-0.013000000000000012,0.363,0.383,-0.020000000000000018,0.296,0.31,-0.014000000000000012,"3.81","3.99","-0.177"
"Giolito, Lucas","608337","2025","613","433",0.239,0.264,-0.025000000000000022,0.377,0.464,-0.08700000000000002,0.301,0.344,-0.04299999999999998,"3.41","5.03","-1.616"
"Lugo, Seth","607625","2025","611","425",0.244,0.256,-0.01200000000000001,0.438,0.48,-0.04199999999999998,0.329,0.348,-0.01899999999999996,"4.15","5.16","-1.011"
"Lorenzen, Michael","547179","2025","606","434",0.268,0.26,0.008000000000000007,0.47,0.451,0.01899999999999996,0.339,0.331,0.008000000000000007,"4.64","4.61","0.028"
"Bradley, Taj","671737","2025","605","418",0.243,0.237,0.006000000000000005,0.403,0.406,-0.0030000000000000027,0.314,0.314,0,"5.05","4.10","0.947"
"Martin, Davis","663436","2025","601","442",0.251,0.272,-0.02100000000000002,0.427,0.465,-0.038000000000000034,0.322,0.347,-0.024999999999999967,"4.10","5.13","-1.03"
"Anderson, Tyler","542881","2025","599","435",0.253,0.253,0,0.477,0.48,-0.0030000000000000027,0.341,0.345,-0.003999999999999948,"4.55","5.06","-0.505"
"Burke, Sean","680732","2025","596","393",0.251,0.246,0.0050000000000000044,0.444,0.457,-0.013000000000000012,0.34,0.341,-0.0010000000000000009,"4.22","4.93","-0.709"
"Márquez, Germán","608566","2025","591","452",0.317,0.287,0.030000000000000027,0.545,0.504,0.041000000000000036,0.393,0.366,0.027000000000000024,"6.70","5.81","0.887"
"Rasmussen, Drew","656876","2025","585","416",0.214,0.235,-0.02099999999999999,0.34,0.375,-0.034999999999999976,0.269,0.291,-0.021999999999999964,"2.76","3.48","-0.72"
"Wheeler, Zack","554430","2025","585","349",0.197,0.189,0.008000000000000007,0.349,0.313,0.035999999999999976,0.263,0.247,0.016000000000000014,"2.71","2.49","0.216"
"May, Dustin","669160","2025","584","393",0.259,0.261,-0.0020000000000000018,0.447,0.451,-0.0040000000000000036,0.342,0.349,-0.006999999999999951,"4.96","5.20","-0.235"
"Sears, JP","676664","2025","583","424",0.268,0.241,0.027000000000000024,0.507,0.446,0.061,0.352,0.319,0.032999999999999974,"5.04","4.24","0.802"
"Cabrera, Edward","665795","2025","581","373",0.233,0.238,-0.004999999999999977,0.378,0.394,-0.016000000000000014,0.303,0.312,-0.009000000000000008,"3.53","4.04","-0.51"
"Vásquez, Randy","681190","2025","570","433",0.247,0.267,-0.020000000000000018,0.383,0.481,-0.09799999999999998,0.311,0.354,-0.04299999999999998,"3.84","5.37","-1.532"
"Imanaga, Shota","684007","2025","567","423",0.218,0.233,-0.015000000000000013,0.432,0.469,-0.03699999999999998,0.293,0.313,-0.020000000000000018,"3.73","4.07","-0.337"
"Buehler, Walker","621111","2025","564","400",0.265,0.268,-0.0030000000000000027,0.437,0.45,-0.013000000000000012,0.348,0.355,-0.007000000000000006,"4.93","5.41","-0.481"
"Quintana, Jose","500779","2025","556","412",0.241,0.269,-0.028000000000000025,0.382,0.462,-0.08000000000000002,0.308,0.349,-0.04099999999999998,"3.96","5.20","-1.235"
"Cameron, Noah","702070","2025","556","396",0.214,0.245,-0.031,0.361,0.411,-0.04999999999999999,0.281,0.314,-0.032999999999999974,"2.99","4.10","-1.107"
"Lord, Brad","695418","2025","546","392",0.255,0.27,-0.015000000000000013,0.415,0.437,-0.02200000000000002,0.319,0.335,-0.016000000000000014,"4.34","4.73","-0.391"
"Cecconi, Slade","677944","2025","545","401",0.247,0.267,-0.020000000000000018,0.451,0.489,-0.03799999999999998,0.319,0.343,-0.02400000000000002,"4.29","4.99","-0.695"
"Strider, Spencer","675911","2025","539","349",0.261,0.253,0.008000000000000007,0.453,0.454,-0.0010000000000000009,0.344,0.34,0.003999999999999948,"4.45","4.90","-0.448"
"Walker, Taijuan","592836","2025","538","406",0.27,0.259,0.01100000000000001,0.444,0.439,0.0050000000000000044,0.337,0.33,0.007000000000000006,"4.08","4.58","-0.505"
"Heaney, Andrew","571760","2025","536","401",0.269,0.284,-0.014999999999999958,0.501,0.491,0.010000000000000009,0.357,0.362,-0.0050000000000000044,"5.52","5.66","-0.142"
"Gilbert, Logan","669302","2025","535","324",0.211,0.206,0.0050000000000000044,0.377,0.367,0.010000000000000009,0.28,0.275,0.0050000000000000044,"3.44","3.09","0.345"
"Kirby, George","669923","2025","524","351",0.252,0.249,0.0030000000000000027,0.392,0.399,-0.007000000000000006,0.3,0.306,-0.006000000000000005,"4.21","3.88","0.334"
"Taillon, Jameson","592791","2025","519","394",0.225,0.241,-0.015999999999999986,0.427,0.424,0.0030000000000000027,0.297,0.305,-0.008000000000000007,"3.68","3.85","-0.171"
"Houser, Adrian","605288","2025","518","380",0.261,0.254,0.007000000000000006,0.385,0.387,-0.0020000000000000018,0.312,0.312,0,"3.31","4.04","-0.728"
"Falter, Bailey","663559","2025","518","390",0.248,0.263,-0.015000000000000013,0.433,0.461,-0.028000000000000025,0.324,0.34,-0.016000000000000014,"4.45","4.90","-0.448"
"Quantrill, Cal","615698","2025","513","388",0.288,0.281,0.006999999999999951,0.515,0.517,-0.0020000000000000018,0.367,0.365,0.0020000000000000018,"6.04","5.77","0.272"
"Kochanowicz, Jack","686799","2025","512","375",0.309,0.286,0.02300000000000002,0.489,0.468,0.020999999999999963,0.379,0.368,0.01100000000000001,"6.81","5.88","0.931"
"Sale, Chris","519242","2025","510","302",0.22,0.205,0.015000000000000013,0.341,0.32,0.02100000000000002,0.278,0.264,0.014000000000000012,"2.58","2.84","-0.262"
"Patrick, Chad","694477","2025","503","332",0.248,0.24,0.008000000000000007,0.387,0.395,-0.008000000000000007,0.307,0.306,0.0010000000000000009,"3.54","3.88","-0.345"
"Eovaldi, Nathan","543135","2025","496","338",0.194,0.219,-0.024999999999999994,0.307,0.359,-0.05199999999999999,0.24,0.272,-0.03200000000000003,"1.73","3.02","-1.289"
"Holmes, Grant","656550","2025","492","308",0.235,0.239,-0.0040000000000000036,0.387,0.414,-0.02699999999999997,0.316,0.329,-0.013000000000000012,"3.99","4.55","-0.559"
"Povich, Cade","700249","2025","488","326",0.285,0.269,0.01599999999999996,0.465,0.495,-0.02999999999999997,0.349,0.356,-0.007000000000000006,"5.21","5.44","-0.232"
"Senga, Kodai","673540","2025","482","313",0.224,0.226,-0.0020000000000000018,0.395,0.374,0.02100000000000002,0.313,0.31,0.0030000000000000027,"3.02","3.99","-0.972"
"Roupp, Landen","694738","2025","476","326",0.268,0.248,0.020000000000000018,0.4,0.408,-0.007999999999999952,0.325,0.319,0.006000000000000005,"3.80","4.24","-0.443"
"Bubic, Kris","663460","2025","476","318",0.227,0.221,0.006000000000000005,0.332,0.333,-0.0010000000000000009,0.277,0.278,-0.0010000000000000009,"2.55","3.16","-0.607"
"Horton, Cade","690990","2025","476","339",0.219,0.236,-0.016999999999999987,0.333,0.406,-0.07300000000000001,0.273,0.306,-0.032999999999999974,"2.67","3.88","-1.211"
"Brown, Ben","676962","2025","472","315",0.279,0.254,0.025000000000000022,0.467,0.45,0.017000000000000015,0.345,0.329,0.01599999999999996,"5.92","4.55","1.375"
"Woods Richardson, Simeon","680573","2025","471","315",0.23,0.214,0.016000000000000014,0.395,0.402,-0.007000000000000006,0.308,0.303,0.0050000000000000044,"4.04","3.79","0.252"
"Cannon, Jonathan","686563","2025","466","335",0.278,0.27,0.008000000000000007,0.494,0.485,0.009000000000000008,0.358,0.353,0.0050000000000000044,"5.82","5.34","0.477"
"Kershaw, Clayton","477132","2025","463","342",0.243,0.249,-0.006000000000000005,0.362,0.377,-0.015000000000000013,0.292,0.303,-0.01100000000000001,"3.35","3.79","-0.435"
"Kolek, Stephen","663568","2025","461","346",0.235,0.26,-0.025000000000000022,0.341,0.406,-0.065,0.28,0.321,-0.04099999999999998,"3.52","4.30","-0.785"
"Gusto, Ryan","687473","2025","453","315",0.28,0.25,0.030000000000000027,0.462,0.447,0.015000000000000013,0.348,0.331,0.01699999999999996,"5.67","4.61","1.056"
"Junk, Janson","676083","2025","447","353",0.266,0.277,-0.01100000000000001,0.397,0.453,-0.055999999999999994,0.295,0.326,-0.031000000000000028,"4.17","4.45","-0.277"
"Wentz, Joey","666214","2025","442","306",0.28,0.257,0.02300000000000002,0.422,0.42,0.0020000000000000018,0.334,0.328,0.006000000000000005,"5.60","4.51","1.092"
"Dollander, Chase","801403","2025","441","304",0.27,0.249,0.02100000000000002,0.454,0.448,0.006000000000000005,0.354,0.347,0.007000000000000006,"6.52","5.13","1.39"
"Civale, Aaron","650644","2025","435","307",0.245,0.233,0.011999999999999983,0.434,0.423,0.01100000000000001,0.323,0.314,0.009000000000000008,"4.85","4.10","0.753"
"Schwellenbach, Spencer","680885","2025","434","306",0.217,0.251,-0.034,0.366,0.395,-0.029000000000000026,0.266,0.294,-0.02799999999999997,"3.09","3.56","-0.47"
"Lauer, Eric","641778","2025","426","296",0.227,0.24,-0.012999999999999984,0.407,0.419,-0.01200000000000001,0.295,0.306,-0.01100000000000001,"3.18","3.88","-0.698"
"Vasil, Mike","678024","2025","423","280",0.204,0.226,-0.02200000000000002,0.312,0.367,-0.05499999999999999,0.284,0.312,-0.028000000000000025,"2.50","4.04","-1.545"
"Alexander, Tyler","641302","2025","423","308",0.277,0.28,-0.0030000000000000027,0.407,0.438,-0.031000000000000028,0.318,0.332,-0.014000000000000012,"4.98","4.64","0.336"
"Rogers, Trevor","669432","2025","423","289",0.18,0.225,-0.04500000000000001,0.263,0.376,-0.11299999999999999,0.226,0.288,-0.06199999999999997,"1.80","3.41","-1.605"
"Greene, Hunter","668881","2025","420","260",0.192,0.201,-0.009000000000000008,0.368,0.372,-0.0040000000000000036,0.267,0.272,-0.0050000000000000044,"2.76","3.02","-0.261"
"Mlodzinski, Carmen","669387","2025","419","299",0.265,0.261,0.0040000000000000036,0.39,0.395,-0.0050000000000000044,0.312,0.313,-0.0010000000000000009,"3.54","4.07","-0.525"
"Nola, Aaron","605400","2025","404","275",0.267,0.246,0.02100000000000002,0.48,0.417,0.063,0.346,0.315,0.030999999999999972,"6.01","4.13","1.881"
"Burrows, Mike","681347","2025","402","269",0.243,0.247,-0.0040000000000000036,0.392,0.425,-0.032999999999999974,0.305,0.322,-0.017000000000000015,"3.94","4.33","-0.392"
"Cantillo, Joey","676282","2025","401","251",0.218,0.228,-0.010000000000000009,0.353,0.37,-0.017000000000000015,0.289,0.3,-0.01100000000000001,"3.21","3.71","-0.5"
"McGreevy, Michael","700241","2025","400","319",0.268,0.274,-0.006000000000000005,0.426,0.457,-0.031000000000000028,0.318,0.332,-0.014000000000000012,"4.42","4.64","-0.218"
"Lopez, Jacob","682052","2025","399","241",0.23,0.21,0.020000000000000018,0.403,0.369,0.03400000000000003,0.317,0.297,0.020000000000000018,"4.08","3.64","0.439"
"Ginn, J.T.","669372","2025","392","256",0.26,0.227,0.033,0.472,0.388,0.08399999999999996,0.344,0.301,0.04299999999999998,"5.08","3.74","1.341"
"Miller, Bryce","682243","2025","392","280",0.267,0.275,-0.008000000000000007,0.483,0.464,0.01899999999999996,0.349,0.352,-0.0030000000000000027,"5.68","5.30","0.379"
"Newcomb, Sean","656794","2025","391","263",0.269,0.25,0.019000000000000017,0.357,0.374,-0.017000000000000015,0.306,0.306,0,"2.73","3.88","-1.151"
"Montero, Keider","672456","2025","389","284",0.268,0.26,0.008000000000000007,0.445,0.446,-0.0010000000000000009,0.337,0.332,0.0050000000000000044,"4.37","4.64","-0.272"
"Hancock, Emerson","676106","2025","385","285",0.269,0.291,-0.021999999999999964,0.445,0.468,-0.02300000000000002,0.339,0.358,-0.01899999999999996,"4.90","5.51","-0.61"
"Pérez, Eury","691587","2025","385","245",0.195,0.203,-0.008000000000000007,0.358,0.366,-0.008000000000000007,0.275,0.281,-0.006000000000000005,"4.25","3.23","1.018"
"Ortiz, Luis","682847","2025","382","243",0.237,0.247,-0.010000000000000009,0.386,0.442,-0.055999999999999994,0.312,0.336,-0.02400000000000002,"4.37","4.77","-0.405"
"Gordon, Colton","676467","2025","379","286",0.293,0.266,0.02699999999999997,0.543,0.471,0.07200000000000006,0.367,0.332,0.034999999999999976,"5.34","4.64","0.697"
"Soroka, Michael","647336","2025","379","240",0.216,0.209,0.007000000000000006,0.374,0.351,0.02300000000000002,0.302,0.293,0.009000000000000008,"4.52","3.53","0.987"
"Spence, Mitch","687765","2025","375","278",0.281,0.284,-0.002999999999999947,0.48,0.508,-0.028000000000000025,0.35,0.363,-0.013000000000000012,"5.10","5.70","-0.598"
"Williams, Trevor","592866","2025","373","285",0.31,0.277,0.032999999999999974,0.477,0.435,0.04199999999999998,0.352,0.33,0.021999999999999964,"6.21","4.58","1.626"
"Glasnow, Tyler","607192","2025","366","214",0.177,0.203,-0.026000000000000023,0.31,0.324,-0.014000000000000012,0.266,0.285,-0.01899999999999996,"3.19","3.33","-0.142"
"Bido, Osvaldo","674370","2025","363","254",0.297,0.253,0.043999999999999984,0.537,0.487,0.050000000000000044,0.384,0.354,0.030000000000000027,"5.87","5.37","0.504"
"Leahy, Kyle","681517","2025","363","254",0.244,0.263,-0.019000000000000017,0.338,0.416,-0.07799999999999996,0.281,0.325,-0.043999999999999984,"3.07","4.42","-1.352"
"Scherzer, Max","453286","2025","358","251",0.262,0.245,0.017000000000000015,0.497,0.483,0.014000000000000012,0.346,0.332,0.013999999999999957,"5.19","4.64","0.548"
"Matthews, Zebby","805673","2025","354","242",0.291,0.264,0.02699999999999997,0.449,0.447,0.0020000000000000018,0.338,0.333,0.0050000000000000044,"5.56","4.67","0.889"
"Evans, Logan","688138","2025","350","256",0.262,0.271,-0.009000000000000008,0.447,0.465,-0.018000000000000016,0.339,0.35,-0.010999999999999954,"4.32","5.23","-0.914"
"Bellozo, Valente","678368","2025","348","266",0.269,0.26,0.009000000000000008,0.465,0.51,-0.044999999999999984,0.339,0.35,-0.010999999999999954,"4.65","5.23","-0.582"
"Latz, Jacob","656641","2025","348","235",0.223,0.246,-0.022999999999999993,0.355,0.395,-0.040000000000000036,0.29,0.315,-0.025000000000000022,"2.84","4.13","-1.293"
"Herget, Jimmy","623474","2025","347","233",0.233,0.217,0.016000000000000014,0.346,0.352,-0.006000000000000005,0.287,0.284,0.0030000000000000027,"2.48","3.31","-0.826"
"Mahle, Tyler","641816","2025","346","251",0.218,0.253,-0.035,0.31,0.413,-0.10299999999999998,0.265,0.319,-0.05399999999999999,"2.18","4.24","-2.059"
"Bivens, Spencer","702352","2025","343","252",0.269,0.247,0.02200000000000002,0.408,0.394,0.013999999999999957,0.322,0.313,0.009000000000000008,"4.00","4.07","-0.07"
"Gordon, Tanner","685299","2025","337","255",0.304,0.294,0.010000000000000009,0.532,0.53,0.0020000000000000018,0.374,0.368,0.006000000000000005,"6.33","5.88","0.452"
"Alexander, Jason","669920","2025","336","242",0.262,0.27,-0.008000000000000007,0.469,0.443,0.025999999999999968,0.341,0.338,0.0030000000000000027,"4.77","4.83","-0.058"
"Casparius, Ben","676508","2025","333","238",0.254,0.24,0.014000000000000012,0.41,0.392,0.01799999999999996,0.312,0.3,0.01200000000000001,"4.63","3.71","0.925"
"Rutledge, Jackson","671131","2025","331","234",0.297,0.255,0.04199999999999998,0.515,0.448,0.067,0.374,0.335,0.03899999999999998,"5.77","4.73","1.038"
"Vargas, Carlos","672841","2025","331","247",0.273,0.246,0.027000000000000024,0.421,0.37,0.05099999999999999,0.327,0.296,0.031000000000000028,"3.97","3.61","0.364"
"Canning, Griffin","656288","2025","327","223",0.24,0.252,-0.01200000000000001,0.363,0.434,-0.07100000000000001,0.303,0.334,-0.031000000000000028,"3.77","4.70","-0.927"
"Ferrer, José A.","678606","2025","324","230",0.276,0.252,0.02400000000000002,0.381,0.353,0.028000000000000025,0.31,0.294,0.016000000000000014,"4.48","3.56","0.92"
"Bergert, Ryan","686701","2025","323","214",0.215,0.238,-0.022999999999999993,0.352,0.41,-0.057999999999999996,0.29,0.322,-0.03200000000000003,"3.65","4.33","-0.675"
"Uceta, Edwin","670955","2025","321","183",0.22,0.219,0.0010000000000000009,0.39,0.395,-0.0050000000000000044,0.3,0.306,-0.006000000000000005,"3.79","3.88","-0.091"
"Schmidt, Clarke","657376","2025","316","212",0.199,0.198,0.0010000000000000009,0.351,0.339,0.011999999999999955,0.277,0.272,0.0050000000000000044,"3.32","3.02","0.298"
"Hicks, Jordan","663855","2025","314","215",0.297,0.266,0.030999999999999972,0.442,0.381,0.061,0.364,0.33,0.033999999999999975,"6.95","4.58","2.37"
"Peralta, Wandy","593974","2025","313","218",0.238,0.252,-0.014000000000000012,0.354,0.385,-0.031000000000000028,0.293,0.311,-0.018000000000000016,"3.14","4.02","-0.88"
"Bazardo, Eduard","660825","2025","313","202",0.189,0.206,-0.016999999999999987,0.311,0.359,-0.04799999999999999,0.252,0.285,-0.032999999999999974,"2.52","3.33","-0.813"
"Phillips, Tyler","663969","2025","313","235",0.226,0.24,-0.013999999999999985,0.352,0.37,-0.018000000000000016,0.284,0.297,-0.013000000000000012,"2.78","3.64","-0.859"
"Holton, Tyler","663947","2025","312","231",0.226,0.25,-0.023999999999999994,0.408,0.413,-0.0050000000000000044,0.288,0.303,-0.015000000000000013,"3.66","3.79","-0.129"
"López, Pablo","641154","2025","312","215",0.225,0.248,-0.022999999999999993,0.34,0.397,-0.056999999999999995,0.274,0.308,-0.033999999999999975,"2.74","3.93","-1.194"
"Matz, Steven","571927","2025","309","237",0.249,0.233,0.015999999999999986,0.396,0.404,-0.008000000000000007,0.291,0.287,0.0040000000000000036,"3.05","3.38","-0.328"
"Eflin, Zach","621107","2025","309","244",0.304,0.265,0.03899999999999998,0.557,0.468,0.08900000000000002,0.378,0.327,0.05099999999999999,"5.93","4.48","1.45"
"King, Michael","650633","2025","308","202",0.224,0.232,-0.008000000000000007,0.397,0.427,-0.02999999999999997,0.305,0.319,-0.014000000000000012,"3.44","4.24","-0.804"
"Kinley, Tyler","641755","2025","308","199",0.196,0.219,-0.022999999999999993,0.304,0.355,-0.05099999999999999,0.263,0.292,-0.02899999999999997,"3.96","3.51","0.453"
"Dreyer, Jack","676263","2025","307","209",0.203,0.2,0.0030000000000000027,0.312,0.33,-0.018000000000000016,0.247,0.257,-0.010000000000000009,"2.95","2.69","0.258"
"Eisert, Brandon","685126","2025","306","202",0.276,0.237,0.039000000000000035,0.496,0.418,0.07800000000000001,0.353,0.314,0.03899999999999998,"4.39","4.10","0.292"
"Megill, Tylor","656731","2025","305","176",0.23,0.22,0.010000000000000009,0.345,0.348,-0.0030000000000000027,0.303,0.306,-0.0030000000000000027,"3.95","3.88","0.071"
"Estrada, Jeremiah","669093","2025","304","166",0.216,0.182,0.034,0.39,0.325,0.065,0.295,0.26,0.034999999999999976,"3.45","2.76","0.692"
"Schlittler, Cam","693645","2025","304","184",0.217,0.23,-0.013000000000000012,0.337,0.384,-0.046999999999999986,0.291,0.314,-0.02300000000000002,"2.96","4.10","-1.141"
"Barlow, Scott","605130","2025","303","177",0.2,0.227,-0.026999999999999996,0.336,0.365,-0.02899999999999997,0.301,0.323,-0.02200000000000002,"4.21","4.36","-0.145"
"Henriquez, Ronny","678692","2025","303","174",0.199,0.182,0.017000000000000015,0.333,0.349,-0.01599999999999996,0.269,0.269,0,"2.22","2.96","-0.741"
"Santillan, Tony","663574","2025","301","191",0.2,0.244,-0.043999999999999984,0.336,0.404,-0.068,0.28,0.322,-0.04199999999999998,"2.44","4.33","-1.887"
"Smith, Cade","671922","2025","300","173",0.201,0.201,0,0.328,0.299,0.029000000000000026,0.255,0.248,0.007000000000000006,"2.93","2.51","0.422"
"Sands, Cole","663485","2025","299","212",0.242,0.234,0.00799999999999998,0.39,0.403,-0.013000000000000012,0.296,0.306,-0.010000000000000009,"4.50","3.88","0.62"
"Anderson, Grant","681982","2025","299","194",0.223,0.243,-0.01999999999999999,0.352,0.36,-0.008000000000000007,0.287,0.3,-0.013000000000000012,"3.23","3.71","-0.48"
"Rogers, Tyler","643511","2025","299","242",0.229,0.246,-0.016999999999999987,0.302,0.31,-0.008000000000000007,0.241,0.256,-0.015000000000000013,"1.98","2.67","-0.692"
"Rodríguez, Yariel","684320","2025","298","192",0.196,0.226,-0.03,0.325,0.385,-0.06,0.281,0.317,-0.035999999999999976,"3.08","4.19","-1.108"
"Birdsong, Hayden","806185","2025","298","188",0.242,0.227,0.014999999999999986,0.425,0.42,0.0050000000000000044,0.338,0.334,0.0040000000000000036,"4.80","4.70","0.097"
"Uribe, Abner","682842","2025","298","175",0.194,0.203,-0.009000000000000008,0.255,0.28,-0.025000000000000022,0.247,0.26,-0.013000000000000012,"1.67","2.76","-1.087"
"Abreu, Bryan","650556","2025","296","156",0.196,0.21,-0.013999999999999985,0.277,0.338,-0.061,0.261,0.288,-0.02699999999999997,"2.28","3.41","-1.128"
"Varland, Louis","686973","2025","296","197",0.244,0.25,-0.006000000000000005,0.383,0.395,-0.01200000000000001,0.299,0.311,-0.01200000000000001,"2.97","4.02","-1.048"
"Darvish, Yu","506433","2025","296","203",0.245,0.218,0.026999999999999996,0.465,0.395,0.07,0.334,0.297,0.03700000000000003,"5.38","3.64","1.735"
"Bachar, Lake","669199","2025","296","188",0.213,0.228,-0.015000000000000013,0.388,0.441,-0.05299999999999999,0.296,0.327,-0.031000000000000028,"3.93","4.48","-0.55"
"Little, Brendon","663893","2025","295","157",0.196,0.194,0.0020000000000000018,0.273,0.291,-0.01799999999999996,0.273,0.286,-0.012999999999999956,"3.03","3.36","-0.331"
"Whitlock, Garrett","676477","2025","293","173",0.206,0.2,0.005999999999999978,0.26,0.311,-0.05099999999999999,0.247,0.261,-0.014000000000000012,"2.25","2.78","-0.53"
"Milner, Hoby","571948","2025","293","212",0.256,0.235,0.02100000000000002,0.38,0.405,-0.025000000000000022,0.298,0.303,-0.0050000000000000044,"3.84","3.79","0.049"
"Ashcraft, Braxton","677952","2025","292","195",0.239,0.236,0.0030000000000000027,0.341,0.351,-0.009999999999999953,0.286,0.289,-0.0030000000000000027,"2.71","3.43","-0.717"
"Sheehan, Emmet","686218","2025","291","178",0.185,0.203,-0.018000000000000016,0.317,0.346,-0.02899999999999997,0.251,0.271,-0.020000000000000018,"2.82","3.00","-0.177"
"Suter, Brent","608718","2025","291","218",0.257,0.25,0.007000000000000006,0.424,0.425,-0.0010000000000000009,0.316,0.314,0.0020000000000000018,"4.52","4.10","0.422"
"Lynch IV, Daniel","663738","2025","289","212",0.26,0.252,0.008000000000000007,0.402,0.414,-0.011999999999999955,0.327,0.328,-0.0010000000000000009,"3.06","4.51","-1.451"
"Francis, Bowden","670102","2025","288","201",0.283,0.281,0.0019999999999999463,0.538,0.501,0.03700000000000003,0.382,0.373,0.009000000000000008,"6.05","6.08","-0.033"
"Hoffman, Jeff","656546","2025","287","172",0.213,0.199,0.013999999999999985,0.447,0.408,0.039000000000000035,0.32,0.301,0.019000000000000017,"4.37","3.74","0.628"
"Duran, Jhoan","661395","2025","287","185",0.221,0.209,0.01200000000000001,0.285,0.296,-0.01100000000000001,0.248,0.248,0,"2.06","2.51","-0.453"
"Rocker, Kumar","677958","2025","287","204",0.277,0.278,-0.0010000000000000009,0.477,0.491,-0.014000000000000012,0.352,0.364,-0.01200000000000001,"5.74","5.73","0.006"
"Morejon, Adrian","670970","2025","286","199",0.186,0.222,-0.036000000000000004,0.236,0.31,-0.07400000000000001,0.208,0.254,-0.04600000000000001,"2.08","2.63","-0.553"
"Meyer, Max","676974","2025","285","195",0.276,0.262,0.014000000000000012,0.46,0.453,0.007000000000000006,0.341,0.337,0.0040000000000000036,"4.73","4.80","-0.068"
"Olson, Reese","681857","2025","285","190",0.228,0.244,-0.015999999999999986,0.335,0.391,-0.055999999999999994,0.287,0.313,-0.026000000000000023,"3.15","4.07","-0.924"
"Armstrong, Shawn","542888","2025","284","184",0.157,0.202,-0.04500000000000001,0.264,0.338,-0.07400000000000001,0.224,0.272,-0.048000000000000015,"2.31","3.02","-0.709"
"Ashcraft, Graham","668933","2025","284","195",0.268,0.243,0.025000000000000022,0.362,0.337,0.024999999999999967,0.309,0.29,0.019000000000000017,"4.00","3.46","0.535"
"Buttó, José","676130","2025","284","191",0.256,0.248,0.008000000000000007,0.388,0.417,-0.02899999999999997,0.318,0.328,-0.010000000000000009,"3.90","4.51","-0.614"
"Vest, Will","676684","2025","284","186",0.236,0.217,0.01899999999999999,0.328,0.315,0.013000000000000012,0.277,0.266,0.01100000000000001,"3.02","2.89","0.125"
"Jax, Griffin","643377","2025","283","161",0.249,0.228,0.02099999999999999,0.385,0.358,0.027000000000000024,0.299,0.282,0.017000000000000015,"4.23","3.26","0.967"
"De Los Santos, Enyel","660853","2025","280","192",0.242,0.246,-0.0040000000000000036,0.397,0.413,-0.01599999999999996,0.308,0.314,-0.006000000000000005,"4.36","4.10","0.264"
"Wrobleski, Justin","680736","2025","280","184",0.255,0.244,0.01100000000000001,0.38,0.359,0.02100000000000002,0.299,0.288,0.01100000000000001,"4.32","3.41","0.91"
"Soto, Gregory","642397","2025","279","174",0.257,0.238,0.019000000000000017,0.344,0.343,0.0009999999999999454,0.312,0.305,0.007000000000000006,"4.18","3.85","0.327"
"Doval, Camilo","666808","2025","278","168",0.214,0.219,-0.0050000000000000044,0.303,0.33,-0.027000000000000024,0.285,0.293,-0.008000000000000007,"3.58","3.53","0.052"
"Weissert, Greg","669711","2025","278","197",0.227,0.22,0.007000000000000006,0.355,0.371,-0.016000000000000014,0.284,0.289,-0.0050000000000000044,"2.82","3.43","-0.609"
"Harris, Hogan","663687","2025","277","178",0.226,0.239,-0.012999999999999984,0.339,0.353,-0.013999999999999957,0.289,0.305,-0.016000000000000014,"3.20","3.85","-0.649"
"Gómez, Yoendrys","672782","2025","277","187",0.247,0.249,-0.0020000000000000018,0.44,0.467,-0.027000000000000024,0.335,0.347,-0.011999999999999955,"5.17","5.13","0.04"
"Hurter, Brant","676428","2025","277","171",0.242,0.227,0.014999999999999986,0.326,0.327,-0.0010000000000000009,0.303,0.297,0.006000000000000005,"2.43","3.64","-1.211"
"Keller, Brad","641745","2025","276","173",0.182,0.197,-0.015000000000000013,0.247,0.296,-0.04899999999999999,0.238,0.261,-0.02300000000000002,"2.07","2.78","-0.713"
"Okert, Steven","595345","2025","276","171",0.181,0.185,-0.0040000000000000036,0.286,0.327,-0.041000000000000036,0.233,0.254,-0.02099999999999999,"3.01","2.63","0.384"
"Chivilli, Angel","683409","2025","275","203",0.309,0.27,0.03899999999999998,0.516,0.478,0.038000000000000034,0.387,0.356,0.031000000000000028,"7.06","5.44","1.617"
"King, Bryan","687911","2025","275","191",0.233,0.222,0.01100000000000001,0.376,0.358,0.018000000000000016,0.282,0.274,0.007999999999999952,"2.78","3.07","-0.291"
"Blalock, Bradley","687134","2025","275","222",0.35,0.322,0.02799999999999997,0.597,0.591,0.006000000000000005,0.423,0.409,0.014000000000000012,"9.36","7.62","1.738"
"Zerpa, Angel","672582","2025","275","193",0.271,0.245,0.026000000000000023,0.425,0.399,0.025999999999999968,0.33,0.311,0.019000000000000017,"4.17","4.02","0.155"
"Junis, Jakob","596001","2025","274","197",0.257,0.256,0.0010000000000000009,0.378,0.406,-0.028000000000000025,0.301,0.312,-0.01100000000000001,"2.97","4.04","-1.07"
"McCullers Jr., Lance","621121","2025","274","166",0.269,0.241,0.028000000000000025,0.463,0.428,0.03500000000000003,0.376,0.353,0.02300000000000002,"6.51","5.34","1.166"
"Gaddis, Hunter","683769","2025","274","179",0.234,0.227,0.007000000000000006,0.383,0.384,-0.0010000000000000009,0.293,0.296,-0.0030000000000000027,"3.10","3.61","-0.505"
"Baker, Bryan","641329","2025","274","174",0.231,0.233,-0.0020000000000000018,0.435,0.447,-0.01200000000000001,0.306,0.311,-0.0050000000000000044,"4.06","4.02","0.043"
"Misiorowski, Jacob","694819","2025","272","152",0.213,0.202,0.010999999999999982,0.36,0.344,0.016000000000000014,0.298,0.288,0.010000000000000009,"4.36","3.41","0.954"
"Matsui, Yuki","673513","2025","272","177",0.227,0.228,-0.0010000000000000009,0.416,0.397,0.01899999999999996,0.318,0.313,0.0050000000000000044,"3.98","4.07","-0.091"
"Gomber, Austin","596295","2025","272","220",0.325,0.279,0.045999999999999985,0.603,0.553,0.04999999999999993,0.411,0.372,0.03899999999999998,"7.49","6.04","1.451"
"Ashby, Aaron","676879","2025","270","165",0.227,0.219,0.008000000000000007,0.311,0.301,0.010000000000000009,0.279,0.275,0.0040000000000000036,"2.16","3.09","-0.93"
"Adam, Jason","592094","2025","270","171",0.21,0.195,0.014999999999999986,0.282,0.309,-0.027000000000000024,0.256,0.26,-0.0040000000000000036,"1.93","2.76","-0.831"
"Santana, Dennis","642701","2025","270","190",0.179,0.216,-0.037000000000000005,0.297,0.403,-0.10600000000000004,0.236,0.292,-0.055999999999999994,"2.17","3.51","-1.335"
"Pagán, Emilio","641941","2025","270","165",0.168,0.181,-0.012999999999999984,0.336,0.346,-0.009999999999999953,0.254,0.266,-0.01200000000000001,"2.88","2.89","-0.007"
"Ferguson, Caleb","657571","2025","270","191",0.229,0.237,-0.00799999999999998,0.301,0.329,-0.028000000000000025,0.271,0.29,-0.01899999999999996,"3.58","3.46","0.122"
"Garcia, Robert","676395","2025","269","178",0.24,0.235,0.0050000000000000044,0.372,0.399,-0.027000000000000024,0.295,0.304,-0.009000000000000008,"2.95","3.82","-0.867"
"Hill, Tim","657612","2025","269","215",0.231,0.241,-0.009999999999999981,0.363,0.383,-0.020000000000000018,0.274,0.287,-0.012999999999999956,"3.09","3.38","-0.29"
"Estévez, Carlos","608032","2025","269","189",0.199,0.228,-0.028999999999999998,0.315,0.403,-0.08800000000000002,0.255,0.299,-0.043999999999999984,"2.46","3.69","-1.235"
"Banda, Anthony","607455","2025","269","171",0.197,0.206,-0.00899999999999998,0.354,0.355,-0.0010000000000000009,0.285,0.295,-0.010000000000000009,"3.19","3.58","-0.395"
"Leasure, Jordan","673929","2025","269","157",0.207,0.19,0.016999999999999987,0.426,0.348,0.07800000000000001,0.312,0.279,0.032999999999999974,"3.92","3.19","0.727"
"Suarez, Robert","663158","2025","269","176",0.189,0.237,-0.04799999999999999,0.293,0.402,-0.10900000000000004,0.235,0.298,-0.063,"2.97","3.66","-0.689"
"Topa, Justin","623437","2025","268","197",0.281,0.281,0,0.376,0.4,-0.02400000000000002,0.311,0.325,-0.014000000000000012,"3.90","4.42","-0.52"
"Koenig, Jared","657649","2025","268","176",0.237,0.198,0.03899999999999998,0.365,0.324,0.04099999999999998,0.294,0.263,0.030999999999999972,"2.86","2.82","0.044"
"Akin, Keegan","669211","2025","268","175",0.233,0.238,-0.004999999999999977,0.401,0.439,-0.03799999999999998,0.318,0.333,-0.015000000000000013,"3.41","4.67","-1.259"
"Kahnle, Tommy","592454","2025","267","185",0.217,0.244,-0.026999999999999996,0.37,0.413,-0.04299999999999998,0.302,0.328,-0.026000000000000023,"4.43","4.51","-0.081"
"Webb, Jacob","657097","2025","267","188",0.202,0.217,-0.014999999999999986,0.358,0.365,-0.007000000000000006,0.27,0.281,-0.01100000000000001,"3.00","3.23","-0.23"
"Banks, Tanner","621383","2025","267","193",0.224,0.252,-0.027999999999999997,0.372,0.42,-0.04799999999999999,0.273,0.303,-0.02999999999999997,"3.07","3.79","-0.716"
"Iglesias, Raisel","628452","2025","267","175",0.206,0.211,-0.0050000000000000044,0.352,0.376,-0.02400000000000002,0.266,0.277,-0.01100000000000001,"3.21","3.14","0.068"
"Sterner, Justin","686993","2025","266","167",0.201,0.203,-0.0020000000000000018,0.35,0.366,-0.016000000000000014,0.278,0.285,-0.006999999999999951,"3.19","3.33","-0.145"
"Walker, Ryan","676254","2025","266","180",0.254,0.251,0.0030000000000000027,0.373,0.367,0.006000000000000005,0.306,0.304,0.0020000000000000018,"4.11","3.82","0.289"
"Lee, Dylan","669276","2025","266","176",0.213,0.202,0.010999999999999982,0.398,0.376,0.02200000000000002,0.279,0.268,0.01100000000000001,"3.29","2.93","0.363"
"Allard, Kolby","663465","2025","266","209",0.261,0.241,0.020000000000000018,0.384,0.39,-0.006000000000000005,0.293,0.286,0.007000000000000006,"2.63","3.36","-0.729"
"Detmers, Reid","672282","2025","266","159",0.244,0.231,0.012999999999999984,0.357,0.363,-0.006000000000000005,0.295,0.296,-0.0010000000000000009,"3.96","3.61","0.348"
"Kerkering, Orion","689147","2025","266","170",0.238,0.227,0.010999999999999982,0.364,0.353,0.01100000000000001,0.3,0.297,0.0030000000000000027,"3.30","3.64","-0.34"
"Schreiber, John","670167","2025","265","183",0.234,0.245,-0.010999999999999982,0.414,0.416,-0.0020000000000000018,0.305,0.311,-0.006000000000000005,"3.80","4.02","-0.223"
"Burnes, Corbin","669203","2025","265","173",0.21,0.227,-0.017000000000000015,0.356,0.385,-0.029000000000000026,0.288,0.305,-0.017000000000000015,"2.66","3.85","-1.192"
"Yarbrough, Ryan","642232","2025","264","188",0.24,0.256,-0.016000000000000014,0.438,0.422,0.016000000000000014,0.318,0.32,-0.0020000000000000018,"4.36","4.27","0.089"
"Manaea, Sean","640455","2025","263","169",0.257,0.24,0.017000000000000015,0.473,0.422,0.05099999999999999,0.337,0.31,0.027000000000000024,"5.64","3.99","1.647"
"Brazobán, Huascar","623211","2025","262","174",0.227,0.225,0.0020000000000000018,0.347,0.361,-0.014000000000000012,0.294,0.309,-0.015000000000000013,"3.57","3.96","-0.389"
"Weaver, Luke","596133","2025","262","168",0.195,0.193,0.0020000000000000018,0.364,0.359,0.0050000000000000044,0.269,0.268,0.0010000000000000009,"3.62","2.93","0.689"
"Mejia, Juan","675848","2025","261","162",0.23,0.199,0.031,0.385,0.297,0.08800000000000002,0.309,0.271,0.03799999999999998,"3.96","3.00","0.962"
"Domínguez, Seranthony","622554","2025","261","144",0.198,0.198,0,0.302,0.297,0.0050000000000000044,0.28,0.282,-0.0019999999999999463,"3.16","3.26","-0.1"
"Hanifee, Brenan","669724","2025","260","204",0.267,0.271,-0.0040000000000000036,0.379,0.417,-0.03799999999999998,0.299,0.315,-0.016000000000000014,"3.00","4.13","-1.13"
"Williams, Devin","642207","2025","259","140",0.197,0.192,0.0050000000000000044,0.32,0.314,0.006000000000000005,0.271,0.272,-0.0010000000000000009,"4.79","3.02","1.77"
"Díaz, Edwin","621242","2025","258","131",0.164,0.17,-0.006000000000000005,0.244,0.264,-0.020000000000000018,0.234,0.247,-0.012999999999999984,"1.63","2.49","-0.862"
"Woodruff, Brandon","605540","2025","257","156",0.188,0.171,0.016999999999999987,0.331,0.299,0.03200000000000003,0.252,0.232,0.01999999999999999,"3.20","2.20","1.001"
"Ragans, Cole","666142","2025","257","137",0.228,0.187,0.04100000000000001,0.384,0.322,0.062,0.295,0.256,0.03899999999999998,"4.67","2.67","2"
"Alcala, Jorge","660896","2025","257","165",0.299,0.236,0.063,0.552,0.428,0.12400000000000005,0.393,0.327,0.066,"6.22","4.48","1.738"
"Burke, Brock","656271","2025","257","184",0.254,0.249,0.0050000000000000044,0.417,0.393,0.023999999999999966,0.308,0.303,0.0050000000000000044,"3.36","3.79","-0.433"
"Strahm, Matt","621381","2025","256","164",0.208,0.197,0.010999999999999982,0.341,0.33,0.01100000000000001,0.267,0.261,0.006000000000000005,"2.74","2.78","-0.037"
"Zeferjahn, Ryan","666171","2025","256","145",0.227,0.218,0.009000000000000008,0.431,0.404,0.02699999999999997,0.335,0.322,0.013000000000000012,"4.74","4.33","0.407"
"Young, Brandon","687064","2025","256","187",0.291,0.241,0.04999999999999999,0.522,0.439,0.08300000000000002,0.372,0.32,0.05199999999999999,"6.24","4.27","1.973"
"Dobbins, Hunter","690928","2025","256","192",0.257,0.241,0.016000000000000014,0.401,0.415,-0.013999999999999957,0.31,0.308,0.0020000000000000018,"4.13","3.93","0.201"
"Stanek, Ryne","592773","2025","255","165",0.253,0.236,0.017000000000000015,0.403,0.411,-0.007999999999999952,0.33,0.327,0.0030000000000000027,"5.30","4.48","0.824"
"Romero, JoJo","668941","2025","255","168",0.217,0.22,-0.0030000000000000027,0.286,0.343,-0.05700000000000005,0.265,0.291,-0.025999999999999968,"2.07","3.48","-1.414"
"Faucher, Calvin","676534","2025","255","169",0.236,0.263,-0.027000000000000024,0.369,0.387,-0.018000000000000016,0.302,0.321,-0.019000000000000017,"3.28","4.30","-1.018"
"Muñoz, Andrés","662253","2025","254","138",0.167,0.194,-0.026999999999999996,0.222,0.293,-0.07099999999999998,0.228,0.263,-0.035,"1.73","2.82","-1.087"
"Snell, Blake","605483","2025","254","156",0.23,0.224,0.006000000000000005,0.315,0.321,-0.006000000000000005,0.278,0.283,-0.004999999999999949,"2.35","3.28","-0.932"
"Montero, Rafael","606160","2025","253","158",0.195,0.204,-0.00899999999999998,0.316,0.327,-0.01100000000000001,0.283,0.295,-0.01200000000000001,"4.47","3.58","0.895"
"Helsley, Ryan","664854","2025","252","163",0.275,0.242,0.03300000000000003,0.437,0.395,0.04199999999999998,0.336,0.31,0.026000000000000023,"4.50","3.99","0.51"
"Cano, Yennier","666974","2025","251","170",0.284,0.234,0.04999999999999996,0.422,0.351,0.07100000000000001,0.342,0.297,0.04500000000000004,"5.12","3.64","1.481"
"Bednar, David","670280","2025","251","145",0.2,0.204,-0.003999999999999976,0.304,0.339,-0.03500000000000003,0.249,0.264,-0.015000000000000013,"2.30","2.84","-0.542"
"Maton, Phil","664208","2025","249","137",0.196,0.195,0.0010000000000000009,0.294,0.283,0.01100000000000001,0.266,0.265,0.0010000000000000009,"2.79","2.87","-0.082"
"Erceg, Lucas","668674","2025","249","179",0.238,0.248,-0.010000000000000009,0.339,0.388,-0.04899999999999999,0.283,0.305,-0.02200000000000002,"2.64","3.85","-1.209"
"Bird, Jake","656234","2025","248","154",0.276,0.235,0.041000000000000036,0.438,0.373,0.065,0.34,0.305,0.03500000000000003,"5.53","3.85","1.68"
"Ferguson, Tyler","621053","2025","246","154",0.214,0.209,0.0050000000000000044,0.328,0.34,-0.01200000000000001,0.296,0.301,-0.0050000000000000044,"4.66","3.74","0.915"
"Ureña, José","570632","2025","245","185",0.263,0.291,-0.02799999999999997,0.452,0.542,-0.09000000000000002,0.342,0.389,-0.046999999999999986,"4.58","6.73","-2.148"
"Fairbanks, Pete","664126","2025","244","166",0.201,0.219,-0.017999999999999988,0.348,0.338,0.009999999999999953,0.269,0.275,-0.006000000000000005,"2.83","3.09","-0.256"
"Gil, Luis","661563","2025","244","169",0.226,0.255,-0.028999999999999998,0.365,0.42,-0.05499999999999999,0.311,0.342,-0.031000000000000028,"3.32","4.96","-1.644"
"Speier, Gabe","642100","2025","243","145",0.192,0.187,0.0050000000000000044,0.326,0.31,0.016000000000000014,0.247,0.247,0,"2.61","2.49","0.123"
"Cleavinger, Garrett","664076","2025","243","136",0.184,0.205,-0.02099999999999999,0.341,0.333,0.008000000000000007,0.271,0.28,-0.009000000000000008,"2.35","3.21","-0.862"
"Seymour, Ian","693855","2025","242","156",0.221,0.237,-0.015999999999999986,0.327,0.384,-0.056999999999999995,0.274,0.308,-0.033999999999999975,"3.63","3.93","-0.298"
"Wilson, Steven","621051","2025","241","165",0.239,0.236,0.0030000000000000027,0.373,0.382,-0.009000000000000008,0.296,0.302,-0.006000000000000005,"3.42","3.77","-0.354"
"Henry, Cole","669371","2025","241","146",0.219,0.212,0.007000000000000006,0.367,0.366,0.0010000000000000009,0.328,0.326,0.0020000000000000018,"4.27","4.45","-0.178"
"Johnson, Pierce","572955","2025","238","159",0.242,0.228,0.013999999999999985,0.4,0.395,0.0050000000000000044,0.302,0.297,0.0050000000000000044,"3.05","3.64","-0.589"
"Garrett, Reed","657585","2025","238","147",0.223,0.227,-0.0040000000000000036,0.351,0.342,0.008999999999999952,0.292,0.292,0,"3.90","3.51","0.394"
"Scott, Tanner","656945","2025","237","156",0.254,0.246,0.008000000000000007,0.46,0.418,0.04200000000000004,0.332,0.317,0.015000000000000013,"4.74","4.19","0.547"
"Vesia, Alex","681911","2025","237","130",0.181,0.184,-0.0030000000000000027,0.348,0.346,0.0020000000000000018,0.269,0.274,-0.0050000000000000044,"3.02","3.07","-0.053"
"Bummer, Aaron","607481","2025","236","156",0.25,0.267,-0.017000000000000015,0.373,0.371,0.0020000000000000018,0.31,0.318,-0.008000000000000007,"3.81","4.22","-0.41"
"Miller, Mason","695243","2025","234","101",0.139,0.157,-0.017999999999999988,0.248,0.279,-0.031000000000000028,0.225,0.249,-0.023999999999999994,"2.63","2.53","0.097"
"Jansen, Kenley","445276","2025","234","157",0.175,0.213,-0.038000000000000006,0.321,0.425,-0.10399999999999998,0.246,0.301,-0.05499999999999999,"2.59","3.74","-1.147"
"Svanson, Matt","694335","2025","234","142",0.16,0.201,-0.04100000000000001,0.248,0.337,-0.08900000000000002,0.225,0.275,-0.05000000000000002,"1.94","3.09","-1.151"
"García, Luis","472610","2025","233","159",0.271,0.262,0.009000000000000008,0.394,0.418,-0.023999999999999966,0.32,0.326,-0.006000000000000005,"3.42","4.45","-1.034"
"Beck, Tristan","663941","2025","232","173",0.223,0.261,-0.038000000000000006,0.379,0.429,-0.04999999999999999,0.286,0.326,-0.040000000000000036,"4.61","4.45","0.156"
"Beeks, Jalen","656222","2025","231","162",0.202,0.235,-0.032999999999999974,0.341,0.398,-0.056999999999999995,0.271,0.306,-0.034999999999999976,"3.77","3.88","-0.113"
"Gibson, Cade","806188","2025","230","160",0.219,0.244,-0.024999999999999994,0.318,0.347,-0.02899999999999997,0.279,0.304,-0.024999999999999967,"2.63","3.82","-1.186"
"Waldrep, Hurston","694462","2025","229","149",0.222,0.251,-0.028999999999999998,0.305,0.359,-0.05399999999999999,0.276,0.306,-0.02999999999999997,"2.88","3.88","-1.004"
"Finnegan, Kyle","640448","2025","229","154",0.221,0.226,-0.0050000000000000044,0.348,0.337,0.010999999999999954,0.273,0.278,-0.0050000000000000044,"3.47","3.16","0.314"
"Festa, David","701581","2025","229","153",0.24,0.243,-0.0030000000000000027,0.422,0.465,-0.04300000000000004,0.322,0.338,-0.016000000000000014,"5.40","4.83","0.57"
"Ross, Joe","605452","2025","228","168",0.282,0.286,-0.0040000000000000036,0.495,0.52,-0.025000000000000022,0.356,0.373,-0.017000000000000015,"5.12","6.08","-0.962"
"Pérez, Martín","527048","2025","228","160",0.198,0.249,-0.05099999999999999,0.347,0.492,-0.14500000000000002,0.278,0.354,-0.07599999999999996,"3.54","5.37","-1.834"
"Chapman, Aroldis","547973","2025","228","128",0.132,0.175,-0.04299999999999998,0.198,0.278,-0.08000000000000002,0.177,0.225,-0.048000000000000015,"1.17","2.07","-0.896"
"Festa, Matt","670036","2025","226","150",0.221,0.232,-0.01100000000000001,0.322,0.341,-0.019000000000000017,0.268,0.29,-0.021999999999999964,"4.12","3.46","0.656"
"Boyle, Joe","671212","2025","226","137",0.221,0.218,0.0030000000000000027,0.374,0.378,-0.0040000000000000036,0.312,0.312,0,"4.67","4.04","0.633"
"Bernardino, Brennan","657514","2025","225","151",0.205,0.21,-0.0050000000000000044,0.263,0.325,-0.062,0.256,0.287,-0.030999999999999972,"3.13","3.38","-0.245"
"Wilson, Bryse","669060","2025","224","174",0.335,0.336,-0.0010000000000000009,0.57,0.578,-0.008000000000000007,0.41,0.422,-0.01200000000000001,"6.66","8.26","-1.605"
"King, John","667463","2025","222","180",0.316,0.29,0.026000000000000023,0.466,0.441,0.025000000000000022,0.357,0.337,0.019999999999999962,"4.66","4.80","-0.145"
"Mears, Nick","683232","2025","222","161",0.213,0.259,-0.04600000000000001,0.371,0.466,-0.09500000000000003,0.266,0.324,-0.057999999999999996,"3.49","4.39","-0.896"
"Rogers, Taylor","573124","2025","221","142",0.247,0.23,0.016999999999999987,0.437,0.406,0.030999999999999972,0.329,0.315,0.014000000000000012,"3.38","4.13","-0.755"
"Myers, Tobias","668964","2025","220","165",0.269,0.263,0.006000000000000005,0.398,0.43,-0.03199999999999997,0.315,0.324,-0.009000000000000008,"3.55","4.39","-0.837"
"Thielbar, Caleb","573204","2025","220","151",0.186,0.2,-0.014000000000000012,0.314,0.321,-0.007000000000000006,0.236,0.247,-0.01100000000000001,"2.64","2.49","0.148"
"Legumina, Casey","668984","2025","219","137",0.247,0.217,0.03,0.405,0.378,0.027000000000000024,0.325,0.304,0.02100000000000002,"5.62","3.82","1.797"
"Leiter Jr., Mark","643410","2025","219","144",0.289,0.235,0.05399999999999999,0.426,0.364,0.062,0.343,0.301,0.04200000000000004,"4.84","3.74","1.101"
"Cavalli, Cade","676917","2025","219","158",0.289,0.259,0.02999999999999997,0.447,0.393,0.05399999999999999,0.347,0.315,0.03199999999999997,"4.25","4.13","0.123"
"Jackson, Luke","592426","2025","219","150",0.225,0.239,-0.013999999999999985,0.313,0.398,-0.08500000000000002,0.286,0.321,-0.03500000000000003,"4.06","4.30","-0.241"
"Jobe, Jackson","695549","2025","218","150",0.249,0.243,0.006000000000000005,0.422,0.438,-0.016000000000000014,0.337,0.34,-0.0030000000000000027,"4.22","4.90","-0.676"
"Palencia, Daniel","694037","2025","215","136",0.224,0.225,-0.0010000000000000009,0.362,0.354,0.008000000000000007,0.284,0.282,0.0020000000000000018,"2.90","3.26","-0.355"
"Fluharty, Mason","689254","2025","215","133",0.193,0.205,-0.011999999999999983,0.332,0.35,-0.01799999999999996,0.271,0.284,-0.012999999999999956,"4.44","3.31","1.133"
"Vodnik, Victor","680767","2025","215","140",0.239,0.233,0.005999999999999978,0.372,0.394,-0.02200000000000002,0.308,0.317,-0.009000000000000008,"3.02","4.19","-1.17"
"Gilbert, Tyler","656457","2025","215","140",0.215,0.22,-0.0050000000000000044,0.355,0.404,-0.049000000000000044,0.291,0.312,-0.02100000000000002,"3.88","4.04","-0.158"
"Carrasco, Carlos","471911","2025","212","161",0.316,0.281,0.034999999999999976,0.56,0.468,0.09200000000000003,0.393,0.354,0.039000000000000035,"7.09","5.37","1.725"
"Walter, Brandon","687888","2025","212","153",0.225,0.237,-0.011999999999999983,0.422,0.39,0.03199999999999997,0.288,0.282,0.006000000000000005,"3.35","3.26","0.094"
"Montgomery, Mason","682254","2025","209","118",0.277,0.243,0.03400000000000003,0.435,0.401,0.033999999999999975,0.354,0.33,0.023999999999999966,"5.67","4.58","1.094"
"Kittredge, Andrew","552640","2025","208","133",0.211,0.209,0.0020000000000000018,0.371,0.35,0.02100000000000002,0.266,0.261,0.0050000000000000044,"3.40","2.78","0.616"
"Wilson, Justin","458677","2025","207","128",0.262,0.236,0.026000000000000023,0.366,0.363,0.0030000000000000027,0.309,0.296,0.013000000000000012,"3.35","3.61","-0.258"
"Trivino III, Lou","642152","2025","207","146",0.258,0.252,0.006000000000000005,0.399,0.443,-0.043999999999999984,0.323,0.346,-0.022999999999999965,"3.96","5.09","-1.125"
"Clarke, Taylor","664199","2025","206","152",0.194,0.238,-0.043999999999999984,0.357,0.415,-0.057999999999999996,0.256,0.298,-0.04199999999999998,"3.25","3.66","-0.407"
"Hader, Josh","623352","2025","206","111",0.158,0.148,0.010000000000000009,0.342,0.271,0.07100000000000001,0.249,0.221,0.027999999999999997,"2.05","2.00","0.051"
"Bender, Anthony","669622","2025","204","139",0.177,0.215,-0.038000000000000006,0.276,0.365,-0.08899999999999997,0.245,0.294,-0.04899999999999999,"2.16","3.56","-1.4"
"Pomeranz, Drew","519141","2025","203","126",0.21,0.215,-0.0050000000000000044,0.304,0.365,-0.061,0.265,0.291,-0.025999999999999968,"2.17","3.48","-1.306"
"Hernández, Carlos","672578","2025","203","140",0.286,0.274,0.011999999999999955,0.4,0.468,-0.068,0.338,0.359,-0.020999999999999963,"6.23","5.55","0.681"
"Houck, Tanner","656557","2025","203","149",0.318,0.293,0.025000000000000022,0.531,0.491,0.040000000000000036,0.395,0.376,0.019000000000000017,"8.04","6.19","1.848"
"Fisher, Braydon","680755","2025","202","118",0.181,0.206,-0.024999999999999994,0.282,0.35,-0.068,0.248,0.285,-0.03699999999999998,"2.70","3.33","-0.63"
"Clase, Emmanuel","661403","2025","201","138",0.256,0.229,0.026999999999999996,0.344,0.336,0.007999999999999952,0.285,0.277,0.007999999999999952,"3.23","3.14","0.092"
"Enns, Dietrich","608650","2025","200","136",0.273,0.25,0.02300000000000002,0.421,0.365,0.055999999999999994,0.318,0.288,0.030000000000000027,"4.08","3.41","0.669"
"Cruz, Fernando","518585","2025","200","101",0.192,0.198,-0.006000000000000005,0.32,0.332,-0.01200000000000001,0.281,0.288,-0.006999999999999951,"3.56","3.41","0.153"
"Brogdon, Connor","641401","2025","199","132",0.253,0.223,0.03,0.5,0.433,0.067,0.341,0.305,0.03600000000000003,"5.55","3.85","1.703"
"Morales, Luis","806960","2025","199","137",0.212,0.238,-0.025999999999999995,0.397,0.442,-0.044999999999999984,0.297,0.325,-0.028000000000000025,"3.14","4.42","-1.276"
"Blanco, Ronel","669854","2025","199","131",0.21,0.199,0.010999999999999982,0.381,0.354,0.027000000000000024,0.292,0.279,0.012999999999999956,"4.10","3.19","0.907"
"Brash, Matt","666374","2025","199","121",0.236,0.223,0.012999999999999984,0.339,0.336,0.0030000000000000027,0.288,0.282,0.006000000000000005,"2.47","3.26","-0.788"
"O'Brien, Riley","676617","2025","199","125",0.196,0.234,-0.038000000000000006,0.274,0.306,-0.03199999999999997,0.27,0.296,-0.025999999999999968,"2.06","3.61","-1.547"
"Sousa, Bennett","656986","2025","199","125",0.204,0.198,0.005999999999999978,0.331,0.335,-0.0040000000000000036,0.261,0.266,-0.0050000000000000044,"2.84","2.89","-0.048"
"Mattson, Isaac","676755","2025","198","132",0.203,0.208,-0.004999999999999977,0.314,0.361,-0.046999999999999986,0.264,0.283,-0.01899999999999996,"2.46","3.28","-0.825"
"Rodríguez, Randy","678495","2025","198","116",0.187,0.188,-0.0010000000000000009,0.286,0.308,-0.02200000000000002,0.239,0.251,-0.01200000000000001,"1.78","2.57","-0.794"
"Fitts, Richard","690916","2025","195","134",0.251,0.266,-0.015000000000000013,0.456,0.487,-0.030999999999999972,0.337,0.361,-0.023999999999999966,"5.00","5.62","-0.62"
"Ort, Kaleb","672391","2025","194","116",0.213,0.187,0.025999999999999995,0.396,0.345,0.051000000000000045,0.316,0.287,0.029000000000000026,"4.89","3.38","1.511"
"Herrin, Tim","682120","2025","194","113",0.239,0.223,0.015999999999999986,0.387,0.349,0.038000000000000034,0.339,0.324,0.015000000000000013,"4.85","4.39","0.462"
"Blewett, Scott","656240","2025","194","140",0.263,0.248,0.015000000000000013,0.462,0.446,0.016000000000000014,0.343,0.332,0.01100000000000001,"5.48","4.64","0.841"
"Rolison, Ryan","669020","2025","193","148",0.324,0.284,0.040000000000000036,0.565,0.49,0.07499999999999996,0.406,0.363,0.04300000000000004,"7.02","5.70","1.316"
"Graceffo, Gordon","700669","2025","193","138",0.286,0.271,0.014999999999999958,0.457,0.427,0.030000000000000027,0.34,0.325,0.015000000000000013,"6.28","4.42","1.859"
"Boushley, Caleb","676961","2025","193","136",0.305,0.306,-0.0010000000000000009,0.458,0.496,-0.03799999999999998,0.356,0.37,-0.014000000000000012,"6.02","5.96","0.063"
"Morgan, David","688158","2025","193","118",0.208,0.223,-0.015000000000000013,0.327,0.348,-0.020999999999999963,0.287,0.301,-0.014000000000000012,"2.66","3.74","-1.078"
"Megill, Trevor","656730","2025","192","115",0.209,0.221,-0.01200000000000001,0.326,0.364,-0.03799999999999998,0.259,0.281,-0.02200000000000002,"2.49","3.23","-0.741"
"Smith-Shawver, AJ","700363","2025","191","128",0.249,0.295,-0.045999999999999985,0.379,0.503,-0.124,0.315,0.378,-0.063,"3.86","6.27","-2.413"
"Green, Chad","643338","2025","190","140",0.291,0.268,0.022999999999999965,0.566,0.557,0.008999999999999897,0.385,0.37,0.015000000000000013,"5.57","5.96","-0.395"
"Long, Sam","669674","2025","189","132",0.291,0.262,0.02899999999999997,0.467,0.423,0.04400000000000004,0.369,0.342,0.02699999999999997,"5.36","4.96","0.395"
"Cruz, Steven","674444","2025","189","132",0.213,0.221,-0.008000000000000007,0.343,0.357,-0.013999999999999957,0.28,0.289,-0.008999999999999952,"3.75","3.43","0.315"
"McLean, Nolan","690997","2025","188","113",0.2,0.226,-0.025999999999999995,0.294,0.359,-0.065,0.259,0.294,-0.034999999999999976,"2.06","3.56","-1.497"
"Burns, Chase","695505","2025","188","105",0.24,0.217,0.022999999999999993,0.409,0.377,0.03199999999999997,0.311,0.29,0.02100000000000002,"4.57","3.46","1.109"
"Ohtani, Shohei","660271","2025","187","117",0.227,0.214,0.013000000000000012,0.313,0.322,-0.009000000000000008,0.249,0.249,0,"2.87","2.53","0.342"
"Cabrera, Génesis","650893","2025","187","132",0.279,0.246,0.03300000000000003,0.545,0.451,0.09400000000000003,0.38,0.333,0.046999999999999986,"6.54","4.67","1.869"
"Romano, Jordan","605447","2025","187","120",0.276,0.223,0.05300000000000002,0.515,0.417,0.09800000000000003,0.365,0.313,0.05199999999999999,"8.23","4.07","4.157"
"Miller, Shelby","571946","2025","186","113",0.201,0.226,-0.024999999999999994,0.323,0.378,-0.05499999999999999,0.26,0.292,-0.03199999999999997,"2.74","3.51","-0.771"
"Englert, Mason","669438","2025","185","128",0.251,0.271,-0.020000000000000018,0.345,0.417,-0.07200000000000001,0.285,0.32,-0.03500000000000003,"3.83","4.27","-0.442"
"Knack, Landon","689017","2025","185","122",0.247,0.261,-0.014000000000000012,0.488,0.495,-0.007000000000000006,0.35,0.362,-0.01200000000000001,"4.89","5.66","-0.77"
"Alvarado, Elvis","665660","2025","183","109",0.214,0.221,-0.007000000000000006,0.371,0.362,0.009000000000000008,0.305,0.304,0.0010000000000000009,"3.19","3.82","-0.631"
"Funderburk, Kody","681892","2025","183","122",0.275,0.245,0.030000000000000027,0.369,0.342,0.02699999999999997,0.321,0.3,0.02100000000000002,"3.51","3.71","-0.198"
"Pressly, Ryan","519151","2025","182","134",0.287,0.282,0.0050000000000000044,0.45,0.438,0.01200000000000001,0.356,0.35,0.006000000000000005,"4.36","5.23","-0.875"
"Shugart, Chase","663767","2025","181","132",0.206,0.24,-0.034,0.388,0.441,-0.05299999999999999,0.286,0.332,-0.04600000000000004,"3.40","4.64","-1.24"
"Thornton, Trent","663423","2025","180","130",0.258,0.265,-0.007000000000000006,0.403,0.44,-0.03699999999999998,0.317,0.339,-0.02200000000000002,"4.68","4.86","-0.183"
"Bowlan, Jonathan","680742","2025","180","117",0.23,0.222,0.008000000000000007,0.398,0.399,-0.0010000000000000009,0.305,0.303,0.0020000000000000018,"3.86","3.79","0.067"
"Melton, Troy","675512","2025","180","128",0.191,0.209,-0.017999999999999988,0.346,0.406,-0.06000000000000005,0.268,0.297,-0.02899999999999997,"2.76","3.64","-0.881"
"Yates, Kirby","489446","2025","179","108",0.239,0.227,0.011999999999999983,0.516,0.422,0.09400000000000003,0.354,0.318,0.035999999999999976,"5.23","4.22","1.006"
"Hart, Kyle","606996","2025","179","127",0.233,0.219,0.014000000000000012,0.448,0.402,0.045999999999999985,0.32,0.299,0.02100000000000002,"5.86","3.69","2.17"
"Lively, Ben","594902","2025","178","134",0.233,0.246,-0.012999999999999984,0.393,0.46,-0.067,0.302,0.332,-0.030000000000000027,"3.22","4.64","-1.416"
"Orze, Eric","679358","2025","178","116",0.244,0.214,0.03,0.378,0.356,0.02200000000000002,0.317,0.297,0.020000000000000018,"3.02","3.64","-0.616"
"Flexen, Chris","623167","2025","178","144",0.232,0.275,-0.04300000000000001,0.372,0.478,-0.10599999999999998,0.285,0.346,-0.061,"3.09","5.09","-1.998"
"Montas, Frankie","593423","2025","178","131",0.298,0.279,0.01899999999999996,0.534,0.483,0.051000000000000045,0.38,0.353,0.027000000000000024,"6.28","5.34","0.944"
"Coulombe, Danny","543056","2025","176","115",0.205,0.242,-0.037000000000000005,0.288,0.381,-0.09300000000000003,0.261,0.309,-0.04799999999999999,"2.30","3.96","-1.658"
"Blackburn, Paul","621112","2025","175","128",0.296,0.244,0.05199999999999999,0.503,0.399,0.10399999999999998,0.359,0.31,0.04899999999999999,"6.23","3.99","2.241"
"Thompson, Ryan","657044","2025","175","124",0.263,0.234,0.028999999999999998,0.381,0.381,0,0.308,0.295,0.013000000000000012,"3.92","3.58","0.339"
"Palmquist, Carson","687223","2025","175","120",0.321,0.256,0.065,0.614,0.516,0.09799999999999998,0.43,0.378,0.05199999999999999,"8.91","6.27","2.643"
"Stroman, Marcus","573186","2025","175","131",0.282,0.275,0.006999999999999951,0.468,0.497,-0.02899999999999997,0.356,0.367,-0.01100000000000001,"6.23","5.84","0.391"
"Abel, Mick","690953","2025","174","118",0.274,0.269,0.0050000000000000044,0.465,0.455,0.010000000000000009,0.351,0.346,0.0050000000000000044,"6.23","5.09","1.141"
"Martin, Chris","455119","2025","173","122",0.262,0.258,0.0040000000000000036,0.39,0.426,-0.035999999999999976,0.291,0.302,-0.01100000000000001,"2.98","3.77","-0.794"
"Soriano, George","666277","2025","173","115",0.307,0.309,-0.0020000000000000018,0.567,0.54,0.026999999999999913,0.405,0.402,0.0030000000000000027,"8.35","7.30","1.045"
"Ogasawara, Shinnosuke","829272","2025","173","123",0.289,0.263,0.025999999999999968,0.523,0.469,0.05400000000000005,0.377,0.355,0.02200000000000002,"6.98","5.41","1.573"
"Richardson, Lyon","680689","2025","172","119",0.255,0.273,-0.018000000000000016,0.372,0.413,-0.04099999999999998,0.311,0.345,-0.033999999999999975,"4.54","5.06","-0.52"
"Halvorsen, Seth","678020","2025","172","116",0.273,0.238,0.03500000000000003,0.493,0.417,0.07600000000000001,0.364,0.323,0.04099999999999998,"4.99","4.36","0.632"
"Kelly, Kevin","687330","2025","171","127",0.281,0.292,-0.010999999999999954,0.556,0.573,-0.016999999999999904,0.364,0.381,-0.017000000000000015,"5.90","6.39","-0.491"
"Woodford, Jake","663765","2025","170","131",0.298,0.288,0.010000000000000009,0.424,0.427,-0.0030000000000000027,0.343,0.344,-0.0009999999999999454,"6.44","5.03","1.41"
"Oviedo, Johan","670912","2025","170","102",0.182,0.211,-0.028999999999999998,0.336,0.378,-0.04199999999999998,0.291,0.316,-0.025000000000000022,"3.57","4.16","-0.59"
"Lazar, Max","676661","2025","170","132",0.261,0.309,-0.04799999999999999,0.452,0.505,-0.05299999999999999,0.329,0.371,-0.04199999999999998,"4.79","6.00","-1.21"
"DeSclafani, Anthony","543101","2025","169","116",0.25,0.232,0.017999999999999988,0.527,0.425,0.10200000000000004,0.354,0.316,0.03799999999999998,"5.12","4.16","0.961"
"Nicolas, Kyle","693312","2025","167","113",0.233,0.235,-0.001999999999999974,0.356,0.381,-0.025000000000000022,0.303,0.316,-0.013000000000000012,"4.74","4.16","0.577"
"Kelly, Michael","547184","2025","166","117",0.224,0.251,-0.026999999999999996,0.378,0.445,-0.067,0.301,0.338,-0.03700000000000003,"3.18","4.83","-1.654"
"Hamilton, Ian","641656","2025","166","100",0.201,0.219,-0.017999999999999988,0.353,0.388,-0.03500000000000003,0.296,0.315,-0.019000000000000017,"4.28","4.13","0.145"
"Weathers, Ryan","677960","2025","166","116",0.245,0.236,0.009000000000000008,0.43,0.418,0.01200000000000001,0.317,0.309,0.008000000000000007,"3.99","3.96","0.031"
"Lucchesi, Joey","664192","2025","165","120",0.235,0.231,0.003999999999999976,0.383,0.371,0.01200000000000001,0.298,0.293,0.0050000000000000044,"3.76","3.53","0.227"
"Messick, Parker","800048","2025","165","121",0.289,0.236,0.05299999999999999,0.409,0.367,0.04199999999999998,0.315,0.274,0.04099999999999998,"2.72","3.07","-0.347"
"Hernández, Daysbel","678226","2025","163","99",0.206,0.203,0.002999999999999975,0.313,0.342,-0.029000000000000026,0.31,0.318,-0.008000000000000007,"3.40","4.22","-0.815"
"Winn, Cole","668390","2025","162","106",0.167,0.216,-0.04899999999999999,0.297,0.407,-0.10999999999999999,0.255,0.317,-0.062,"1.51","4.19","-2.678"
"Sasaki, Roki","808963","2025","161","108",0.221,0.243,-0.021999999999999992,0.404,0.472,-0.06799999999999995,0.331,0.362,-0.030999999999999972,"4.46","5.66","-1.201"
"Perkins, Jack","678022","2025","161","104",0.193,0.214,-0.02099999999999999,0.321,0.351,-0.02999999999999997,0.277,0.297,-0.019999999999999962,"4.19","3.64","0.55"
"De los Santos, Yerry","660787","2025","160","114",0.266,0.268,-0.0020000000000000018,0.331,0.38,-0.04899999999999999,0.307,0.325,-0.018000000000000016,"3.28","4.42","-1.14"
"Molina, Anthony","683627","2025","160","126",0.351,0.322,0.02899999999999997,0.649,0.606,0.04300000000000004,0.435,0.405,0.02999999999999997,"7.27","7.44","-0.171"
"Stewart, Brock","592779","2025","159","98",0.227,0.191,0.036000000000000004,0.333,0.303,0.030000000000000027,0.284,0.259,0.024999999999999967,"2.63","2.74","-0.112"
"Bieber, Shane","669456","2025","159","114",0.225,0.261,-0.036000000000000004,0.417,0.464,-0.04700000000000004,0.293,0.327,-0.03400000000000003,"3.57","4.48","-0.91"
"Adams, Travis","701519","2025","158","106",0.295,0.293,0.0020000000000000018,0.515,0.505,0.010000000000000009,0.378,0.393,-0.015000000000000013,"7.49","6.90","0.585"
"Cortes, Nestor","641482","2025","157","106",0.269,0.261,0.008000000000000007,0.59,0.573,0.017000000000000015,0.405,0.395,0.010000000000000009,"6.29","6.98","-0.689"
"Gonsolin, Tony","664062","2025","157","98",0.244,0.236,0.008000000000000007,0.467,0.469,-0.0019999999999999463,0.354,0.351,0.0030000000000000027,"5.00","5.27","-0.27"
"Javier, Cristian","664299","2025","157","107",0.23,0.21,0.020000000000000018,0.36,0.355,0.0050000000000000044,0.294,0.283,0.01100000000000001,"4.62","3.28","1.342"
"Taylor, Grant","691799","2025","157","88",0.268,0.213,0.05500000000000002,0.304,0.307,-0.0030000000000000027,0.287,0.267,0.019999999999999962,"4.91","2.91","1.999"
"Seymour, Carson","693313","2025","156","116",0.262,0.276,-0.014000000000000012,0.489,0.522,-0.03300000000000003,0.352,0.37,-0.018000000000000016,"4.75","5.96","-1.21"
"Harrison, Kyle","690986","2025","156","103",0.248,0.246,0.0020000000000000018,0.404,0.409,-0.004999999999999949,0.315,0.316,-0.0010000000000000009,"4.04","4.16","-0.123"
"Arrighetti, Spencer","681293","2025","156","102",0.229,0.25,-0.02099999999999999,0.412,0.426,-0.014000000000000012,0.331,0.356,-0.024999999999999967,"5.35","5.44","-0.091"
"Hall, DL","669084","2025","155","111",0.174,0.221,-0.047000000000000014,0.275,0.352,-0.07699999999999996,0.246,0.294,-0.04799999999999999,"3.49","3.56","-0.069"
"Ramírez, Yohan","670990","2025","155","90",0.246,0.233,0.012999999999999984,0.396,0.409,-0.012999999999999956,0.324,0.328,-0.0040000000000000036,"5.40","4.51","0.89"
"Jacob, Alek","689690","2025","153","110",0.275,0.25,0.025000000000000022,0.466,0.436,0.030000000000000027,0.361,0.344,0.017000000000000015,"5.13","5.03","0.1"
"Assad, Javier","665871","2025","153","114",0.243,0.28,-0.03700000000000003,0.382,0.412,-0.02999999999999997,0.31,0.339,-0.029000000000000026,"3.65","4.86","-1.211"
"Crismatt, Nabil","622503","2025","153","118",0.282,0.28,0.0019999999999999463,0.465,0.436,0.029000000000000026,0.34,0.33,0.010000000000000009,"3.71","4.58","-0.874"
"Morillo, Juan","666661","2025","152","95",0.297,0.229,0.06799999999999998,0.43,0.326,0.10399999999999998,0.363,0.301,0.062,"4.19","3.74","0.454"
"Hatch, Thomas","641672","2025","152","113",0.296,0.253,0.04299999999999998,0.504,0.449,0.05499999999999999,0.376,0.337,0.03899999999999998,"5.82","4.80","1.024"
"Kelly, Zack","677161","2025","152","102",0.261,0.233,0.027999999999999997,0.396,0.347,0.049000000000000044,0.318,0.289,0.029000000000000026,"4.58","3.43","1.155"
"Fermin, José","820862","2025","152","89",0.197,0.187,0.010000000000000009,0.409,0.399,0.009999999999999953,0.318,0.314,0.0040000000000000036,"4.46","4.10","0.356"
"Salazar, Eduardo","674285","2025","151","110",0.359,0.286,0.07300000000000001,0.611,0.477,0.134,0.443,0.369,0.07400000000000001,"8.38","5.92","2.459"
"Simpson, Josh","681006","2025","151","89",0.272,0.24,0.03200000000000003,0.448,0.383,0.065,0.367,0.333,0.033999999999999975,"7.34","4.67","2.667"
"Kranick, Max","668820","2025","150","118",0.239,0.262,-0.02300000000000002,0.38,0.453,-0.07300000000000001,0.283,0.329,-0.04600000000000004,"3.65","4.55","-0.901"
"Castillo, José","620454","2025","149","101",0.31,0.252,0.057999999999999996,0.457,0.372,0.08500000000000002,0.367,0.315,0.05199999999999999,"3.94","4.13","-0.192"
"Lee, Chase","695445","2025","148","101",0.239,0.266,-0.027000000000000024,0.478,0.508,-0.030000000000000027,0.322,0.346,-0.023999999999999966,"4.10","5.09","-0.992"
"Murphy, Chris","669684","2025","148","93",0.172,0.212,-0.04000000000000001,0.287,0.341,-0.05400000000000005,0.276,0.31,-0.033999999999999975,"3.12","3.99","-0.875"
"Hodge, Porter","687863","2025","147","89",0.268,0.232,0.036000000000000004,0.543,0.4,0.14300000000000002,0.377,0.316,0.061,"6.27","4.16","2.113"
"Dubin, Shawn","681869","2025","145","104",0.28,0.236,0.04400000000000004,0.462,0.376,0.08600000000000002,0.351,0.301,0.04999999999999999,"5.08","3.74","1.339"
"Borucki, Ryan","621366","2025","145","96",0.232,0.263,-0.031,0.392,0.433,-0.04099999999999998,0.31,0.341,-0.031000000000000028,"4.63","4.93","-0.301"
"Booser, Cam","592155","2025","143","87",0.233,0.202,0.031,0.475,0.422,0.05299999999999999,0.35,0.326,0.023999999999999966,"5.52","4.45","1.066"
"Chafin, Andrew","605177","2025","143","88",0.238,0.214,0.023999999999999994,0.295,0.318,-0.02300000000000002,0.292,0.29,0.0020000000000000018,"2.41","3.46","-1.054"
"Bautista, Félix","642585","2025","142","69",0.134,0.151,-0.016999999999999987,0.244,0.277,-0.03300000000000003,0.246,0.264,-0.018000000000000016,"2.60","2.84","-0.244"
"Garcia, Rico","670329","2025","142","94",0.237,0.224,0.012999999999999984,0.389,0.351,0.038000000000000034,0.292,0.28,0.011999999999999955,"3.15","3.21","-0.064"
"Curtiss, John","595928","2025","141","112",0.215,0.263,-0.048000000000000015,0.385,0.462,-0.07700000000000001,0.27,0.32,-0.04999999999999999,"3.93","4.27","-0.343"
"Dana, Caden","702674","2025","141","89",0.256,0.244,0.01200000000000001,0.513,0.422,0.09100000000000003,0.365,0.338,0.02699999999999997,"6.40","4.83","1.572"
"Fernandez, Ryan","681676","2025","140","89",0.293,0.225,0.06799999999999998,0.52,0.404,0.11599999999999999,0.382,0.313,0.069,"7.71","4.07","3.644"
"Hoglund, Gunnar","680684","2025","139","105",0.299,0.304,-0.0050000000000000044,0.583,0.627,-0.04400000000000004,0.395,0.411,-0.01599999999999996,"6.40","7.72","-1.318"
"Mazur, Adam","800049","2025","139","107",0.264,0.272,-0.008000000000000007,0.424,0.458,-0.03400000000000003,0.329,0.346,-0.01699999999999996,"4.80","5.09","-0.29"
"Teng, Kai-Wei","678906","2025","139","76",0.254,0.213,0.04100000000000001,0.351,0.321,0.02999999999999997,0.335,0.311,0.02400000000000002,"6.37","4.02","2.351"
"Slaten, Justin","686580","2025","137","102",0.214,0.23,-0.016000000000000014,0.31,0.401,-0.09100000000000003,0.251,0.292,-0.04099999999999998,"4.24","3.51","0.725"
"Agnos, Zach","688642","2025","137","102",0.261,0.277,-0.016000000000000014,0.487,0.538,-0.051000000000000045,0.357,0.384,-0.027000000000000024,"6.61","6.52","0.086"
"Gage, Matt","657424","2025","137","96",0.287,0.23,0.05699999999999997,0.344,0.291,0.05299999999999999,0.315,0.272,0.04299999999999998,"3.19","3.02","0.174"
"Dodd, Dylan","689266","2025","136","100",0.219,0.234,-0.015000000000000013,0.391,0.401,-0.010000000000000009,0.274,0.289,-0.014999999999999958,"3.60","3.43","0.17"
"Feltner, Ryan","663372","2025","135","98",0.27,0.225,0.04500000000000001,0.443,0.349,0.09400000000000003,0.336,0.284,0.052000000000000046,"4.75","3.31","1.437"
"Loáisiga, Jonathan","642528","2025","135","96",0.281,0.239,0.04200000000000004,0.521,0.375,0.14600000000000002,0.367,0.296,0.07100000000000001,"4.25","3.61","0.637"
"Scott, Tayler","605463","2025","134","91",0.306,0.263,0.04299999999999998,0.586,0.498,0.08799999999999997,0.415,0.382,0.032999999999999974,"7.90","6.43","1.472"
"Waddell, Brandon","663399","2025","134","100",0.24,0.281,-0.041000000000000036,0.438,0.486,-0.04799999999999999,0.32,0.36,-0.03999999999999998,"3.45","5.59","-2.143"
"Ohl, Pierson","701487","2025","133","99",0.302,0.29,0.01200000000000001,0.5,0.452,0.04799999999999999,0.359,0.337,0.021999999999999964,"5.10","4.80","0.3"
"Wolfram, Grant","664991","2025","133","86",0.302,0.239,0.063,0.422,0.331,0.09099999999999997,0.353,0.295,0.057999999999999996,"5.40","3.58","1.82"
"Gipson-Long, Sawyer","687830","2025","133","99",0.281,0.296,-0.014999999999999958,0.554,0.556,-0.0020000000000000018,0.362,0.376,-0.014000000000000012,"7.18","6.19","0.991"
"Wesneski, Hayden","669713","2025","131","95",0.24,0.246,-0.006000000000000005,0.479,0.457,0.021999999999999964,0.322,0.321,0.0010000000000000009,"4.50","4.30","0.2"
"Sauer, Matt","669422","2025","129","95",0.299,0.28,0.01899999999999996,0.521,0.462,0.059,0.37,0.34,0.02999999999999997,"6.37","4.90","1.471"
"Hill, Jaden","677955","2025","129","83",0.243,0.217,0.025999999999999995,0.378,0.332,0.045999999999999985,0.309,0.285,0.02400000000000002,"3.38","3.33","0.045"
"Treinen, Blake","595014","2025","129","72",0.28,0.213,0.06700000000000003,0.439,0.352,0.08700000000000002,0.358,0.297,0.061,"5.40","3.64","1.76"
"Miller, Erik","669062","2025","128","83",0.238,0.253,-0.015000000000000013,0.287,0.354,-0.067,0.297,0.33,-0.03300000000000003,"1.50","4.58","-3.08"
"Enright, Nic","663671","2025","127","83",0.212,0.23,-0.018000000000000016,0.319,0.365,-0.045999999999999985,0.279,0.303,-0.023999999999999966,"2.03","3.79","-1.758"
"Bradish, Kyle","680694","2025","126","68",0.2,0.209,-0.00899999999999998,0.296,0.341,-0.04500000000000004,0.255,0.274,-0.019000000000000017,"2.53","3.07","-0.539"
"Nance, Tommy","667297","2025","126","86",0.214,0.265,-0.05100000000000002,0.231,0.388,-0.157,0.225,0.306,-0.08099999999999999,"1.99","3.88","-1.891"
"Brown, McCade","685326","2025","126","81",0.291,0.262,0.02899999999999997,0.524,0.487,0.03700000000000003,0.405,0.384,0.02100000000000002,"7.36","6.52","0.844"
"Holderman, Colin","670059","2025","125","89",0.327,0.284,0.04300000000000004,0.51,0.428,0.08200000000000002,0.399,0.364,0.03500000000000003,"7.01","5.73","1.283"
"Blubaugh, AJ","805123","2025","125","78",0.152,0.184,-0.032,0.339,0.383,-0.043999999999999984,0.251,0.279,-0.028000000000000025,"1.69","3.19","-1.502"
"Chandler, Bubba","696149","2025","124","86",0.214,0.231,-0.017000000000000015,0.333,0.415,-0.08199999999999996,0.26,0.298,-0.03799999999999998,"4.02","3.66","0.361"
"Neris, Héctor","593576","2025","124","72",0.279,0.22,0.059000000000000025,0.538,0.44,0.09800000000000003,0.388,0.331,0.056999999999999995,"6.75","4.61","2.14"
"Gillispie, Connor","687362","2025","123","88",0.294,0.258,0.035999999999999976,0.56,0.493,0.06700000000000006,0.387,0.354,0.03300000000000003,"8.65","5.37","3.284"
"Fulmer, Carson","608334","2025","123","86",0.227,0.22,0.007000000000000006,0.418,0.427,-0.009000000000000008,0.308,0.309,-0.0010000000000000009,"5.83","3.96","1.87"
"Pilkington, Konnor","663455","2025","123","70",0.216,0.254,-0.038000000000000006,0.471,0.524,-0.05300000000000005,0.346,0.382,-0.03600000000000003,"4.45","6.43","-1.983"
"Sabrowski, Erik","681870","2025","121","55",0.144,0.155,-0.01100000000000001,0.247,0.279,-0.03200000000000003,0.271,0.286,-0.014999999999999958,"1.84","3.36","-1.519"
"Rodríguez, Manuel","655889","2025","121","89",0.232,0.245,-0.012999999999999984,0.313,0.329,-0.016000000000000014,0.26,0.274,-0.014000000000000012,"2.08","3.07","-0.993"
"Ginkel, Kevin","656464","2025","121","77",0.284,0.228,0.055999999999999966,0.412,0.412,0,0.338,0.33,0.008000000000000007,"7.36","4.58","2.784"
"Altavilla, Dan","656186","2025","120","80",0.19,0.236,-0.045999999999999985,0.36,0.381,-0.02100000000000002,0.307,0.333,-0.026000000000000023,"2.48","4.67","-2.187"
"Ribalta, Orlando","687377","2025","120","77",0.277,0.247,0.030000000000000027,0.505,0.459,0.045999999999999985,0.383,0.356,0.027000000000000024,"7.03","5.44","1.587"
"Snider, Collin","676092","2025","119","87",0.299,0.282,0.017000000000000015,0.533,0.51,0.02300000000000002,0.366,0.361,0.0050000000000000044,"5.47","5.62","-0.152"
"Brubaker, JT","664141","2025","117","82",0.223,0.255,-0.032,0.291,0.39,-0.09900000000000003,0.271,0.319,-0.04799999999999999,"3.77","4.24","-0.473"
"Veneziano, Anthony","685107","2025","117","79",0.277,0.277,0,0.485,0.476,0.009000000000000008,0.359,0.357,0.0020000000000000018,"4.68","5.48","-0.8"
"Payamps, Joel","606303","2025","117","82",0.301,0.284,0.017000000000000015,0.583,0.557,0.025999999999999912,0.389,0.391,-0.0020000000000000018,"6.83","6.81","0.025"
"Reynolds, Sean","669308","2025","117","72",0.206,0.251,-0.04500000000000001,0.371,0.491,-0.12,0.322,0.379,-0.056999999999999995,"5.33","6.31","-0.977"
"Brebbia, John","605154","2025","115","72",0.289,0.229,0.05999999999999997,0.515,0.41,0.10500000000000004,0.388,0.327,0.061,"7.71","4.48","3.234"
"Backhus, Kyle","679775","2025","115","82",0.283,0.265,0.01799999999999996,0.465,0.408,0.05700000000000005,0.35,0.327,0.022999999999999965,"4.62","4.48","0.138"
"Alvarado, José","621237","2025","114","74",0.262,0.221,0.04100000000000001,0.398,0.404,-0.006000000000000005,0.31,0.297,0.013000000000000012,"3.81","3.64","0.168"
"Bowman, Matt","621199","2025","114","88",0.292,0.277,0.014999999999999958,0.5,0.481,0.019000000000000017,0.362,0.348,0.014000000000000012,"6.20","5.16","1.043"
"Saalfrank, Andrew","685314","2025","113","84",0.188,0.242,-0.05399999999999999,0.257,0.422,-0.16499999999999998,0.229,0.311,-0.08199999999999999,"1.24","4.02","-2.779"
"Pérez, Cionel","672335","2025","110","69",0.322,0.213,0.10900000000000001,0.494,0.317,0.177,0.407,0.308,0.09899999999999998,"8.31","3.93","4.378"
"Brzykcy, Zach","694350","2025","110","72",0.292,0.275,0.01699999999999996,0.531,0.477,0.05400000000000005,0.393,0.367,0.026000000000000023,"9.00","5.84","3.16"
"Schultz, Paxton","687606","2025","110","73",0.276,0.219,0.05700000000000002,0.49,0.385,0.10499999999999998,0.346,0.302,0.043999999999999984,"4.38","3.77","0.608"
"Poulin, PJ","676571","2025","110","68",0.247,0.23,0.016999999999999987,0.333,0.345,-0.011999999999999955,0.307,0.307,0,"3.65","3.90","-0.251"
"Gibaut, Ian","664139","2025","109","86",0.26,0.24,0.020000000000000018,0.41,0.428,-0.018000000000000016,0.313,0.312,0.0010000000000000009,"4.62","4.04","0.578"
"Lucas, Easton","687922","2025","108","73",0.272,0.275,-0.0030000000000000027,0.478,0.535,-0.05700000000000005,0.348,0.37,-0.02200000000000002,"6.66","5.96","0.698"
"Farris, Mitch","815083","2025","107","71",0.261,0.281,-0.020000000000000018,0.489,0.472,0.017000000000000015,0.349,0.36,-0.01100000000000001,"6.66","5.59","1.068"
"López, Jorge","605347","2025","105","79",0.266,0.301,-0.034999999999999976,0.362,0.468,-0.10600000000000004,0.302,0.354,-0.05199999999999999,"6.57","5.37","1.198"
"Brasier, Ryan","518489","2025","105","80",0.276,0.298,-0.021999999999999964,0.408,0.45,-0.04200000000000004,0.306,0.339,-0.03300000000000003,"4.50","4.86","-0.36"
"Strowd, Kade","669704","2025","105","67",0.178,0.192,-0.014000000000000012,0.222,0.258,-0.036000000000000004,0.241,0.262,-0.02100000000000002,"1.71","2.80","-1.091"
"Stratton, Chris","608717","2025","104","72",0.348,0.257,0.09099999999999997,0.576,0.463,0.11299999999999993,0.414,0.344,0.07,"7.71","5.03","2.684"
"Beeter, Clayton","690925","2025","104","53",0.155,0.195,-0.04000000000000001,0.274,0.329,-0.05499999999999999,0.269,0.302,-0.032999999999999974,"4.26","3.77","0.493"
"Barnett, Mason","686930","2025","104","74",0.286,0.232,0.053999999999999965,0.451,0.378,0.07300000000000001,0.355,0.307,0.04799999999999999,"6.85","3.90","2.951"
"Tonkin, Michael","543859","2025","103","71",0.225,0.252,-0.026999999999999996,0.382,0.466,-0.08400000000000002,0.312,0.355,-0.04299999999999998,"4.88","5.41","-0.535"
"Brieske, Beau","689225","2025","103","75",0.273,0.217,0.05600000000000002,0.489,0.383,0.10599999999999998,0.357,0.312,0.044999999999999984,"6.54","4.04","2.505"
"Holman, Grant","680880","2025","103","76",0.28,0.264,0.016000000000000014,0.409,0.48,-0.07100000000000001,0.335,0.352,-0.01699999999999996,"5.09","5.30","-0.213"
"Cox, Austin","680735","2025","102","73",0.319,0.268,0.05099999999999999,0.681,0.56,0.121,0.434,0.369,0.065,"8.86","5.92","2.939"
"Whisenhunt, Carson","687931","2025","102","72",0.25,0.277,-0.027000000000000024,0.511,0.524,-0.013000000000000012,0.372,0.386,-0.014000000000000012,"5.01","6.60","-1.586"
"Roycroft, Chris","688297","2025","101","73",0.306,0.268,0.03799999999999998,0.518,0.473,0.04500000000000004,0.383,0.364,0.019000000000000017,"7.84","5.73","2.109"
"Peralta, Luis","678821","2025","101","65",0.325,0.309,0.016000000000000014,0.588,0.565,0.02300000000000002,0.444,0.438,0.006000000000000005,"9.47","9.11","0.364"
"Raley, Brooks","548384","2025","99","66",0.154,0.184,-0.03,0.209,0.289,-0.07999999999999999,0.2,0.241,-0.04099999999999998,"2.46","2.37","0.085"
"Hagenman, Justin","663795","2025","99","73",0.25,0.255,-0.0050000000000000044,0.427,0.464,-0.03700000000000003,0.301,0.316,-0.015000000000000013,"4.56","4.16","0.403"
"Henderson, Logan","701656","2025","99","58",0.187,0.234,-0.047000000000000014,0.297,0.387,-0.09000000000000002,0.246,0.299,-0.05299999999999999,"1.78","3.69","-1.914"
"Jarvis, Bryce","686826","2025","98","66",0.267,0.222,0.04500000000000001,0.465,0.383,0.08200000000000002,0.351,0.314,0.03699999999999998,"5.73","4.10","1.627"
"Murdock, Noah","668716","2025","98","55",0.347,0.253,0.09399999999999997,0.453,0.393,0.06,0.412,0.36,0.05199999999999999,"13.23","5.59","7.645"
"Alvarez, Andrew","674841","2025","98","67",0.184,0.209,-0.024999999999999994,0.241,0.28,-0.039000000000000035,0.241,0.265,-0.02400000000000002,"2.31","2.87","-0.556"
"Phillips, Connor","683175","2025","98","52",0.133,0.186,-0.05299999999999999,0.277,0.381,-0.10399999999999998,0.245,0.308,-0.063,"2.88","3.93","-1.05"
"Mey, Luis","682825","2025","96","57",0.221,0.24,-0.01899999999999999,0.364,0.369,-0.0050000000000000044,0.33,0.353,-0.022999999999999965,"3.43","5.34","-1.911"
"Dunning, Dane","641540","2025","95","64",0.286,0.27,0.01599999999999996,0.488,0.506,-0.018000000000000016,0.361,0.36,0.0010000000000000009,"6.97","5.59","1.378"
"Bachman, Sam","696147","2025","94","65",0.268,0.265,0.0030000000000000027,0.354,0.352,0.0020000000000000018,0.319,0.318,0.0010000000000000009,"6.20","4.22","1.977"
"Zastryzny, Rob","642239","2025","93","62",0.203,0.212,-0.00899999999999998,0.342,0.357,-0.014999999999999958,0.268,0.283,-0.014999999999999958,"2.46","3.28","-0.825"
"Headrick, Brent","687396","2025","92","54",0.202,0.206,-0.003999999999999976,0.405,0.362,0.04300000000000004,0.289,0.276,0.012999999999999956,"3.13","3.12","0.01"
"Steele, Justin","657006","2025","92","65",0.247,0.271,-0.02400000000000002,0.471,0.484,-0.013000000000000012,0.326,0.343,-0.017000000000000015,"4.76","4.99","-0.225"
"Strickland, Hunter","519326","2025","91","67",0.212,0.243,-0.031,0.362,0.397,-0.03500000000000003,0.282,0.309,-0.027000000000000024,"3.27","3.96","-0.687"
"Granillo, Andre","701552","2025","91","65",0.278,0.235,0.04300000000000004,0.481,0.386,0.09499999999999997,0.344,0.307,0.03699999999999998,"4.71","3.90","0.814"
"Sulser, Cole","642121","2025","90","61",0.241,0.225,0.015999999999999986,0.301,0.311,-0.010000000000000009,0.266,0.262,0.0040000000000000036,"1.99","2.80","-0.815"
"Rodríguez, Elvin","660730","2025","90","64",0.317,0.292,0.025000000000000022,0.707,0.652,0.05499999999999994,0.453,0.42,0.03300000000000003,"9.15","8.16","0.993"
"García, Yimi","554340","2025","90","52",0.171,0.242,-0.07099999999999998,0.263,0.416,-0.15299999999999997,0.255,0.336,-0.08100000000000002,"3.86","4.77","-0.913"
"Stratton, Hunter","676702","2025","89","63",0.299,0.313,-0.014000000000000012,0.442,0.49,-0.04799999999999999,0.354,0.377,-0.02300000000000002,"5.21","6.23","-1.019"
"Martin, Corbin","656686","2025","89","55",0.289,0.252,0.03699999999999998,0.539,0.426,0.11300000000000004,0.394,0.34,0.05399999999999999,"6.00","4.90","1.1"
"Kriske, Brooks","621139","2025","88","55",0.278,0.258,0.020000000000000018,0.444,0.353,0.09100000000000003,0.366,0.33,0.035999999999999976,"7.50","4.58","2.92"
"Merryweather, Julian","657240","2025","88","62",0.303,0.317,-0.014000000000000012,0.474,0.491,-0.017000000000000015,0.365,0.391,-0.026000000000000023,"5.79","6.81","-1.024"
"González, Wikelman","682790","2025","87","50",0.178,0.245,-0.067,0.274,0.357,-0.08299999999999996,0.26,0.323,-0.063,"2.66","4.36","-1.704"
"Tong, Jonah","804636","2025","87","56",0.312,0.261,0.05099999999999999,0.494,0.443,0.05099999999999999,0.376,0.342,0.033999999999999975,"7.71","4.96","2.754"
"Peguero, Joel","666711","2025","86","61",0.197,0.204,-0.0069999999999999785,0.316,0.37,-0.05399999999999999,0.256,0.289,-0.032999999999999974,"2.42","3.43","-1.012"
"Díaz, Alexis","664747","2025","85","51",0.221,0.235,-0.013999999999999985,0.559,0.493,0.06600000000000006,0.399,0.384,0.015000000000000013,"8.15","6.52","1.631"
"Sproat, Brandon","687075","2025","84","58",0.243,0.263,-0.020000000000000018,0.351,0.364,-0.013000000000000012,0.298,0.315,-0.017000000000000015,"4.79","4.13","0.66"
"Hiraldo, Yaramil","682274","2025","84","54",0.23,0.173,0.05700000000000002,0.432,0.3,0.132,0.325,0.253,0.07200000000000001,"4.58","2.61","1.966"
"Curvelo, Luis","681168","2025","84","54",0.236,0.22,0.015999999999999986,0.444,0.367,0.07700000000000001,0.324,0.299,0.025000000000000022,"5.68","3.69","1.994"
"Wells, Tyler","669330","2025","82","62",0.212,0.231,-0.019000000000000017,0.425,0.45,-0.025000000000000022,0.279,0.296,-0.01699999999999996,"2.91","3.61","-0.702"
"Shuster, Jared","694363","2025","82","63",0.365,0.285,0.08000000000000002,0.473,0.404,0.06899999999999995,0.379,0.32,0.059,"8.04","4.27","3.773"
"Graveman, Kendall","608665","2025","82","60",0.333,0.296,0.03700000000000003,0.58,0.5,0.07999999999999996,0.435,0.395,0.03999999999999998,"7.13","6.98","0.152"
"Suarez, José","660761","2025","81","55",0.217,0.243,-0.025999999999999995,0.29,0.393,-0.10300000000000004,0.27,0.317,-0.046999999999999986,"1.86","4.19","-2.328"
"Sewald, Paul","623149","2025","81","55",0.247,0.21,0.037000000000000005,0.452,0.445,0.007000000000000006,0.318,0.301,0.017000000000000015,"4.58","3.74","0.836"
"Alexander, Scott","518397","2025","81","63",0.324,0.318,0.006000000000000005,0.662,0.637,0.025000000000000022,0.449,0.437,0.01200000000000001,"6.11","9.05","-2.937"
"Moll, Sam","594580","2025","81","49",0.229,0.205,0.02400000000000002,0.471,0.38,0.09099999999999997,0.344,0.303,0.04099999999999998,"6.38","3.79","2.592"
"Mederos, Victor","682989","2025","81","52",0.277,0.226,0.05100000000000002,0.585,0.429,0.15599999999999997,0.417,0.351,0.066,"7.41","5.27","2.142"
"Sisk, Evan","681895","2025","80","43",0.242,0.172,0.07,0.348,0.266,0.08199999999999996,0.317,0.264,0.05299999999999999,"3.57","2.84","0.726"
"Lawrence, Casey","596271","2025","80","71",0.338,0.354,-0.01599999999999996,0.494,0.599,-0.10499999999999998,0.361,0.421,-0.06,"4.08","8.21","-4.135"
"Tinoco, Jesus","622786","2025","80","62",0.239,0.241,-0.0020000000000000018,0.366,0.354,0.01200000000000001,0.297,0.294,0.0030000000000000027,"5.12","3.56","1.561"
"Criswell, Cooper","681867","2025","80","66",0.311,0.266,0.044999999999999984,0.459,0.403,0.055999999999999994,0.349,0.31,0.03899999999999998,"3.57","3.99","-0.424"
"Early, Connelly","813349","2025","79","45",0.23,0.2,0.03,0.243,0.284,-0.04099999999999998,0.239,0.24,-0.0010000000000000009,"2.33","2.35","-0.022"
"Ruiz, José","614179","2025","79","55",0.338,0.243,0.09500000000000003,0.574,0.387,0.18699999999999994,0.412,0.323,0.08899999999999997,"8.82","4.36","4.456"
"Petersen, Michael","656848","2025","79","55",0.254,0.289,-0.034999999999999976,0.423,0.554,-0.13100000000000006,0.315,0.377,-0.062,"4.00","6.23","-2.23"
"Lara, Andry","691251","2025","78","59",0.403,0.32,0.08300000000000002,0.567,0.487,0.07999999999999996,0.445,0.394,0.05099999999999999,"8.79","6.94","1.851"
"Eder, Jake","671109","2025","78","53",0.224,0.219,0.0050000000000000044,0.403,0.416,-0.012999999999999956,0.317,0.318,-0.0010000000000000009,"4.91","4.22","0.689"
"Henriquez, Edgardo","683618","2025","78","55",0.236,0.215,0.02099999999999999,0.361,0.376,-0.015000000000000013,0.28,0.285,-0.004999999999999949,"2.37","3.33","-0.962"
"Robertson, David","502085","2025","78","48",0.257,0.236,0.02100000000000002,0.486,0.456,0.02999999999999997,0.348,0.329,0.01899999999999996,"4.08","4.55","-0.475"
"Tidwell, Blade","694918","2025","78","57",0.348,0.27,0.07799999999999996,0.561,0.457,0.10400000000000004,0.427,0.361,0.066,"9.00","5.62","3.38"
"Kent, Zak","687849","2025","76","51",0.254,0.234,0.01999999999999999,0.328,0.302,0.026000000000000023,0.305,0.287,0.018000000000000016,"4.58","3.38","1.205"
"McGough, Scott","543518","2025","75","51",0.269,0.258,0.01100000000000001,0.537,0.553,-0.016000000000000014,0.377,0.377,0,"6.75","6.23","0.52"
"Hudson, Bryan","663542","2025","75","41",0.254,0.235,0.019000000000000017,0.424,0.356,0.068,0.362,0.332,0.02999999999999997,"4.80","4.64","0.16"
"Pearson, Nate","663878","2025","75","57",0.361,0.277,0.08399999999999996,0.525,0.464,0.061,0.407,0.373,0.033999999999999975,"9.21","6.08","3.125"
"Ellard, Fraser","686642","2025","74","32",0.148,0.201,-0.05300000000000002,0.222,0.346,-0.12399999999999997,0.303,0.357,-0.05399999999999999,"4.24","5.48","-1.245"
"Tolle, Payton","801139","2025","74","47",0.277,0.253,0.02400000000000002,0.538,0.426,0.11200000000000004,0.377,0.333,0.043999999999999984,"6.06","4.67","1.391"
"Mayza, Tim","641835","2025","74","52",0.258,0.198,0.06,0.409,0.328,0.08099999999999996,0.32,0.274,0.045999999999999985,"3.78","3.07","0.71"
"McFarland, T.J.","519008","2025","74","63",0.377,0.291,0.08600000000000002,0.609,0.501,0.10799999999999998,0.427,0.358,0.069,"6.89","5.51","1.384"
"Aldegheri, Sam","691951","2025","73","47",0.345,0.292,0.05299999999999999,0.569,0.497,0.07199999999999995,0.444,0.402,0.04199999999999998,"7.90","7.30","0.602"
"Hjelle, Sean","663546","2025","73","53",0.339,0.294,0.04500000000000004,0.532,0.454,0.07800000000000001,0.399,0.353,0.04600000000000004,"7.80","5.34","2.46"
"Gibson, Kyle","502043","2025","73","56",0.453,0.344,0.10900000000000004,0.938,0.656,0.2819999999999999,0.577,0.44,0.13699999999999996,"16.78","9.22","7.564"
"Guerrero, Luis","692285","2025","72","48",0.158,0.275,-0.11700000000000002,0.211,0.404,-0.19300000000000003,0.26,0.379,-0.119,"4.15","6.31","-2.156"
"Sims, Lucas","608371","2025","72","38",0.275,0.238,0.03700000000000003,0.49,0.439,0.05099999999999999,0.433,0.408,0.025000000000000022,"13.87","7.58","6.285"
"Johnson, Ryan","696270","2025","72","51",0.364,0.245,0.119,0.561,0.394,0.16700000000000004,0.408,0.293,0.11499999999999999,"7.36","3.53","3.834"
"Rashi, Taylor","688497","2025","72","42",0.25,0.236,0.014000000000000012,0.313,0.349,-0.035999999999999976,0.293,0.301,-0.008000000000000007,"4.41","3.74","0.668"
"Kowar, Jackson","663804","2025","71","48",0.222,0.237,-0.014999999999999986,0.444,0.486,-0.04199999999999998,0.328,0.348,-0.019999999999999962,"4.24","5.16","-0.925"
"Klein, Will","694361","2025","70","37",0.246,0.232,0.013999999999999985,0.316,0.348,-0.03199999999999997,0.317,0.324,-0.007000000000000006,"2.35","4.39","-2.042"
"Fuentes, Didier","800311","2025","69","49",0.383,0.299,0.08400000000000002,0.717,0.574,0.14300000000000002,0.486,0.411,0.07500000000000001,"13.85","7.72","6.126"
"Sandlin, Nick","680704","2025","69","43",0.186,0.229,-0.04300000000000001,0.322,0.382,-0.06,0.286,0.324,-0.038000000000000034,"2.20","4.39","-2.186"
"Lawrence, Justin","664875","2025","69","36",0.153,0.176,-0.022999999999999993,0.22,0.318,-0.098,0.224,0.269,-0.04500000000000001,"0.51","2.96","-2.451"
"Loutos, Ryan","702795","2025","68","50",0.351,0.312,0.03899999999999998,0.614,0.547,0.06699999999999995,0.446,0.408,0.038000000000000034,"12.75","7.58","5.17"
"Moreta, Dauri","664294","2025","68","42",0.267,0.255,0.01200000000000001,0.4,0.435,-0.034999999999999976,0.318,0.329,-0.01100000000000001,"3.24","4.55","-1.31"
"Wicks, Jordan","696136","2025","67","53",0.369,0.291,0.07800000000000001,0.554,0.413,0.14100000000000007,0.4,0.309,0.09100000000000003,"6.28","3.96","2.319"
"Martinez, Justin","679885","2025","67","30",0.135,0.163,-0.027999999999999997,0.231,0.221,0.010000000000000009,0.27,0.28,-0.010000000000000009,"4.11","3.21","0.899"
"Whitley, Forrest","666215","2025","66","45",0.339,0.307,0.03200000000000003,0.661,0.558,0.10299999999999998,0.451,0.412,0.039000000000000035,"13.50","7.77","5.73"
"Garcia, Brandyn","805299","2025","66","43",0.316,0.256,0.06,0.368,0.338,0.02999999999999997,0.352,0.317,0.034999999999999976,"5.65","4.19","1.461"
"Saucedo, Tayler","642048","2025","66","47",0.322,0.28,0.04199999999999998,0.475,0.486,-0.01100000000000001,0.38,0.365,0.015000000000000013,"7.42","5.77","1.655"
"Devenski, Chris","606965","2025","65","44",0.179,0.221,-0.04200000000000001,0.304,0.386,-0.08200000000000002,0.252,0.3,-0.04799999999999999,"2.16","3.71","-1.55"
"Bruihl, Justin","677865","2025","65","39",0.333,0.245,0.08800000000000002,0.474,0.365,0.10899999999999999,0.376,0.298,0.07800000000000001,"5.27","3.66","1.608"
"Davis, Noah","663562","2025","65","37",0.423,0.338,0.08499999999999996,0.846,0.709,0.137,0.57,0.492,0.07799999999999996,"18.00","12.62","5.38"
"Burgos, Juan","686228","2025","65","42",0.304,0.256,0.04799999999999999,0.5,0.494,0.006000000000000005,0.386,0.364,0.02200000000000002,"6.08","5.73","0.345"
"Murfee, Penn","682171","2025","63","44",0.333,0.279,0.05399999999999999,0.561,0.544,0.017000000000000015,0.411,0.38,0.030999999999999972,"7.82","6.35","1.466"
"Gray, Jon","592351","2025","63","45",0.263,0.263,0,0.579,0.56,0.018999999999999906,0.385,0.377,0.008000000000000007,"7.71","6.23","1.484"
"Yesavage, Trey","702056","2025","62","39",0.236,0.251,-0.015000000000000013,0.273,0.368,-0.09499999999999997,0.275,0.314,-0.03899999999999998,"3.21","4.10","-0.886"
"McGee, Easton","668834","2025","62","44",0.268,0.266,0.0020000000000000018,0.393,0.432,-0.03899999999999998,0.305,0.32,-0.015000000000000013,"5.52","4.27","1.253"
"Anderson, Nick","623433","2025","62","49",0.288,0.274,0.013999999999999957,0.508,0.442,0.066,0.355,0.326,0.02899999999999997,"6.14","4.45","1.686"
"Hoffmann, Andrew","694851","2025","61","39",0.275,0.258,0.017000000000000015,0.49,0.479,0.01100000000000001,0.384,0.374,0.010000000000000009,"6.00","6.11","-0.11"
"McDonald, Trevor","686790","2025","60","44",0.228,0.247,-0.01899999999999999,0.298,0.369,-0.07100000000000001,0.244,0.28,-0.03600000000000003,"1.80","3.21","-1.41"
"Bigge, Hunter","685801","2025","60","42",0.204,0.27,-0.06600000000000003,0.444,0.525,-0.08100000000000002,0.315,0.37,-0.05499999999999999,"2.40","5.96","-3.56"
"Spiers, Carson","686730","2025","60","41",0.26,0.297,-0.03699999999999998,0.48,0.561,-0.08100000000000007,0.36,0.404,-0.04400000000000004,"6.08","7.39","-1.315"
"Selby, Colin","681882","2025","60","44",0.276,0.228,0.048000000000000015,0.431,0.431,0,0.315,0.292,0.02300000000000002,"3.21","3.51","-0.296"
"Thompson, Mason","666168","2025","60","37",0.333,0.268,0.065,0.542,0.448,0.09400000000000003,0.427,0.37,0.056999999999999995,"11.81","5.96","5.853"
"Núñez, Eduarniel","674384","2025","60","35",0.289,0.243,0.045999999999999985,0.533,0.375,0.15800000000000003,0.423,0.359,0.064,"7.11","5.55","1.555"
"Robert, Daniel","642016","2025","59","34",0.224,0.21,0.014000000000000012,0.408,0.364,0.043999999999999984,0.339,0.32,0.019000000000000017,"4.15","4.27","-0.116"
"Zuber, Tyler","676604","2025","59","39",0.327,0.298,0.029000000000000026,0.615,0.563,0.052000000000000046,0.416,0.387,0.02899999999999997,"11.25","6.64","4.61"
"Hendriks, Liam","521230","2025","59","39",0.235,0.252,-0.017000000000000015,0.353,0.521,-0.16800000000000004,0.313,0.374,-0.061,"6.58","6.11","0.475"
"Mantiply, Joe","573009","2025","58","46",0.481,0.285,0.196,0.833,0.522,0.31099999999999994,0.567,0.36,0.20699999999999996,"15.83","5.59","10.238"
"Lovelady, Richard","663992","2025","57","35",0.267,0.253,0.014000000000000012,0.556,0.476,0.08000000000000007,0.396,0.366,0.030000000000000027,"8.49","5.81","2.676"
"Basso, Brady","669620","2025","56","39",0.255,0.255,0,0.298,0.327,-0.029000000000000026,0.307,0.316,-0.009000000000000008,"2.31","4.16","-1.846"
"Avila, Luinder","679883","2025","56","34",0.143,0.164,-0.02100000000000002,0.204,0.221,-0.017000000000000015,0.204,0.225,-0.02100000000000002,"1.29","2.07","-0.784"
"Anderson, Shaun","641312","2025","56","42",0.377,0.284,0.09300000000000003,0.736,0.568,0.16800000000000004,0.483,0.376,0.10699999999999998,"10.32","6.19","4.134"
"Herget, Kevin","643361","2025","56","45",0.24,0.278,-0.038000000000000034,0.32,0.406,-0.08600000000000002,0.277,0.324,-0.046999999999999986,"2.77","4.39","-1.621"
"Miley, Wade","489119","2025","55","40",0.319,0.312,0.007000000000000006,0.553,0.563,-0.009999999999999898,0.413,0.411,0.0020000000000000018,"6.75","7.72","-0.97"
"Arias, Luarbert","678215","2025","55","38",0.362,0.324,0.03799999999999998,0.617,0.555,0.061999999999999944,0.443,0.414,0.029000000000000026,"11.32","7.86","3.463"
"Estes, Joey","683155","2025","55","42",0.348,0.267,0.08099999999999996,0.696,0.49,0.20599999999999996,0.456,0.364,0.09200000000000003,"9.82","5.73","4.088"
"Sanoja, Javier","691594","2025","54","48",0.49,0.357,0.133,0.796,0.593,0.20300000000000007,0.562,0.431,0.13100000000000006,"16.39","8.73","7.663"
"Contreras, Luis","664351","2025","54","33",0.239,0.191,0.04799999999999999,0.435,0.333,0.10199999999999998,0.345,0.292,0.05299999999999999,"6.75","3.51","3.24"
"Johnson, Seth","686751","2025","54","33",0.22,0.177,0.04300000000000001,0.46,0.292,0.16800000000000004,0.316,0.234,0.08199999999999999,"4.26","2.24","2.023"
"Kopech, Michael","656629","2025","53","28",0.15,0.221,-0.07100000000000001,0.15,0.267,-0.11700000000000002,0.27,0.33,-0.06,"2.46","4.58","-2.125"
"Poche, Colin","621363","2025","52","27",0.333,0.211,0.12200000000000003,0.583,0.376,0.20699999999999996,0.454,0.367,0.08700000000000002,"12.54","5.84","6.696"
"Peralta, Sammy","671111","2025","52","38",0.318,0.268,0.04999999999999999,0.409,0.373,0.035999999999999976,0.325,0.292,0.03300000000000003,"7.59","3.51","4.084"
"Hernandez, Nick","663321","2025","52","33",0.273,0.204,0.06900000000000003,0.591,0.48,0.11099999999999999,0.412,0.347,0.065,"5.06","5.13","-0.067"
"Winckowski, Josh","670174","2025","52","37",0.25,0.297,-0.046999999999999986,0.295,0.499,-0.20400000000000001,0.281,0.381,-0.09999999999999998,"3.86","6.39","-2.533"
"Muñoz, Roddery","682610","2025","51","28",0.225,0.279,-0.05400000000000002,0.575,0.557,0.017999999999999905,0.39,0.418,-0.02799999999999997,"8.18","8.06","0.122"
"Effross, Scott","664123","2025","51","42",0.333,0.298,0.03500000000000003,0.583,0.471,0.11199999999999999,0.398,0.343,0.05499999999999999,"8.44","4.99","3.448"
"McDermott, Chayce","694646","2025","51","29",0.333,0.285,0.04800000000000004,0.639,0.567,0.07200000000000006,0.476,0.458,0.01799999999999996,"15.58","10.28","5.297"
"Contreras, Roansy","672710","2025","51","42",0.25,0.216,0.034,0.458,0.417,0.041000000000000036,0.324,0.291,0.03300000000000003,"5.68","3.48","2.204"
"Anderson, Ian","666120","2025","51","36",0.386,0.288,0.09800000000000003,0.568,0.436,0.13199999999999995,0.444,0.357,0.08700000000000002,"11.57","5.48","6.091"
"Rodriguez, Carlos","692230","2025","50","30",0.317,0.207,0.11000000000000001,0.512,0.32,0.192,0.414,0.309,0.10499999999999998,"6.52","3.96","2.557"
"Horn, Bailey","690544","2025","50","33",0.256,0.306,-0.04999999999999999,0.349,0.416,-0.067,0.321,0.366,-0.044999999999999984,"1.59","5.81","-4.222"
"Harrington, Thomas","802419","2025","50","36",0.429,0.32,0.10899999999999999,0.762,0.594,0.16800000000000004,0.521,0.422,0.09900000000000003,"15.58","8.26","7.317"
"McDaniels, Garrett","680729","2025","50","35",0.317,0.272,0.044999999999999984,0.512,0.425,0.08700000000000002,0.415,0.371,0.043999999999999984,"5.91","6.00","-0.094"
"Lao, Sauryn","666659","2025","49","37",0.304,0.277,0.02699999999999997,0.522,0.489,0.03300000000000003,0.372,0.348,0.02400000000000002,"4.91","5.16","-0.251"
"Silseth, Chase","681217","2025","49","29",0.244,0.23,0.013999999999999985,0.366,0.382,-0.016000000000000014,0.31,0.312,-0.0020000000000000018,"1.64","4.04","-2.404"
"Kimbrel, Craig","518886","2025","49","25",0.238,0.22,0.017999999999999988,0.381,0.371,0.010000000000000009,0.326,0.314,0.01200000000000001,"2.25","4.10","-1.85"
"VanWey, Logan","701121","2025","49","38",0.333,0.285,0.04800000000000004,0.489,0.395,0.09399999999999997,0.382,0.326,0.055999999999999994,"5.06","4.45","0.613"
"Darnell, Dugan","699911","2025","49","36",0.244,0.251,-0.007000000000000006,0.366,0.375,-0.009000000000000008,0.332,0.337,-0.0050000000000000044,"3.86","4.80","-0.943"
"Smith, Dylan","681916","2025","48","36",0.15,0.215,-0.065,0.175,0.313,-0.138,0.235,0.308,-0.07300000000000001,"1.39","3.93","-2.545"
"Seabold, Connor","657756","2025","48","32",0.293,0.226,0.06699999999999998,0.39,0.432,-0.04199999999999998,0.339,0.326,0.013000000000000012,"4.36","4.45","-0.095"
"Bowden, Ben","641386","2025","47","35",0.225,0.271,-0.04600000000000001,0.55,0.611,-0.06099999999999994,0.346,0.39,-0.04400000000000004,"4.22","6.77","-2.551"
"Murray, Jayden","681151","2025","47","36",0.227,0.256,-0.028999999999999998,0.227,0.386,-0.159,0.232,0.302,-0.06999999999999998,"1.54","3.77","-2.227"
"Peguero, Elvis","665625","2025","47","32",0.3,0.263,0.03699999999999998,0.425,0.409,0.016000000000000014,0.369,0.349,0.020000000000000018,"6.75","5.20","1.55"
"Rainey, Tanner","663432","2025","47","26",0.229,0.265,-0.036000000000000004,0.286,0.333,-0.04700000000000004,0.321,0.361,-0.03999999999999998,"11.17","5.62","5.552"
"Daniel, Davis","669721","2025","46","29",0.25,0.273,-0.02300000000000002,0.444,0.529,-0.08500000000000002,0.35,0.391,-0.041000000000000036,"5.40","6.81","-1.41"
"Rangel, Alan","660604","2025","46","32",0.25,0.261,-0.01100000000000001,0.4,0.49,-0.08999999999999997,0.331,0.365,-0.033999999999999975,"2.46","5.77","-3.315"
"Winans, Allan","642216","2025","46","35",0.333,0.283,0.050000000000000044,0.59,0.508,0.08199999999999996,0.407,0.379,0.02799999999999997,"8.68","6.31","2.369"
"Leclerc, José","600917","2025","46","33",0.317,0.291,0.026000000000000023,0.634,0.545,0.08899999999999997,0.431,0.39,0.04099999999999998,"6.00","6.77","-0.77"
"Suárez, Albert","544150","2025","44","31",0.225,0.204,0.02100000000000002,0.325,0.316,0.009000000000000008,0.251,0.256,-0.0050000000000000044,"2.31","2.67","-0.356"
"Chavez, Jesse","445926","2025","43","30",0.368,0.261,0.10699999999999998,0.789,0.555,0.23399999999999999,0.51,0.383,0.127,"9.00","6.48","2.52"
"Maeda, Kenta","628317","2025","43","25",0.273,0.253,0.020000000000000018,0.455,0.39,0.065,0.393,0.366,0.027000000000000024,"7.88","5.81","2.065"
"Minter, A.J.","621345","2025","43","25",0.154,0.195,-0.04100000000000001,0.179,0.367,-0.188,0.196,0.279,-0.08300000000000002,"1.64","3.19","-1.554"
"Maxwell, Zach","687209","2025","43","26",0.256,0.243,0.013000000000000012,0.59,0.382,0.20799999999999996,0.384,0.307,0.07700000000000001,"4.50","3.90","0.6"
"Hill, Rich","448179","2025","43","31",0.257,0.281,-0.02400000000000002,0.457,0.479,-0.021999999999999964,0.376,0.391,-0.015000000000000013,"5.00","6.81","-1.81"
"Darrell-Hicks, Michael","690382","2025","43","30",0.278,0.3,-0.021999999999999964,0.389,0.535,-0.14600000000000002,0.322,0.406,-0.08400000000000002,"7.45","7.48","-0.032"
"Hollowell, Gavin","668970","2025","43","26",0.25,0.251,-0.0010000000000000009,0.361,0.407,-0.045999999999999985,0.333,0.347,-0.013999999999999957,"4.82","5.13","-0.309"
"Guenther, Sean","674944","2025","43","30",0.263,0.287,-0.023999999999999966,0.316,0.467,-0.15100000000000002,0.303,0.366,-0.063,"5.23","5.81","-0.584"
"Winn, Keaton","676775","2025","42","31",0.3,0.216,0.08399999999999999,0.475,0.404,0.07099999999999995,0.348,0.282,0.066,"4.50","3.26","1.24"
"Marinaccio, Ron","676760","2025","42","26",0.162,0.152,0.010000000000000009,0.162,0.23,-0.068,0.192,0.211,-0.01899999999999999,"0.84","1.83","-0.986"
"Ramírez, Erasmo","541640","2025","42","35",0.256,0.29,-0.033999999999999975,0.436,0.475,-0.03899999999999998,0.297,0.328,-0.031000000000000028,"2.46","4.51","-2.055"
"Stephenson, Robert","596112","2025","42","27",0.189,0.217,-0.027999999999999997,0.378,0.378,0,0.273,0.285,-0.011999999999999955,"2.70","3.33","-0.63"
"Castillo, Luis F.","622379","2025","41","29",0.364,0.293,0.07100000000000001,0.455,0.472,-0.01699999999999996,0.413,0.391,0.021999999999999964,"7.71","6.81","0.904"
"Garabito, Gerson","642520","2025","41","30",0.395,0.319,0.07600000000000001,0.526,0.484,0.04200000000000004,0.421,0.371,0.04999999999999999,"9.00","6.00","3"
"Harvey, Hunter","640451","2025","39","27",0.158,0.187,-0.028999999999999998,0.158,0.224,-0.066,0.153,0.193,-0.04000000000000001,0,1.55,"-1.55"
"Pop, Zach","647315","2025","39","33",0.417,0.374,0.04299999999999998,0.861,0.677,0.18399999999999994,0.55,0.465,0.08500000000000002,"14.85","10.73","4.12"
"Gervase, Paul","801434","2025","39","25",0.242,0.183,0.059,0.545,0.408,0.13700000000000007,0.386,0.315,0.07100000000000001,"4.32","4.13","0.19"
"Roberts, Ethan","681799","2025","39","30",0.286,0.289,-0.0030000000000000027,0.629,0.565,0.06400000000000006,0.398,0.38,0.018000000000000016,"6.00","6.35","-0.35"
"Bride, Jonah","681146","2025","37","30",0.452,0.323,0.129,0.613,0.539,0.07399999999999995,0.48,0.412,0.068,"15.00","7.77","7.23"
"Hernández, Enrique","571771","2025","37","28",0.393,0.316,0.07700000000000001,0.571,0.516,0.05499999999999994,0.463,0.442,0.02100000000000002,"15.19","9.33","5.858"
"Taylor, Troy","700187","2025","37","31",0.467,0.414,0.05300000000000005,0.7,0.696,0.0040000000000000036,0.495,0.475,0.020000000000000018,"12.15","11.39","0.76"
"Van Belle, Brian","687003","2025","36","30",0.361,0.267,0.09399999999999997,0.556,0.417,0.13900000000000007,0.393,0.292,0.10100000000000003,"5.40","3.51","1.89"
"Santos, Gregory","666619","2025","36","28",0.296,0.294,0.0020000000000000018,0.407,0.466,-0.05900000000000005,0.373,0.39,-0.017000000000000015,"5.14","6.77","-1.627"
"Barnes, Jacob","606930","2025","36","28",0.323,0.296,0.027000000000000024,0.452,0.515,-0.063,0.345,0.377,-0.03200000000000003,"9.00","6.23","2.77"
"Hoeing, Bryan","663773","2025","36","28",0.281,0.192,0.08900000000000002,0.406,0.278,0.128,0.318,0.245,0.07300000000000001,"3.38","2.45","0.925"
"Campbell, Isaiah","663462","2025","35","30",0.394,0.321,0.07300000000000001,0.545,0.421,0.12400000000000005,0.421,0.344,0.07700000000000001,"7.04","5.03","2.013"
"Morgan, Eli","669212","2025","35","28",0.375,0.255,0.12,0.813,0.538,0.2749999999999999,0.508,0.354,0.15400000000000003,"12.27","5.37","6.903"
"White, Owen","669391","2025","35","26",0.438,0.346,0.09200000000000003,0.594,0.479,0.11499999999999999,0.466,0.386,0.08000000000000002,"9.00","6.60","2.4"
"Sanders, Cam","676742","2025","34","25",0.31,0.322,-0.01200000000000001,0.552,0.618,-0.06599999999999995,0.414,0.441,-0.027000000000000024,"8.10","9.28","-1.18"
"La Sorsa, Joe","686747","2025","33","29",0.419,0.28,0.13899999999999996,0.871,0.514,0.357,0.552,0.357,0.19500000000000006,"10.80","5.48","5.32"
"Turnbull, Spencer","605513","2025","33","25",0.414,0.28,0.13399999999999995,0.621,0.484,0.137,0.472,0.37,0.10199999999999998,"7.11","5.96","1.145"
"Zimmermann, Bruce","669145","2025","28","25",0.269,0.275,-0.006000000000000005,0.5,0.409,0.09100000000000003,0.352,0.322,0.02999999999999997,"7.50","4.33","3.17"
"Rojas, Miguel","500743","2025","28","25",0.44,0.382,0.057999999999999996,0.92,0.733,0.18700000000000006,0.585,0.493,0.09199999999999997,"12.60","12.70","-0.1"
"Heineman, Tyler","623168","2025","27","25",0.625,0.469,0.15600000000000003,0.833,0.74,0.09299999999999997,0.614,0.535,0.07899999999999996,"32.40","16.34","16.06"