"last_name, first_name","player_id","year","pa","bip","ba","est_ba","est_ba_minus_ba_diff","slg","est_slg","est_slg_minus_slg_diff","woba","est_woba","est_woba_minus_woba_diff","era","xera","era_minus_xera_diff"
"Webb, Logan","657277","2024","841","617",0.258,0.27,-0.01200000000000001,0.355,0.421,-0.066,0.288,0.325,-0.03700000000000003,"3.47","4.34","-0.866"
"Lugo, Seth","607625","2024","836","598",0.229,0.24,-0.010999999999999982,0.353,0.4,-0.04700000000000004,0.278,0.304,-0.025999999999999968,"3.00","3.75","-0.745"
"Nola, Aaron","605400","2024","820","570",0.247,0.243,0.0040000000000000036,0.421,0.399,0.021999999999999964,0.31,0.304,0.006000000000000005,"3.57","3.75","-0.183"
"Gilbert, Logan","669302","2024","803","542",0.196,0.22,-0.023999999999999994,0.353,0.372,-0.019000000000000017,0.255,0.276,-0.02100000000000002,"3.23","3.06","0.175"
"Wheeler, Zack","554430","2024","787","503",0.192,0.194,-0.0020000000000000018,0.328,0.333,-0.0050000000000000044,0.256,0.262,-0.006000000000000005,"2.56","2.75","-0.185"
"Berríos, José","621244","2024","786","565",0.235,0.262,-0.027000000000000024,0.406,0.447,-0.04099999999999998,0.308,0.336,-0.028000000000000025,"3.60","4.68","-1.077"
"Burnes, Corbin","669203","2024","784","553",0.226,0.229,-0.0030000000000000027,0.347,0.371,-0.02400000000000002,0.273,0.286,-0.012999999999999956,"2.92","3.29","-0.372"
"Kirby, George","669923","2024","778","568",0.245,0.233,0.011999999999999983,0.393,0.403,-0.010000000000000009,0.287,0.29,-0.0030000000000000027,"3.53","3.39","0.144"
"Keller, Mitch","656605","2024","773","540",0.261,0.246,0.015000000000000013,0.446,0.415,0.031000000000000028,0.331,0.321,0.010000000000000009,"4.25","4.22","0.027"
"López, Pablo","641154","2024","772","523",0.252,0.237,0.015000000000000013,0.407,0.402,0.004999999999999949,0.306,0.302,0.0040000000000000036,"4.08","3.70","0.379"
"Irvin, Jake","663623","2024","769","557",0.244,0.248,-0.0040000000000000036,0.428,0.44,-0.01200000000000001,0.314,0.323,-0.009000000000000008,"4.41","4.28","0.132"
"Anderson, Tyler","542881","2024","765","543",0.232,0.244,-0.011999999999999983,0.394,0.423,-0.02899999999999997,0.308,0.326,-0.018000000000000016,"3.81","4.37","-0.556"
"Corbin, Patrick","571578","2024","764","568",0.298,0.291,0.007000000000000006,0.486,0.481,0.0050000000000000044,0.357,0.359,-0.0020000000000000018,"5.62","5.44","0.176"
"Singer, Brady","663903","2024","762","528",0.253,0.266,-0.013000000000000012,0.405,0.438,-0.032999999999999974,0.316,0.337,-0.02100000000000002,"3.71","4.71","-1.003"
"Ragans, Cole","666142","2024","762","466",0.213,0.213,0,0.334,0.344,-0.009999999999999953,0.277,0.284,-0.006999999999999951,"3.14","3.25","-0.11"
"Cease, Dylan","656302","2024","762","469",0.2,0.209,-0.00899999999999998,0.332,0.367,-0.034999999999999976,0.266,0.286,-0.019999999999999962,"3.47","3.29","0.18"
"Severino, Luis","622663","2024","761","527",0.243,0.239,0.0040000000000000036,0.383,0.381,0.0020000000000000018,0.308,0.307,0.0010000000000000009,"3.91","3.83","0.077"
"Pfaadt, Brandon","694297","2024","760","528",0.259,0.243,0.016000000000000014,0.421,0.402,0.01899999999999996,0.312,0.303,0.009000000000000008,"4.71","3.72","0.986"
"Crawford, Kutter","676710","2024","759","524",0.223,0.221,0.0020000000000000018,0.419,0.421,-0.0020000000000000018,0.304,0.307,-0.0030000000000000027,"4.36","3.83","0.531"
"Sears, JP","676664","2024","758","557",0.251,0.239,0.01200000000000001,0.439,0.454,-0.015000000000000013,0.324,0.328,-0.0040000000000000036,"4.38","4.43","-0.046"
"Bassitt, Chris","605135","2024","758","504",0.27,0.254,0.016000000000000014,0.397,0.407,-0.009999999999999953,0.331,0.331,0,"4.16","4.52","-0.362"
"Gausman, Kevin","592332","2024","756","535",0.238,0.257,-0.019000000000000017,0.392,0.466,-0.07400000000000001,0.3,0.34,-0.040000000000000036,"3.83","4.80","-0.971"
"Sánchez, Cristopher","650911","2024","754","557",0.258,0.255,0.0030000000000000027,0.358,0.371,-0.013000000000000012,0.29,0.298,-0.008000000000000007,"3.32","3.59","-0.271"
"Skubal, Tarik","669373","2024","753","481",0.201,0.205,-0.003999999999999976,0.311,0.332,-0.02100000000000002,0.246,0.259,-0.013000000000000012,"2.39","2.68","-0.289"
"Houck, Tanner","656557","2024","743","524",0.231,0.255,-0.023999999999999994,0.32,0.394,-0.07400000000000001,0.276,0.317,-0.04099999999999998,"3.12","4.11","-0.987"
"Canning, Griffin","656288","2024","739","537",0.265,0.257,0.008000000000000007,0.459,0.448,0.01100000000000001,0.341,0.338,0.0030000000000000027,"5.19","4.74","0.45"
"Manaea, Sean","640455","2024","738","481",0.202,0.224,-0.021999999999999992,0.338,0.388,-0.04999999999999999,0.275,0.304,-0.02899999999999997,"3.47","3.75","-0.282"
"Rodón, Carlos","607074","2024","736","474",0.235,0.224,0.010999999999999982,0.435,0.429,0.006000000000000005,0.32,0.316,0.0040000000000000036,"3.96","4.08","-0.12"
"Kikuchi, Yusei","579328","2024","736","484",0.245,0.235,0.010000000000000009,0.391,0.404,-0.013000000000000012,0.297,0.302,-0.0050000000000000044,"4.05","3.70","0.347"
"Gore, MacKenzie","669022","2024","731","473",0.263,0.249,0.014000000000000012,0.398,0.384,0.014000000000000012,0.324,0.318,0.006000000000000005,"3.90","4.14","-0.244"
"Fedde, Erick","607200","2024","726","515",0.233,0.242,-0.00899999999999998,0.381,0.403,-0.02200000000000002,0.293,0.309,-0.016000000000000014,"3.30","3.88","-0.581"
"King, Michael","650633","2024","726","455",0.221,0.223,-0.0020000000000000018,0.346,0.364,-0.018000000000000016,0.284,0.295,-0.01100000000000001,"2.95","3.52","-0.566"
"Peralta, Freddy","642547","2024","725","447",0.224,0.221,0.0030000000000000027,0.387,0.386,0.0010000000000000009,0.305,0.307,-0.0020000000000000018,"3.68","3.83","-0.151"
"Gibson, Kyle","502043","2024","722","499",0.251,0.258,-0.007000000000000006,0.418,0.435,-0.017000000000000015,0.323,0.34,-0.017000000000000015,"4.24","4.80","-0.556"
"Mikolas, Miles","571945","2024","720","567",0.284,0.273,0.010999999999999954,0.485,0.468,0.01699999999999996,0.339,0.334,0.0050000000000000044,"5.35","4.61","0.738"
"Castillo, Luis","622491","2024","719","492",0.238,0.242,-0.0040000000000000036,0.412,0.421,-0.009000000000000008,0.305,0.313,-0.008000000000000007,"3.64","3.99","-0.346"
"Quintana, Jose","500779","2024","717","508",0.237,0.254,-0.017000000000000015,0.396,0.414,-0.01799999999999996,0.312,0.33,-0.018000000000000016,"3.75","4.49","-0.739"
"Fried, Max","608331","2024","714","483",0.226,0.245,-0.01899999999999999,0.315,0.365,-0.04999999999999999,0.273,0.303,-0.02999999999999997,"3.25","3.72","-0.468"
"Rea, Colin","607067","2024","714","526",0.258,0.269,-0.01100000000000001,0.447,0.463,-0.016000000000000014,0.327,0.342,-0.015000000000000013,"4.29","4.87","-0.576"
"Brown, Hunter","686613","2024","712","468",0.242,0.223,0.01899999999999999,0.357,0.338,0.01899999999999996,0.296,0.286,0.010000000000000009,"3.49","3.29","0.204"
"Bibee, Tanner","676440","2024","710","471",0.23,0.235,-0.004999999999999977,0.406,0.401,0.0050000000000000044,0.299,0.303,-0.0040000000000000036,"3.47","3.72","-0.248"
"Cortes, Nestor","641482","2024","710","505",0.245,0.233,0.011999999999999983,0.421,0.407,0.014000000000000012,0.307,0.298,0.009000000000000008,"3.77","3.59","0.179"
"Ober, Bailey","641927","2024","709","469",0.208,0.209,-0.0010000000000000009,0.391,0.384,0.007000000000000006,0.282,0.284,-0.0020000000000000018,"3.98","3.25","0.729"
"Flexen, Chris","623167","2024","707","519",0.283,0.256,0.02699999999999997,0.476,0.452,0.023999999999999966,0.355,0.339,0.01599999999999996,"4.95","4.77","0.18"
"Miller, Bryce","682243","2024","704","485",0.2,0.226,-0.025999999999999995,0.338,0.413,-0.07499999999999996,0.26,0.301,-0.04099999999999998,"2.94","3.67","-0.725"
"Valdez, Framber","664285","2024","703","473",0.221,0.232,-0.01100000000000001,0.323,0.349,-0.025999999999999968,0.272,0.292,-0.019999999999999962,"2.91","3.44","-0.531"
"Sale, Chris","519242","2024","702","430",0.216,0.211,0.0050000000000000044,0.319,0.323,-0.0040000000000000036,0.26,0.263,-0.0030000000000000027,"2.38","2.77","-0.389"
"Bello, Brayan","678394","2024","702","474",0.252,0.254,-0.0020000000000000018,0.394,0.405,-0.01100000000000001,0.319,0.33,-0.01100000000000001,"4.49","4.49","0.001"
"Morton, Charlie","450203","2024","701","451",0.251,0.241,0.010000000000000009,0.427,0.415,0.01200000000000001,0.335,0.331,0.0040000000000000036,"4.19","4.52","-0.328"
"Gomber, Austin","596295","2024","696","541",0.273,0.275,-0.0020000000000000018,0.482,0.501,-0.019000000000000017,0.339,0.35,-0.010999999999999954,"4.75","5.13","-0.385"
"Eovaldi, Nathan","543135","2024","696","481",0.229,0.243,-0.013999999999999985,0.386,0.398,-0.01200000000000001,0.291,0.309,-0.018000000000000016,"3.80","3.88","-0.083"
"Imanaga, Shota","684007","2024","694","489",0.225,0.231,-0.006000000000000005,0.385,0.398,-0.013000000000000012,0.279,0.288,-0.008999999999999952,"2.91","3.34","-0.432"
"Heaney, Andrew","571760","2024","693","481",0.251,0.25,0.0010000000000000009,0.41,0.442,-0.03200000000000003,0.312,0.328,-0.016000000000000014,"4.28","4.43","-0.155"
"Feltner, Ryan","663372","2024","692","495",0.263,0.254,0.009000000000000008,0.408,0.423,-0.015000000000000013,0.32,0.326,-0.006000000000000005,"4.49","4.37","0.121"
"Civale, Aaron","650644","2024","689","482",0.252,0.241,0.01100000000000001,0.44,0.408,0.03200000000000003,0.327,0.315,0.01200000000000001,"4.36","4.05","0.31"
"Wacha, Michael","608379","2024","685","489",0.246,0.249,-0.0030000000000000027,0.387,0.415,-0.02799999999999997,0.3,0.314,-0.014000000000000012,"3.35","4.02","-0.672"
"Eflin, Zach","621107","2024","684","523",0.254,0.247,0.007000000000000006,0.404,0.416,-0.011999999999999955,0.297,0.303,-0.006000000000000005,"3.59","3.72","-0.127"
"Blanco, Ronel","669854","2024","676","439",0.19,0.224,-0.034,0.354,0.398,-0.04400000000000004,0.276,0.312,-0.035999999999999976,"2.80","3.97","-1.173"
"Taillon, Jameson","592791","2024","675","515",0.243,0.254,-0.01100000000000001,0.387,0.427,-0.03999999999999998,0.289,0.314,-0.025000000000000022,"3.27","4.02","-0.754"
"Stroman, Marcus","573186","2024","675","493",0.277,0.268,0.009000000000000008,0.431,0.436,-0.0050000000000000044,0.341,0.342,-0.0010000000000000009,"4.31","4.87","-0.564"
"Gray, Sonny","543243","2024","671","425",0.228,0.235,-0.0069999999999999785,0.401,0.402,-0.0010000000000000009,0.292,0.3,-0.008000000000000007,"3.84","3.64","0.202"
"Quantrill, Cal","615698","2024","656","466",0.273,0.271,0.0020000000000000018,0.461,0.445,0.016000000000000014,0.358,0.355,0.0030000000000000027,"4.97","5.30","-0.325"
"Littell, Zack","641793","2024","656","478",0.265,0.261,0.0040000000000000036,0.426,0.45,-0.02400000000000002,0.317,0.327,-0.010000000000000009,"3.63","4.40","-0.773"
"Montas, Frankie","593423","2024","655","434",0.243,0.244,-0.0010000000000000009,0.42,0.437,-0.017000000000000015,0.325,0.335,-0.010000000000000009,"4.84","4.64","0.198"
"Spence, Mitch","687765","2024","651","475",0.276,0.248,0.028000000000000025,0.455,0.419,0.03600000000000003,0.34,0.318,0.02200000000000002,"4.58","4.14","0.439"
"Flaherty, Jack","656427","2024","649","413",0.223,0.234,-0.01100000000000001,0.388,0.393,-0.0050000000000000044,0.288,0.298,-0.010000000000000009,"3.17","3.59","-0.423"
"Parker, Mitchell","680730","2024","646","468",0.259,0.255,0.0040000000000000036,0.408,0.443,-0.03500000000000003,0.311,0.326,-0.015000000000000013,"4.29","4.37","-0.079"
"Assad, Javier","665871","2024","638","445",0.254,0.258,-0.0040000000000000036,0.422,0.445,-0.02300000000000002,0.33,0.344,-0.013999999999999957,"3.73","4.93","-1.195"
"Gil, Luis","661563","2024","637","380",0.189,0.205,-0.015999999999999986,0.345,0.363,-0.018000000000000016,0.288,0.304,-0.016000000000000014,"3.50","3.75","-0.249"
"Lively, Ben","594902","2024","632","460",0.241,0.239,0.0020000000000000018,0.419,0.411,0.008000000000000007,0.315,0.314,0.0010000000000000009,"3.81","4.02","-0.205"
"Arrighetti, Spencer","681293","2024","632","389",0.25,0.227,0.022999999999999993,0.424,0.393,0.030999999999999972,0.332,0.314,0.018000000000000016,"4.53","4.02","0.511"
"Nelson, Ryne","669194","2024","630","464",0.266,0.262,0.0040000000000000036,0.446,0.419,0.027000000000000024,0.322,0.316,0.006000000000000005,"4.24","4.08","0.161"
"Suarez, Ranger","624133","2024","626","434",0.243,0.247,-0.0040000000000000036,0.379,0.371,0.008000000000000007,0.297,0.3,-0.0030000000000000027,"3.46","3.64","-0.175"
"Waldron, Matt","663362","2024","625","440",0.255,0.243,0.01200000000000001,0.43,0.413,0.017000000000000015,0.323,0.316,0.007000000000000006,"4.91","4.08","0.829"
"Gallen, Zac","668678","2024","621","407",0.237,0.242,-0.0050000000000000044,0.376,0.39,-0.014000000000000012,0.301,0.311,-0.010000000000000009,"3.65","3.94","-0.291"
"Greene, Hunter","668881","2024","611","366",0.183,0.188,-0.0050000000000000044,0.298,0.314,-0.016000000000000014,0.265,0.275,-0.010000000000000009,"2.75","3.03","-0.276"
"Pivetta, Nick","601713","2024","595","386",0.231,0.216,0.015000000000000013,0.439,0.412,0.027000000000000024,0.306,0.291,0.015000000000000013,"4.14","3.42","0.72"
"Crochet, Garrett","676979","2024","595","348",0.222,0.201,0.02099999999999999,0.371,0.35,0.02100000000000002,0.28,0.266,0.014000000000000012,"3.58","2.83","0.745"
"Pérez, Martín","527048","2024","590","429",0.283,0.274,0.008999999999999952,0.46,0.485,-0.024999999999999967,0.351,0.359,-0.008000000000000007,"4.53","5.44","-0.907"
"Falter, Bailey","663559","2024","589","445",0.26,0.264,-0.0040000000000000036,0.424,0.465,-0.041000000000000036,0.32,0.34,-0.020000000000000018,"4.43","4.80","-0.374"
"Abbott, Andrew","671096","2024","586","418",0.24,0.231,0.00899999999999998,0.439,0.411,0.028000000000000025,0.323,0.312,0.01100000000000001,"3.72","3.97","-0.253"
"Stone, Gavin","694813","2024","580","425",0.248,0.252,-0.0040000000000000036,0.402,0.406,-0.0040000000000000036,0.304,0.312,-0.008000000000000007,"3.53","3.97","-0.443"
"Bradley, Taj","671737","2024","578","373",0.235,0.228,0.0069999999999999785,0.408,0.426,-0.018000000000000016,0.308,0.318,-0.010000000000000009,"4.11","4.14","-0.031"
"Martinez, Nick","607259","2024","570","430",0.237,0.242,-0.0050000000000000044,0.377,0.372,0.0050000000000000044,0.279,0.282,-0.002999999999999947,"3.10","3.20","-0.102"
"Myers, Tobias","668964","2024","569","401",0.242,0.248,-0.006000000000000005,0.387,0.422,-0.034999999999999976,0.297,0.317,-0.020000000000000018,"3.00","4.11","-1.11"
"Woods Richardson, Simeon","680573","2024","569","401",0.246,0.236,0.010000000000000009,0.385,0.406,-0.02100000000000002,0.305,0.314,-0.009000000000000008,"4.17","4.02","0.155"
"Hendricks, Kyle","543294","2024","567","434",0.286,0.273,0.012999999999999956,0.442,0.431,0.01100000000000001,0.339,0.338,0.0010000000000000009,"5.92","4.74","1.183"
"Suárez, Albert","544150","2024","565","411",0.255,0.241,0.014000000000000012,0.425,0.42,0.0050000000000000044,0.32,0.316,0.0040000000000000036,"3.70","4.08","-0.377"
"Rogers, Trevor","669432","2024","562","405",0.285,0.271,0.013999999999999957,0.458,0.442,0.016000000000000014,0.35,0.349,0.0010000000000000009,"4.92","5.10","-0.178"
"Ortiz, Luis","682847","2024","556","398",0.218,0.238,-0.01999999999999999,0.372,0.432,-0.06,0.287,0.324,-0.03700000000000003,"3.32","4.31","-0.993"
"Steele, Justin","657006","2024","555","379",0.219,0.212,0.007000000000000006,0.336,0.317,0.019000000000000017,0.271,0.265,0.006000000000000005,"3.07","2.81","0.264"
"Kremer, Dean","665152","2024","553","376",0.223,0.238,-0.014999999999999986,0.371,0.435,-0.064,0.294,0.33,-0.03600000000000003,"4.09","4.49","-0.395"
"Marsh, Alec","679525","2024","548","374",0.249,0.26,-0.01100000000000001,0.434,0.461,-0.027000000000000024,0.325,0.343,-0.018000000000000016,"4.54","4.90","-0.365"
"Estes, Joey","683155","2024","543","414",0.259,0.243,0.016000000000000014,0.473,0.467,0.00599999999999995,0.333,0.328,0.0050000000000000044,"5.00","4.43","0.575"
"López, Reynaldo","625643","2024","543","351",0.22,0.238,-0.017999999999999988,0.333,0.401,-0.068,0.271,0.31,-0.03899999999999998,"1.99","3.91","-1.92"
"Pepiot, Ryan","686752","2024","539","341",0.212,0.214,-0.0020000000000000018,0.364,0.379,-0.015000000000000013,0.29,0.298,-0.008000000000000007,"3.60","3.59","0.01"
"Ryan, Joe","657746","2024","538","363",0.217,0.206,0.01100000000000001,0.4,0.364,0.03600000000000003,0.282,0.268,0.013999999999999957,"3.60","2.88","0.72"
"Lorenzen, Michael","547179","2024","535","373",0.216,0.24,-0.023999999999999994,0.372,0.423,-0.05099999999999999,0.303,0.332,-0.029000000000000026,"3.31","4.55","-1.235"
"Harrison, Kyle","690986","2024","532","365",0.263,0.255,0.008000000000000007,0.433,0.444,-0.01100000000000001,0.33,0.341,-0.01100000000000001,"4.56","4.84","-0.28"
"Montgomery, Jordan","656756","2024","532","402",0.312,0.285,0.027000000000000024,0.496,0.453,0.04299999999999998,0.37,0.351,0.019000000000000017,"6.23","5.17","1.061"
"Glasnow, Tyler","607192","2024","522","317",0.19,0.193,-0.0030000000000000027,0.347,0.332,0.014999999999999958,0.258,0.257,0.0010000000000000009,"3.49","2.64","0.853"
"Cannon, Jonathan","686563","2024","522","386",0.263,0.256,0.007000000000000006,0.44,0.425,0.015000000000000013,0.332,0.328,0.0040000000000000036,"4.49","4.43","0.058"
"Skenes, Paul","694973","2024","514","306",0.198,0.191,0.007000000000000006,0.295,0.302,-0.007000000000000006,0.247,0.25,-0.0030000000000000027,"1.96","2.50","-0.538"
"Lynn, Lance","458681","2024","511","354",0.247,0.257,-0.010000000000000009,0.402,0.461,-0.059,0.314,0.342,-0.028000000000000025,"3.83","4.87","-1.035"
"Peterson, David","656849","2024","510","356",0.243,0.259,-0.016000000000000014,0.349,0.407,-0.057999999999999996,0.299,0.333,-0.03400000000000003,"2.90","4.58","-1.679"
"Pallante, Andre","669467","2024","509","365",0.24,0.232,0.00799999999999998,0.338,0.335,0.0030000000000000027,0.293,0.295,-0.0020000000000000018,"3.78","3.52","0.263"
"Jones, Jared","683003","2024","504","328",0.232,0.229,0.0030000000000000027,0.432,0.409,0.02300000000000002,0.314,0.312,0.0020000000000000018,"4.14","3.97","0.172"
"Schwellenbach, Spencer","680885","2024","500","344",0.226,0.238,-0.011999999999999983,0.391,0.38,0.01100000000000001,0.286,0.291,-0.0050000000000000044,"3.35","3.42","-0.072"
"Lodolo, Nick","666157","2024","493","316",0.231,0.223,0.008000000000000007,0.38,0.361,0.019000000000000017,0.309,0.301,0.008000000000000007,"4.76","3.67","1.09"
"Irvin, Cole","608344","2024","492","379",0.293,0.285,0.008000000000000007,0.498,0.519,-0.02100000000000002,0.357,0.366,-0.009000000000000008,"5.11","5.70","-0.592"
"Rodriguez, Grayson","680570","2024","491","320",0.243,0.229,0.013999999999999985,0.405,0.396,0.009000000000000008,0.31,0.303,0.007000000000000006,"3.86","3.72","0.137"
"Freeland, Kyle","607536","2024","490","378",0.291,0.274,0.01699999999999996,0.507,0.488,0.019000000000000017,0.357,0.345,0.01200000000000001,"5.24","4.97","0.271"
"Maeda, Kenta","628317","2024","485","352",0.281,0.254,0.027000000000000024,0.491,0.431,0.06,0.351,0.325,0.025999999999999968,"6.09","4.34","1.749"
"Hicks, Jordan","663855","2024","481","329",0.265,0.251,0.014000000000000012,0.414,0.425,-0.01100000000000001,0.336,0.337,-0.0010000000000000009,"4.10","4.71","-0.607"
"Woo, Bryan","693433","2024","472","355",0.211,0.22,-0.009000000000000008,0.337,0.35,-0.012999999999999956,0.249,0.263,-0.014000000000000012,"2.89","2.77","0.123"
"Soriano, José","667755","2024","468","316",0.224,0.239,-0.014999999999999986,0.329,0.379,-0.04999999999999999,0.287,0.318,-0.031000000000000028,"3.42","4.14","-0.715"
"Olson, Reese","681857","2024","465","327",0.238,0.245,-0.007000000000000006,0.347,0.366,-0.019000000000000017,0.282,0.299,-0.017000000000000015,"3.52","3.62","-0.095"
"Ureña, José","570632","2024","463","350",0.254,0.256,-0.0020000000000000018,0.399,0.42,-0.020999999999999963,0.314,0.327,-0.013000000000000012,"3.80","4.40","-0.602"
"Alexander, Tyler","641302","2024","455","336",0.263,0.256,0.007000000000000006,0.48,0.474,0.006000000000000005,0.335,0.335,0,"5.10","4.64","0.459"
"Mize, Casey","663554","2024","452","343",0.29,0.283,0.007000000000000006,0.436,0.44,-0.0040000000000000036,0.335,0.338,-0.0030000000000000027,"4.49","4.74","-0.255"
"Carrasco, Carlos","471911","2024","447","320",0.276,0.257,0.019000000000000017,0.505,0.443,0.062,0.36,0.334,0.025999999999999968,"5.64","4.61","1.033"
"Wilson, Bryse","669060","2024","442","325",0.252,0.275,-0.02300000000000002,0.432,0.486,-0.05399999999999999,0.323,0.354,-0.030999999999999972,"4.04","5.27","-1.229"
"Gray, Jon","592351","2024","439","325",0.262,0.272,-0.010000000000000009,0.404,0.448,-0.043999999999999984,0.309,0.333,-0.02400000000000002,"4.47","4.58","-0.109"
"Paxton, James","572020","2024","437","313",0.251,0.253,-0.0020000000000000018,0.404,0.416,-0.011999999999999955,0.324,0.339,-0.015000000000000013,"4.39","4.77","-0.375"
"Allen, Logan","671106","2024","432","308",0.295,0.27,0.024999999999999967,0.551,0.502,0.049000000000000044,0.39,0.369,0.02100000000000002,"5.73","5.81","-0.077"
"Vásquez, Randy","681190","2024","431","333",0.304,0.301,0.0030000000000000027,0.473,0.499,-0.026000000000000023,0.36,0.371,-0.01100000000000001,"4.87","5.88","-1.013"
"Criswell, Cooper","681867","2024","424","313",0.273,0.259,0.014000000000000012,0.422,0.408,0.014000000000000012,0.327,0.324,0.0030000000000000027,"4.08","4.31","-0.233"
"Dunning, Dane","641540","2024","421","284",0.26,0.257,0.0030000000000000027,0.461,0.47,-0.008999999999999952,0.347,0.349,-0.0020000000000000018,"5.30","5.10","0.205"
"Snell, Blake","605483","2024","418","228",0.174,0.177,-0.0030000000000000027,0.263,0.283,-0.019999999999999962,0.241,0.252,-0.01100000000000001,"3.12","2.54","0.575"
"Cabrera, Edward","665795","2024","417","256",0.227,0.241,-0.013999999999999985,0.391,0.423,-0.03199999999999997,0.317,0.336,-0.019000000000000017,"4.95","4.68","0.272"
"Montero, Keider","672456","2024","412","301",0.265,0.282,-0.01699999999999996,0.463,0.464,-0.0010000000000000009,0.341,0.351,-0.009999999999999953,"4.76","5.17","-0.411"
"Spiers, Carson","686730","2024","410","298",0.297,0.254,0.04299999999999998,0.536,0.476,0.06000000000000005,0.379,0.34,0.03899999999999998,"5.46","4.80","0.66"
"Musgrove, Joe","605397","2024","410","276",0.251,0.245,0.006000000000000005,0.419,0.43,-0.01100000000000001,0.317,0.324,-0.007000000000000006,"3.88","4.31","-0.427"
"Francis, Bowden","670102","2024","408","287",0.196,0.216,-0.01999999999999999,0.371,0.391,-0.020000000000000018,0.272,0.29,-0.01799999999999996,"3.30","3.39","-0.091"
"Hudson, Dakota","641712","2024","404","300",0.286,0.288,-0.0020000000000000018,0.436,0.458,-0.02200000000000002,0.36,0.374,-0.014000000000000012,"6.17","6.00","0.169"
"Yarbrough, Ryan","642232","2024","398","289",0.201,0.243,-0.04199999999999998,0.325,0.395,-0.07,0.273,0.322,-0.04899999999999999,"3.19","4.25","-1.057"
"Verlander, Justin","434378","2024","396","289",0.274,0.229,0.04500000000000001,0.45,0.395,0.05499999999999999,0.337,0.303,0.03400000000000003,"5.48","3.72","1.76"
"Detmers, Reid","672282","2024","391","242",0.282,0.226,0.055999999999999966,0.511,0.408,0.10300000000000004,0.37,0.315,0.05499999999999999,"6.70","4.05","2.648"
"Cole, Gerrit","543037","2024","390","256",0.22,0.223,-0.0030000000000000027,0.358,0.385,-0.027000000000000024,0.286,0.299,-0.013000000000000012,"3.41","3.62","-0.209"
"Paddack, Chris","663978","2024","384","283",0.283,0.27,0.012999999999999956,0.444,0.48,-0.035999999999999976,0.332,0.342,-0.010000000000000009,"4.99","4.87","0.122"
"Herz, DJ","687792","2024","382","236",0.224,0.207,0.017000000000000015,0.359,0.352,0.007000000000000006,0.294,0.286,0.008000000000000007,"4.16","3.29","0.872"
"Walker, Taijuan","592836","2024","381","283",0.317,0.291,0.026000000000000023,0.589,0.564,0.025000000000000022,0.413,0.397,0.01599999999999996,"7.10","6.94","0.16"
"Stripling, Ross","548389","2024","381","309",0.309,0.291,0.018000000000000016,0.453,0.45,0.0030000000000000027,0.344,0.339,0.004999999999999949,"6.01","4.77","1.242"
"Muñoz, Roddery","682610","2024","379","262",0.272,0.275,-0.0030000000000000027,0.575,0.555,0.019999999999999907,0.393,0.393,0,"6.53","6.77","-0.238"
"Fulmer, Carson","608334","2024","379","252",0.246,0.247,-0.0010000000000000009,0.419,0.442,-0.02300000000000002,0.326,0.338,-0.01200000000000001,"4.15","4.74","-0.586"
"Yamamoto, Yoshinobu","808967","2024","368","240",0.229,0.232,-0.0030000000000000027,0.365,0.367,-0.0020000000000000018,0.278,0.292,-0.013999999999999957,"3.00","3.44","-0.44"
"Rodríguez, Yariel","684320","2024","368","239",0.229,0.228,0.0010000000000000009,0.387,0.372,0.015000000000000013,0.312,0.309,0.0030000000000000027,"4.46","3.88","0.585"
"Weathers, Ryan","677960","2024","367","254",0.236,0.24,-0.0040000000000000036,0.39,0.412,-0.021999999999999964,0.303,0.317,-0.014000000000000012,"3.63","4.11","-0.475"
"Law, Derek","571882","2024","365","264",0.246,0.257,-0.01100000000000001,0.348,0.368,-0.020000000000000018,0.282,0.302,-0.020000000000000018,"2.60","3.70","-1.1"
"Liberatore, Matthew","669461","2024","358","252",0.251,0.248,0.0030000000000000027,0.415,0.424,-0.009000000000000008,0.313,0.319,-0.006000000000000005,"4.39","4.16","0.235"
"Holton, Tyler","663947","2024","354","256",0.173,0.212,-0.03900000000000001,0.279,0.335,-0.055999999999999994,0.221,0.262,-0.04100000000000001,"2.19","2.75","-0.556"
"Avila, Pedro","658648","2024","353","231",0.239,0.259,-0.020000000000000018,0.369,0.412,-0.04299999999999998,0.304,0.334,-0.030000000000000027,"3.81","4.61","-0.8"
"Schmidt, Clarke","657376","2024","353","221",0.23,0.224,0.006000000000000005,0.356,0.359,-0.0030000000000000027,0.296,0.303,-0.007000000000000006,"2.85","3.72","-0.872"
"Sandoval, Patrick","663776","2024","353","234",0.272,0.258,0.014000000000000012,0.401,0.4,0.0010000000000000009,0.329,0.326,0.0030000000000000027,"5.08","4.37","0.714"
"Povich, Cade","700249","2024","352","246",0.256,0.229,0.026999999999999996,0.454,0.41,0.04400000000000004,0.339,0.316,0.02300000000000002,"5.20","4.08","1.117"
"Ashcraft, Graham","668933","2024","350","260",0.282,0.274,0.007999999999999952,0.434,0.443,-0.009000000000000008,0.342,0.349,-0.006999999999999951,"5.24","5.10","0.137"
"Soroka, Michael","647336","2024","347","216",0.224,0.234,-0.010000000000000009,0.415,0.407,0.008000000000000007,0.324,0.331,-0.007000000000000006,"4.75","4.52","0.225"
"Buehler, Walker","621111","2024","344","246",0.289,0.259,0.02999999999999997,0.506,0.431,0.07500000000000001,0.37,0.336,0.033999999999999975,"5.38","4.68","0.696"
"Tonkin, Michael","543859","2024","340","217",0.236,0.251,-0.015000000000000013,0.35,0.399,-0.049000000000000044,0.296,0.324,-0.028000000000000025,"3.63","4.31","-0.68"
"McKenzie, Triston","663474","2024","340","215",0.24,0.237,0.0030000000000000027,0.479,0.488,-0.009000000000000008,0.359,0.359,0,"5.12","5.44","-0.325"
"Cecconi, Slade","677944","2024","338","253",0.294,0.252,0.04199999999999998,0.527,0.461,0.066,0.366,0.33,0.035999999999999976,"6.66","4.49","2.172"
"Hjelle, Sean","663546","2024","337","243",0.268,0.247,0.02100000000000002,0.398,0.385,0.013000000000000012,0.306,0.297,0.009000000000000008,"3.90","3.57","0.335"
"Megill, Tylor","656731","2024","337","209",0.235,0.233,0.001999999999999974,0.372,0.399,-0.027000000000000024,0.304,0.318,-0.014000000000000012,"4.04","4.14","-0.102"
"Winckowski, Josh","670174","2024","336","246",0.272,0.259,0.013000000000000012,0.423,0.41,0.013000000000000012,0.327,0.322,0.0050000000000000044,"4.14","4.25","-0.105"
"Williams, Gavin","668909","2024","332","218",0.246,0.245,0.0010000000000000009,0.396,0.394,0.0020000000000000018,0.315,0.318,-0.0030000000000000027,"4.86","4.14","0.715"
"Weaver, Luke","596133","2024","331","198",0.176,0.197,-0.02100000000000002,0.334,0.37,-0.035999999999999976,0.256,0.286,-0.02999999999999997,"2.89","3.29","-0.397"
"Darvish, Yu","506433","2024","331","228",0.217,0.226,-0.009000000000000008,0.387,0.392,-0.0050000000000000044,0.286,0.296,-0.010000000000000009,"3.31","3.54","-0.234"
"Blach, Ty","621389","2024","330","270",0.342,0.312,0.030000000000000027,0.585,0.575,0.010000000000000009,0.413,0.402,0.010999999999999954,"6.94","7.16","-0.221"
"Abreu, Bryan","650556","2024","325","184",0.207,0.196,0.010999999999999982,0.344,0.337,0.006999999999999951,0.288,0.284,0.0040000000000000036,"3.10","3.25","-0.148"
"Ross, Joe","605452","2024","321","224",0.251,0.238,0.013000000000000012,0.359,0.395,-0.03600000000000003,0.299,0.311,-0.01200000000000001,"3.77","3.94","-0.17"
"Shuster, Jared","694363","2024","321","232",0.261,0.265,-0.0040000000000000036,0.41,0.428,-0.018000000000000016,0.324,0.334,-0.010000000000000009,"4.29","4.61","-0.315"
"Vodnik, Victor","680767","2024","320","217",0.257,0.254,0.0030000000000000027,0.382,0.428,-0.045999999999999985,0.322,0.342,-0.020000000000000018,"4.28","4.87","-0.594"
"Baz, Shane","669358","2024","319","219",0.2,0.217,-0.016999999999999987,0.319,0.381,-0.062,0.266,0.3,-0.033999999999999975,"3.06","3.64","-0.577"
"Blackburn, Paul","621112","2024","316","233",0.262,0.263,-0.0010000000000000009,0.441,0.439,0.0020000000000000018,0.329,0.332,-0.0030000000000000027,"4.66","4.55","0.109"
"Birdsong, Hayden","806185","2024","315","180",0.216,0.228,-0.01200000000000001,0.39,0.413,-0.022999999999999965,0.321,0.335,-0.014000000000000012,"4.75","4.64","0.11"
"Akin, Keegan","669211","2024","313","195",0.193,0.18,0.013000000000000012,0.347,0.32,0.02699999999999997,0.255,0.248,0.007000000000000006,"3.32","2.46","0.858"
"Beeks, Jalen","656222","2024","312","227",0.279,0.241,0.038000000000000034,0.388,0.38,0.008000000000000007,0.322,0.305,0.017000000000000015,"4.50","3.78","0.72"
"Banks, Tanner","621383","2024","310","205",0.249,0.229,0.01999999999999999,0.361,0.349,0.01200000000000001,0.293,0.288,0.0050000000000000044,"3.98","3.34","0.642"
"Houser, Adrian","605288","2024","309","228",0.272,0.265,0.007000000000000006,0.445,0.451,-0.006000000000000005,0.35,0.352,-0.0020000000000000018,"5.84","5.20","0.641"
"Martinez, Justin","679885","2024","308","179",0.221,0.216,0.0050000000000000044,0.288,0.288,0,0.269,0.277,-0.008000000000000007,"2.48","3.08","-0.603"
"Walker, Ryan","676254","2024","308","182",0.179,0.19,-0.01100000000000001,0.265,0.299,-0.033999999999999975,0.233,0.255,-0.021999999999999992,"1.91","2.60","-0.687"
"Bradford, Cody","674003","2024","308","224",0.218,0.23,-0.01200000000000001,0.379,0.409,-0.02999999999999997,0.273,0.292,-0.01899999999999996,"3.54","3.44","0.097"
"Cronin, Declan","686539","2024","307","204",0.274,0.238,0.03600000000000003,0.35,0.355,-0.0050000000000000044,0.308,0.299,0.009000000000000008,"4.35","3.62","0.731"
"Harris, Hogan","663687","2024","305","208",0.244,0.26,-0.016000000000000014,0.391,0.441,-0.04999999999999999,0.32,0.347,-0.02699999999999997,"2.86","5.03","-2.168"
"Wentz, Joey","666214","2024","304","194",0.252,0.22,0.032,0.378,0.353,0.025000000000000022,0.317,0.301,0.016000000000000014,"4.68","3.67","1.008"
"Kelly, Merrill","518876","2024","300","215",0.242,0.262,-0.020000000000000018,0.426,0.483,-0.056999999999999995,0.311,0.345,-0.033999999999999975,"4.03","4.97","-0.938"
"Farmer, Buck","571656","2024","299","193",0.215,0.237,-0.021999999999999992,0.369,0.405,-0.03600000000000003,0.293,0.318,-0.025000000000000022,"3.04","4.14","-1.098"
"Contreras, Roansy","672710","2024","298","207",0.243,0.256,-0.013000000000000012,0.425,0.452,-0.027000000000000024,0.322,0.345,-0.022999999999999965,"4.35","4.97","-0.624"
"Robertson, David","502085","2024","297","164",0.202,0.21,-0.00799999999999998,0.282,0.331,-0.049000000000000044,0.257,0.28,-0.02300000000000002,"3.00","3.15","-0.15"
"Bellozo, Valente","678368","2024","295","228",0.256,0.247,0.009000000000000008,0.481,0.496,-0.015000000000000013,0.338,0.346,-0.007999999999999952,"3.67","5.00","-1.33"
"Armstrong, Shawn","542888","2024","295","202",0.289,0.274,0.014999999999999958,0.436,0.453,-0.017000000000000015,0.345,0.349,-0.0040000000000000036,"4.86","5.10","-0.24"
"Thornton, Trent","663423","2024","294","193",0.238,0.226,0.011999999999999983,0.396,0.361,0.03500000000000003,0.302,0.29,0.01200000000000001,"3.61","3.39","0.218"
"Strickland, Hunter","519326","2024","294","211",0.211,0.211,0,0.376,0.395,-0.019000000000000017,0.286,0.293,-0.007000000000000006,"3.31","3.47","-0.156"
"Puk, A.J.","640462","2024","294","176",0.195,0.198,-0.0030000000000000027,0.324,0.301,0.02300000000000002,0.265,0.262,0.0030000000000000027,"3.15","2.75","0.404"
"Buttó, José","676130","2024","294","172",0.167,0.19,-0.022999999999999993,0.276,0.334,-0.057999999999999996,0.26,0.294,-0.033999999999999975,"2.55","3.49","-0.936"
"Scott, Tanner","656945","2024","294","171",0.179,0.2,-0.02100000000000002,0.243,0.298,-0.05499999999999999,0.241,0.272,-0.031000000000000028,"1.75","2.97","-1.22"
"Sands, Cole","663485","2024","292","189",0.221,0.223,-0.0020000000000000018,0.326,0.388,-0.062,0.259,0.29,-0.030999999999999972,"3.28","3.39","-0.11"
"Ginkel, Kevin","656464","2024","291","196",0.256,0.229,0.026999999999999996,0.389,0.367,0.02200000000000002,0.3,0.283,0.017000000000000015,"3.21","3.22","-0.006"
"Hill, Tim","657612","2024","291","239",0.289,0.261,0.02799999999999997,0.338,0.327,0.01100000000000001,0.299,0.296,0.0030000000000000027,"3.36","3.54","-0.182"
"Rogers, Tyler","643511","2024","290","225",0.245,0.237,0.008000000000000007,0.374,0.348,0.026000000000000023,0.281,0.276,0.0050000000000000044,"2.81","3.06","-0.245"
"Vest, Will","676684","2024","289","205",0.234,0.261,-0.026999999999999996,0.31,0.384,-0.07400000000000001,0.261,0.31,-0.04899999999999999,"2.81","3.91","-1.095"
"Smith, Cade","671922","2024","289","166",0.19,0.189,0.0010000000000000009,0.28,0.306,-0.025999999999999968,0.235,0.249,-0.014000000000000012,"1.91","2.48","-0.568"
"Leclerc, José","600917","2024","288","163",0.227,0.212,0.015000000000000013,0.348,0.353,-0.0050000000000000044,0.3,0.297,0.0030000000000000027,"4.32","3.57","0.75"
"Cruz, Fernando","518585","2024","288","143",0.216,0.219,-0.0030000000000000027,0.388,0.387,0.0010000000000000009,0.307,0.311,-0.0040000000000000036,"4.86","3.94","0.92"
"Kittredge, Andrew","552640","2024","287","200",0.228,0.247,-0.01899999999999999,0.395,0.424,-0.02899999999999997,0.289,0.313,-0.02400000000000002,"2.80","3.99","-1.188"
"Santana, Dennis","642701","2024","287","193",0.22,0.223,-0.0030000000000000027,0.351,0.349,0.0020000000000000018,0.281,0.284,-0.002999999999999947,"3.89","3.25","0.643"
"Knack, Landon","689017","2024","286","196",0.22,0.224,-0.0040000000000000036,0.428,0.444,-0.016000000000000014,0.304,0.313,-0.009000000000000008,"3.65","3.99","-0.338"
"Fernandez, Ryan","681676","2024","285","180",0.236,0.219,0.016999999999999987,0.341,0.327,0.014000000000000012,0.291,0.294,-0.0030000000000000027,"3.51","3.49","0.02"
"Kinley, Tyler","641755","2024","285","178",0.248,0.241,0.007000000000000006,0.455,0.422,0.03300000000000003,0.341,0.329,0.01200000000000001,"6.19","4.46","1.728"
"Pearson, Nate","663878","2024","285","187",0.263,0.241,0.02200000000000002,0.459,0.443,0.016000000000000014,0.333,0.33,0.0030000000000000027,"4.48","4.49","-0.013"
"Miller, Erik","669062","2024","284","158",0.205,0.189,0.015999999999999986,0.344,0.304,0.03999999999999998,0.296,0.28,0.01599999999999996,"3.88","3.15","0.726"
"Wesneski, Hayden","669713","2024","283","193",0.215,0.232,-0.017000000000000015,0.392,0.434,-0.04199999999999998,0.293,0.318,-0.025000000000000022,"3.86","4.14","-0.283"
"Scott, Tayler","605463","2024","282","171",0.188,0.215,-0.026999999999999996,0.31,0.32,-0.010000000000000009,0.275,0.293,-0.01799999999999996,"2.23","3.47","-1.242"
"Brieske, Beau","689225","2024","282","181",0.224,0.215,0.009000000000000008,0.354,0.341,0.012999999999999956,0.291,0.287,0.0040000000000000036,"3.59","3.32","0.271"
"Adam, Jason","592094","2024","282","172",0.159,0.204,-0.044999999999999984,0.259,0.35,-0.09099999999999997,0.224,0.283,-0.05899999999999997,"1.96","3.22","-1.265"
"Holmes, Grant","656550","2024","282","195",0.252,0.237,0.015000000000000013,0.37,0.397,-0.027000000000000024,0.287,0.295,-0.008000000000000007,"3.56","3.52","0.036"
"Lambert, Peter","663567","2024","280","198",0.302,0.261,0.04099999999999998,0.471,0.4,0.07099999999999995,0.362,0.327,0.034999999999999976,"5.72","4.40","1.323"
"Floro, Dylan","571670","2024","279","213",0.252,0.258,-0.006000000000000005,0.349,0.397,-0.04800000000000004,0.285,0.31,-0.025000000000000022,"3.80","3.91","-0.109"
"Lawrence, Justin","664875","2024","279","194",0.313,0.296,0.017000000000000015,0.485,0.463,0.021999999999999964,0.387,0.38,0.007000000000000006,"6.49","6.23","0.256"
"Kopech, Michael","656629","2024","279","152",0.188,0.19,-0.0020000000000000018,0.321,0.354,-0.032999999999999974,0.277,0.293,-0.01599999999999996,"3.46","3.47","-0.012"
"De Los Santos, Enyel","660853","2024","278","182",0.262,0.244,0.018000000000000016,0.544,0.491,0.05300000000000005,0.377,0.35,0.027000000000000024,"5.20","5.13","0.073"
"Gaddis, Hunter","683769","2024","278","194",0.166,0.198,-0.032,0.282,0.343,-0.061000000000000054,0.22,0.26,-0.04000000000000001,"1.57","2.71","-1.143"
"Kelly, Kevin","687330","2024","278","201",0.226,0.24,-0.013999999999999985,0.352,0.372,-0.020000000000000018,0.268,0.288,-0.019999999999999962,"2.67","3.34","-0.665"
"Hader, Josh","623352","2024","278","147",0.171,0.173,-0.001999999999999974,0.343,0.339,0.0040000000000000036,0.261,0.259,0.0020000000000000018,"3.80","2.68","1.123"
"Jiménez, Joe","641729","2024","277","168",0.181,0.182,-0.0010000000000000009,0.242,0.292,-0.04999999999999999,0.23,0.253,-0.022999999999999993,"2.62","2.56","0.061"
"Richards, Trevor","670950","2024","277","177",0.188,0.204,-0.015999999999999986,0.308,0.346,-0.03799999999999998,0.273,0.301,-0.02799999999999997,"4.55","3.67","0.876"
"Barnes, Jacob","606930","2024","277","202",0.266,0.276,-0.010000000000000009,0.444,0.474,-0.02999999999999997,0.323,0.342,-0.019000000000000017,"4.36","4.87","-0.506"
"Festa, David","701581","2024","277","175",0.247,0.235,0.01200000000000001,0.434,0.411,0.02300000000000002,0.324,0.314,0.010000000000000009,"4.90","4.02","0.876"
"Jax, Griffin","643377","2024","276","163",0.184,0.186,-0.0020000000000000018,0.281,0.312,-0.030999999999999972,0.227,0.243,-0.015999999999999986,"2.03","2.36","-0.332"
"Luzardo, Jesús","666200","2024","274","192",0.246,0.253,-0.007000000000000006,0.411,0.441,-0.030000000000000027,0.315,0.332,-0.017000000000000015,"5.00","4.55","0.445"
"Thompson, Ryan","657044","2024","272","204",0.254,0.254,0,0.377,0.407,-0.02999999999999997,0.29,0.312,-0.02200000000000002,"3.26","3.97","-0.714"
"Morejon, Adrian","670970","2024","272","179",0.256,0.22,0.036000000000000004,0.39,0.349,0.041000000000000036,0.304,0.286,0.018000000000000016,"2.83","3.29","-0.463"
"Finnegan, Kyle","640448","2024","271","187",0.249,0.259,-0.010000000000000009,0.4,0.43,-0.02999999999999997,0.309,0.327,-0.018000000000000016,"3.67","4.40","-0.725"
"Cabrera, Génesis","650893","2024","271","190",0.268,0.244,0.02400000000000002,0.443,0.401,0.04199999999999998,0.338,0.324,0.014000000000000012,"3.59","4.31","-0.72"
"Doval, Camilo","666808","2024","271","152",0.241,0.182,0.059,0.393,0.318,0.07500000000000001,0.327,0.287,0.040000000000000036,"4.88","3.32","1.561"
"Holmes, Clay","605280","2024","271","178",0.248,0.223,0.024999999999999994,0.347,0.335,0.011999999999999955,0.292,0.284,0.008000000000000007,"3.14","3.25","-0.107"
"Suter, Brent","608718","2024","270","205",0.249,0.268,-0.019000000000000017,0.419,0.422,-0.0030000000000000027,0.305,0.318,-0.013000000000000012,"3.15","4.14","-0.988"
"Clase, Emmanuel","661403","2024","270","192",0.154,0.212,-0.057999999999999996,0.202,0.305,-0.10299999999999998,0.175,0.247,-0.07200000000000001,"0.60","2.44","-1.835"
"Milner, Hoby","571948","2024","268","188",0.258,0.245,0.013000000000000012,0.393,0.348,0.04500000000000004,0.297,0.282,0.015000000000000013,"4.73","3.20","1.532"
"Helsley, Ryan","664854","2024","266","164",0.21,0.213,-0.0030000000000000027,0.273,0.306,-0.032999999999999974,0.243,0.261,-0.018000000000000016,"2.04","2.73","-0.695"
"Kochanowicz, Jack","686799","2024","266","223",0.275,0.287,-0.011999999999999955,0.417,0.46,-0.04300000000000004,0.323,0.348,-0.024999999999999967,"4.00","5.07","-1.075"
"Cleavinger, Garrett","664076","2024","266","157",0.231,0.229,0.0020000000000000018,0.342,0.38,-0.03799999999999998,0.308,0.324,-0.016000000000000014,"3.75","4.31","-0.56"
"Hancock, Emerson","676106","2024","266","202",0.259,0.286,-0.02699999999999997,0.456,0.5,-0.043999999999999984,0.339,0.372,-0.032999999999999974,"4.75","5.92","-1.173"
"Maton, Phil","664208","2024","265","172",0.203,0.235,-0.03199999999999997,0.346,0.393,-0.04700000000000004,0.29,0.322,-0.03200000000000003,"3.66","4.25","-0.594"
"Hoffman, Jeff","656546","2024","265","157",0.197,0.2,-0.0030000000000000027,0.324,0.362,-0.03799999999999998,0.252,0.27,-0.018000000000000016,"2.17","2.92","-0.749"
"Koenig, Jared","657649","2024","265","174",0.229,0.225,0.0040000000000000036,0.309,0.373,-0.064,0.273,0.298,-0.024999999999999967,"2.47","3.59","-1.122"
"Baumann, Mike","657508","2024","264","174",0.259,0.239,0.020000000000000018,0.456,0.426,0.030000000000000027,0.344,0.337,0.006999999999999951,"5.55","4.71","0.844"
"Chavez, Jesse","445926","2024","264","189",0.249,0.26,-0.01100000000000001,0.427,0.419,0.008000000000000007,0.315,0.321,-0.006000000000000005,"3.13","4.22","-1.094"
"Chapman, Aroldis","547973","2024","264","126",0.198,0.165,0.033,0.315,0.288,0.027000000000000024,0.289,0.272,0.01699999999999996,"3.79","2.97","0.825"
"Molina, Anthony","683627","2024","264","199",0.305,0.308,-0.0030000000000000027,0.445,0.482,-0.03699999999999998,0.349,0.373,-0.02400000000000002,"6.79","5.96","0.828"
"Weissert, Greg","669711","2024","263","185",0.274,0.246,0.028000000000000025,0.401,0.373,0.028000000000000025,0.31,0.294,0.016000000000000014,"3.13","3.49","-0.364"
"Vesia, Alex","681911","2024","263","140",0.148,0.153,-0.0050000000000000044,0.291,0.324,-0.03300000000000003,0.246,0.26,-0.014000000000000012,"1.76","2.71","-0.946"
"Bednar, David","670280","2024","262","172",0.238,0.226,0.011999999999999983,0.41,0.422,-0.01200000000000001,0.319,0.322,-0.0030000000000000027,"5.78","4.25","1.525"
"Williams, Trevor","592866","2024","260","183",0.214,0.215,-0.0010000000000000009,0.294,0.356,-0.062,0.248,0.284,-0.035999999999999976,"2.02","3.25","-1.225"
"Neris, Héctor","593576","2024","260","165",0.244,0.233,0.010999999999999982,0.418,0.41,0.008000000000000007,0.324,0.32,0.0040000000000000036,"4.10","4.19","-0.094"
"Bido, Osvaldo","674370","2024","259","163",0.192,0.18,0.01200000000000001,0.286,0.279,0.006999999999999951,0.265,0.26,0.0050000000000000044,"3.41","2.71","0.701"
"Iglesias, Raisel","628452","2024","259","175",0.16,0.195,-0.035,0.248,0.302,-0.05399999999999999,0.2,0.238,-0.03799999999999998,"1.95","2.27","-0.323"
"Suarez, Robert","663158","2024","258","183",0.217,0.216,0.0010000000000000009,0.333,0.365,-0.03199999999999997,0.262,0.275,-0.013000000000000012,"2.77","3.03","-0.261"
"Jarvis, Bryce","686826","2024","258","182",0.239,0.269,-0.030000000000000027,0.362,0.442,-0.08000000000000002,0.314,0.357,-0.04299999999999998,"3.19","5.37","-2.185"
"Miller, Bobby","676272","2024","258","174",0.305,0.293,0.01200000000000001,0.571,0.535,0.03599999999999992,0.411,0.396,0.014999999999999958,"8.52","6.90","1.618"
"Alvarado, José","621237","2024","258","166",0.215,0.234,-0.019000000000000017,0.346,0.374,-0.028000000000000025,0.288,0.311,-0.02300000000000002,"4.09","3.94","0.146"
"Kerkering, Orion","689147","2024","257","158",0.223,0.219,0.0040000000000000036,0.301,0.329,-0.028000000000000025,0.271,0.282,-0.010999999999999954,"2.29","3.20","-0.914"
"Herrin, Tim","682120","2024","257","159",0.173,0.205,-0.032,0.24,0.33,-0.09000000000000002,0.236,0.285,-0.04899999999999999,"1.92","3.27","-1.351"
"Smyly, Drew","592767","2024","257","173",0.252,0.232,0.01999999999999999,0.416,0.373,0.04299999999999998,0.325,0.302,0.02300000000000002,"3.83","3.70","0.135"
"Matsui, Yuki","673513","2024","257","161",0.204,0.201,0.002999999999999975,0.381,0.335,0.045999999999999985,0.283,0.271,0.011999999999999955,"3.73","2.94","0.794"
"Stratton, Chris","608717","2024","257","177",0.248,0.251,-0.0030000000000000027,0.397,0.411,-0.013999999999999957,0.326,0.345,-0.01899999999999996,"5.55","4.97","0.584"
"Leiter Jr., Mark","643410","2024","256","145",0.238,0.222,0.015999999999999986,0.39,0.352,0.038000000000000034,0.308,0.291,0.017000000000000015,"4.50","3.42","1.08"
"Mears, Nick","683232","2024","256","157",0.268,0.213,0.05500000000000002,0.417,0.36,0.056999999999999995,0.324,0.283,0.041000000000000036,"5.93","3.22","2.711"
"Anderson, Chase","502624","2024","255","188",0.242,0.24,0.0020000000000000018,0.449,0.445,0.0040000000000000036,0.329,0.333,-0.0040000000000000036,"5.40","4.58","0.82"
"Domínguez, Seranthony","622554","2024","255","164",0.225,0.207,0.018000000000000016,0.424,0.414,0.010000000000000009,0.312,0.303,0.009000000000000008,"4.45","3.72","0.729"
"García, Luis","472610","2024","254","183",0.26,0.234,0.025999999999999995,0.417,0.385,0.03199999999999997,0.314,0.296,0.018000000000000016,"4.88","3.54","1.341"
"Junis, Jakob","596001","2024","253","191",0.203,0.25,-0.046999999999999986,0.361,0.43,-0.069,0.259,0.309,-0.04999999999999999,"2.69","3.88","-1.193"
"Hudson, Daniel","543339","2024","253","170",0.198,0.213,-0.014999999999999986,0.371,0.431,-0.06,0.274,0.305,-0.030999999999999972,"3.00","3.78","-0.78"
"Erceg, Lucas","668674","2024","253","159",0.212,0.221,-0.009000000000000008,0.303,0.342,-0.039000000000000035,0.259,0.281,-0.02200000000000002,"3.36","3.17","0.187"
"Estrada, Jeremiah","669093","2024","252","134",0.188,0.187,0.0010000000000000009,0.277,0.286,-0.008999999999999952,0.239,0.253,-0.014000000000000012,"2.95","2.56","0.391"
"Garcia, Robert","676395","2024","251","159",0.237,0.205,0.032,0.323,0.297,0.026000000000000023,0.27,0.25,0.020000000000000018,"4.22","2.50","1.723"
"Foley, Jason","671345","2024","250","182",0.228,0.254,-0.025999999999999995,0.339,0.41,-0.07099999999999995,0.277,0.323,-0.045999999999999985,"3.15","4.28","-1.13"
"Ferguson, Caleb","657571","2024","249","153",0.256,0.244,0.01200000000000001,0.388,0.379,0.009000000000000008,0.322,0.317,0.0050000000000000044,"4.64","4.11","0.528"
"Miller, Mason","695243","2024","249","123",0.16,0.149,0.01100000000000001,0.262,0.233,0.028999999999999998,0.218,0.21,0.008000000000000007,"2.49","1.78","0.712"
"Cano, Yennier","666974","2024","249","159",0.242,0.231,0.010999999999999982,0.372,0.368,0.0040000000000000036,0.303,0.302,0.0010000000000000009,"3.15","3.70","-0.55"
"Rogers, Taylor","573124","2024","249","161",0.237,0.213,0.023999999999999994,0.397,0.338,0.059,0.309,0.282,0.027000000000000024,"2.40","3.20","-0.8"
"Voth, Austin","608723","2024","248","166",0.204,0.212,-0.008000000000000007,0.367,0.374,-0.007000000000000006,0.281,0.288,-0.006999999999999951,"3.69","3.34","0.349"
"Meyer, Max","676974","2024","248","180",0.276,0.239,0.03700000000000003,0.56,0.461,0.09900000000000003,0.381,0.335,0.045999999999999985,"5.68","4.64","1.044"
"King, John","667463","2024","248","195",0.258,0.251,0.007000000000000006,0.351,0.388,-0.03700000000000003,0.28,0.308,-0.02799999999999997,"2.85","3.86","-1.01"
"Garrett, Reed","657585","2024","247","132",0.236,0.199,0.03699999999999998,0.363,0.312,0.05099999999999999,0.31,0.28,0.02999999999999997,"3.77","3.15","0.617"
"McArthur, James","663704","2024","246","181",0.298,0.268,0.02999999999999997,0.456,0.435,0.02100000000000002,0.344,0.327,0.01699999999999996,"4.92","4.40","0.524"
"Sandlin, Nick","680704","2024","246","145",0.222,0.22,0.0020000000000000018,0.435,0.425,0.010000000000000009,0.328,0.33,-0.0020000000000000018,"3.75","4.49","-0.744"
"Chafin, Andrew","605177","2024","246","144",0.246,0.221,0.024999999999999994,0.341,0.356,-0.014999999999999958,0.301,0.298,0.0030000000000000027,"3.52","3.59","-0.075"
"Faedo, Alex","656412","2024","246","160",0.233,0.248,-0.014999999999999986,0.405,0.391,0.014000000000000012,0.322,0.327,-0.0050000000000000044,"3.61","4.40","-0.79"
"Ottavino, Adam","493603","2024","245","144",0.23,0.196,0.034,0.362,0.324,0.03799999999999998,0.305,0.282,0.02300000000000002,"4.34","3.20","1.139"
"Nicolas, Kyle","693312","2024","244","153",0.249,0.233,0.015999999999999986,0.341,0.365,-0.023999999999999966,0.315,0.325,-0.010000000000000009,"3.95","4.34","-0.389"
"Pressly, Ryan","519151","2024","244","165",0.264,0.238,0.026000000000000023,0.395,0.405,-0.010000000000000009,0.314,0.31,0.0040000000000000036,"3.49","3.91","-0.416"
"Soto, Gregory","642397","2024","244","144",0.272,0.234,0.038000000000000006,0.398,0.381,0.017000000000000015,0.34,0.328,0.01200000000000001,"4.42","4.43","-0.015"
"Bummer, Aaron","607481","2024","244","155",0.277,0.23,0.047000000000000014,0.364,0.287,0.07700000000000001,0.305,0.264,0.04099999999999998,"3.58","2.79","0.788"
"Romero, JoJo","668941","2024","243","171",0.236,0.267,-0.031000000000000028,0.395,0.465,-0.07,0.305,0.346,-0.04099999999999998,"3.36","5.00","-1.644"
"Anderson, Justin","605121","2024","243","150",0.234,0.236,-0.001999999999999974,0.351,0.431,-0.08000000000000002,0.314,0.343,-0.029000000000000026,"4.39","4.90","-0.512"
"Mantiply, Joe","573009","2024","243","172",0.231,0.227,0.0040000000000000036,0.342,0.383,-0.04099999999999998,0.265,0.284,-0.01899999999999996,"3.92","3.25","0.672"
"Brebbia, John","605154","2024","242","153",0.255,0.26,-0.0050000000000000044,0.455,0.451,0.0040000000000000036,0.337,0.339,-0.0020000000000000018,"5.86","4.77","1.085"
"Díaz, Alexis","664747","2024","242","150",0.206,0.203,0.002999999999999975,0.338,0.334,0.0040000000000000036,0.3,0.3,0,"3.99","3.64","0.354"
"Barlow, Scott","605130","2024","241","138",0.216,0.23,-0.014000000000000012,0.358,0.367,-0.009000000000000008,0.306,0.317,-0.01100000000000001,"4.25","4.11","0.145"
"Stanek, Ryne","592773","2024","241","146",0.226,0.202,0.023999999999999994,0.387,0.368,0.019000000000000017,0.307,0.291,0.016000000000000014,"4.88","3.42","1.46"
"Smith, Burch","572143","2024","241","181",0.288,0.265,0.022999999999999965,0.428,0.442,-0.014000000000000012,0.328,0.328,0,"4.95","4.43","0.523"
"Kelly, Zack","677161","2024","241","151",0.208,0.224,-0.016000000000000014,0.387,0.416,-0.02899999999999997,0.3,0.319,-0.019000000000000017,"3.97","4.16","-0.189"
"Zerpa, Angel","672582","2024","240","169",0.273,0.259,0.014000000000000012,0.403,0.419,-0.01599999999999996,0.323,0.326,-0.0030000000000000027,"3.86","4.37","-0.513"
"Lee, Dylan","669276","2024","240","147",0.222,0.199,0.022999999999999993,0.376,0.343,0.032999999999999974,0.277,0.255,0.02200000000000002,"2.11","2.60","-0.488"
"Kuhl, Chad","641771","2024","240","154",0.273,0.241,0.03200000000000003,0.41,0.382,0.02799999999999997,0.343,0.324,0.019000000000000017,"5.06","4.31","0.753"
"Suarez, José","660761","2024","240","153",0.274,0.254,0.020000000000000018,0.495,0.413,0.08200000000000002,0.371,0.34,0.030999999999999972,"6.02","4.80","1.219"
"Winn, Keaton","676775","2024","238","165",0.268,0.27,-0.0020000000000000018,0.493,0.489,0.0040000000000000036,0.354,0.361,-0.007000000000000006,"7.16","5.52","1.637"
"Varland, Louis","686973","2024","238","169",0.318,0.281,0.03699999999999998,0.523,0.472,0.051000000000000045,0.382,0.356,0.026000000000000023,"7.61","5.34","2.271"
"Pérez, Cionel","672335","2024","238","159",0.232,0.218,0.014000000000000012,0.31,0.317,-0.007000000000000006,0.296,0.297,-0.0010000000000000009,"4.53","3.57","0.958"
"Webb, Jacob","657097","2024","237","151",0.192,0.207,-0.014999999999999986,0.303,0.352,-0.04899999999999999,0.266,0.29,-0.023999999999999966,"3.02","3.39","-0.372"
"Strahm, Matt","621381","2024","237","141",0.166,0.187,-0.02099999999999999,0.276,0.323,-0.046999999999999986,0.221,0.249,-0.027999999999999997,"1.87","2.48","-0.613"
"Yates, Kirby","489446","2024","237","121",0.113,0.145,-0.03199999999999999,0.182,0.218,-0.036000000000000004,0.186,0.214,-0.027999999999999997,"1.17","1.85","-0.682"
"Johnson, Pierce","572955","2024","236","142",0.23,0.222,0.008000000000000007,0.364,0.377,-0.013000000000000012,0.302,0.305,-0.0030000000000000027,"3.67","3.78","-0.105"
"Alcala, Jorge","660896","2024","235","153",0.19,0.191,-0.0010000000000000009,0.352,0.347,0.0050000000000000044,0.273,0.277,-0.0040000000000000036,"3.24","3.08","0.16"
"Faucher, Calvin","676534","2024","235","142",0.246,0.23,0.015999999999999986,0.342,0.34,0.0020000000000000018,0.299,0.302,-0.0030000000000000027,"3.19","3.70","-0.514"
"Jackson, Luke","592426","2024","235","148",0.255,0.226,0.028999999999999998,0.402,0.382,0.020000000000000018,0.328,0.314,0.014000000000000012,"5.09","4.02","1.074"
"Payamps, Joel","606303","2024","235","156",0.184,0.232,-0.048000000000000015,0.34,0.431,-0.09099999999999997,0.254,0.314,-0.06,"3.05","4.02","-0.969"
"Miller, Tyson","668338","2024","235","165",0.18,0.217,-0.037000000000000005,0.313,0.396,-0.08300000000000002,0.242,0.29,-0.04799999999999999,"2.32","3.39","-1.067"
"McFarland, T.J.","519008","2024","235","175",0.252,0.237,0.015000000000000013,0.367,0.352,0.015000000000000013,0.293,0.29,0.0030000000000000027,"3.81","3.39","0.422"
"Kimbrel, Craig","518886","2024","232","123",0.208,0.216,-0.008000000000000007,0.365,0.39,-0.025000000000000022,0.309,0.323,-0.014000000000000012,"5.33","4.28","1.051"
"Muñoz, Andrés","662253","2024","232","126",0.153,0.177,-0.023999999999999994,0.257,0.312,-0.05499999999999999,0.233,0.269,-0.036000000000000004,"2.12","2.90","-0.776"
"Hudson, Bryan","663542","2024","231","148",0.135,0.195,-0.06,0.279,0.342,-0.063,0.218,0.273,-0.05500000000000002,"1.73","2.99","-1.257"
"Rainey, Tanner","663432","2024","231","154",0.239,0.233,0.005999999999999978,0.416,0.488,-0.07200000000000001,0.335,0.36,-0.024999999999999967,"4.76","5.48","-0.715"
"Duran, Jhoan","661395","2024","228","141",0.235,0.207,0.027999999999999997,0.363,0.291,0.07200000000000001,0.292,0.265,0.02699999999999997,"3.64","2.81","0.834"
"Bender, Anthony","669622","2024","228","147",0.245,0.228,0.016999999999999987,0.353,0.341,0.011999999999999955,0.296,0.289,0.007000000000000006,"4.08","3.37","0.705"
"Phillips, Evan","623465","2024","228","147",0.232,0.223,0.009000000000000008,0.372,0.354,0.018000000000000016,0.288,0.284,0.0040000000000000036,"3.62","3.25","0.372"
"Peguero, Elvis","665625","2024","227","151",0.264,0.246,0.018000000000000016,0.36,0.363,-0.0030000000000000027,0.317,0.316,0.0010000000000000009,"2.98","4.08","-1.099"
"Elder, Bryce","693821","2024","226","161",0.311,0.28,0.030999999999999972,0.49,0.441,0.04899999999999999,0.37,0.342,0.02799999999999997,"6.52","4.87","1.653"
"Boyle, Joe","671212","2024","226","126",0.235,0.214,0.02099999999999999,0.346,0.33,0.01599999999999996,0.334,0.323,0.01100000000000001,"6.42","4.28","2.14"
"Bernardino, Brennan","657514","2024","226","142",0.256,0.231,0.024999999999999994,0.405,0.387,0.018000000000000016,0.322,0.309,0.013000000000000012,"4.06","3.88","0.179"
"Miller, Shelby","571946","2024","225","158",0.202,0.221,-0.01899999999999999,0.384,0.399,-0.015000000000000013,0.28,0.304,-0.023999999999999966,"4.53","3.75","0.777"
"Slaten, Justin","686580","2024","224","155",0.223,0.234,-0.01100000000000001,0.318,0.359,-0.04099999999999998,0.253,0.284,-0.030999999999999972,"2.93","3.25","-0.322"
"Schreiber, John","670167","2024","224","154",0.242,0.227,0.014999999999999986,0.318,0.317,0.0010000000000000009,0.287,0.288,-0.0010000000000000009,"3.66","3.34","0.318"
"Rodriguez, Eduardo","593958","2024","224","157",0.277,0.272,0.0050000000000000044,0.475,0.49,-0.015000000000000013,0.35,0.357,-0.007000000000000006,"5.04","5.37","-0.33"
"Holderman, Colin","670059","2024","223","137",0.223,0.209,0.014000000000000012,0.367,0.376,-0.009000000000000008,0.307,0.316,-0.009000000000000008,"3.16","4.08","-0.924"
"Turnbull, Spencer","605513","2024","222","139",0.188,0.229,-0.04100000000000001,0.325,0.387,-0.062,0.272,0.315,-0.04299999999999998,"2.65","4.05","-1.4"
"Martinez, Seth","661527","2024","222","164",0.246,0.243,0.0030000000000000027,0.422,0.397,0.024999999999999967,0.323,0.316,0.007000000000000006,"3.59","4.08","-0.491"
"Brown, Ben","676962","2024","222","138",0.208,0.229,-0.02100000000000002,0.33,0.411,-0.08099999999999996,0.268,0.321,-0.05299999999999999,"3.58","4.22","-0.642"
"Rodríguez, Randy","678495","2024","221","146",0.24,0.209,0.031,0.372,0.355,0.017000000000000015,0.301,0.285,0.016000000000000014,"4.30","3.27","1.029"
"Priester, Quinn","682990","2024","221","171",0.277,0.269,0.008000000000000007,0.421,0.414,0.007000000000000006,0.327,0.328,-0.0010000000000000009,"4.71","4.43","0.281"
"Martin, Davis","663436","2024","220","145",0.26,0.224,0.036000000000000004,0.365,0.378,-0.013000000000000012,0.324,0.316,0.008000000000000007,"4.32","4.08","0.24"
"Harvey, Hunter","640451","2024","219","143",0.259,0.275,-0.016000000000000014,0.442,0.465,-0.02300000000000002,0.333,0.349,-0.01599999999999996,"4.44","5.10","-0.659"
"Jansen, Kenley","445276","2024","218","135",0.196,0.208,-0.011999999999999983,0.304,0.37,-0.066,0.253,0.287,-0.033999999999999975,"3.29","3.32","-0.027"
"Roupp, Landen","694738","2024","217","143",0.226,0.238,-0.011999999999999983,0.326,0.363,-0.03699999999999998,0.294,0.313,-0.019000000000000017,"3.58","3.99","-0.414"
"Brazobán, Huascar","623211","2024","217","138",0.201,0.224,-0.022999999999999993,0.28,0.323,-0.04299999999999998,0.269,0.299,-0.02999999999999997,"3.83","3.62","0.212"
"Ruiz, José","614179","2024","217","147",0.26,0.252,0.008000000000000007,0.423,0.419,0.0040000000000000036,0.32,0.317,0.0030000000000000027,"3.71","4.11","-0.404"
"López, Jorge","605347","2024","216","146",0.235,0.218,0.016999999999999987,0.372,0.384,-0.01200000000000001,0.298,0.298,0,"2.89","3.59","-0.703"
"Thielbar, Caleb","573204","2024","216","139",0.266,0.233,0.033,0.41,0.398,0.011999999999999955,0.327,0.316,0.01100000000000001,"5.32","4.08","1.244"
"Grove, Michael","675627","2024","216","139",0.241,0.218,0.022999999999999993,0.382,0.366,0.016000000000000014,0.308,0.298,0.010000000000000009,"5.12","3.59","1.528"
"Díaz, Edwin","621242","2024","216","109",0.188,0.164,0.023999999999999994,0.328,0.291,0.03700000000000003,0.269,0.249,0.020000000000000018,"3.52","2.48","1.042"
"Sims, Lucas","608371","2024","215","134",0.229,0.219,0.010000000000000009,0.413,0.397,0.01599999999999996,0.331,0.324,0.007000000000000006,"4.38","4.31","0.068"
"Wicks, Jordan","696136","2024","212","148",0.291,0.265,0.025999999999999968,0.497,0.465,0.03199999999999997,0.373,0.352,0.02100000000000002,"5.48","5.20","0.278"
"Estévez, Carlos","608032","2024","212","149",0.192,0.217,-0.024999999999999994,0.313,0.403,-0.09000000000000002,0.235,0.283,-0.04799999999999999,"2.46","3.22","-0.765"
"Kolek, Stephen","663568","2024","211","156",0.303,0.28,0.022999999999999965,0.41,0.416,-0.006000000000000005,0.336,0.332,0.0040000000000000036,"5.21","4.55","0.657"
"Nardi, Andrew","677053","2024","210","121",0.234,0.194,0.04000000000000001,0.426,0.332,0.09399999999999997,0.312,0.265,0.046999999999999986,"5.07","2.81","2.264"
"Moore, Matt","519043","2024","210","141",0.218,0.214,0.0040000000000000036,0.436,0.424,0.01200000000000001,0.329,0.324,0.0050000000000000044,"5.03","4.31","0.718"
"Green, Chad","643338","2024","210","148",0.216,0.231,-0.015000000000000013,0.379,0.446,-0.067,0.276,0.308,-0.03199999999999997,"3.21","3.86","-0.654"
"Hoeing, Bryan","663773","2024","210","153",0.219,0.283,-0.06399999999999997,0.316,0.46,-0.14400000000000002,0.259,0.344,-0.08499999999999996,"2.18","4.93","-2.75"
"Wilson, Justin","458677","2024","209","143",0.286,0.239,0.046999999999999986,0.495,0.446,0.04899999999999999,0.354,0.317,0.03699999999999998,"5.59","4.11","1.483"
"Mlodzinski, Carmen","669387","2024","209","142",0.223,0.225,-0.0020000000000000018,0.315,0.34,-0.025000000000000022,0.272,0.287,-0.014999999999999958,"3.38","3.32","0.055"
"Banda, Anthony","607455","2024","209","139",0.238,0.227,0.010999999999999982,0.351,0.367,-0.016000000000000014,0.281,0.285,-0.003999999999999948,"3.08","3.27","-0.189"
"Pop, Zach","647315","2024","209","155",0.243,0.264,-0.02100000000000002,0.422,0.429,-0.007000000000000006,0.315,0.335,-0.020000000000000018,"5.59","4.64","0.946"
"Ramírez, Yohan","670990","2024","208","134",0.28,0.25,0.030000000000000027,0.423,0.39,0.032999999999999974,0.351,0.331,0.019999999999999962,"6.20","4.52","1.68"
"Ferguson, Tyler","621053","2024","207","119",0.178,0.209,-0.031,0.306,0.374,-0.068,0.262,0.301,-0.03899999999999998,"3.68","3.67","0.012"
"Dubin, Shawn","681869","2024","207","130",0.256,0.217,0.03900000000000001,0.375,0.346,0.029000000000000026,0.324,0.312,0.01200000000000001,"4.17","3.97","0.199"
"Muller, Kyle","666205","2024","202","155",0.255,0.261,-0.006000000000000005,0.404,0.417,-0.012999999999999956,0.294,0.312,-0.018000000000000016,"4.01","3.97","0.044"
"Bivens, Spencer","702352","2024","202","153",0.25,0.242,0.008000000000000007,0.431,0.438,-0.007000000000000006,0.311,0.314,-0.0030000000000000027,"3.14","4.02","-0.876"
"Scott, Christian","681035","2024","197","143",0.25,0.244,0.006000000000000005,0.433,0.443,-0.010000000000000009,0.318,0.321,-0.0030000000000000027,"4.56","4.22","0.343"
"Hall, DL","669084","2024","197","127",0.282,0.236,0.045999999999999985,0.418,0.397,0.020999999999999963,0.35,0.327,0.022999999999999965,"5.02","4.40","0.623"
"Weems, Jordan","607179","2024","196","135",0.288,0.255,0.032999999999999974,0.482,0.444,0.03799999999999998,0.376,0.353,0.02300000000000002,"6.70","5.23","1.466"
"McCaughan, Darren","670766","2024","195","146",0.31,0.27,0.03999999999999998,0.532,0.488,0.04400000000000004,0.39,0.361,0.029000000000000026,"6.21","5.52","0.694"
"Mayza, Tim","641835","2024","195","151",0.309,0.282,0.027000000000000024,0.486,0.473,0.013000000000000012,0.358,0.349,0.009000000000000008,"6.33","5.10","1.228"
"Little, Brendon","663893","2024","193","137",0.238,0.25,-0.01200000000000001,0.39,0.383,0.007000000000000006,0.309,0.317,-0.008000000000000007,"3.75","4.11","-0.365"
"Hernández, Jonathan","642546","2024","192","124",0.256,0.24,0.016000000000000014,0.431,0.41,0.02100000000000002,0.348,0.338,0.009999999999999953,"5.40","4.74","0.66"
"Latz, Jacob","656641","2024","192","124",0.241,0.24,0.0010000000000000009,0.377,0.433,-0.055999999999999994,0.318,0.342,-0.02400000000000002,"3.71","4.87","-1.16"
"Keller, Brad","641745","2024","192","143",0.274,0.246,0.028000000000000025,0.491,0.456,0.034999999999999976,0.358,0.337,0.020999999999999963,"5.44","4.71","0.734"
"Leahy, Kyle","681517","2024","191","147",0.225,0.256,-0.031,0.354,0.455,-0.10100000000000003,0.27,0.327,-0.056999999999999995,"4.07","4.40","-0.332"
"Adams, Austin","613534","2024","191","102",0.25,0.202,0.04799999999999999,0.408,0.314,0.09399999999999997,0.354,0.313,0.04099999999999998,"3.92","3.99","-0.071"
"Matz, Steven","571927","2024","190","140",0.287,0.266,0.020999999999999963,0.468,0.429,0.039000000000000035,0.352,0.333,0.01899999999999996,"5.08","4.58","0.495"
"Thorpe, Drew","689672","2024","190","142",0.212,0.238,-0.025999999999999995,0.424,0.439,-0.015000000000000013,0.315,0.336,-0.02100000000000002,"5.48","4.68","0.801"
"Oller, Adam","670124","2024","189","129",0.261,0.233,0.027999999999999997,0.436,0.421,0.015000000000000013,0.347,0.332,0.014999999999999958,"5.32","4.55","0.765"
"Wood, Alex","622072","2024","186","129",0.323,0.297,0.026000000000000023,0.519,0.492,0.027000000000000024,0.398,0.388,0.010000000000000009,"5.26","6.56","-1.297"
"Smith, Will","519293","2024","186","139",0.273,0.278,-0.0050000000000000044,0.467,0.484,-0.01699999999999996,0.347,0.358,-0.01100000000000001,"6.53","5.41","1.122"
"Brito, Jhony","666745","2024","185","146",0.283,0.263,0.019999999999999962,0.387,0.418,-0.030999999999999972,0.308,0.316,-0.008000000000000007,"4.12","4.08","0.042"
"Bird, Jake","656234","2024","185","125",0.279,0.254,0.025000000000000022,0.448,0.453,-0.0050000000000000044,0.368,0.364,0.0040000000000000036,"4.50","5.62","-1.12"
"Fairbanks, Pete","664126","2024","185","124",0.217,0.253,-0.036000000000000004,0.313,0.396,-0.08300000000000002,0.265,0.313,-0.04799999999999999,"3.57","3.99","-0.416"
"Treinen, Blake","595014","2024","184","115",0.194,0.187,0.007000000000000006,0.335,0.304,0.031000000000000028,0.257,0.246,0.01100000000000001,"1.93","2.42","-0.491"
"Megill, Trevor","656730","2024","183","118",0.2,0.208,-0.00799999999999998,0.291,0.344,-0.05299999999999999,0.239,0.268,-0.029000000000000026,"2.72","2.88","-0.161"
"Booser, Cam","592155","2024","183","124",0.25,0.227,0.022999999999999993,0.39,0.388,0.0020000000000000018,0.304,0.298,0.006000000000000005,"3.38","3.59","-0.215"
"Henry, Tommy","674072","2024","182","130",0.312,0.285,0.027000000000000024,0.586,0.52,0.06599999999999995,0.414,0.385,0.02899999999999997,"7.04","6.43","0.613"
"Medina, Luis","665622","2024","180","127",0.276,0.254,0.02200000000000002,0.417,0.415,0.0020000000000000018,0.336,0.335,0.0010000000000000009,"5.17","4.64","0.535"
"Martin, Chris","455119","2024","180","123",0.276,0.255,0.02100000000000002,0.382,0.372,0.010000000000000009,0.293,0.289,0.0040000000000000036,"3.45","3.37","0.081"
"Kahnle, Tommy","592454","2024","179","112",0.19,0.2,-0.010000000000000009,0.342,0.334,0.008000000000000007,0.278,0.285,-0.006999999999999951,"2.11","3.27","-1.161"
"Matthews, Zebby","805673","2024","177","121",0.311,0.275,0.035999999999999976,0.567,0.538,0.028999999999999915,0.397,0.371,0.026000000000000023,"6.69","5.88","0.81"
"Scherzer, Max","453286","2024","177","126",0.242,0.241,0.0010000000000000009,0.436,0.407,0.029000000000000026,0.312,0.307,0.0050000000000000044,"3.95","3.83","0.116"
"Vieira, Thyago","600986","2024","177","110",0.252,0.236,0.016000000000000014,0.469,0.441,0.02799999999999997,0.361,0.348,0.013000000000000012,"5.21","5.07","0.141"
"Long, Sam","669674","2024","176","114",0.218,0.236,-0.017999999999999988,0.353,0.408,-0.05499999999999999,0.286,0.316,-0.030000000000000027,"3.16","4.08","-0.916"
"Lynch IV, Daniel","663738","2024","175","117",0.188,0.207,-0.01899999999999999,0.344,0.389,-0.04500000000000004,0.274,0.305,-0.030999999999999972,"3.32","3.78","-0.457"
"Hurter, Brant","676428","2024","175","131",0.204,0.201,0.002999999999999975,0.323,0.307,0.016000000000000014,0.24,0.238,0.0020000000000000018,"2.58","2.27","0.311"
"Nastrini, Nick","680897","2024","174","111",0.234,0.231,0.0030000000000000027,0.445,0.471,-0.025999999999999968,0.373,0.382,-0.009000000000000008,"7.07","6.31","0.755"
"Leiter, Jack","683004","2024","173","121",0.297,0.278,0.01899999999999996,0.527,0.513,0.014000000000000012,0.384,0.377,0.007000000000000006,"8.83","6.11","2.722"
"Curry, Xzavion","675540","2024","172","137",0.232,0.27,-0.038000000000000006,0.476,0.516,-0.040000000000000036,0.309,0.346,-0.03699999999999998,"4.64","5.00","-0.359"
"Black, Mason","696131","2024","169","120",0.309,0.277,0.03199999999999997,0.517,0.499,0.018000000000000016,0.387,0.371,0.016000000000000014,"6.44","5.88","0.56"
"Snider, Collin","676092","2024","169","109",0.231,0.249,-0.017999999999999988,0.378,0.41,-0.03199999999999997,0.288,0.312,-0.02400000000000002,"1.94","3.97","-2.026"
"Swanson, Erik","657024","2024","168","116",0.235,0.267,-0.03200000000000003,0.516,0.479,0.03700000000000003,0.349,0.351,-0.0020000000000000018,"5.03","5.17","-0.136"
"Woodford, Jake","663765","2024","167","129",0.314,0.296,0.018000000000000016,0.529,0.493,0.03600000000000003,0.379,0.364,0.015000000000000013,"7.97","5.62","2.351"
"Morgan, Eli","669212","2024","167","121",0.197,0.203,-0.006000000000000005,0.336,0.311,0.025000000000000022,0.256,0.254,0.0020000000000000018,"1.93","2.58","-0.651"
"Saucedo, Tayler","642048","2024","166","108",0.24,0.211,0.028999999999999998,0.356,0.308,0.04799999999999999,0.301,0.276,0.024999999999999967,"3.49","3.06","0.431"
"Boyd, Matthew","571510","2024","166","105",0.213,0.214,-0.0010000000000000009,0.347,0.336,0.010999999999999954,0.279,0.275,0.0040000000000000036,"2.72","3.03","-0.307"
"Young, Danny","664849","2024","165","92",0.21,0.247,-0.037000000000000005,0.319,0.389,-0.07,0.297,0.34,-0.04300000000000004,"4.54","4.80","-0.26"
"Sewald, Paul","623149","2024","165","109",0.232,0.225,0.007000000000000006,0.437,0.421,0.016000000000000014,0.311,0.304,0.007000000000000006,"4.31","3.75","0.561"
"Montero, Rafael","606160","2024","164","119",0.248,0.266,-0.018000000000000016,0.461,0.482,-0.020999999999999963,0.352,0.368,-0.016000000000000014,"4.70","5.77","-1.074"
"Tate, Dillon","622253","2024","164","121",0.286,0.243,0.04299999999999998,0.381,0.363,0.018000000000000016,0.326,0.306,0.020000000000000018,"4.66","3.80","0.864"
"Hodge, Porter","687863","2024","164","92",0.132,0.173,-0.04099999999999998,0.215,0.285,-0.06999999999999998,0.214,0.26,-0.04600000000000001,"1.88","2.71","-0.826"
"Cantillo, Joey","676282","2024","163","104",0.238,0.221,0.016999999999999987,0.435,0.395,0.03999999999999998,0.321,0.303,0.018000000000000016,"4.89","3.72","1.168"
"Hamilton, Ian","641656","2024","163","105",0.261,0.248,0.013000000000000012,0.373,0.359,0.014000000000000012,0.31,0.304,0.006000000000000005,"3.82","3.75","0.073"
"Bradish, Kyle","680694","2024","163","91",0.188,0.177,0.01100000000000001,0.299,0.295,0.0040000000000000036,0.261,0.259,0.0020000000000000018,"2.75","2.68","0.066"
"Wilson, Steven","621051","2024","163","100",0.227,0.243,-0.015999999999999986,0.469,0.445,0.023999999999999966,0.347,0.354,-0.007000000000000006,"5.71","5.27","0.442"
"Tinoco, Jesus","622786","2024","162","105",0.184,0.21,-0.025999999999999995,0.279,0.357,-0.07799999999999996,0.241,0.284,-0.04299999999999998,"3.32","3.25","0.07"
"Peralta, Wandy","593974","2024","162","122",0.231,0.264,-0.033,0.378,0.445,-0.067,0.307,0.353,-0.045999999999999985,"3.99","5.23","-1.239"
"Sánchez, Sixto","664350","2024","162","128",0.303,0.274,0.02899999999999997,0.43,0.431,-0.0010000000000000009,0.354,0.348,0.006000000000000005,"6.06","5.07","0.986"
"Garrett, Braxton","666129","2024","161","118",0.263,0.266,-0.0030000000000000027,0.414,0.453,-0.039000000000000035,0.313,0.329,-0.016000000000000014,"5.35","4.46","0.891"
"Funderburk, Kody","681892","2024","161","109",0.301,0.277,0.023999999999999966,0.478,0.422,0.055999999999999994,0.37,0.353,0.017000000000000015,"6.49","5.23","1.26"
"Phillips, Tyler","663969","2024","160","123",0.3,0.289,0.01100000000000001,0.527,0.53,-0.0030000000000000027,0.369,0.372,-0.0030000000000000027,"6.87","5.92","0.953"
"Alexander, Scott","518397","2024","160","112",0.223,0.241,-0.017999999999999988,0.338,0.413,-0.07499999999999996,0.268,0.314,-0.045999999999999985,"2.56","4.02","-1.46"
"Okert, Steven","595345","2024","160","108",0.266,0.226,0.04000000000000001,0.46,0.398,0.062,0.347,0.313,0.033999999999999975,"5.09","3.99","1.104"
"Gordon, Tanner","685299","2024","160","125",0.356,0.306,0.04999999999999999,0.658,0.514,0.14400000000000002,0.44,0.368,0.07200000000000001,"8.65","5.77","2.88"
"Uceta, Edwin","670955","2024","159","93",0.174,0.184,-0.010000000000000009,0.255,0.262,-0.007000000000000006,0.213,0.219,-0.006000000000000005,"1.51","1.93","-0.418"
"Mazur, Adam","800049","2024","158","113",0.301,0.276,0.024999999999999967,0.534,0.447,0.08700000000000002,0.399,0.365,0.03400000000000003,"7.49","5.66","1.825"
"Pagán, Emilio","641941","2024","158","103",0.278,0.245,0.03300000000000003,0.444,0.432,0.01200000000000001,0.33,0.319,0.01100000000000001,"4.50","4.16","0.34"
"Stratton, Hunter","676702","2024","158","115",0.255,0.23,0.024999999999999994,0.372,0.363,0.009000000000000008,0.297,0.286,0.01100000000000001,"3.58","3.29","0.294"
"Rodríguez, Manuel","655889","2024","158","106",0.212,0.233,-0.02100000000000002,0.307,0.333,-0.026000000000000023,0.268,0.289,-0.020999999999999963,"2.15","3.37","-1.22"
"Cousins, Jake","664776","2024","155","77",0.154,0.183,-0.028999999999999998,0.292,0.327,-0.03500000000000003,0.268,0.295,-0.02699999999999997,"2.37","3.52","-1.152"
"Roycroft, Chris","688297","2024","155","101",0.238,0.219,0.01899999999999999,0.354,0.304,0.04999999999999999,0.309,0.292,0.017000000000000015,"4.19","3.44","0.754"
"Burke, Brock","656271","2024","154","95",0.274,0.224,0.05000000000000002,0.467,0.335,0.132,0.352,0.292,0.06,"5.82","3.44","2.384"
"Wrobleski, Justin","680736","2024","154","111",0.248,0.276,-0.028000000000000025,0.511,0.534,-0.02300000000000002,0.361,0.381,-0.020000000000000018,"5.70","6.27","-0.573"
"Poche, Colin","621363","2024","153","107",0.217,0.231,-0.014000000000000012,0.391,0.412,-0.020999999999999963,0.287,0.301,-0.014000000000000012,"3.86","3.67","0.187"
"García, Yimi","554340","2024","153","90",0.167,0.183,-0.015999999999999986,0.348,0.375,-0.027000000000000024,0.252,0.27,-0.018000000000000016,"3.46","2.92","0.542"
"Anderson, Nick","623433","2024","153","108",0.259,0.267,-0.008000000000000007,0.474,0.473,0.0010000000000000009,0.344,0.353,-0.009000000000000008,"4.04","5.23","-1.193"
"Moll, Sam","594580","2024","152","98",0.201,0.194,0.007000000000000006,0.313,0.327,-0.014000000000000012,0.261,0.269,-0.008000000000000007,"3.35","2.90","0.445"
"Otañez, Michel","671305","2024","151","73",0.214,0.147,0.067,0.302,0.23,0.07199999999999998,0.291,0.251,0.03999999999999998,"3.44","2.52","0.921"
"Gonzales, Marco","594835","2024","151","117",0.312,0.306,0.006000000000000005,0.478,0.551,-0.07300000000000006,0.362,0.39,-0.028000000000000025,"4.54","6.64","-2.095"
"McGough, Scott","543518","2024","150","103",0.274,0.256,0.018000000000000016,0.532,0.506,0.026000000000000023,0.382,0.37,0.01200000000000001,"7.44","5.85","1.589"
"Honeywell, Brent","641703","2024","150","118",0.242,0.281,-0.039000000000000035,0.371,0.437,-0.066,0.3,0.345,-0.044999999999999984,"2.63","4.97","-2.342"
"Javier, Cristian","664299","2024","150","104",0.233,0.232,0.0010000000000000009,0.411,0.41,0.0010000000000000009,0.324,0.329,-0.0050000000000000044,"3.89","4.46","-0.566"
"Blalock, Bradley","687134","2024","147","106",0.278,0.291,-0.012999999999999956,0.468,0.501,-0.032999999999999974,0.371,0.388,-0.017000000000000015,"5.87","6.56","-0.69"
"Lovelady, Richard","663992","2024","147","108",0.258,0.263,-0.0050000000000000044,0.371,0.42,-0.04899999999999999,0.304,0.329,-0.025000000000000022,"4.46","4.46","-0.004"
"Chargois, JT","608638","2024","146","101",0.183,0.232,-0.049000000000000016,0.344,0.427,-0.08300000000000002,0.269,0.321,-0.05199999999999999,"2.23","4.22","-1.991"
"Diekman, Jake","518617","2024","145","77",0.202,0.217,-0.014999999999999986,0.447,0.4,0.046999999999999986,0.35,0.348,0.0020000000000000018,"5.63","5.07","0.555"
"Chirinos, Yonny","630023","2024","144","103",0.339,0.243,0.09600000000000003,0.591,0.438,0.15299999999999997,0.425,0.335,0.08999999999999997,"6.30","4.64","1.66"
"Howard, Spencer","675921","2024","144","103",0.344,0.27,0.07399999999999995,0.547,0.48,0.06700000000000006,0.408,0.357,0.05099999999999999,"6.21","5.37","0.837"
"Kelly, Joe","523260","2024","143","86",0.261,0.233,0.027999999999999997,0.412,0.416,-0.0040000000000000036,0.344,0.345,-0.0010000000000000009,"4.78","4.97","-0.189"
"Joyce, Ben","690829","2024","142","91",0.21,0.208,0.0020000000000000018,0.25,0.299,-0.04899999999999999,0.263,0.284,-0.020999999999999963,"2.08","3.25","-1.173"
"Ginn, J.T.","669372","2024","142","102",0.275,0.267,0.008000000000000007,0.405,0.434,-0.02899999999999997,0.321,0.331,-0.010000000000000009,"4.24","4.52","-0.285"
"Leasure, Jordan","673929","2024","142","97",0.267,0.241,0.026000000000000023,0.492,0.434,0.057999999999999996,0.366,0.339,0.02699999999999997,"6.32","4.77","1.549"
"Tyler, Kyle","667725","2024","142","98",0.301,0.293,0.008000000000000007,0.423,0.469,-0.045999999999999985,0.363,0.379,-0.016000000000000014,"5.40","6.19","-0.79"
"Springs, Jeffrey","605488","2024","142","93",0.264,0.227,0.037000000000000005,0.419,0.385,0.033999999999999975,0.324,0.303,0.02100000000000002,"3.27","3.72","-0.447"
"Bielak, Brandon","656232","2024","140","111",0.312,0.294,0.018000000000000016,0.52,0.527,-0.007000000000000006,0.391,0.39,0.0010000000000000009,"5.16","6.64","-1.483"
"Aguiar, Julian","687924","2024","140","104",0.244,0.228,0.015999999999999986,0.488,0.461,0.02699999999999997,0.354,0.339,0.014999999999999958,"6.25","4.77","1.483"
"Burr, Ryan","621114","2024","140","80",0.228,0.221,0.007000000000000006,0.402,0.379,0.02300000000000002,0.307,0.296,0.01100000000000001,"4.13","3.54","0.593"
"Fleming, Josh","676596","2024","138","106",0.276,0.253,0.02300000000000002,0.398,0.378,0.020000000000000018,0.334,0.324,0.010000000000000009,"4.02","4.31","-0.289"
"Núñez, Dedniel","673380","2024","135","79",0.189,0.182,0.007000000000000006,0.299,0.322,-0.02300000000000002,0.234,0.242,-0.00799999999999998,"2.31","2.34","-0.026"
"Minter, A.J.","621345","2024","134","87",0.198,0.204,-0.005999999999999978,0.364,0.364,0,0.277,0.282,-0.004999999999999949,"2.62","3.20","-0.579"
"Daniel, Davis","669721","2024","134","99",0.307,0.274,0.032999999999999974,0.512,0.439,0.07300000000000001,0.367,0.326,0.04099999999999998,"6.23","4.37","1.861"
"Chivilli, Angel","683409","2024","133","94",0.254,0.26,-0.006000000000000005,0.475,0.45,0.024999999999999967,0.34,0.34,0,"4.55","4.80","-0.253"
"Kershaw, Clayton","477132","2024","133","98",0.303,0.285,0.018000000000000016,0.429,0.412,0.017000000000000015,0.336,0.332,0.0040000000000000036,"4.50","4.55","-0.05"
"Salazar, Eduardo","674285","2024","133","91",0.288,0.278,0.009999999999999953,0.39,0.401,-0.01100000000000001,0.338,0.341,-0.0030000000000000027,"2.76","4.84","-2.079"
"Bowman, Matt","621199","2024","132","93",0.222,0.245,-0.022999999999999993,0.41,0.459,-0.049000000000000044,0.314,0.341,-0.027000000000000024,"4.40","4.84","-0.438"
"Soriano, George","666277","2024","131","85",0.241,0.288,-0.046999999999999986,0.509,0.539,-0.030000000000000027,0.36,0.392,-0.03200000000000003,"6.75","6.72","0.03"
"Hernández, Carlos","672578","2024","129","85",0.22,0.212,0.008000000000000007,0.321,0.391,-0.07,0.287,0.309,-0.02200000000000002,"3.30","3.88","-0.58"
"Ray, Robbie","592662","2024","129","64",0.189,0.179,0.010000000000000009,0.387,0.361,0.026000000000000023,0.316,0.304,0.01200000000000001,"4.70","3.75","0.946"
"Ferrer, José A.","678606","2024","129","96",0.227,0.23,-0.0030000000000000027,0.277,0.296,-0.01899999999999996,0.245,0.263,-0.018000000000000016,"3.38","2.77","0.605"
"Kelly, Michael","547184","2024","128","93",0.241,0.228,0.012999999999999984,0.357,0.362,-0.0050000000000000044,0.294,0.296,-0.0020000000000000018,"2.58","3.54","-0.955"
"Lowder, Rhett","695076","2024","128","92",0.219,0.267,-0.048000000000000015,0.237,0.383,-0.14600000000000002,0.253,0.326,-0.07300000000000001,"1.17","4.37","-3.196"
"Allen, Logan","663531","2024","128","95",0.281,0.302,-0.020999999999999963,0.412,0.453,-0.041000000000000036,0.33,0.36,-0.02999999999999997,"5.46","5.48","-0.016"
"Marte, Yunior","628708","2024","127","89",0.306,0.299,0.007000000000000006,0.495,0.489,0.006000000000000005,0.381,0.38,0.0010000000000000009,"6.92","6.23","0.693"
"Thompson, Keegan","624522","2024","127","72",0.178,0.218,-0.04000000000000001,0.318,0.404,-0.08600000000000002,0.277,0.325,-0.04799999999999999,"2.67","4.34","-1.67"
"Manning, Matt","666159","2024","123","88",0.287,0.264,0.022999999999999965,0.426,0.428,-0.0020000000000000018,0.336,0.333,0.0030000000000000027,"4.88","4.58","0.3"
"Santillan, Tony","663574","2024","122","67",0.186,0.183,0.0030000000000000027,0.319,0.304,0.015000000000000013,0.25,0.245,0.0050000000000000044,"3.00","2.40","0.6"
"Devenski, Chris","606965","2024","122","84",0.259,0.247,0.01200000000000001,0.583,0.538,0.04499999999999993,0.392,0.371,0.02100000000000002,"6.75","5.88","0.87"
"France, J.P.","641585","2024","121","86",0.29,0.268,0.021999999999999964,0.505,0.495,0.010000000000000009,0.373,0.363,0.010000000000000009,"7.46","5.59","1.871"
"Bubic, Kris","663460","2024","121","77",0.232,0.189,0.04300000000000001,0.348,0.279,0.06899999999999995,0.252,0.215,0.037000000000000005,"2.67","1.86","0.81"
"Hanifee, Brenan","669724","2024","120","91",0.237,0.237,0,0.36,0.349,0.01100000000000001,0.277,0.275,0.0020000000000000018,"1.84","3.03","-1.189"
"Anderson, Grant","681982","2024","120","80",0.303,0.259,0.043999999999999984,0.615,0.506,0.10899999999999999,0.409,0.35,0.059,"8.10","5.13","2.97"
"Brooks, Aaron","605156","2024","119","98",0.308,0.304,0.0040000000000000036,0.486,0.534,-0.04800000000000004,0.358,0.391,-0.03300000000000003,"5.06","6.68","-1.617"
"Ashby, Aaron","676879","2024","119","76",0.187,0.198,-0.01100000000000001,0.299,0.33,-0.031000000000000028,0.247,0.273,-0.026000000000000023,"2.86","2.99","-0.131"
"Díaz, Yilber","700270","2024","119","88",0.257,0.28,-0.02300000000000002,0.429,0.428,0.0010000000000000009,0.327,0.348,-0.020999999999999963,"3.81","5.07","-1.258"
"Roberts, Ethan","681799","2024","118","81",0.29,0.252,0.03799999999999998,0.421,0.396,0.024999999999999967,0.341,0.319,0.02200000000000002,"3.71","4.16","-0.448"
"Toussaint, Touki","657053","2024","117","72",0.361,0.269,0.09199999999999997,0.557,0.418,0.13900000000000007,0.437,0.364,0.07300000000000001,"7.43","5.62","1.815"
"Jiménez, Dany","666204","2024","117","72",0.223,0.199,0.023999999999999994,0.5,0.441,0.059,0.361,0.347,0.014000000000000012,"4.91","5.03","-0.121"
"Allard, Kolby","663465","2024","117","86",0.312,0.245,0.067,0.523,0.437,0.08600000000000002,0.378,0.319,0.059,"5.00","4.16","0.84"
"Rasmussen, Drew","656876","2024","116","75",0.229,0.194,0.035,0.275,0.26,0.015000000000000013,0.242,0.226,0.015999999999999986,"2.83","2.05","0.776"
"Varland, Gus","681402","2024","115","79",0.283,0.242,0.04099999999999998,0.406,0.364,0.04200000000000004,0.324,0.292,0.03200000000000003,"3.42","3.44","-0.022"
"Garabito, Gerson","642520","2024","115","77",0.24,0.273,-0.03300000000000003,0.396,0.519,-0.123,0.326,0.388,-0.062,"4.79","6.56","-1.775"
"Jackson, Jay","543351","2024","114","76",0.267,0.254,0.013000000000000012,0.524,0.46,0.064,0.362,0.336,0.025999999999999968,"7.52","4.68","2.839"
"Gasser, Robert","688107","2024","114","94",0.264,0.251,0.013000000000000012,0.33,0.337,-0.007000000000000006,0.268,0.27,-0.0020000000000000018,"2.57","2.92","-0.349"
"White, Mitch","669952","2024","110","83",0.283,0.284,-0.0010000000000000009,0.5,0.528,-0.028000000000000025,0.366,0.384,-0.018000000000000016,"7.22","6.39","0.835"
"Warren, Will","701542","2024","110","69",0.34,0.243,0.09700000000000003,0.608,0.44,0.16799999999999998,0.428,0.329,0.09899999999999998,"10.32","4.46","5.864"
"Brasier, Ryan","518489","2024","110","80",0.218,0.246,-0.027999999999999997,0.376,0.414,-0.03799999999999998,0.265,0.295,-0.02999999999999997,"3.54","3.52","0.016"
"Little, Luke","681432","2024","109","59",0.174,0.186,-0.01200000000000001,0.256,0.273,-0.017000000000000015,0.282,0.296,-0.014000000000000012,"3.46","3.54","-0.078"
"King, Bryan","687911","2024","109","64",0.211,0.206,0.0050000000000000044,0.295,0.31,-0.015000000000000013,0.273,0.279,-0.006000000000000005,"2.39","3.13","-0.738"
"Bazardo, Eduard","660825","2024","108","66",0.204,0.185,0.01899999999999999,0.296,0.279,0.01699999999999996,0.255,0.244,0.01100000000000001,"4.88","2.38","2.5"
"Cimber, Adam","643256","2024","107","68",0.235,0.253,-0.018000000000000016,0.306,0.401,-0.09500000000000003,0.313,0.364,-0.05099999999999999,"7.03","5.62","1.407"
"Coulombe, Danny","543056","2024","107","70",0.147,0.213,-0.066,0.265,0.365,-0.09999999999999998,0.199,0.271,-0.07200000000000001,"2.12","2.94","-0.816"
"Crouse, Hans","668968","2024","107","54",0.161,0.164,-0.0030000000000000027,0.276,0.346,-0.06999999999999995,0.273,0.297,-0.023999999999999966,"2.84","3.57","-0.728"
"Rodríguez, Yerry","666720","2024","105","73",0.295,0.305,-0.010000000000000009,0.602,0.61,-0.008000000000000007,0.414,0.435,-0.02100000000000002,"8.72","8.78","-0.057"
"Rosenberg, Kenny","670046","2024","104","79",0.292,0.283,0.009000000000000008,0.51,0.531,-0.02100000000000002,0.365,0.371,-0.006000000000000005,"6.00","5.88","0.12"
"Speier, Gabe","642100","2024","104","55",0.226,0.192,0.034,0.345,0.307,0.03799999999999998,0.304,0.277,0.02699999999999997,"5.70","3.08","2.624"
"Sammons, Bryan","676614","2024","104","76",0.17,0.213,-0.04299999999999998,0.383,0.474,-0.09099999999999997,0.277,0.328,-0.05099999999999999,"3.62","4.43","-0.808"
"Kerr, Ray","678061","2024","103","66",0.315,0.25,0.065,0.533,0.448,0.08500000000000002,0.39,0.346,0.04400000000000004,"5.64","5.00","0.642"
"Manoah, Alek","666201","2024","103","65",0.189,0.212,-0.022999999999999993,0.378,0.414,-0.035999999999999976,0.291,0.316,-0.025000000000000022,"3.70","4.08","-0.381"
"Staumont, Josh","622251","2024","102","69",0.2,0.247,-0.046999999999999986,0.212,0.325,-0.11300000000000002,0.252,0.324,-0.07200000000000001,"3.70","4.31","-0.611"
"Ellard, Fraser","686642","2024","101","62",0.212,0.237,-0.024999999999999994,0.353,0.377,-0.02400000000000002,0.28,0.307,-0.02699999999999997,"3.75","3.83","-0.08"
"Madden, Ty","680744","2024","101","75",0.275,0.254,0.02100000000000002,0.396,0.412,-0.01599999999999996,0.322,0.325,-0.0030000000000000027,"4.30","4.34","-0.036"
"Festa, Matt","670036","2024","100","67",0.233,0.256,-0.022999999999999993,0.389,0.386,0.0030000000000000027,0.296,0.309,-0.013000000000000012,"5.70","3.88","1.824"
"Germán, Domingo","593334","2024","100","66",0.298,0.266,0.03199999999999997,0.464,0.447,0.017000000000000015,0.379,0.361,0.018000000000000016,"7.84","5.52","2.319"
"Marinaccio, Ron","676760","2024","99","61",0.217,0.213,0.0040000000000000036,0.41,0.387,0.022999999999999965,0.317,0.32,-0.0030000000000000027,"3.86","4.19","-0.333"
"González, Victor","624647","2024","97","70",0.16,0.236,-0.07599999999999998,0.296,0.427,-0.131,0.277,0.355,-0.07799999999999996,"3.86","5.30","-1.443"
"Poteet, Cody","547001","2024","96","71",0.207,0.277,-0.07000000000000003,0.31,0.444,-0.134,0.266,0.343,-0.07700000000000001,"2.22","4.90","-2.681"
"Davis, Noah","663562","2024","96","74",0.352,0.268,0.08399999999999996,0.523,0.418,0.10500000000000004,0.399,0.324,0.07500000000000001,"5.75","4.31","1.444"
"Brewer, Colten","605155","2024","95","63",0.293,0.249,0.043999999999999984,0.427,0.387,0.03999999999999998,0.339,0.32,0.019000000000000017,"5.66","4.19","1.471"
"Gallegos, Giovanny","606149","2024","94","63",0.286,0.25,0.035999999999999976,0.607,0.434,0.173,0.409,0.337,0.07199999999999995,"6.53","4.71","1.822"
"Basso, Brady","669620","2024","93","69",0.264,0.247,0.017000000000000015,0.379,0.395,-0.016000000000000014,0.297,0.298,-0.0010000000000000009,"4.03","3.59","0.44"
"Ryan, Ryder","656924","2024","93","63",0.269,0.266,0.0030000000000000027,0.436,0.457,-0.02100000000000002,0.346,0.36,-0.014000000000000012,"5.66","5.48","0.181"
"Ort, Kaleb","672391","2024","93","63",0.18,0.206,-0.025999999999999995,0.438,0.388,0.04999999999999999,0.277,0.275,0.0020000000000000018,"2.55","3.03","-0.476"
"Baker, Bryan","641329","2024","93","63",0.235,0.224,0.010999999999999982,0.435,0.369,0.066,0.311,0.295,0.016000000000000014,"5.01","3.52","1.494"
"Nance, Tommy","667297","2024","93","64",0.222,0.248,-0.025999999999999995,0.37,0.418,-0.04799999999999999,0.288,0.329,-0.041000000000000036,"4.09","4.46","-0.369"
"Englert, Mason","669438","2024","93","71",0.264,0.271,-0.007000000000000006,0.529,0.533,-0.0040000000000000036,0.353,0.361,-0.008000000000000007,"5.40","5.52","-0.12"
"Ramirez, Emmanuel","642629","2024","92","60",0.263,0.256,0.007000000000000006,0.5,0.43,0.07,0.362,0.344,0.018000000000000016,"6.97","4.93","2.038"
"Hentges, Sam","656529","2024","91","58",0.212,0.207,0.0050000000000000044,0.388,0.328,0.06,0.278,0.256,0.02200000000000002,"3.04","2.62","0.422"
"Petersen, Michael","656848","2024","90","64",0.276,0.249,0.027000000000000024,0.474,0.427,0.046999999999999986,0.358,0.349,0.009000000000000008,"5.95","5.10","0.849"
"Lange, Alex","656638","2024","90","50",0.232,0.244,-0.011999999999999983,0.29,0.322,-0.03200000000000003,0.327,0.345,-0.01799999999999996,"4.34","4.97","-0.631"
"Reid-Foley, Sean","656887","2024","90","51",0.173,0.201,-0.028000000000000025,0.2,0.251,-0.05099999999999999,0.243,0.273,-0.030000000000000027,"1.66","2.99","-1.328"
"Leone, Dominic","608678","2024","89","58",0.274,0.266,0.008000000000000007,0.521,0.456,0.065,0.381,0.372,0.009000000000000008,"6.63","5.92","0.712"
"Hughes, Brandon","676714","2024","89","56",0.316,0.3,0.016000000000000014,0.697,0.7,-0.0030000000000000027,0.457,0.451,0.006000000000000005,"8.15","9.67","-1.519"
"Williams, Devin","642207","2024","88","37",0.133,0.143,-0.009999999999999981,0.227,0.213,0.014000000000000012,0.228,0.229,-0.0010000000000000009,"1.25","2.10","-0.854"
"Horn, Bailey","690544","2024","88","65",0.293,0.311,-0.018000000000000016,0.547,0.494,0.05300000000000005,0.379,0.376,0.0030000000000000027,"6.50","6.08","0.42"
"Paredes, Enoli","660600","2024","87","59",0.173,0.227,-0.05400000000000002,0.227,0.38,-0.153,0.245,0.324,-0.07900000000000001,"1.66","4.31","-2.648"
"Bush, Ky","681066","2024","87","59",0.29,0.256,0.033999999999999975,0.449,0.426,0.02300000000000002,0.382,0.363,0.019000000000000017,"5.60","5.59","0.014"
"Criswell, Jeff","676105","2024","87","50",0.263,0.245,0.018000000000000016,0.474,0.469,0.0050000000000000044,0.353,0.347,0.006000000000000005,"2.75","5.03","-2.284"
"McGreevy, Michael","700241","2024","86","65",0.193,0.258,-0.065,0.289,0.383,-0.09400000000000003,0.223,0.296,-0.07299999999999998,"1.96","3.54","-1.583"
"Blewett, Scott","656240","2024","85","58",0.224,0.238,-0.013999999999999985,0.368,0.391,-0.02300000000000002,0.29,0.307,-0.017000000000000015,"1.77","3.83","-2.06"
"Anderson, Shaun","641312","2024","85","73",0.415,0.334,0.08099999999999996,0.659,0.561,0.09799999999999998,0.458,0.388,0.07,"8.27","6.56","1.705"
"Ramírez, Erasmo","541640","2024","85","59",0.164,0.197,-0.033,0.384,0.442,-0.057999999999999996,0.282,0.322,-0.040000000000000036,"4.36","4.25","0.105"
"Fitts, Richard","690916","2024","85","69",0.25,0.261,-0.01100000000000001,0.289,0.389,-0.10000000000000003,0.273,0.316,-0.04299999999999998,"1.74","4.08","-2.338"
"Quijada, José","650671","2024","84","41",0.19,0.215,-0.024999999999999994,0.254,0.358,-0.10399999999999998,0.305,0.345,-0.03999999999999998,"3.26","4.97","-1.711"
"Sauer, Matt","669422","2024","84","63",0.324,0.257,0.067,0.535,0.483,0.052000000000000046,0.408,0.367,0.04099999999999998,"7.71","5.73","1.984"
"Pennington, Walter","679156","2024","84","54",0.268,0.252,0.016000000000000014,0.38,0.416,-0.035999999999999976,0.342,0.35,-0.007999999999999952,"3.00","5.13","-2.13"
"Bolton, Cody","675989","2024","83","57",0.247,0.232,0.014999999999999986,0.438,0.388,0.04999999999999999,0.33,0.31,0.020000000000000018,"4.34","3.91","0.429"
"Walston, Blake","686796","2024","83","52",0.229,0.23,-0.0010000000000000009,0.429,0.427,0.0020000000000000018,0.344,0.345,-0.0010000000000000009,"4.42","4.97","-0.552"
"Thompson, Zack","668868","2024","83","54",0.324,0.252,0.07200000000000001,0.622,0.446,0.176,0.432,0.34,0.09199999999999997,"9.53","4.80","4.729"
"Berroa, Prelander","672860","2024","83","43",0.217,0.131,0.086,0.362,0.215,0.147,0.318,0.236,0.08200000000000002,"3.32","2.23","1.086"
"Cuas, Jose","621016","2024","83","51",0.284,0.263,0.020999999999999963,0.507,0.523,-0.016000000000000014,0.394,0.393,0.0010000000000000009,"7.71","6.77","0.944"
"Maldonado, Anthony","687424","2024","82","64",0.28,0.259,0.02100000000000002,0.427,0.375,0.05199999999999999,0.321,0.298,0.02300000000000002,"5.68","3.59","2.094"
"Henriquez, Ronny","678692","2024","82","60",0.267,0.276,-0.009000000000000008,0.387,0.469,-0.08199999999999996,0.312,0.352,-0.03999999999999998,"3.26","5.20","-1.941"
"Emanuel, Kent","592288","2024","82","60",0.282,0.267,0.014999999999999958,0.521,0.483,0.038000000000000034,0.379,0.366,0.013000000000000012,"6.62","5.70","0.923"
"Taylor, Troy","700187","2024","81","49",0.203,0.201,0.0020000000000000018,0.419,0.362,0.056999999999999995,0.299,0.281,0.01799999999999996,"3.72","3.17","0.554"
"Ryan, River","689981","2024","81","54",0.208,0.231,-0.02300000000000002,0.278,0.373,-0.09499999999999997,0.263,0.307,-0.043999999999999984,"1.33","3.83","-2.502"
"Marte, José","665896","2024","80","55",0.206,0.244,-0.038000000000000006,0.309,0.35,-0.04099999999999998,0.283,0.327,-0.04400000000000004,"2.33","4.40","-2.072"
"Means, John","607644","2024","80","61",0.211,0.26,-0.049000000000000016,0.368,0.479,-0.11099999999999999,0.259,0.333,-0.07400000000000001,"2.61","4.58","-1.967"
"Keuchel, Dallas","572971","2024","79","60",0.329,0.285,0.04400000000000004,0.543,0.443,0.10000000000000003,0.399,0.351,0.04800000000000004,"5.40","5.17","0.23"
"Smith, Drew","622098","2024","79","47",0.265,0.227,0.038000000000000006,0.441,0.403,0.03799999999999998,0.337,0.324,0.013000000000000012,"3.06","4.31","-1.253"
"Clevinger, Mike","605182","2024","78","54",0.319,0.278,0.04099999999999998,0.594,0.582,0.01200000000000001,0.418,0.394,0.023999999999999966,"6.75","6.81","-0.06"
"Winn, Cole","668390","2024","77","56",0.261,0.278,-0.017000000000000015,0.391,0.47,-0.07899999999999996,0.315,0.356,-0.04099999999999998,"7.79","5.34","2.448"
"Zuñiga, Guillo","670871","2024","76","55",0.242,0.235,0.007000000000000006,0.515,0.429,0.08600000000000002,0.35,0.32,0.02999999999999997,"5.09","4.19","0.904"
"Cosgrove, Tom","676680","2024","76","50",0.354,0.259,0.09499999999999997,0.523,0.403,0.12,0.421,0.341,0.07999999999999996,"11.66","4.84","6.819"
"Burke, Sean","680732","2024","76","47",0.174,0.24,-0.066,0.333,0.398,-0.065,0.258,0.311,-0.05299999999999999,"1.42","3.94","-2.519"
"Alzolay, Adbert","640470","2024","75","55",0.279,0.286,-0.006999999999999951,0.559,0.562,-0.0030000000000000027,0.387,0.39,-0.0030000000000000027,"4.67","6.64","-1.967"
"Whitlock, Garrett","676477","2024","75","50",0.212,0.248,-0.036000000000000004,0.318,0.399,-0.08100000000000002,0.278,0.325,-0.046999999999999986,"1.96","4.34","-2.376"
"Merryweather, Julian","657240","2024","74","48",0.295,0.276,0.01899999999999996,0.459,0.442,0.017000000000000015,0.377,0.37,0.007000000000000006,"6.60","5.85","0.75"
"La Sorsa, Joe","686747","2024","74","54",0.258,0.249,0.009000000000000008,0.439,0.445,-0.006000000000000005,0.321,0.325,-0.0040000000000000036,"4.58","4.34","0.245"
"Hernández, Daysbel","678226","2024","74","37",0.159,0.168,-0.009000000000000008,0.175,0.23,-0.05500000000000002,0.221,0.246,-0.024999999999999994,"2.50","2.42","0.08"
"Cisnero, José","542585","2024","74","47",0.29,0.267,0.022999999999999965,0.516,0.476,0.040000000000000036,0.387,0.373,0.014000000000000012,"6.89","5.96","0.934"
"Holman, Grant","680880","2024","73","47",0.27,0.226,0.04400000000000001,0.365,0.302,0.063,0.327,0.289,0.038000000000000034,"4.02","3.37","0.651"
"Jefferies, Daulton","641726","2024","73","56",0.353,0.243,0.10999999999999999,0.691,0.452,0.23899999999999993,0.457,0.323,0.134,"9.82","4.28","5.538"
"Guenther, Sean","674944","2024","73","57",0.13,0.198,-0.068,0.188,0.278,-0.09000000000000002,0.167,0.236,-0.06899999999999998,"0.86","2.23","-1.373"
"Bigge, Hunter","685801","2024","73","44",0.25,0.239,0.01100000000000001,0.382,0.421,-0.03899999999999998,0.299,0.311,-0.01200000000000001,"2.60","3.94","-1.344"
"Peralta, Sammy","671111","2024","72","54",0.323,0.326,-0.0030000000000000027,0.508,0.596,-0.08799999999999997,0.387,0.423,-0.035999999999999976,"4.80","8.15","-3.35"
"Zulueta, Yosver","691172","2024","69","41",0.246,0.198,0.04799999999999999,0.393,0.349,0.04400000000000004,0.322,0.288,0.03400000000000003,"4.96","3.34","1.619"
"Palencia, Daniel","694037","2024","69","40",0.25,0.23,0.01999999999999999,0.339,0.344,-0.004999999999999949,0.336,0.335,0.0010000000000000009,"6.14","4.64","1.496"
"García, Deivi","665620","2024","68","42",0.286,0.239,0.046999999999999986,0.411,0.424,-0.013000000000000012,0.354,0.341,0.012999999999999956,"7.07","4.84","2.231"
"Sborz, Josh","622250","2024","68","48",0.246,0.268,-0.02200000000000002,0.354,0.413,-0.059,0.277,0.314,-0.03699999999999998,"3.86","4.02","-0.163"
"Beede, Tyler","595881","2024","68","38",0.296,0.235,0.061,0.5,0.354,0.14600000000000002,0.393,0.34,0.05299999999999999,"8.36","4.80","3.557"
"Young, Alex","622065","2024","68","46",0.246,0.256,-0.010000000000000009,0.426,0.406,0.019999999999999962,0.327,0.326,0.0010000000000000009,"2.87","4.37","-1.498"
"Stewart, Brock","592779","2024","67","39",0.254,0.24,0.014000000000000012,0.407,0.369,0.03799999999999998,0.331,0.314,0.017000000000000015,"5.17","4.02","1.15"
"Beck, Tristan","663941","2024","67","48",0.23,0.219,0.01100000000000001,0.393,0.417,-0.023999999999999966,0.293,0.304,-0.01100000000000001,"1.69","3.75","-2.062"
"Almonte, Yency","622075","2024","67","37",0.161,0.195,-0.034,0.268,0.317,-0.04899999999999999,0.249,0.286,-0.03699999999999998,"3.45","3.29","0.157"
"Aldegheri, Sam","691951","2024","67","45",0.283,0.225,0.05799999999999997,0.453,0.39,0.063,0.373,0.331,0.04199999999999998,"4.85","4.52","0.326"
"Wells, Tyler","669330","2024","67","51",0.281,0.313,-0.03199999999999997,0.516,0.626,-0.10999999999999999,0.353,0.41,-0.056999999999999995,"5.87","7.53","-1.66"
"Sulser, Cole","642121","2024","66","42",0.167,0.2,-0.033,0.278,0.32,-0.04199999999999998,0.245,0.283,-0.03799999999999998,"2.75","3.22","-0.465"
"Heller, Ben","621294","2024","66","39",0.352,0.264,0.08799999999999997,0.5,0.401,0.09899999999999998,0.423,0.356,0.067,"11.25","5.34","5.91"
"Uribe, Abner","682842","2024","66","40",0.278,0.258,0.020000000000000018,0.389,0.381,0.008000000000000007,0.349,0.347,0.0020000000000000018,"6.91","5.03","1.877"
"Vines, Darius","670241","2024","66","52",0.356,0.325,0.030999999999999972,0.627,0.537,0.08999999999999997,0.427,0.385,0.04199999999999998,"8.56","6.43","2.131"
"Mercado, Michael","675650","2024","64","44",0.296,0.272,0.023999999999999966,0.833,0.745,0.08799999999999997,0.504,0.462,0.04199999999999998,"11.08","10.34","0.737"
"Hernández, Elieser","622694","2024","64","51",0.237,0.281,-0.04400000000000004,0.542,0.572,-0.029999999999999916,0.355,0.385,-0.030000000000000027,"6.32","6.43","-0.111"
"Rodríguez, Joely","570257","2024","64","49",0.317,0.281,0.035999999999999976,0.533,0.443,0.09000000000000002,0.372,0.338,0.033999999999999975,"5.93","4.74","1.187"
"Castro, Miguel","612434","2024","64","52",0.339,0.321,0.018000000000000016,0.61,0.509,0.10099999999999998,0.421,0.378,0.04299999999999998,"5.93","6.15","-0.223"
"Zeferjahn, Ryan","666171","2024","64","38",0.127,0.143,-0.015999999999999986,0.145,0.174,-0.028999999999999998,0.181,0.202,-0.02100000000000002,"2.12","1.65","0.468"
"Ramirez, Nick","598286","2024","63","51",0.333,0.333,0,0.426,0.548,-0.12200000000000005,0.353,0.417,-0.064,"6.08","7.86","-1.785"
"Cobb, Alex","502171","2024","62","49",0.241,0.278,-0.03700000000000003,0.345,0.482,-0.137,0.269,0.346,-0.07699999999999996,"2.75","5.00","-2.245"
"Romano, Jordan","605447","2024","62","44",0.286,0.304,-0.018000000000000016,0.554,0.601,-0.04699999999999993,0.378,0.403,-0.025000000000000022,"6.58","7.20","-0.615"
"Lucas, Easton","687922","2024","61","41",0.34,0.258,0.08200000000000002,0.48,0.379,0.10099999999999998,0.402,0.348,0.05400000000000005,"10.80","5.07","5.73"
"Barnes, Matt","598264","2024","60","45",0.291,0.297,-0.006000000000000005,0.418,0.505,-0.08700000000000002,0.331,0.367,-0.035999999999999976,"6.75","5.73","1.02"
"Williamson, Brandon","682227","2024","59","40",0.196,0.237,-0.04099999999999998,0.451,0.434,0.017000000000000015,0.318,0.337,-0.019000000000000017,"3.77","4.71","-0.943"
"Pinto, Ricardo","620982","2024","59","44",0.373,0.273,0.09999999999999998,0.608,0.369,0.239,0.444,0.334,0.10999999999999999,"10.97","4.61","6.359"
"Miller, Ryan","668943","2024","58","39",0.26,0.241,0.019000000000000017,0.44,0.417,0.02300000000000002,0.34,0.32,0.020000000000000018,"4.15","4.19","-0.036"
"Veneziano, Anthony","685107","2024","58","40",0.308,0.262,0.045999999999999985,0.481,0.415,0.066,0.349,0.317,0.03199999999999997,"3.38","4.11","-0.735"
"Jacob, Alek","689690","2024","57","34",0.173,0.219,-0.04600000000000001,0.269,0.311,-0.04199999999999998,0.222,0.268,-0.04600000000000001,"2.46","2.88","-0.425"
"Rodriguez, Carlos","692230","2024","57","45",0.365,0.325,0.03999999999999998,0.596,0.501,0.09499999999999997,0.418,0.381,0.03699999999999998,"7.30","6.27","1.027"
"Mahle, Tyler","641816","2024","56","41",0.28,0.25,0.030000000000000027,0.42,0.384,0.035999999999999976,0.329,0.312,0.017000000000000015,"4.97","3.97","1.004"
"Walker, Josh","677020","2024","56","38",0.277,0.229,0.048000000000000015,0.426,0.37,0.055999999999999994,0.338,0.316,0.02200000000000002,"5.11","4.08","1.028"
"Bloss, Jake","814005","2024","55","40",0.314,0.269,0.044999999999999984,0.667,0.541,0.126,0.428,0.357,0.07100000000000001,"6.94","5.37","1.573"
"Avila, Nick","687014","2024","55","38",0.34,0.33,0.010000000000000009,0.64,0.554,0.08599999999999997,0.413,0.413,0,"8.49","7.67","0.816"
"Teng, Kai-Wei","678906","2024","55","39",0.326,0.291,0.03500000000000003,0.5,0.49,0.010000000000000009,0.41,0.395,0.014999999999999958,"9.82","6.85","2.968"
"Rocker, Kumar","677958","2024","55","34",0.267,0.208,0.059000000000000025,0.333,0.323,0.010000000000000009,0.307,0.283,0.02400000000000002,"3.86","3.22","0.637"
"Robertson, Nick","687798","2024","55","39",0.288,0.281,0.006999999999999951,0.5,0.475,0.025000000000000022,0.343,0.333,0.010000000000000009,"4.05","4.58","-0.53"
"Plesac, Zach","668676","2024","54","42",0.255,0.279,-0.02400000000000002,0.574,0.626,-0.052000000000000046,0.392,0.421,-0.02899999999999997,"8.25","8.05","0.2"
"Senzatela, Antonio","622608","2024","54","39",0.326,0.313,0.013000000000000012,0.587,0.627,-0.040000000000000036,0.432,0.438,-0.006000000000000005,"6.57","8.94","-2.372"
"Gómez, Yoendrys","672782","2024","54","36",0.25,0.218,0.032,0.455,0.454,0.0010000000000000009,0.346,0.338,0.007999999999999952,"3.97","4.74","-0.769"
"Lazar, Max","676661","2024","54","43",0.25,0.297,-0.046999999999999986,0.442,0.439,0.0030000000000000027,0.309,0.334,-0.025000000000000022,"4.61","4.61","0"
"Frías, Luis","666818","2024","53","34",0.422,0.339,0.08299999999999996,0.689,0.563,0.126,0.493,0.42,0.07300000000000001,"13.97","8.00","5.966"
"Herget, Jimmy","623474","2024","52","34",0.265,0.207,0.058000000000000024,0.449,0.365,0.08400000000000002,0.327,0.273,0.05399999999999999,"4.38","2.99","1.388"
"Dana, Caden","702674","2024","52","36",0.326,0.255,0.07100000000000001,0.744,0.571,0.17300000000000004,0.478,0.396,0.08199999999999996,"9.58","6.90","2.681"
"de Geus, Brett","676969","2024","52","38",0.318,0.273,0.044999999999999984,0.455,0.379,0.07600000000000001,0.382,0.339,0.04299999999999998,"7.15","4.77","2.377"
"Borucki, Ryan","621366","2024","51","33",0.311,0.31,0.0010000000000000009,0.511,0.546,-0.03500000000000003,0.385,0.401,-0.016000000000000014,"7.36","7.12","0.244"
"Waguespack, Jacob","621097","2024","51","30",0.317,0.291,0.026000000000000023,0.439,0.443,-0.0040000000000000036,0.397,0.39,0.007000000000000006,"5.40","6.64","-1.24"
"Rogers, Josh","642028","2024","50","42",0.349,0.348,0.0010000000000000009,0.512,0.539,-0.027000000000000024,0.382,0.405,-0.02300000000000002,"6.54","7.29","-0.745"
"Cueto, Johnny","456501","2024","50","41",0.298,0.349,-0.05099999999999999,0.681,0.735,-0.05399999999999994,0.42,0.47,-0.04999999999999999,"7.15","10.85","-3.703"
"Mushinski, Parker","656786","2024","50","41",0.256,0.327,-0.07100000000000001,0.395,0.435,-0.03999999999999998,0.323,0.376,-0.05299999999999999,"6.54","6.08","0.465"
"Vespi, Nick","663989","2024","49","37",0.222,0.245,-0.022999999999999993,0.378,0.425,-0.046999999999999986,0.276,0.306,-0.02999999999999997,"2.92","3.80","-0.881"
"Peralta, Luis","678821","2024","49","28",0.175,0.197,-0.02200000000000002,0.2,0.259,-0.059,0.238,0.277,-0.039000000000000035,"0.73","3.08","-2.35"
"Gillaspie, Logan","670810","2024","49","41",0.319,0.287,0.03200000000000003,0.511,0.507,0.0040000000000000036,0.355,0.345,0.010000000000000009,"7.15","4.97","2.177"
"Feyereisen, J.P.","656420","2024","48","33",0.262,0.289,-0.02699999999999997,0.548,0.634,-0.08599999999999997,0.385,0.426,-0.04099999999999998,"8.18","8.31","-0.128"
"Castellanos, Humberto","528748","2024","48","35",0.268,0.311,-0.04299999999999998,0.341,0.41,-0.06899999999999995,0.313,0.358,-0.044999999999999984,"5.23","5.41","-0.184"
"Matzek, Tyler","554431","2024","48","35",0.356,0.311,0.044999999999999984,0.622,0.589,0.03300000000000003,0.432,0.402,0.02999999999999997,"9.90","7.16","2.74"
"Junk, Janson","676083","2024","48","36",0.512,0.344,0.16800000000000004,0.814,0.597,0.21699999999999997,0.566,0.419,0.14699999999999996,"14.63","7.96","6.665"
"Adon, Joan","672851","2024","48","37",0.293,0.255,0.03799999999999998,0.463,0.397,0.066,0.357,0.342,0.014999999999999958,"6.75","4.87","1.88"
"Snead, Kirby","669912","2024","48","34",0.293,0.258,0.034999999999999976,0.439,0.367,0.07200000000000001,0.367,0.336,0.030999999999999972,"4.36","4.68","-0.325"
"Kilian, Caleb","668873","2024","48","35",0.268,0.259,0.009000000000000008,0.463,0.547,-0.08400000000000002,0.36,0.385,-0.025000000000000022,"4.22","6.43","-2.211"
"Legumina, Casey","668984","2024","47","37",0.341,0.278,0.063,0.568,0.442,0.12599999999999995,0.407,0.337,0.06999999999999995,"8.68","4.71","3.969"
"McMillon, John","669111","2024","47","29",0.171,0.161,0.010000000000000009,0.244,0.236,0.008000000000000007,0.234,0.23,0.0040000000000000036,"1.50","2.12","-0.62"
"O'Loughlin, Jack","672552","2024","47","36",0.31,0.32,-0.010000000000000009,0.429,0.495,-0.066,0.358,0.39,-0.03200000000000003,"4.66","6.64","-1.985"
"Strzelecki, Peter","657265","2024","47","34",0.256,0.276,-0.020000000000000018,0.395,0.43,-0.034999999999999976,0.314,0.34,-0.026000000000000023,"2.31","4.80","-2.486"
"Díaz, Jhonathan","646242","2024","47","36",0.318,0.251,0.067,0.568,0.41,0.15799999999999997,0.395,0.309,0.08600000000000002,"4.66","3.88","0.775"
"Lopez, Jacob","682052","2024","46","29",0.135,0.16,-0.024999999999999994,0.324,0.328,-0.0040000000000000036,0.291,0.303,-0.01200000000000001,"5.23","3.72","1.506"
"Halvorsen, Seth","678020","2024","46","30",0.186,0.194,-0.008000000000000007,0.326,0.334,-0.008000000000000007,0.25,0.259,-0.009000000000000008,"1.46","2.68","-1.221"
"O'Brien, Riley","676617","2024","46","26",0.361,0.282,0.07900000000000001,0.639,0.428,0.21100000000000002,0.467,0.383,0.08400000000000002,"11.25","6.35","4.9"
"Lucchesi, Joey","664192","2024","46","31",0.216,0.263,-0.047000000000000014,0.378,0.466,-0.08800000000000002,0.33,0.38,-0.04999999999999999,"5.23","6.23","-1.004"
"Nittoli, Vinny","657697","2024","46","36",0.227,0.238,-0.010999999999999982,0.341,0.401,-0.06,0.263,0.291,-0.02799999999999997,"1.50","3.42","-1.92"
"Hill, Jaden","677955","2024","45","33",0.216,0.21,0.006000000000000005,0.378,0.313,0.065,0.302,0.28,0.021999999999999964,"5.06","3.15","1.913"
"Dobnak, Randy","677976","2024","45","33",0.275,0.273,0.0020000000000000018,0.45,0.384,0.066,0.343,0.323,0.020000000000000018,"5.59","4.28","1.306"
"Newcomb, Sean","656794","2024","45","29",0.257,0.242,0.015000000000000013,0.457,0.44,0.017000000000000015,0.376,0.365,0.01100000000000001,"6.30","5.66","0.64"
"deGrom, Jacob","594798","2024","44","28",0.262,0.196,0.066,0.405,0.335,0.07,0.304,0.249,0.05499999999999999,"1.69","2.48","-0.792"
"Espino, Paolo","502179","2024","44","35",0.378,0.333,0.044999999999999984,0.811,0.672,0.139,0.512,0.453,0.059,"8.31","9.79","-1.482"
"Gray, Josiah","680686","2024","44","30",0.405,0.278,0.127,0.703,0.489,0.21399999999999997,0.474,0.371,0.10299999999999998,"14.04","5.88","8.16"
"Hartlieb, Geoff","664129","2024","44","33",0.333,0.29,0.04300000000000004,0.564,0.491,0.07299999999999995,0.393,0.361,0.03200000000000003,"9.00","5.52","3.48"
"Castillo, Diego","650895","2024","43","29",0.235,0.23,0.004999999999999977,0.294,0.283,0.01100000000000001,0.309,0.31,-0.0010000000000000009,"2.70","3.91","-1.21"
"Herget, Kevin","643361","2024","43","31",0.15,0.266,-0.11600000000000002,0.275,0.498,-0.22299999999999998,0.216,0.354,-0.13799999999999998,"1.59","5.27","-3.682"
"Carasiti, Matt","571539","2024","43","32",0.41,0.382,0.02799999999999997,0.641,0.561,0.07999999999999996,0.473,0.434,0.03899999999999998,"10.38","8.72","1.665"
"Wingenter, Trey","622259","2024","42","32",0.351,0.306,0.044999999999999984,0.541,0.476,0.06500000000000006,0.413,0.373,0.03999999999999998,"9.72","5.96","3.76"
"Warren, Austin","681810","2024","42","30",0.243,0.249,-0.006000000000000005,0.351,0.433,-0.08200000000000002,0.308,0.341,-0.03300000000000003,"1.69","4.84","-3.152"
"Kitchen, Austin","685116","2024","42","34",0.421,0.297,0.124,0.605,0.412,0.193,0.459,0.334,0.125,"14.14","4.61","9.533"
"Nelson, Kyle","669459","2024","42","30",0.216,0.311,-0.095,0.405,0.502,-0.09699999999999998,0.289,0.364,-0.07500000000000001,"4.22","5.62","-1.401"
"Strider, Spencer","675911","2024","42","25",0.27,0.231,0.03900000000000001,0.486,0.401,0.08499999999999996,0.365,0.319,0.045999999999999985,"7.00","4.16","2.84"
"Winans, Allan","642216","2024","41","33",0.378,0.291,0.08700000000000002,0.811,0.552,0.259,0.516,0.394,0.122,"15.26","6.81","8.451"
"Bachar, Lake","669199","2024","40","25",0.278,0.265,0.013000000000000012,0.472,0.49,-0.018000000000000016,0.357,0.359,-0.0020000000000000018,"3.86","5.44","-1.583"
"Kuhnel, Joel","669270","2024","39","33",0.211,0.257,-0.04600000000000001,0.342,0.405,-0.063,0.248,0.3,-0.05199999999999999,"4.50","3.64","0.86"
"Bickford, Phil","641360","2024","39","30",0.278,0.211,0.06700000000000003,0.417,0.327,0.08999999999999997,0.319,0.262,0.056999999999999995,"8.64","2.75","5.89"
"Gilbert, Tyler","656457","2024","38","31",0.286,0.326,-0.040000000000000036,0.4,0.451,-0.05099999999999999,0.328,0.367,-0.03899999999999998,"3.24","5.73","-2.49"
"Parsons, Wes","641149","2024","38","29",0.278,0.306,-0.02799999999999997,0.472,0.555,-0.08300000000000007,0.34,0.39,-0.04999999999999999,"6.00","6.64","-0.64"
"Klein, Will","694361","2024","38","25",0.387,0.349,0.038000000000000034,0.516,0.513,0.0030000000000000027,0.426,0.413,0.013000000000000012,"11.04","7.67","3.375"
"Winder, Josh","680739","2024","38","25",0.212,0.168,0.043999999999999984,0.242,0.336,-0.09400000000000003,0.228,0.27,-0.04200000000000001,"3.00","2.92","0.08"
"Campbell, Isaiah","663462","2024","37","29",0.4,0.328,0.07200000000000001,0.743,0.629,0.11399999999999999,0.496,0.425,0.07100000000000001,"16.20","8.25","7.95"
"Guerrero, Luis","692285","2024","36","25",0.182,0.19,-0.008000000000000007,0.212,0.27,-0.058000000000000024,0.196,0.255,-0.059,0,2.6,"-2.6"
"Shugart, Chase","663767","2024","36","25",0.242,0.226,0.015999999999999986,0.364,0.369,-0.0050000000000000044,0.296,0.294,0.0020000000000000018,"4.15","3.49","0.664"
"Bermúdez, Jonathan","642834","2024","33","25",0.393,0.25,0.14300000000000002,0.714,0.477,0.237,0.484,0.362,0.122,"8.10","5.55","2.55"
"Leibrandt, Brandon","605335","2024","32","25",0.367,0.237,0.13,0.667,0.416,0.25100000000000006,0.456,0.307,0.14900000000000002,"9.95","3.83","6.117"